dyad,trial,vision,same_music,video_jitter_bl,speed_peak_abs_r,speed_lag_s,speed_naive_p,bounce_peak_abs_r,bounce_lag_s,bounce_naive_p
1,1,0,0,0.0,0.5045973453841931,0.68,0.004975124378109453,0.18819208541672747,1.2,0.20398009950248755
1,1,0,0,0.005,0.26707707996830976,-1.56,,0.12197038426139878,1.92,
1,1,0,0,0.02,0.09287745075937862,-1.4,,0.10403725556518276,-1.32,
1,2,0,0,0.0,0.554599410434227,0.36,0.004975124378109453,0.1548272864079996,1.44,0.004975124378109453
1,2,0,0,0.005,0.4078643366158714,0.32,,0.08515883101098273,-1.56,
1,2,0,0,0.02,0.15984568832852827,-1.8,,0.09378709857088714,0.12,
1,3,1,1,0.0,0.46560397194841746,-1.36,0.11442786069651742,0.7058174547819417,-1.12,0.004975124378109453
1,3,1,1,0.005,0.3918471679387806,-1.32,,0.6212940709519665,-1.12,
1,3,1,1,0.02,0.26184001532965917,-1.12,,0.2461544570353448,0.2,
1,4,1,0,0.0,0.5293179910530664,0.36,0.009950248756218905,0.17912524016546005,1.96,0.004975124378109453
1,4,1,0,0.005,0.4557285080618618,1.2,,0.15688651051991556,1.24,
1,4,1,0,0.02,0.3160762366949964,1.24,,0.13649654995741498,1.08,
1,5,0,1,0.0,0.5784685585623498,-0.04,0.004975124378109453,0.6319505950453377,1.4,0.004975124378109453
1,5,0,1,0.005,0.4832802163676752,-0.04,,0.5557451290091653,1.88,
1,5,0,1,0.02,0.32937627016927257,-0.08,,0.25307257483016127,1.88,
1,6,0,1,0.0,0.5840205772651942,2.0,0.004975124378109453,0.6975357365630519,1.0,0.004975124378109453
1,6,0,1,0.005,0.49801894763330523,1.12,,0.6191523192169588,1.76,
1,6,0,1,0.02,0.3556251203958986,1.16,,0.28767603760007715,-1.52,
1,7,1,0,0.0,0.581079480166943,0.48,0.004975124378109453,0.13830213861664536,1.68,0.15920398009950248
1,7,1,0,0.005,0.5196778749929086,0.48,,0.15517479479646565,1.2,
1,7,1,0,0.02,0.3813662406247105,0.52,,0.15839933604454065,1.92,
1,8,1,1,0.0,0.6517687180671258,0.48,0.004975124378109453,0.46695180345430537,1.0,0.004975124378109453
1,8,1,1,0.005,0.5656428805302692,0.48,,0.43649853396050897,1.0,
1,8,1,1,0.02,0.367213504795812,-0.6,,0.2750759380524389,-0.24,
1,9,0,0,0.0,0.6374404921569492,-1.24,0.004975124378109453,0.10020301136187167,-0.32,0.2935323383084577
1,9,0,0,0.005,0.5551612828294915,0.24,,0.08864430877936572,1.76,
1,9,0,0,0.02,0.3731839604112076,0.2,,0.11725285038789579,1.56,
1,10,0,1,0.0,0.6132199936857373,0.24,0.004975124378109453,0.7394592804817014,-0.24,0.004975124378109453
1,10,0,1,0.005,0.5110250706748025,0.28,,0.6940306212251068,0.52,
1,10,0,1,0.02,0.3260127319194049,0.36,,0.3805000495664919,-0.48,
1,11,1,0,0.0,0.5705233852059537,-0.8,0.03482587064676617,0.11775468430434928,1.92,0.39303482587064675
1,11,1,0,0.005,0.4833462542477448,-0.76,,0.1220938267977554,1.92,
1,11,1,0,0.02,0.3599821854189949,-1.44,,0.11034833498218588,1.96,
1,12,1,1,0.0,0.6605344215188271,1.4,0.004975124378109453,0.6348571778341353,-0.24,0.004975124378109453
1,12,1,1,0.005,0.5733261618340718,1.36,,0.5860601119160265,0.0,
1,12,1,1,0.02,0.4529360555006622,-0.04,,0.3345573087447496,0.0,
1,13,0,0,0.0,0.502324600082904,-0.6,0.009950248756218905,0.09716463819450566,-0.2,0.2935323383084577
1,13,0,0,0.005,0.43434938207381707,0.84,,0.10337464453255849,0.52,
1,13,0,0,0.02,0.31466267635602474,-0.64,,0.09181718461057123,0.48,
1,14,0,1,0.0,0.5111882932140364,0.76,0.03482587064676617,0.605312676416041,1.6,0.04477611940298507
1,14,0,1,0.005,0.3859793197340662,0.72,,0.5853469005735543,0.0,
1,14,0,1,0.02,0.2604821716349617,1.44,,0.3393968974048937,0.0,
1,15,1,1,0.0,0.5515811607281232,1.28,0.004975124378109453,0.6918695743626376,0.28,0.004975124378109453
1,15,1,1,0.005,0.4607105596346509,1.48,,0.6472179568112554,1.04,
1,15,1,1,0.02,0.35144739309064205,1.48,,0.3856631161683331,1.04,
1,16,1,0,0.0,0.5997054104299832,0.0,0.004975124378109453,0.2029593066137829,-1.96,0.07462686567164178
1,16,1,0,0.005,0.5479514981383138,0.04,,0.1951407036644058,-1.24,
1,16,1,0,0.02,0.4421082362944423,-0.04,,0.19193744329614806,0.52,
1,17,0,0,0.0,0.509752294754408,0.92,0.024875621890547265,0.06838113587351033,-1.4,0.5572139303482587
1,17,0,0,0.005,0.42653834111517563,0.88,,0.0662182150717532,-1.64,
1,17,0,0,0.02,0.3098548670489541,1.08,,0.0823011254653632,1.76,
1,18,0,0,0.0,0.5928971762185482,-0.36,0.004975124378109453,0.09855980093282578,-1.88,0.2835820895522388
1,18,0,0,0.005,0.4798043411094723,-0.32,,0.09383061049227266,0.12,
1,18,0,0,0.02,0.31459454092291816,-0.28,,0.1064184553945536,-0.12,
1,19,1,0,0.0,0.6120622320872677,-0.56,0.004975124378109453,0.1431745128414995,-1.0,0.15920398009950248
1,19,1,0,0.005,0.5348330935786881,-0.56,,0.14637362089371211,-1.0,
1,19,1,0,0.02,0.35703127934376655,-0.48,,0.10787709657870373,-0.04,
1,20,1,0,0.0,0.5403232939325011,-0.56,0.004975124378109453,0.10729659070343214,1.92,0.11442786069651742
1,20,1,0,0.005,0.42407177457644635,-0.56,,0.09434099678019436,0.68,
1,20,1,0,0.02,0.2984448087977975,-0.56,,0.06406380462914837,1.96,
1,21,0,1,0.0,0.5845533553676836,0.24,0.004975124378109453,0.8292102479455213,0.48,0.004975124378109453
1,21,0,1,0.005,0.510120301784446,1.68,,0.7913340798812454,0.48,
1,21,0,1,0.02,0.3471300460527285,1.68,,0.48362372548080634,-0.24,
1,22,0,1,0.0,0.5711395079313533,-0.24,0.004975124378109453,0.7518429741807022,0.76,0.004975124378109453
1,22,0,1,0.005,0.47081088461125586,1.52,,0.7255097406758503,1.0,
1,22,0,1,0.02,0.32320857708928724,0.08,,0.4572362004972486,-0.28,
1,23,1,1,0.0,0.6667913891932273,0.24,0.004975124378109453,0.7790403952774889,-0.24,0.004975124378109453
1,23,1,1,0.005,0.580777916233348,1.4,,0.7666700778808985,0.44,
1,23,1,1,0.02,0.42273837132652364,1.36,,0.6132495408752869,-0.96,
1,24,1,1,0.0,0.6363381556108137,0.2,0.004975124378109453,0.7231627121258912,-0.8,0.004975124378109453
1,24,1,1,0.005,0.5504607611496422,0.16,,0.6857832436112844,-0.8,
1,24,1,1,0.02,0.4023662241561115,0.12,,0.4226035986844543,-1.08,
1,25,1,1,0.0,0.6551465624525914,0.24,0.004975124378109453,0.6878020016869913,-0.48,0.004975124378109453
1,25,1,1,0.005,0.5783074368826413,0.24,,0.6580010009317547,-1.4,
1,25,1,1,0.02,0.40063770080460115,0.24,,0.490019101393136,-1.4,
1,26,1,1,0.0,0.6451705960736241,-0.8,0.004975124378109453,0.8252858705520421,-0.04,0.004975124378109453
1,26,1,1,0.005,0.5782900482502967,-0.8,,0.8194741692261486,-0.04,
1,26,1,1,0.02,0.45043658949239523,0.48,,0.6842473316579197,-0.04,
1,27,0,0,0.0,0.5475603546340422,-1.08,0.014925373134328358,0.07411215979483651,1.84,0.6716417910447762
1,27,0,0,0.005,0.4969977735253667,-1.12,,0.08204866915276258,1.84,
1,27,0,0,0.02,0.39843956024014476,0.0,,0.08091974030199497,1.84,
1,28,0,0,0.0,0.4032853782819919,0.52,0.208955223880597,0.11290599917683522,1.68,0.19402985074626866
1,28,0,0,0.005,0.3418957737099609,0.52,,0.11699875643783512,1.68,
1,28,0,0,0.02,0.23380585351313887,0.56,,0.10345586717903428,-0.48,
1,29,1,0,0.0,0.5848602798010655,-2.0,0.04975124378109453,0.08996520265966566,0.4,0.12935323383084577
1,29,1,0,0.005,0.5409834213530303,-2.0,,0.09343036328530972,-1.84,
1,29,1,0,0.02,0.3396347173171423,-2.0,,0.10858087891327646,-1.88,
1,30,1,0,0.0,0.6169650069713603,-0.92,0.014925373134328358,0.1317990603812909,-1.88,0.35323383084577115
1,30,1,0,0.005,0.5662913836015682,-1.04,,0.13944472369931502,-1.88,
1,30,1,0,0.02,0.43728681029031063,-1.04,,0.14087431674451556,-1.88,
1,31,0,1,0.0,0.5707076807297149,-1.28,0.004975124378109453,0.780081794468296,-0.04,0.004975124378109453
1,31,0,1,0.005,0.4996616814633122,-1.28,,0.7505450354784028,-0.04,
1,31,0,1,0.02,0.3628826754327457,0.12,,0.5130677200186219,-0.56,
1,32,0,1,0.0,0.7450691966980895,0.68,0.004975124378109453,0.828071223564813,0.92,0.004975124378109453
1,32,0,1,0.005,0.6749705149650447,0.68,,0.8087832876560603,0.92,
1,32,0,1,0.02,0.47096562514629964,-0.68,,0.6216457084926217,0.92,
2,1,1,1,0.0,0.4183700923786029,0.96,0.004975124378109453,0.17503005628193666,1.88,0.5472636815920398
2,1,1,1,0.005,0.3035241293503997,-0.08,,0.16476477124212666,1.88,
2,1,1,1,0.02,0.13558444343761364,-0.08,,0.13360083472681022,-1.72,
2,2,1,0,0.0,0.24480875459782575,1.68,0.4228855721393035,0.11905192236246646,1.24,0.17412935323383086
2,2,1,0,0.005,0.15002978952770268,1.72,,0.12746474800246177,1.24,
2,2,1,0,0.02,0.06499884237544086,1.92,,0.1235742737194042,1.04,
2,3,0,0,0.0,0.41451444304025364,1.16,0.1044776119402985,0.17115591758137894,0.84,0.03980099502487562
2,3,0,0,0.005,0.32459828320985484,-1.68,,0.1796073116987051,0.84,
2,3,0,0,0.02,0.13552374463414313,-1.68,,0.13484341026213847,1.44,
2,4,0,1,0.0,0.48578795461997964,1.2,0.004975124378109453,0.2765133449867765,1.48,0.08955223880597014
2,4,0,1,0.005,0.3747652557534881,1.16,,0.26162262636182926,1.72,
2,4,0,1,0.02,0.14421667215976114,1.16,,0.155870694083346,-0.04,
2,5,1,0,0.0,0.3850696669903301,-1.2,0.004975124378109453,0.13240582038177945,-0.88,0.5572139303482587
2,5,1,0,0.005,0.308877063685994,-1.2,,0.10540671294848884,-0.84,
2,5,1,0,0.02,0.15350351287084082,-1.08,,0.11517600131207698,0.48,
2,6,1,1,0.0,0.46769152522970014,0.44,0.004975124378109453,0.3776193814948571,-0.52,0.09950248756218906
2,6,1,1,0.005,0.31536893422722395,-0.52,,0.3396046823608776,-0.52,
2,6,1,1,0.02,0.11396695803120606,-0.48,,0.18312625674728805,-1.72,
2,7,0,1,0.0,0.5991236175210268,0.36,0.004975124378109453,0.287809019372332,-1.68,0.23383084577114427
2,7,0,1,0.005,0.4889760535562876,-1.28,,0.27967078804333534,-1.0,
2,7,0,1,0.02,0.2332207387157323,-1.2,,0.22583915004009097,-1.24,
2,8,0,0,0.0,0.5140340926219226,-0.64,0.004975124378109453,0.17135356500200177,1.48,0.31343283582089554
2,8,0,0,0.005,0.4038131142418245,-0.68,,0.1738471699487186,1.48,
2,8,0,0,0.02,0.15684911069761662,0.32,,0.1116894246468347,-1.68,
2,9,0,0,0.0,0.4688238338010308,-0.36,0.004975124378109453,0.08203500230985074,1.56,0.9253731343283582
2,9,0,0,0.005,0.3227599492029444,-0.36,,0.10675637000652617,1.2,
2,9,0,0,0.02,0.1726443669486509,0.44,,0.11086578887922584,0.28,
2,10,0,0,0.0,0.5401168329615161,0.0,0.004975124378109453,0.07191081971635448,-1.52,1.0
2,10,0,0,0.005,0.41367332756576175,-0.92,,0.0909493963405581,1.56,
2,10,0,0,0.02,0.13829484203362485,-0.88,,0.12431037186511577,-0.44,
2,11,1,0,0.0,0.5262407624725418,-1.04,0.004975124378109453,0.133727231236603,-1.92,0.43283582089552236
2,11,1,0,0.005,0.430387445945528,-1.08,,0.137028255089039,-1.92,
2,11,1,0,0.02,0.23100822357293824,-1.12,,0.11364327995214499,0.56,
2,12,1,0,0.0,0.4618908309902466,1.08,0.014925373134328358,0.08583209443074045,1.84,0.7114427860696517
2,12,1,0,0.005,0.36759999452676095,1.04,,0.09368325069662202,1.84,
2,12,1,0,0.02,0.20350739380640445,1.04,,0.10055465137885108,2.0,
2,13,0,1,0.0,0.5175918503100349,0.32,0.004975124378109453,0.1076485193234771,1.28,0.572139303482587
2,13,0,1,0.005,0.3994004968893185,-1.0,,0.12081019856498636,1.84,
2,13,0,1,0.02,0.2109911977490848,0.32,,0.11816856545347301,2.0,
2,14,0,1,0.0,0.5740424583440953,-0.4,0.004975124378109453,0.34637390295038734,2.0,0.01990049751243781
2,14,0,1,0.005,0.4293301347706302,-0.36,,0.3375404296192217,1.72,
2,14,0,1,0.02,0.20046856671762045,-0.2,,0.1547732096216505,-1.08,
2,15,1,1,0.0,0.37531232310445495,0.4,0.004975124378109453,0.2863411502594312,1.92,0.004975124378109453
2,15,1,1,0.005,0.3039020261621219,-0.48,,0.27081130880329196,1.92,
2,15,1,1,0.02,0.17479109604351484,-0.52,,0.1843222337479685,0.84,
2,16,1,1,0.0,0.5459295829896065,-1.48,0.004975124378109453,0.36645670807201186,0.32,0.07960199004975124
2,16,1,1,0.005,0.46887173897961504,-1.48,,0.334279466998965,0.32,
2,16,1,1,0.02,0.26091493511128666,-1.44,,0.21629047446843236,-0.2,
2,17,1,1,0.0,0.4168183228614906,0.92,0.004975124378109453,0.37637861816654655,-1.44,0.08955223880597014
2,17,1,1,0.005,0.35383514279753325,0.92,,0.35558363447648317,0.64,
2,17,1,1,0.02,0.16586046683212455,0.88,,0.23028912222157374,0.4,
2,18,1,0,0.0,0.5819970913984402,-0.2,0.004975124378109453,0.13545175476114235,0.76,0.5124378109452736
2,18,1,0,0.005,0.4910042688128735,1.04,,0.10732221654594862,0.28,
2,18,1,0,0.02,0.2799714967138889,0.96,,0.1511523721734354,-1.32,
2,19,0,0,0.0,0.46220657060771325,-1.68,0.04975124378109453,0.13864232332333376,-1.6,0.19900497512437812
2,19,0,0,0.005,0.32526238881142616,-1.68,,0.11834517837633493,1.16,
2,19,0,0,0.02,0.1514972381855557,-1.68,,0.08605570550981971,0.2,
2,20,0,1,0.0,0.5469637968393334,-0.28,0.004975124378109453,0.39544276405820855,0.96,0.004975124378109453
2,20,0,1,0.005,0.4670580501481715,-0.24,,0.377789095477477,0.48,
2,20,0,1,0.02,0.28294629927985676,-0.24,,0.21654694615011957,0.48,
2,21,1,1,0.0,0.5493816141977211,0.32,0.004975124378109453,0.39558652865674687,0.48,0.004975124378109453
2,21,1,1,0.005,0.4865751729235102,0.32,,0.34896200263318683,-1.88,
2,21,1,1,0.02,0.29008563770916407,0.36,,0.17044609769576316,-1.2,
2,22,1,0,0.0,0.4621793049641198,0.76,0.029850746268656716,0.09206897106877293,-1.96,0.6666666666666666
2,22,1,0,0.005,0.35919313460127356,0.76,,0.0838714106779107,-1.96,
2,22,1,0,0.02,0.19723075711415577,0.8,,0.09590031763121133,0.52,
2,23,0,1,0.0,0.4324735332349004,0.72,0.004975124378109453,0.13252343997705177,-1.8,0.5771144278606966
2,23,0,1,0.005,0.3388932648637472,0.72,,0.1187491654678313,0.96,
2,23,0,1,0.02,0.1917381350385615,0.72,,0.09858297843489182,0.96,
2,24,0,0,0.0,0.5441995047248885,0.56,0.004975124378109453,0.24334337433367548,1.08,0.004975124378109453
2,24,0,0,0.005,0.407301952852798,-1.44,,0.22554384824326934,0.88,
2,24,0,0,0.02,0.1684463169522008,0.8,,0.15664981696704516,0.92,
2,25,1,1,0.0,0.45350618473464593,-0.72,0.04477611940298507,0.2913769009277305,0.4,0.2537313432835821
2,25,1,1,0.005,0.383469226857709,-0.72,,0.28864700774902813,0.4,
2,25,1,1,0.02,0.25726605368756766,-0.88,,0.21730295496033283,0.4,
2,26,1,0,0.0,0.4805045756166406,-1.52,0.024875621890547265,0.14641969092345591,-0.48,0.3880597014925373
2,26,1,0,0.005,0.41169995094448586,-1.52,,0.12951561390104316,-0.48,
2,26,1,0,0.02,0.2845387443456153,-1.56,,0.08297367974767082,-0.52,
2,27,0,1,0.0,0.5523063405380703,1.44,0.004975124378109453,0.19029106506028856,1.92,0.39303482587064675
2,27,0,1,0.005,0.44388560239390307,1.44,,0.1716527588571396,1.88,
2,27,0,1,0.02,0.2738936637178896,1.4,,0.1523710128319572,0.0,
2,28,0,1,0.0,0.4549387705929224,0.6,0.004975124378109453,0.18193270332249245,2.0,0.3781094527363184
2,28,0,1,0.005,0.34380927789620963,0.6,,0.17218110074026644,1.52,
2,28,0,1,0.02,0.22938755304963498,0.12,,0.18308978928168188,-0.12,
2,29,1,1,0.0,0.6171171439675517,-0.2,0.004975124378109453,0.4006501433479943,1.96,0.004975124378109453
2,29,1,1,0.005,0.5306357296988903,-0.2,,0.4022036349501409,1.96,
2,29,1,1,0.02,0.35602012678263323,-0.12,,0.30441652307188094,1.96,
2,30,1,0,0.0,0.5505930871163617,1.12,0.004975124378109453,0.16329655671680712,-1.52,0.2537313432835821
2,30,1,0,0.005,0.4403864962484432,1.16,,0.15238486892944073,-1.52,
2,30,1,0,0.02,0.2509446628142941,-0.88,,0.15281271275052521,-1.2,
2,31,0,0,0.0,0.4959059859940916,0.12,0.004975124378109453,0.180636075353321,0.8,0.004975124378109453
2,31,0,0,0.005,0.38967716233535366,-0.88,,0.18592321556214894,0.8,
2,31,0,0,0.02,0.25663097285716935,-0.4,,0.17273719118423897,-0.16,
2,32,0,0,0.0,0.5453018800188869,1.76,0.004975124378109453,0.09946565801350599,1.16,0.5124378109452736
2,32,0,0,0.005,0.43215988805983346,-0.48,,0.11183013539128438,0.28,
2,32,0,0,0.02,0.2449336091932326,-0.76,,0.10615207656740604,0.28,
3,1,1,0,0.0,0.4951910677760601,-1.88,0.004975124378109453,0.13375848377588284,-2.0,0.4129353233830846
3,1,1,0,0.005,0.423977690660328,-1.08,,0.08909922051281188,-0.28,
3,1,1,0,0.02,0.2539156223268932,-1.16,,0.09738626160348744,-0.24,
3,2,1,1,0.0,0.5034083296125141,-0.36,0.004975124378109453,0.4433167064025776,-0.76,0.004975124378109453
3,2,1,1,0.005,0.4358844240380903,1.08,,0.3823798981916058,-0.76,
3,2,1,1,0.02,0.24718516271832422,-0.96,,0.23272368137981045,-1.56,
3,3,0,1,0.0,0.6329493550163516,-0.04,0.004975124378109453,0.2942934902080602,-0.96,0.10945273631840796
3,3,0,1,0.005,0.5816253022051916,-0.04,,0.23451823561492066,-0.96,
3,3,0,1,0.02,0.35764770645627203,0.0,,0.1600709378603027,1.12,
3,4,0,0,0.0,0.4299122020968334,1.96,0.004975124378109453,0.07140258360389663,1.96,0.8905472636815921
3,4,0,0,0.005,0.35351333663308465,1.96,,0.08176755055180897,-1.16,
3,4,0,0,0.02,0.16171930454321579,1.88,,0.10185890465295393,1.12,
3,5,1,0,0.0,0.5474313468377687,1.32,0.029850746268656716,0.07680538739042334,0.92,0.6865671641791045
3,5,1,0,0.005,0.4362806829709383,0.36,,0.06566333235161984,0.92,
3,5,1,0,0.02,0.23120620756273796,0.36,,0.06376041093684426,1.96,
3,6,1,1,0.0,0.638987005290779,-0.48,0.004975124378109453,0.23391145998204657,-1.88,0.6965174129353234
3,6,1,1,0.005,0.5974988955595268,-0.52,,0.2065083073936197,-1.88,
3,6,1,1,0.02,0.42300699510937656,-0.92,,0.13824805400749907,0.08,
3,7,0,0,0.0,0.5606070031966784,-0.44,0.004975124378109453,0.15203940983692618,-0.64,0.44776119402985076
3,7,0,0,0.005,0.5056412935438551,-1.4,,0.15782636139654185,-1.4,
3,7,0,0,0.02,0.24261221733557112,0.64,,0.12266293250906886,-1.16,
3,8,0,1,0.0,0.6175457778639408,-1.36,0.004975124378109453,0.6294388772780016,-1.56,0.004975124378109453
3,8,0,1,0.005,0.513891770319418,-1.36,,0.5985988950994316,-1.56,
3,8,0,1,0.02,0.2693825285578403,0.56,,0.30504859456293215,-1.56,
3,9,0,0,0.0,0.610488650369684,1.6,0.014925373134328358,0.07138208985831238,0.4,0.746268656716418
3,9,0,0,0.005,0.5110947345828907,1.52,,0.10302021072969667,-1.56,
3,9,0,0,0.02,0.2227446386159083,1.48,,0.13096561662002118,-1.32,
3,10,0,1,0.0,0.5484967318336819,0.32,0.004975124378109453,0.31283283360483244,1.12,0.15422885572139303
3,10,0,1,0.005,0.4964095525708682,0.32,,0.250142150778823,1.12,
3,10,0,1,0.02,0.3205961908416408,0.36,,0.12933516356702068,-1.68,
3,11,1,1,0.0,0.594125586694376,1.68,0.004975124378109453,0.6322434118876985,-0.44,0.004975124378109453
3,11,1,1,0.005,0.5216894066142116,1.76,,0.603355358593549,-0.44,
3,11,1,1,0.02,0.3037124487405489,1.64,,0.3482938795971603,-0.44,
3,12,1,0,0.0,0.45830475054801084,1.44,0.08955223880597014,0.1758633506259535,-0.36,0.263681592039801
3,12,1,0,0.005,0.36027184465118434,1.44,,0.15166292373580806,-0.12,
3,12,1,0,0.02,0.20411090338483381,-0.2,,0.12660077160678515,-0.32,
3,13,0,0,0.0,0.46087081636136124,-1.52,0.06965174129353234,0.10522993507327119,2.0,0.6716417910447762
3,13,0,0,0.005,0.40900369787835983,-1.48,,0.11609252412353485,2.0,
3,13,0,0,0.02,0.21003380953730888,-1.68,,0.07905420157534322,2.0,
3,14,0,1,0.0,0.6107539073248739,-2.0,0.004975124378109453,0.27094250339338055,-1.76,0.39303482587064675
3,14,0,1,0.005,0.5625477123358604,-2.0,,0.25667656495790464,-1.8,
3,14,0,1,0.02,0.3786098404008904,0.36,,0.15722316091507718,-1.8,
3,15,1,1,0.0,0.5853055017578156,0.12,0.004975124378109453,0.4508952813787,-0.24,0.004975124378109453
3,15,1,1,0.005,0.5111073939560966,0.16,,0.4142776423245038,-0.24,
3,15,1,1,0.02,0.27438847693795154,-0.84,,0.22278027967850264,-0.24,
3,16,1,0,0.0,0.5623091129061009,-0.4,0.004975124378109453,0.09861570788848266,1.72,0.48756218905472637
3,16,1,0,0.005,0.5240806218741727,-0.4,,0.1038811096002094,-1.8,
3,16,1,0,0.02,0.37938418568782456,-0.4,,0.11020510865472145,-1.84,
3,17,0,0,0.0,0.4825280326369898,-1.4,0.12935323383084577,0.1023183083416202,1.84,0.5920398009950248
3,17,0,0,0.005,0.4384934657320143,-1.36,,0.08609633137913296,1.84,
3,17,0,0,0.02,0.29760712865823163,-1.36,,0.10249365597763095,-1.24,
3,18,0,1,0.0,0.6125911585417313,-0.04,0.004975124378109453,0.3227723122821976,1.88,0.30845771144278605
3,18,0,1,0.005,0.5632305338160877,-0.04,,0.31726748367395086,1.88,
3,18,0,1,0.02,0.4016763896100791,0.0,,0.19997346431719004,1.88,
3,19,1,0,0.0,0.5616399737450198,-1.96,0.004975124378109453,0.1462240923998177,1.52,0.27860696517412936
3,19,1,0,0.005,0.5147969110230474,-1.96,,0.13766955350184804,1.52,
3,19,1,0,0.02,0.3454649115499062,-1.96,,0.1023014368782344,-0.84,
3,20,1,1,0.0,0.5458974323247416,-1.32,0.04477611940298507,0.35550243248779356,1.0,0.03980099502487562
3,20,1,1,0.005,0.49436503817530636,-1.32,,0.3346118229984523,1.0,
3,20,1,1,0.02,0.34803503690568477,-1.6,,0.21324853491509219,-1.52,
3,21,0,1,0.0,0.48158124501767846,0.08,0.004975124378109453,0.3965730687766208,-1.52,0.208955223880597
3,21,0,1,0.005,0.4257660688349956,0.08,,0.3806524545755295,-1.52,
3,21,0,1,0.02,0.3126795476621453,0.12,,0.23555238738059692,1.96,
3,22,0,0,0.0,0.5300612664754641,-1.84,0.26865671641791045,0.1645850207626714,1.0,0.09950248756218906
3,22,0,0,0.005,0.4761280134765259,-1.84,,0.1780851956869239,1.0,
3,22,0,0,0.02,0.3246206756515869,-1.84,,0.16867442009283382,1.0,
3,23,1,1,0.0,0.6292124800458129,-1.92,0.004975124378109453,0.5021349138130943,-0.44,0.0945273631840796
3,23,1,1,0.005,0.5557110693737299,-1.92,,0.487172014593632,-0.44,
3,23,1,1,0.02,0.38916713506608386,-1.92,,0.3802896086014017,1.4,
3,24,1,0,0.0,0.45482732018173494,0.72,0.029850746268656716,0.12851579623927248,-1.16,0.31840796019900497
3,24,1,0,0.005,0.39779327336989107,0.72,,0.13364958515230585,-1.16,
3,24,1,0,0.02,0.27958758113068716,-0.28,,0.1538861406875384,1.04,
3,25,0,1,0.0,0.6419453126331381,-1.0,0.004975124378109453,0.3690023413533319,-1.12,0.208955223880597
3,25,0,1,0.005,0.6092946884962035,-1.0,,0.3455068696984,1.92,
3,25,0,1,0.02,0.4575024681282795,-1.0,,0.19616283687647668,-1.84,
3,26,0,1,0.0,0.4769381393848201,0.24,0.004975124378109453,0.4488730158578262,1.84,0.004975124378109453
3,26,0,1,0.005,0.4145146260211208,0.24,,0.43978052768657105,1.84,
3,26,0,1,0.02,0.26415718489644563,0.24,,0.30944883958265784,1.84,
3,27,1,1,0.0,0.5751041754843912,-1.12,0.004975124378109453,0.413536992315063,-0.28,0.004975124378109453
3,27,1,1,0.005,0.5086997704973756,-1.12,,0.3977707307835908,-0.28,
3,27,1,1,0.02,0.3684747467645062,-0.04,,0.2441244287516771,-0.24,
3,28,1,1,0.0,0.6323743344118788,-0.56,0.004975124378109453,0.4021090344214481,-0.2,0.004975124378109453
3,28,1,1,0.005,0.5641076303555566,-1.04,,0.36506767731624523,-0.2,
3,28,1,1,0.02,0.44303634905404454,0.4,,0.20501414759136655,1.08,
3,29,0,0,0.0,0.4135569222679682,-0.36,0.4129353233830846,0.07478659622259917,-1.72,0.8507462686567164
3,29,0,0,0.005,0.36243814144196224,-1.28,,0.08831756731381074,-1.72,
3,29,0,0,0.02,0.22236499985069555,-1.28,,0.08823411743791248,-0.88,
3,30,0,0,0.0,0.4291914031299403,1.4,0.01990049751243781,0.12092336423469267,-0.24,0.1791044776119403
3,30,0,0,0.005,0.3692775863466862,-1.96,,0.11204065927865428,-0.24,
3,30,0,0,0.02,0.2554531884912602,1.4,,0.08790549188407885,-0.24,
3,31,1,0,0.0,0.5609683368775449,1.96,0.03980099502487562,0.180467118670388,0.48,0.0945273631840796
3,31,1,0,0.005,0.5438787533503256,1.96,,0.18657086446423793,0.48,
3,31,1,0,0.02,0.40076931182392367,1.96,,0.1446074801606842,0.44,
3,32,1,0,0.0,0.5107652312140871,-1.8,0.004975124378109453,0.15252538926793952,2.0,0.10945273631840796
3,32,1,0,0.005,0.4485311282050291,-1.96,,0.14167798590536015,-1.64,
3,32,1,0,0.02,0.34047860352679926,-0.96,,0.10983700393102842,-1.64,
4,1,1,0,0.0,0.503098246902616,-1.36,0.009950248756218905,0.18204746734755503,-1.52,0.19402985074626866
4,1,1,0,0.005,0.37598502958114444,-1.48,,0.18595182381566197,-1.52,
4,1,1,0,0.02,0.19652393418740005,-1.52,,0.12749615621907145,-1.52,
4,2,1,1,0.0,0.5047768476879949,0.16,0.004975124378109453,0.39317039587051106,1.08,0.004975124378109453
4,2,1,1,0.005,0.37469553957754725,0.16,,0.3422963870534048,-1.08,
4,2,1,1,0.02,0.22176820371955047,0.2,,0.21208257851908405,1.4,
4,3,0,1,0.0,0.5507715619019856,0.2,0.004975124378109453,0.3107841739307542,-1.8,0.004975124378109453
4,3,0,1,0.005,0.48210865780835993,0.2,,0.2940203343138332,-1.8,
4,3,0,1,0.02,0.3468998270651202,0.2,,0.16166317496913796,-1.16,
4,4,0,1,0.0,0.4831150381783313,-1.8,0.004975124378109453,0.4740649371331679,1.04,0.004975124378109453
4,4,0,1,0.005,0.39508182807819914,-1.72,,0.4488942039562983,1.04,
4,4,0,1,0.02,0.2610155284173985,0.36,,0.29471307931571983,0.8,
4,5,1,1,0.0,0.5476730631945691,0.08,0.004975124378109453,0.5364124295680301,-0.16,0.004975124378109453
4,5,1,1,0.005,0.4622987615769797,0.08,,0.49047902595318277,-0.16,
4,5,1,1,0.02,0.30954807222581104,0.08,,0.23987807177585924,-0.2,
4,6,1,0,0.0,0.47280264795391286,-0.04,0.004975124378109453,0.13103103251522602,-0.8,0.3880597014925373
4,6,1,0,0.005,0.38342754988869776,-0.08,,0.14679249546904052,1.04,
4,6,1,0,0.02,0.24595832270680615,0.32,,0.11961522514818473,1.04,
4,7,0,0,0.0,0.5020864012885812,2.0,0.004975124378109453,0.15749163599619848,-1.72,0.024875621890547265
4,7,0,0,0.005,0.4277466567471261,2.0,,0.14354271609384506,-1.72,
4,7,0,0,0.02,0.33089419965727546,2.0,,0.10617271650675932,0.32,
4,8,0,0,0.0,0.49347780443036965,-0.2,0.08955223880597014,0.16809759054147924,0.4,0.21890547263681592
4,8,0,0,0.005,0.40883553886787694,-0.72,,0.1599390547334578,0.4,
4,8,0,0,0.02,0.2814240439104305,-0.16,,0.14674813772134904,-1.0,
4,9,1,1,0.0,0.5610955992497086,-0.52,0.004975124378109453,0.48762078091669414,-1.84,0.004975124378109453
4,9,1,1,0.005,0.4768661832848312,-0.48,,0.4483358060620048,-1.84,
4,9,1,1,0.02,0.3412033966125892,-0.44,,0.26361786415833754,0.04,
4,10,1,0,0.0,0.5222571566359393,-0.04,0.004975124378109453,0.15210173985204073,1.4,0.004975124378109453
4,10,1,0,0.005,0.42858692502851536,1.28,,0.1619523587569038,1.4,
4,10,1,0,0.02,0.2644759291449692,1.24,,0.16235330870155537,1.4,
4,11,0,1,0.0,0.5730610572509919,0.16,0.004975124378109453,0.30159340032228754,-1.12,0.208955223880597
4,11,0,1,0.005,0.4188438366118813,-0.64,,0.30213273766107557,-1.68,
4,11,0,1,0.02,0.29739755459589157,-1.68,,0.23831623933453225,-1.68,
4,12,0,0,0.0,0.5387608246769785,-0.92,0.004975124378109453,0.16320298585593615,-1.96,0.39800995024875624
4,12,0,0,0.005,0.4209013277057719,0.64,,0.15002572537913111,-2.0,
4,12,0,0,0.02,0.304720837497257,-1.28,,0.09649795018608705,1.88,
4,13,1,1,0.0,0.6422495544004113,0.0,0.004975124378109453,0.5936307845176061,0.48,0.004975124378109453
4,13,1,1,0.005,0.49165359279428195,-0.04,,0.5747896084004116,0.48,
4,13,1,1,0.02,0.3159876582740372,-0.04,,0.42113042953746915,0.48,
4,14,1,0,0.0,0.4204578682083762,-2.0,0.04477611940298507,0.20144409034942365,-1.52,0.0945273631840796
4,14,1,0,0.005,0.329614877081914,-1.64,,0.18385939541014262,-1.24,
4,14,1,0,0.02,0.24183567034543513,-1.64,,0.140416299073368,1.76,
4,15,0,1,0.0,0.5394380160606739,0.8,0.004975124378109453,0.5347458259276681,-0.2,0.004975124378109453
4,15,0,1,0.005,0.4542359672719912,0.8,,0.5140971773902688,-0.2,
4,15,0,1,0.02,0.32736901411812064,0.88,,0.37979128693397685,-1.96,
4,16,0,0,0.0,0.45302470955673135,-0.96,0.1791044776119403,0.051324261804100345,0.24,1.0
4,16,0,0,0.005,0.3443287541660115,-0.24,,0.058976227716636284,0.24,
4,16,0,0,0.02,0.20655205413772915,-0.24,,0.08179763694389701,1.04,
4,17,0,1,0.0,0.5838618349581068,-0.28,0.004975124378109453,0.486784995520051,-1.0,0.01990049751243781
4,17,0,1,0.005,0.48443260055668264,-0.2,,0.45480012182869906,-1.0,
4,17,0,1,0.02,0.3092589358197873,-0.2,,0.3065805232635982,0.0,
4,18,0,0,0.0,0.4304840642816551,-1.28,0.263681592039801,0.12293776074154596,-1.84,0.6119402985074627
4,18,0,0,0.005,0.32243100289172727,-1.28,,0.1455960980079662,-1.84,
4,18,0,0,0.02,0.229264044201877,1.64,,0.12286023374419042,1.76,
4,19,1,0,0.0,0.5269067811183579,1.92,0.004975124378109453,0.18045188683841096,-1.92,0.08955223880597014
4,19,1,0,0.005,0.4290534615233357,1.92,,0.17235642801613943,-1.92,
4,19,1,0,0.02,0.2728447233059242,1.92,,0.12354371969808542,-1.92,
4,20,1,1,0.0,0.48882658417693553,-0.96,0.0945273631840796,0.6003929751923556,0.28,0.004975124378109453
4,20,1,1,0.005,0.39456097963246967,-0.92,,0.5805301453608183,0.28,
4,20,1,1,0.02,0.3093004175024787,-0.96,,0.40332072445836065,1.04,
4,21,0,1,0.0,0.5339619920109226,-0.88,0.004975124378109453,0.5743080458801224,-0.88,0.004975124378109453
4,21,0,1,0.005,0.4653923143421779,-0.84,,0.5505590638805197,-1.8,
4,21,0,1,0.02,0.3389939907157659,-0.72,,0.32644313661790725,0.76,
4,22,0,0,0.0,0.501965071359341,0.96,0.024875621890547265,0.11938985683022592,1.04,0.4228855721393035
4,22,0,0,0.005,0.4286563197832798,0.96,,0.12521463601735758,1.04,
4,22,0,0,0.02,0.2870500884745848,-0.52,,0.11235245563089898,-1.32,
4,23,1,0,0.0,0.44087288580758316,-0.32,0.10945273631840796,0.11654664221480895,1.12,0.47761194029850745
4,23,1,0,0.005,0.35254476733403123,0.36,,0.09391060780823939,0.84,
4,23,1,0,0.02,0.3071773809487129,0.32,,0.06552069757402564,-0.28,
4,24,1,1,0.0,0.40862951792240304,-1.52,0.004975124378109453,0.581937430427365,0.96,0.004975124378109453
4,24,1,1,0.005,0.31154860935957857,-1.52,,0.5279252270726169,0.96,
4,24,1,1,0.02,0.17901425224224055,-0.24,,0.29091911064696646,-0.96,
4,25,0,1,0.0,0.581614363714272,-0.04,0.004975124378109453,0.3549569135361669,0.56,0.3283582089552239
4,25,0,1,0.005,0.497504067214214,-0.04,,0.29473286257300535,0.56,
4,25,0,1,0.02,0.3747223070389782,-0.08,,0.11524083925830685,0.28,
4,26,0,0,0.0,0.5660259105996106,-0.4,0.004975124378109453,0.09013408456305483,-1.6,0.3333333333333333
4,26,0,0,0.005,0.44601982899114084,-0.56,,0.10067677305771508,-0.12,
4,26,0,0,0.02,0.318004398165397,-0.36,,0.09228960989573107,-0.12,
4,27,1,0,0.0,0.45838942925294685,1.8,0.004975124378109453,0.152476444752953,-2.0,0.1791044776119403
4,27,1,0,0.005,0.3847805694709175,1.28,,0.13227564478310885,0.68,
4,27,1,0,0.02,0.2671259225700926,1.84,,0.12874410090594576,0.72,
4,28,1,0,0.0,0.5963399893015849,-1.68,0.004975124378109453,0.16036547449542327,-0.44,0.29850746268656714
4,28,1,0,0.005,0.5064384523512055,-1.68,,0.16283484986421085,-1.64,
4,28,1,0,0.02,0.3677243264543557,-1.68,,0.14231767542192542,-1.92,
4,29,0,1,0.0,0.496397368464222,-1.84,0.004975124378109453,0.5170887808707829,0.0,0.004975124378109453
4,29,0,1,0.005,0.3784823458150611,-1.8,,0.5015706031471742,-1.8,
4,29,0,1,0.02,0.28250058686831175,-1.8,,0.34272997249226644,-1.8,
4,30,0,0,0.0,0.48840643802710804,-1.36,0.05970149253731343,0.10446862357826942,-2.0,0.7611940298507462
4,30,0,0,0.005,0.4177191103104921,-1.32,,0.09889164231092917,1.52,
4,30,0,0,0.02,0.3141166893865394,-1.36,,0.08918189821569704,1.56,
4,31,1,1,0.0,0.5218481626701116,0.08,0.004975124378109453,0.506062146535801,0.72,0.004975124378109453
4,31,1,1,0.005,0.4349551919201245,1.84,,0.48572542788540224,-0.2,
4,31,1,1,0.02,0.30483998677441243,1.84,,0.3388218474053551,1.88,
4,32,1,1,0.0,0.5220081729235838,-1.76,0.0945273631840796,0.5569065422937277,-1.0,0.004975124378109453
4,32,1,1,0.005,0.4466057531620549,-1.84,,0.5386053580811511,-1.28,
4,32,1,1,0.02,0.32235186715164715,-1.88,,0.3899235815315433,-1.28,
5,1,1,1,0.0,0.5225418761336884,-0.4,0.009950248756218905,0.2525356656483196,-0.32,0.25870646766169153
5,1,1,1,0.005,0.3068508423991862,-1.96,,0.10705633930311635,-1.56,
5,1,1,1,0.02,0.07964930641854108,1.92,,0.1385571022226834,-1.4,
5,2,1,0,0.0,0.50721409857541,-1.28,0.004975124378109453,0.17371425705846588,-1.36,0.07960199004975124
5,2,1,0,0.005,0.2905451548176141,-1.4,,0.08478791979740771,-1.84,
5,2,1,0,0.02,0.11273205985202292,-1.4,,0.1396843146154957,-1.88,
5,3,0,1,0.0,0.5357080191717469,0.92,0.24378109452736318,0.58572481311193,0.52,0.004975124378109453
5,3,0,1,0.005,0.37322528100436253,0.96,,0.35027077947188967,0.76,
5,3,0,1,0.02,0.1532143449580338,-1.24,,0.14990310241037363,0.92,
5,4,0,0,0.0,0.4762775379197815,-0.08,0.2537313432835821,0.21140519996474275,-0.4,0.03980099502487562
5,4,0,0,0.005,0.26522215606416943,-1.56,,0.1262920348012595,-0.92,
5,4,0,0,0.02,0.06607747622952842,-1.56,,0.10289749332017535,1.24,
5,5,1,1,0.0,0.6149113566037157,-1.0,0.004975124378109453,0.6366359830265458,0.04,0.004975124378109453
5,5,1,1,0.005,0.45239052677589936,-1.0,,0.36767075168299607,0.04,
5,5,1,1,0.02,0.09826687557262852,1.64,,0.12657605309134917,0.8,
5,6,1,0,0.0,0.4052183049371539,-2.0,0.4925373134328358,0.09997791236648915,-1.92,0.5472636815920398
5,6,1,0,0.005,0.32434897676543556,-2.0,,0.10497974067812156,-1.88,
5,6,1,0,0.02,0.14144982647436996,-2.0,,0.12572486810821407,0.12,
5,7,0,0,0.0,0.3059159844645062,-2.0,0.19402985074626866,0.08669526806234182,1.24,0.7512437810945274
5,7,0,0,0.005,0.16940600370159856,-2.0,,0.07021838707661297,0.36,
5,7,0,0,0.02,0.08862521434739329,-1.4,,0.08119677539349512,-1.88,
5,8,0,1,0.0,0.19280416582884988,-0.04,0.8059701492537313,0.2488159998231905,-1.0,0.472636815920398
5,8,0,1,0.005,0.16083083744199766,-0.04,,0.17818010444630572,-1.0,
5,8,0,1,0.02,0.06608841911842565,0.0,,0.12903441172098348,0.76,
5,9,1,0,0.0,0.5977915866343892,0.56,0.004975124378109453,0.1636168076803272,0.56,0.12437810945273632
5,9,1,0,0.005,0.4547776932972738,0.48,,0.11880672483157449,1.8,
5,9,1,0,0.02,0.17536065717908492,0.48,,0.12083144819434768,-1.92,
5,10,1,1,0.0,0.6163353530510347,0.88,0.004975124378109453,0.6059227747253678,1.16,0.004975124378109453
5,10,1,1,0.005,0.4710185088194434,0.88,,0.45782731476593463,0.2,
5,10,1,1,0.02,0.1912356282271974,1.12,,0.2010611610795999,-1.0,
5,11,0,0,0.0,0.5749842675011554,-1.8,0.004975124378109453,0.16433354700445538,1.36,0.1791044776119403
5,11,0,0,0.005,0.2620857894655436,-0.44,,0.06242438049067645,1.6,
5,11,0,0,0.02,0.09951612865531256,-0.44,,0.108876959986439,-0.44,
5,12,0,1,0.0,0.47966968066509524,-0.2,0.24875621890547264,0.6551632024259091,-1.84,0.10945273631840796
5,12,0,1,0.005,0.3265037356140619,-0.2,,0.5628023132044346,-1.84,
5,12,0,1,0.02,0.09151704039086946,-0.28,,0.25625382886520054,-1.84,
5,13,1,1,0.0,0.45324264889138594,-0.88,0.004975124378109453,0.5055790238128156,0.28,0.004975124378109453
5,13,1,1,0.005,0.29172686990134633,0.04,,0.3554184195466112,-0.48,
5,13,1,1,0.02,0.07580707843829405,1.64,,0.12924342263862312,1.36,
5,14,1,0,0.0,0.4372121035542562,-0.08,0.07960199004975124,0.23299929289462087,-1.76,0.004975124378109453
5,14,1,0,0.005,0.407115265214442,-0.08,,0.17566700906964947,-2.0,
5,14,1,0,0.02,0.1766662806546058,-1.36,,0.11600407709594678,-0.2,
5,15,0,1,0.0,0.4787026064894805,-1.08,0.004975124378109453,0.6273672605659816,-1.04,0.004975124378109453
5,15,0,1,0.005,0.4507662336396568,-0.96,,0.5222688499467544,0.96,
5,15,0,1,0.02,0.24685818000813742,-0.64,,0.23130199117687542,-0.56,
5,16,0,0,0.0,0.21136384371643477,-0.16,0.22885572139303484,0.13492026374646826,-1.96,0.5124378109452736
5,16,0,0,0.005,0.1698734646339016,-0.12,,0.09223841113966784,1.28,
5,16,0,0,0.02,0.07615201516708656,1.96,,0.12480759508323988,-1.48,
5,17,1,0,0.0,0.5306256484339666,1.48,0.004975124378109453,0.11934890862276634,-1.72,0.6716417910447762
5,17,1,0,0.005,0.4156056175144689,1.44,,0.11448393696577001,-0.08,
5,17,1,0,0.02,0.19076643737402968,1.48,,0.13117582729988694,-0.08,
5,18,1,1,0.0,0.49813740854157396,-0.88,0.004975124378109453,0.5178628781243432,0.76,0.004975124378109453
5,18,1,1,0.005,0.4130599641939852,-0.88,,0.3929142234809446,0.76,
5,18,1,1,0.02,0.14053572295374475,-0.88,,0.14080237047022687,1.56,
5,19,0,1,0.0,0.5816697632572811,1.68,0.004975124378109453,0.5700928821946454,1.6,0.024875621890547265
5,19,0,1,0.005,0.44225057477741214,1.76,,0.4374954314067319,1.6,
5,19,0,1,0.02,0.14259864957761564,1.76,,0.1698257862297675,1.16,
5,20,0,1,0.0,0.5509707838998814,-1.64,0.05472636815920398,0.5187121399223066,0.72,0.07960199004975124
5,20,0,1,0.005,0.4662334592730847,-1.72,,0.4276920965835542,0.72,
5,20,0,1,0.02,0.21193748408687527,-1.68,,0.15834020705872265,0.76,
5,21,1,1,0.0,0.360287355103193,-1.76,0.6865671641791045,0.46834142810203394,1.28,0.19900497512437812
5,21,1,1,0.005,0.2554302300869456,-1.84,,0.4271885737677272,0.48,
5,21,1,1,0.02,0.1505077459219147,-1.08,,0.18774070036505594,-1.12,
5,22,1,0,0.0,0.5340194685066224,-1.56,0.024875621890547265,0.21997393795458592,0.36,0.18407960199004975
5,22,1,0,0.005,0.43884336452046124,-1.68,,0.19597729160998267,0.6,
5,22,1,0,0.02,0.13643134722291955,-1.92,,0.09201162201412752,0.56,
5,23,0,0,0.0,0.47350148893767074,-1.0,0.03482587064676617,0.11500008499837754,-1.88,0.27860696517412936
5,23,0,0,0.005,0.3553572541631864,1.48,,0.11844921010105852,-1.88,
5,23,0,0,0.02,0.16203996732266504,0.28,,0.0888693299868233,1.44,
5,24,0,0,0.0,0.4030036905438353,-1.52,0.35323383084577115,0.10460728795707439,2.0,0.14925373134328357
5,24,0,0,0.005,0.2687453534003176,0.56,,0.09773700849450889,0.4,
5,24,0,0,0.02,0.07351367337157529,-2.0,,0.11050356303591576,1.52,
5,25,0,0,0.0,0.5033856267556956,1.6,0.08955223880597014,0.10033054553957016,-1.84,0.39800995024875624
5,25,0,0,0.005,0.4159813950592305,-0.96,,0.10250751857977694,1.8,
5,25,0,0,0.02,0.27326307828254015,0.84,,0.13410202293228593,1.56,
5,26,0,1,0.0,0.5381514938907093,0.48,0.03482587064676617,0.5706993214092341,-1.08,0.04477611940298507
5,26,0,1,0.005,0.43247889813480256,1.92,,0.527226737044181,-1.36,
5,26,0,1,0.02,0.20792188781467813,1.08,,0.2680148662065582,-1.64,
5,27,1,0,0.0,0.4643923541160507,-0.2,0.004975124378109453,0.0684370195449587,-2.0,0.6268656716417911
5,27,1,0,0.005,0.3490097421051293,0.84,,0.1360346259662902,-1.72,
5,27,1,0,0.02,0.1311871309688664,0.92,,0.1432735622589639,-1.72,
5,28,1,1,0.0,0.5333482938682653,-0.04,0.004975124378109453,0.6348726641513001,-1.8,0.004975124378109453
5,28,1,1,0.005,0.42214269144414773,1.64,,0.5474815804330208,-1.8,
5,28,1,1,0.02,0.2385642375254293,1.68,,0.25428320682519573,0.76,
5,29,0,0,0.0,0.61628460881167,-0.36,0.004975124378109453,0.12273998614309233,-1.72,0.19900497512437812
5,29,0,0,0.005,0.5501910139862836,-0.36,,0.10404326487943291,0.04,
5,29,0,0,0.02,0.27950440752545336,-1.48,,0.14181348580039216,0.08,
5,30,0,1,0.0,0.6136535732150595,0.28,0.004975124378109453,0.26565108522810893,1.16,0.24875621890547264
5,30,0,1,0.005,0.49956070775801326,1.24,,0.24515797691271857,1.2,
5,30,0,1,0.02,0.17702639634548173,1.12,,0.11639046174684435,1.2,
5,31,1,0,0.0,0.5290761018041173,1.64,0.004975124378109453,0.1396818995502284,1.48,0.2935323383084577
5,31,1,0,0.005,0.43795766218497173,-1.72,,0.12366897787885983,-1.04,
5,31,1,0,0.02,0.24478792606851704,1.52,,0.08333890798947942,-0.12,
5,32,1,1,0.0,0.5461072459318473,-1.68,0.22885572139303484,0.5441275880344089,1.64,0.19402985074626866
5,32,1,1,0.005,0.45870032423683216,-1.64,,0.35793681809948324,0.48,
5,32,1,1,0.02,0.2086619317250106,1.16,,0.17117030300773817,-0.4,
6,1,0,1,0.0,0.4492224169124615,1.2,0.004975124378109453,0.4032737223950314,1.04,0.004975124378109453
6,1,0,1,0.005,0.3721301614881937,1.16,,0.3130922241379813,-1.04,
6,1,0,1,0.02,0.13862818714014674,1.28,,0.1496095089391252,0.48,
6,2,0,0,0.0,0.3502141245776845,1.4,0.09950248756218906,0.10478009615221909,1.88,0.6766169154228856
6,2,0,0,0.005,0.31238438205662156,-0.64,,0.14002512110252405,1.88,
6,2,0,0,0.02,0.18512332746558197,0.24,,0.1000931919694045,-1.64,
6,3,1,1,0.0,0.4557318783883658,-1.36,0.004975124378109453,0.6040381250562803,-1.88,0.004975124378109453
6,3,1,1,0.005,0.4607510972769692,-1.4,,0.5982423251970248,-1.88,
6,3,1,1,0.02,0.2731783619321909,-1.44,,0.41224907393627075,-1.88,
6,4,1,0,0.0,0.25100765246433465,1.96,0.05472636815920398,0.14753594670372622,-0.84,0.5870646766169154
6,4,1,0,0.005,0.19888379935769174,0.72,,0.15212504985048927,-0.56,
6,4,1,0,0.02,0.14844696618197303,0.72,,0.13037131537127525,-0.52,
6,5,0,1,0.0,0.22509284807457736,1.88,0.5970149253731343,0.3248142589770587,-1.16,0.004975124378109453
6,5,0,1,0.005,0.17968831746273942,1.16,,0.3035287699588484,-1.16,
6,5,0,1,0.02,0.09143738517209409,1.24,,0.17563124658743745,-1.16,
6,6,0,0,0.0,0.38794769236916554,-1.6,0.004975124378109453,0.18188144464603964,1.56,0.004975124378109453
6,6,0,0,0.005,0.36247684983851836,-1.6,,0.18310786610457813,1.56,
6,6,0,0,0.02,0.24647617210477543,-0.24,,0.16679875343791267,1.04,
6,7,1,0,0.0,0.4410208376451936,-1.28,0.029850746268656716,0.35290559944441874,-1.08,0.004975124378109453
6,7,1,0,0.005,0.4452818932057932,-0.2,,0.33100648755071915,-1.08,
6,7,1,0,0.02,0.3329888392175467,-0.2,,0.22042682506342096,-1.08,
6,8,1,1,0.0,0.33764909954109007,0.52,0.32338308457711445,0.6709983489258606,0.0,0.004975124378109453
6,8,1,1,0.005,0.33085649757740127,0.48,,0.6408033729798532,0.0,
6,8,1,1,0.02,0.22432574682263312,1.88,,0.41347611938647455,0.24,
6,9,1,1,0.0,0.4218555516963239,1.52,0.004975124378109453,0.6367754405236568,0.0,0.004975124378109453
6,9,1,1,0.005,0.3587274700487014,1.48,,0.6075896051378438,0.0,
6,9,1,1,0.02,0.22287822686888126,-1.04,,0.384473442560685,0.0,
6,10,1,0,0.0,0.4522471437365149,0.12,0.06965174129353234,0.27029335838427826,-0.52,0.004975124378109453
6,10,1,0,0.005,0.38198909468752223,0.08,,0.2644828021013258,-0.52,
6,10,1,0,0.02,0.2796428670878549,-0.48,,0.2184357117801394,-1.0,
6,11,0,1,0.0,0.47316037559337765,1.88,0.05970149253731343,0.35053296078401697,0.72,0.004975124378109453
6,11,0,1,0.005,0.43511412537742505,0.72,,0.35230375206950476,0.72,
6,11,0,1,0.02,0.25972254701156394,0.72,,0.22891689333029738,0.72,
6,12,0,1,0.0,0.46909052814860286,0.2,0.004975124378109453,0.3408872254399671,-0.52,0.004975124378109453
6,12,0,1,0.005,0.40262161767159843,-1.8,,0.31373878882631273,-0.52,
6,12,0,1,0.02,0.2787356409647036,-0.56,,0.1530236708719219,1.04,
6,13,1,1,0.0,0.42428987485066155,0.2,0.07960199004975124,0.6219978335778945,-1.92,0.03482587064676617
6,13,1,1,0.005,0.4049962928584621,0.16,,0.6188369578182497,-1.92,
6,13,1,1,0.02,0.258005293702046,-0.04,,0.48570656214985136,-1.0,
6,14,1,0,0.0,0.49850530194914294,-0.16,0.004975124378109453,0.3964560676227783,0.48,0.15422885572139303
6,14,1,0,0.005,0.4372358725748951,-0.16,,0.38820953613445247,0.48,
6,14,1,0,0.02,0.2891773798543867,-0.24,,0.2700090639368096,-0.04,
6,15,0,0,0.0,0.4292186764032724,0.08,0.2835820895522388,0.15143328267199652,1.92,0.13432835820895522
6,15,0,0,0.005,0.4050996135105251,0.0,,0.16990659618715578,1.92,
6,15,0,0,0.02,0.2851090376364358,-0.08,,0.15147195217054185,1.92,
6,16,0,0,0.0,0.32239681986520136,1.56,0.472636815920398,0.13313165008605082,-0.08,0.13432835820895522
6,16,0,0,0.005,0.23505182166910388,0.28,,0.134357891499508,-0.08,
6,16,0,0,0.02,0.1496971935549574,-0.04,,0.10773433122861673,0.16,
6,17,0,1,0.0,0.36658978736728703,0.16,0.014925373134328358,0.3634901748139661,0.04,0.04477611940298507
6,17,0,1,0.005,0.3068520230297411,-1.44,,0.3421266586735312,0.76,
6,17,0,1,0.02,0.19078863246199454,-1.44,,0.24666586146243696,0.48,
6,18,0,1,0.0,0.47452952274031357,0.6,0.004975124378109453,0.48060443180516305,-1.2,0.004975124378109453
6,18,0,1,0.005,0.3597369021091843,1.2,,0.4797789745650607,-1.2,
6,18,0,1,0.02,0.2699452990538369,1.2,,0.36284933342284875,-1.2,
6,19,1,0,0.0,0.40237181774225,0.72,0.10945273631840796,0.3953875290864969,1.32,0.004975124378109453
6,19,1,0,0.005,0.362429126414959,0.8,,0.3905032625864756,1.32,
6,19,1,0,0.02,0.2906922226510511,0.8,,0.2865586709280213,0.36,
6,20,1,1,0.0,0.5098243449531427,1.04,0.004975124378109453,0.46730485554198997,0.04,0.004975124378109453
6,20,1,1,0.005,0.4264125228917623,1.04,,0.4519402443349848,0.04,
6,20,1,1,0.02,0.28727993767102067,1.04,,0.31719561938238083,0.76,
6,21,0,0,0.0,0.37551658922163234,0.28,0.004975124378109453,0.21996548383002706,-0.24,0.13930348258706468
6,21,0,0,0.005,0.3766608847402002,0.32,,0.20950712452726322,0.72,
6,21,0,0,0.02,0.27463199975506136,0.28,,0.17731639601206947,0.96,
6,22,0,0,0.0,0.28330448735256697,0.92,0.23383084577114427,0.13798878996155312,1.64,0.48756218905472637
6,22,0,0,0.005,0.2544533057517981,0.92,,0.12863697343826397,1.64,
6,22,0,0,0.02,0.18314302303336094,0.8,,0.11568859139819677,-1.76,
6,23,1,0,0.0,0.49278901026320965,1.2,0.004975124378109453,0.45070085034844304,1.52,0.004975124378109453
6,23,1,0,0.005,0.4457067381298358,1.2,,0.4050072357246505,1.0,
6,23,1,0,0.02,0.3363481424847962,1.16,,0.24055513252342223,-0.04,
6,24,1,1,0.0,0.3669340930736208,0.68,0.004975124378109453,0.6833625434214136,-0.56,0.004975124378109453
6,24,1,1,0.005,0.33569199519732223,0.64,,0.6539232880043733,-0.56,
6,24,1,1,0.02,0.24820262578897495,0.52,,0.451281022921624,-0.56,
6,25,0,0,0.0,0.4205943665181868,-1.76,0.004975124378109453,0.08327195859633414,1.84,0.9751243781094527
6,25,0,0,0.005,0.3789417168981425,-1.84,,0.06643236533034942,-0.8,
6,25,0,0,0.02,0.2661212022400073,-1.8,,0.10487209169338024,-0.8,
6,26,0,0,0.0,0.4404591016243817,0.04,0.004975124378109453,0.13217672252715942,0.12,0.14427860696517414
6,26,0,0,0.005,0.3564163445706736,-1.08,,0.12921471122897232,-1.84,
6,26,0,0,0.02,0.2421352127953071,0.84,,0.1444395529209913,-1.8,
6,27,1,1,0.0,0.414866459537146,0.12,0.004975124378109453,0.6047209237699133,-0.76,0.004975124378109453
6,27,1,1,0.005,0.399716225747424,0.16,,0.5772406549428658,-0.52,
6,27,1,1,0.02,0.30666629986221944,0.16,,0.3780643870262481,-0.52,
6,28,1,0,0.0,0.4397989748177813,-0.2,0.004975124378109453,0.32503575657161127,-0.6,0.004975124378109453
6,28,1,0,0.005,0.364932435739015,-0.2,,0.3070737582815677,-0.6,
6,28,1,0,0.02,0.2552747093186986,-0.16,,0.22938776901991276,1.2,
6,29,0,1,0.0,0.4280083882088406,0.0,0.004975124378109453,0.2740407195530102,-1.92,0.21393034825870647
6,29,0,1,0.005,0.36421638126002465,0.0,,0.2718293273624896,-1.92,
6,29,0,1,0.02,0.2705932829093612,0.04,,0.2113752769061778,-1.72,
6,30,0,1,0.0,0.38307433278945774,0.0,0.004975124378109453,0.461867347099912,1.16,0.004975124378109453
6,30,0,1,0.005,0.3344711437985948,0.92,,0.45680564159332526,1.16,
6,30,0,1,0.02,0.22289877309281245,1.08,,0.396300814652063,1.96,
6,31,1,1,0.0,0.4224158220084497,1.32,0.024875621890547265,0.5450253650599518,-0.92,0.004975124378109453
6,31,1,1,0.005,0.37213712583736736,1.36,,0.49611971672845484,0.96,
6,31,1,1,0.02,0.23934303799811107,1.04,,0.2759987341526171,0.96,
6,32,1,0,0.0,0.4532876706753249,0.72,0.004975124378109453,0.4821678744569097,0.56,0.004975124378109453
6,32,1,0,0.005,0.39859238415088544,0.72,,0.4667104539647337,-1.28,
6,32,1,0,0.02,0.2813905192733936,0.72,,0.3656927425612473,-1.28,
7,1,1,1,0.0,0.43496368586659717,-0.88,0.024875621890547265,0.20060810501781307,1.0,0.01990049751243781
7,1,1,1,0.005,0.38154247565394583,-0.88,,0.20152148705987366,1.0,
7,1,1,1,0.02,0.25340005536393373,0.16,,0.18522797065102942,0.52,
7,2,1,0,0.0,0.4268000919964961,-0.12,0.004975124378109453,0.2525897550930355,-0.48,0.004975124378109453
7,2,1,0,0.005,0.4008743010878243,-0.6,,0.24643284795358217,-0.48,
7,2,1,0,0.02,0.2928790121847448,-1.68,,0.19552740878742977,1.08,
7,3,0,1,0.0,0.5063227063681158,-1.6,0.004975124378109453,0.2684457943505628,1.88,0.1791044776119403
7,3,0,1,0.005,0.47569395657315183,-1.6,,0.25552886598489855,1.88,
7,3,0,1,0.02,0.3857320821600864,-1.6,,0.16243840852101077,1.88,
7,4,0,0,0.0,0.3907376233155801,1.48,0.4975124378109453,0.1212066173052342,-0.28,0.22885572139303484
7,4,0,0,0.005,0.37742778058472015,1.48,,0.1313221306482972,-0.8,
7,4,0,0,0.02,0.3216988271655513,1.64,,0.13804508992515965,-0.8,
7,5,1,1,0.0,0.547724921019273,0.16,0.004975124378109453,0.3858667324406214,0.88,0.004975124378109453
7,5,1,1,0.005,0.4856797004367106,1.48,,0.3805960868540769,0.88,
7,5,1,1,0.02,0.3986066024446846,-1.4,,0.2908837932249385,0.88,
7,6,1,0,0.0,0.5127199889813818,-1.88,0.004975124378109453,0.19164666626502266,-0.04,0.4228855721393035
7,6,1,0,0.005,0.4524900728516585,-1.64,,0.16893652003424442,-0.04,
7,6,1,0,0.02,0.3886252822091118,-1.68,,0.1200401707469087,-0.52,
7,7,0,0,0.0,0.4919199919481568,-0.6,0.004975124378109453,0.1376817665618352,1.48,0.38308457711442784
7,7,0,0,0.005,0.45828595906644604,-0.6,,0.11474601859802064,-0.44,
7,7,0,0,0.02,0.3931175639823781,-0.6,,0.12982094989621895,-0.4,
7,8,0,1,0.0,0.4942588732898583,-0.08,0.004975124378109453,0.39821268072116384,-0.8,0.024875621890547265
7,8,0,1,0.005,0.4473747735525869,-0.08,,0.38561806533446563,-0.8,
7,8,0,1,0.02,0.3738926035316973,-0.64,,0.2843498379444191,-0.8,
7,9,1,0,0.0,0.41444763441517657,-1.72,0.14925373134328357,0.24440136009824717,0.36,0.004975124378109453
7,9,1,0,0.005,0.3648718062853103,-1.68,,0.24071030301429333,0.36,
7,9,1,0,0.02,0.28903821325362855,-1.68,,0.19735874319803198,0.36,
7,10,1,1,0.0,0.6164354852869262,-1.36,0.03980099502487562,0.25560790559183,0.84,0.11442786069651742
7,10,1,1,0.005,0.534475478617159,-1.36,,0.25696882801551657,0.8,
7,10,1,1,0.02,0.4421392778116205,-2.0,,0.23450785712396374,0.8,
7,11,0,1,0.0,0.4467126146858723,0.16,0.004975124378109453,0.16657252216026475,-0.88,0.12437810945273632
7,11,0,1,0.005,0.3647210804463391,0.12,,0.15799267145740475,-0.88,
7,11,0,1,0.02,0.2931852055883439,-1.64,,0.13920789451368235,-1.16,
7,12,0,0,0.0,0.5180528850040338,0.08,0.004975124378109453,0.17684468540365905,-0.44,0.13930348258706468
7,12,0,0,0.005,0.4644283079394921,1.04,,0.16740129778263427,-0.44,
7,12,0,0,0.02,0.38607320436828974,1.08,,0.13176360105429738,-0.72,
7,13,1,0,0.0,0.6266873645503062,1.4,0.01990049751243781,0.1092359736077333,1.96,0.6965174129353234
7,13,1,0,0.005,0.5627903880611245,1.4,,0.11701289018360249,1.96,
7,13,1,0,0.02,0.46918067618723514,1.48,,0.1336432279639576,1.92,
7,14,1,1,0.0,0.6089897877875428,0.32,0.004975124378109453,0.402817110940342,-1.68,0.004975124378109453
7,14,1,1,0.005,0.5535506925942157,0.32,,0.38994718900363057,-1.68,
7,14,1,1,0.02,0.45361788443606993,0.28,,0.3250793591464826,-1.68,
7,15,0,0,0.0,0.5098776209725117,1.32,0.004975124378109453,0.12375223060561577,-1.32,0.208955223880597
7,15,0,0,0.005,0.4487799608094034,1.36,,0.12454192880789255,-0.56,
7,15,0,0,0.02,0.3838365613702416,1.32,,0.128067369212395,-1.08,
7,16,0,1,0.0,0.5867097890566795,-1.12,0.004975124378109453,0.22020031631378736,-1.88,0.15920398009950248
7,16,0,1,0.005,0.5209554015329078,-1.12,,0.2173774880149489,-1.88,
7,16,0,1,0.02,0.44395297668572864,-1.12,,0.18807994584153406,1.76,
7,17,1,1,0.0,0.4386212533889498,-1.76,0.10945273631840796,0.4885402251523341,-1.76,0.004975124378109453
7,17,1,1,0.005,0.36670481256344656,-1.8,,0.4812607814447444,-1.76,
7,17,1,1,0.02,0.32790654750220716,-1.84,,0.37971556558445696,-1.8,
7,18,1,0,0.0,0.5816047897358274,-0.4,0.004975124378109453,0.25240305335509433,-1.04,0.06965174129353234
7,18,1,0,0.005,0.5384801387052326,-0.4,,0.2493282335560308,-1.0,
7,18,1,0,0.02,0.46961667334016893,-0.4,,0.22876916580216775,-0.76,
7,19,0,1,0.0,0.4446962690402455,1.8,0.004975124378109453,0.43571047231971305,0.72,0.004975124378109453
7,19,0,1,0.005,0.38928087257043226,1.8,,0.43068370841437553,0.72,
7,19,0,1,0.02,0.3378302088351882,1.8,,0.38234872609679177,1.72,
7,20,0,0,0.0,0.601222645980246,0.24,0.004975124378109453,0.07402204640053203,1.96,0.7562189054726368
7,20,0,0,0.005,0.5526478337949151,0.24,,0.06425539762175739,1.96,
7,20,0,0,0.02,0.47694091425757806,0.76,,0.0718141759692803,-0.88,
7,21,1,1,0.0,0.5785393386579529,0.92,0.004975124378109453,0.5358598407446459,-1.4,0.05970149253731343
7,21,1,1,0.005,0.5184763615977407,0.36,,0.5176668087156977,-1.4,
7,21,1,1,0.02,0.4546999188147505,1.92,,0.43469384101894903,-0.84,
7,22,1,0,0.0,0.5878965258706733,-1.96,0.004975124378109453,0.20019367844318328,-1.08,0.029850746268656716
7,22,1,0,0.005,0.5529542568574333,-0.92,,0.20039906993504508,-1.08,
7,22,1,0,0.02,0.4946710071504201,-0.88,,0.18860910168965353,-1.08,
7,23,0,0,0.0,0.5864509711574887,0.44,0.004975124378109453,0.14897136698107644,1.2,0.2835820895522388
7,23,0,0,0.005,0.5292670489948914,0.36,,0.1583970901790635,1.2,
7,23,0,0,0.02,0.45546868872969454,0.16,,0.17355490311901595,1.2,
7,24,0,1,0.0,0.604129291507001,-2.0,0.004975124378109453,0.17476381208909647,0.76,0.24875621890547264
7,24,0,1,0.005,0.5624832257073211,-1.88,,0.16565550207429802,0.76,
7,24,0,1,0.02,0.48521310393923617,-1.84,,0.13524866827189683,1.72,
7,25,1,0,0.0,0.4872538412864311,-1.16,0.15920398009950248,0.1672301903574646,-0.92,0.21890547263681592
7,25,1,0,0.005,0.40107050338075256,1.84,,0.16407130872715311,-0.92,
7,25,1,0,0.02,0.32472312382669727,0.8,,0.1600240554955418,-1.44,
7,26,1,1,0.0,0.544113495665895,-0.2,0.004975124378109453,0.2859407793298157,0.64,0.004975124378109453
7,26,1,1,0.005,0.5231303150624694,-0.2,,0.2955058868700339,0.64,
7,26,1,1,0.02,0.4598670639136767,-0.2,,0.2966679671977392,0.88,
7,27,0,0,0.0,0.541410187151854,-0.04,0.004975124378109453,0.15894245031326068,1.52,0.21393034825870647
7,27,0,0,0.005,0.4694387465260738,-0.04,,0.14641775267132873,1.52,
7,27,0,0,0.02,0.4204861238623241,-0.08,,0.11497819760783644,1.24,
7,28,0,1,0.0,0.5582057386766481,-0.32,0.004975124378109453,0.2198046895783565,1.24,0.1791044776119403
7,28,0,1,0.005,0.4542282839838845,-0.36,,0.22867139521777333,0.96,
7,28,0,1,0.02,0.3855829445377216,-0.4,,0.23004479278500126,0.96,
7,29,1,1,0.0,0.6094153438010672,-1.12,0.004975124378109453,0.4300189206637691,1.28,0.13930348258706468
7,29,1,1,0.005,0.5625551166931616,-1.12,,0.41760902169394504,1.28,
7,29,1,1,0.02,0.5205251275325761,-1.12,,0.34601359227490835,1.28,
7,30,1,0,0.0,0.3457456869540622,1.72,0.4427860696517413,0.3727214338782984,1.6,0.11442786069651742
7,30,1,0,0.005,0.2535177960644586,1.76,,0.3656618782916943,1.56,
7,30,1,0,0.02,0.2108048773148912,1.76,,0.34242176764871485,1.04,
7,31,0,1,0.0,0.6318964794509663,0.24,0.004975124378109453,0.21649059470457296,0.84,0.14427860696517414
7,31,0,1,0.005,0.5859519918061789,0.24,,0.22337798143641277,0.84,
7,31,0,1,0.02,0.5098320732861652,0.24,,0.21975706468151485,0.84,
7,32,0,0,0.0,0.4712777836956714,-0.28,0.004975124378109453,0.19979484855806812,1.4,0.004975124378109453
7,32,0,0,0.005,0.4280530125915926,-0.28,,0.203727735203728,1.4,
7,32,0,0,0.02,0.36012821430341757,-0.24,,0.18908775120500276,1.4,
8,1,1,1,0.0,0.4939381789699093,1.8,0.004975124378109453,0.39537181543838323,0.32,0.004975124378109453
8,1,1,1,0.005,0.45552696320236513,1.8,,0.3616845064757239,0.32,
8,1,1,1,0.02,0.38748359880894595,1.8,,0.20973740201965932,0.32,
8,2,1,1,0.0,0.45415515007518614,0.6,0.004975124378109453,0.20691806480414168,-1.2,0.417910447761194
8,2,1,1,0.005,0.3918127246863453,0.6,,0.19628522390907924,-1.2,
8,2,1,1,0.02,0.28539575893835567,0.56,,0.13345341645671974,-1.72,
8,3,0,1,0.0,0.5495630512824241,-0.8,0.004975124378109453,0.3482013950364124,-0.12,0.004975124378109453
8,3,0,1,0.005,0.5120740456192896,-0.8,,0.3318623744626704,-1.52,
8,3,0,1,0.02,0.4131552544820455,-0.8,,0.24007542197663068,1.04,
8,4,0,0,0.0,0.524947324020893,-0.64,0.03980099502487562,0.06893500387643615,-1.88,0.8407960199004975
8,4,0,0,0.005,0.5055078746919506,-0.64,,0.06555521974705879,-1.16,
8,4,0,0,0.02,0.42782656678158026,-1.56,,0.08519985008283186,2.0,
8,5,1,0,0.0,0.41898011111032885,1.8,0.08955223880597014,0.11250345307337534,0.44,0.43781094527363185
8,5,1,0,0.005,0.3319049142002918,2.0,,0.08662226692639907,-1.72,
8,5,1,0,0.02,0.2201465831331357,1.68,,0.08564740817717323,1.04,
8,6,1,0,0.0,0.5077685904133933,-0.4,0.004975124378109453,0.13072580451205854,-1.52,0.43781094527363185
8,6,1,0,0.005,0.4805417727774658,-0.36,,0.11700496999599423,-1.52,
8,6,1,0,0.02,0.37353338986977047,-0.32,,0.0979659009691279,-1.44,
8,7,0,0,0.0,0.5279541684629967,1.28,0.04477611940298507,0.12795485980622162,0.88,0.07462686567164178
8,7,0,0,0.005,0.4680685077422889,1.28,,0.1178027579910835,0.12,
8,7,0,0,0.02,0.35772170452378366,1.28,,0.08819067769088684,0.64,
8,8,0,1,0.0,0.5051276657701119,-0.64,0.004975124378109453,0.28927299630229136,1.16,0.13930348258706468
8,8,0,1,0.005,0.4719973743420947,-0.64,,0.28094756635053747,-1.88,
8,8,0,1,0.02,0.3818379433417455,-0.64,,0.1763866636185007,-1.88,
8,9,0,0,0.0,0.5268969394591813,0.56,0.004975124378109453,0.15625638386407034,1.72,0.004975124378109453
8,9,0,0,0.005,0.49801164276017185,-0.44,,0.12424791883154418,1.68,
8,9,0,0,0.02,0.3881975671844079,0.48,,0.10997540097000763,0.04,
8,10,0,1,0.0,0.540218459693172,0.0,0.004975124378109453,0.35970871573337293,-0.96,0.07960199004975124
8,10,0,1,0.005,0.5348835962065199,0.0,,0.30096384112380337,-1.24,
8,10,0,1,0.02,0.4085026483771026,-0.04,,0.11722581131684796,-1.24,
8,11,1,0,0.0,0.5086363571029486,-0.4,0.004975124378109453,0.18551688973592062,0.2,0.14427860696517414
8,11,1,0,0.005,0.4419228711760326,-0.4,,0.1544467478510358,0.2,
8,11,1,0,0.02,0.3578653637121271,-1.56,,0.0963829715339533,-1.36,
8,12,1,1,0.0,0.45094921123246856,-1.4,0.009950248756218905,0.28945128073158155,-0.52,0.23383084577114427
8,12,1,1,0.005,0.4219394406254287,-1.44,,0.27959528748072854,-0.76,
8,12,1,1,0.02,0.3437499754856129,-1.52,,0.19360862899142045,-1.52,
8,13,0,1,0.0,0.5497119429111084,0.2,0.1890547263681592,0.23825621892944562,-1.76,0.15422885572139303
8,13,0,1,0.005,0.5061174495553736,-1.68,,0.22129839348862457,-1.76,
8,13,0,1,0.02,0.41002668465986286,-0.84,,0.12329893778494684,-0.84,
8,14,0,0,0.0,0.5088856180685712,0.96,0.12437810945273632,0.10270601913119949,1.24,0.35323383084577115
8,14,0,0,0.005,0.4632917294988594,0.96,,0.09734848787777002,0.12,
8,14,0,0,0.02,0.3576704894410737,1.08,,0.11811956029549232,0.36,
8,15,1,0,0.0,0.5325372503937007,-1.28,0.004975124378109453,0.10775440389881576,1.64,0.13432835820895522
8,15,1,0,0.005,0.47307558973329195,-1.32,,0.08768525945954132,-0.04,
8,15,1,0,0.02,0.37512141207559396,-1.32,,0.13944136593551326,-0.8,
8,16,1,1,0.0,0.5462146392556476,-0.04,0.004975124378109453,0.3588325729385823,-0.96,0.004975124378109453
8,16,1,1,0.005,0.49167232274040346,-0.36,,0.34445899073920333,-0.96,
8,16,1,1,0.02,0.4171951224126478,0.0,,0.21110239633553235,-0.96,
8,17,0,0,0.0,0.435506418830912,0.68,0.03980099502487562,0.18561487889373315,-1.08,0.32338308457711445
8,17,0,0,0.005,0.38701783738007894,0.72,,0.1965824531098581,0.92,
8,17,0,0,0.02,0.30072274159077383,0.72,,0.17072614460268237,0.92,
8,18,0,0,0.0,0.5713386731403055,-1.0,0.004975124378109453,0.19825658249875858,0.04,0.004975124378109453
8,18,0,0,0.005,0.5119951720315462,-1.96,,0.19181793112195253,0.04,
8,18,0,0,0.02,0.40295244049045387,-1.96,,0.11905666387540512,0.28,
8,19,1,0,0.0,0.4931272385252033,-1.2,0.01990049751243781,0.3255617942098916,-1.76,0.004975124378109453
8,19,1,0,0.005,0.4468023245205322,-1.2,,0.31965356041677,-1.76,
8,19,1,0,0.02,0.3507688208864047,-1.24,,0.24466490046745223,-1.8,
8,20,1,1,0.0,0.6099346408375368,-1.08,0.004975124378109453,0.18554625653054693,-1.52,0.208955223880597
8,20,1,1,0.005,0.6400083414508343,-1.12,,0.16386812970378467,-1.52,
8,20,1,1,0.02,0.5483846879019743,-1.08,,0.08683267963026178,0.44,
8,21,0,1,0.0,0.5032770911140225,-0.44,0.004975124378109453,0.34484518812124487,1.88,0.11442786069651742
8,21,0,1,0.005,0.4425955772487561,-0.44,,0.33853576478497527,1.88,
8,21,0,1,0.02,0.31874932437328624,-0.44,,0.1839408868146196,1.88,
8,22,0,1,0.0,0.538680376401414,-0.32,0.004975124378109453,0.3365133867103076,1.48,0.21393034825870647
8,22,0,1,0.005,0.47201462032576136,-0.32,,0.3174000129376218,0.0,
8,22,0,1,0.02,0.3593390073310815,-0.36,,0.1886342772901742,2.0,
8,23,1,0,0.0,0.48084761368046014,1.84,0.09950248756218906,0.1362629578318662,1.92,0.014925373134328358
8,23,1,0,0.005,0.45079448463375715,1.84,,0.13729975224114999,1.92,
8,23,1,0,0.02,0.375328863673591,-1.08,,0.10448922097492315,-1.08,
8,24,1,1,0.0,0.5798811223329459,-1.48,0.004975124378109453,0.6297526879460755,2.0,0.004975124378109453
8,24,1,1,0.005,0.5191751520733795,-1.48,,0.604613957694901,2.0,
8,24,1,1,0.02,0.44182449768819265,2.0,,0.4119932206917328,2.0,
8,25,1,0,0.0,0.39717781355912113,-1.48,0.11940298507462686,0.1892638151858069,-1.08,0.3034825870646766
8,25,1,0,0.005,0.3152965232356339,-1.52,,0.18012899953991293,-0.84,
8,25,1,0,0.02,0.2646922077341854,-1.64,,0.14151713159072513,-0.84,
8,26,1,1,0.0,0.5821980650032389,-0.72,0.004975124378109453,0.369658152602235,0.0,0.1691542288557214
8,26,1,1,0.005,0.5690665287282025,0.16,,0.3709665425207632,0.0,
8,26,1,1,0.02,0.4800741421349082,0.16,,0.28991905736770124,0.48,
8,27,0,0,0.0,0.4597306153023214,1.12,0.13930348258706468,0.1461504183377813,2.0,0.10945273631840796
8,27,0,0,0.005,0.4190744585394223,2.0,,0.1486951368659348,2.0,
8,27,0,0,0.02,0.36622708870195175,-0.84,,0.10634921429582503,-1.16,
8,28,0,1,0.0,0.6816113341197311,-0.92,0.004975124378109453,0.3144272054353111,-1.36,0.06467661691542288
8,28,0,1,0.005,0.6345505440385417,0.08,,0.29972767100629755,-1.12,
8,28,0,1,0.02,0.5226576585289933,0.08,,0.16045131564290477,-1.84,
8,29,1,0,0.0,0.4013330009711738,2.0,0.1044776119402985,0.1541622534583073,-1.12,0.26865671641791045
8,29,1,0,0.005,0.36328198360351693,2.0,,0.14976015532988804,-1.12,
8,29,1,0,0.02,0.2696133397123413,2.0,,0.11735557715986379,-1.12,
8,30,1,1,0.0,0.5507177024892012,1.0,0.004975124378109453,0.5559920041862453,-0.04,0.004975124378109453
8,30,1,1,0.005,0.6173189012088472,0.0,,0.5650224064869467,-0.04,
8,30,1,1,0.02,0.5382415352919674,0.0,,0.4689789404457298,-0.04,
8,31,0,1,0.0,0.5028544805280113,-0.36,0.004975124378109453,0.41986513536483455,-1.64,0.004975124378109453
8,31,0,1,0.005,0.4801894206085765,1.72,,0.39563686366256506,-1.64,
8,31,0,1,0.02,0.386573097102915,1.72,,0.2433518027184915,-1.64,
8,32,0,0,0.0,0.5339732981307542,-1.44,0.07462686567164178,0.136300686842622,0.52,0.32338308457711445
8,32,0,0,0.005,0.4979778475691319,-1.4,,0.1182324317269263,0.52,
8,32,0,0,0.02,0.40246543466710605,-0.32,,0.11038671414953564,-0.72,
9,1,1,0,0.0,0.5406818814616746,-0.16,0.004975124378109453,0.18623261533192723,-0.08,0.004975124378109453
9,1,1,0,0.005,0.45261070325558583,-0.2,,0.2015340592098479,-0.08,
9,1,1,0,0.02,0.27521865335728296,-0.2,,0.14132810889590414,-0.08,
9,2,1,0,0.0,0.5373427579113098,0.52,0.004975124378109453,0.17495639926756829,0.72,0.004975124378109453
9,2,1,0,0.005,0.47017137801752523,0.48,,0.18601475122169883,1.24,
9,2,1,0,0.02,0.34880799307960214,-0.4,,0.18917452846382782,1.24,
9,3,0,1,0.0,0.5830319716530123,0.44,0.004975124378109453,0.6882566621596,1.68,0.004975124378109453
9,3,0,1,0.005,0.5233600836923314,0.44,,0.6483259216701391,1.68,
9,3,0,1,0.02,0.3866998860831169,-0.36,,0.39462455202367347,-0.4,
9,4,0,0,0.0,0.45748353572569433,0.96,0.004975124378109453,0.13726700673901168,-1.08,0.0845771144278607
9,4,0,0,0.005,0.3860093875599514,0.96,,0.13694318483102078,-1.08,
9,4,0,0,0.02,0.26868235493888815,1.04,,0.11513844714527481,-0.36,
9,5,1,1,0.0,0.5446788140092976,-1.84,0.004975124378109453,0.6248848699238859,0.56,0.004975124378109453
9,5,1,1,0.005,0.5049684987379324,-1.8,,0.5752220668188945,0.56,
9,5,1,1,0.02,0.38158518368800315,-1.8,,0.3359410652098613,0.08,
9,6,1,1,0.0,0.506267709110495,-1.6,0.004975124378109453,0.6227644386806461,-0.72,0.004975124378109453
9,6,1,1,0.005,0.4149049382498221,-1.64,,0.6044680677477404,-0.72,
9,6,1,1,0.02,0.2599367286345624,-1.6,,0.37210792996751196,-1.96,
9,7,0,1,0.0,0.5631002517864556,-2.0,0.004975124378109453,0.6625901429976839,0.36,0.004975124378109453
9,7,0,1,0.005,0.5140442966841333,-2.0,,0.6033208375995549,0.36,
9,7,0,1,0.02,0.3993994695631309,-1.96,,0.35370435234132225,-1.76,
9,8,0,0,0.0,0.6069840340021171,1.24,0.004975124378109453,0.1481094433906198,-0.52,0.03980099502487562
9,8,0,0,0.005,0.5583032414254406,1.24,,0.15290742648984257,-0.52,
9,8,0,0,0.02,0.4117008741189407,1.2,,0.11715863901927907,-0.52,
9,9,1,0,0.0,0.5666731579103025,0.76,0.004975124378109453,0.2308073611947094,-1.04,0.004975124378109453
9,9,1,0,0.005,0.5039559513479844,0.8,,0.22603377297851465,-1.04,
9,9,1,0,0.02,0.3809965232757428,0.84,,0.16212334098005085,-0.28,
9,10,1,1,0.0,0.5193994280124705,-1.12,0.14925373134328357,0.6373571702354602,-0.92,0.004975124378109453
9,10,1,1,0.005,0.4476880538598884,-1.12,,0.61321367134599,-0.92,
9,10,1,1,0.02,0.3267715567601915,1.52,,0.3903906687533215,-0.68,
9,11,0,1,0.0,0.612585691018379,-0.96,0.004975124378109453,0.6725719983665325,1.28,0.004975124378109453
9,11,0,1,0.005,0.535250756051458,-0.96,,0.6518464308259017,1.28,
9,11,0,1,0.02,0.3977965484524471,-0.92,,0.42345988227977377,1.08,
9,12,0,0,0.0,0.5330765223045173,-0.68,0.004975124378109453,0.14055030793162196,-0.28,0.32338308457711445
9,12,0,0,0.005,0.4360777265682612,-0.68,,0.15428460396262264,-0.28,
9,12,0,0,0.02,0.31650377852502387,-0.68,,0.16536195843288415,0.0,
9,13,1,0,0.0,0.49950847851566144,0.4,0.004975124378109453,0.17566063546694938,-1.0,0.004975124378109453
9,13,1,0,0.005,0.43128913965526816,0.44,,0.18582882156123703,-1.0,
9,13,1,0,0.02,0.32907220218147026,-0.64,,0.19962009646092402,-1.48,
9,14,1,1,0.0,0.503440397775017,0.24,0.004975124378109453,0.7267773800220289,0.16,0.004975124378109453
9,14,1,1,0.005,0.4338928465755655,0.2,,0.7179824938427367,0.16,
9,14,1,1,0.02,0.3262307955688486,0.2,,0.5558708308403612,0.16,
9,15,0,0,0.0,0.5050027831657926,-1.44,0.07462686567164178,0.12348259808515473,-0.84,0.31840796019900497
9,15,0,0,0.005,0.45176881143360914,-1.36,,0.11650276012124534,-1.56,
9,15,0,0,0.02,0.35660509086578407,-1.32,,0.10665440741262561,-1.56,
9,16,0,1,0.0,0.49469763871107647,1.96,0.25870646766169153,0.6348736068603984,-1.08,0.004975124378109453
9,16,0,1,0.005,0.43663429330042525,1.92,,0.6140828097126222,-1.08,
9,16,0,1,0.02,0.3479774066702823,1.88,,0.4490331620536362,-1.08,
9,17,0,1,0.0,0.5945395632274901,-0.36,0.004975124378109453,0.6803056143195506,0.36,0.004975124378109453
9,17,0,1,0.005,0.5377745559789037,0.56,,0.6497562908935819,2.0,
9,17,0,1,0.02,0.3846568570683313,0.52,,0.40485148565606277,1.28,
9,18,0,0,0.0,0.547464500898381,2.0,0.004975124378109453,0.08246787168962696,-1.84,0.5671641791044776
9,18,0,0,0.005,0.43072904699575065,0.04,,0.09200588456244051,-1.6,
9,18,0,0,0.02,0.2391294596916469,0.04,,0.11302101605033718,-1.56,
9,19,1,1,0.0,0.5737569690995604,0.08,0.004975124378109453,0.712236693621009,1.2,0.004975124378109453
9,19,1,1,0.005,0.46917564035769416,0.08,,0.7119893751739389,1.2,
9,19,1,1,0.02,0.3232653269359973,0.08,,0.6086157187742549,1.2,
9,20,1,0,0.0,0.5715037173048093,-0.8,0.004975124378109453,0.16632420380525123,-1.52,0.03482587064676617
9,20,1,0,0.005,0.5036092630542177,-0.8,,0.1636566698889501,-1.52,
9,20,1,0,0.02,0.3850054591474157,-0.56,,0.1323188961552021,-1.52,
9,21,0,0,0.0,0.4972657827026508,-1.08,0.13432835820895522,0.13272539756132762,-0.36,0.11940298507462686
9,21,0,0,0.005,0.4341298624107766,-2.0,,0.11879311366463771,0.4,
9,21,0,0,0.02,0.3385872945724445,-1.44,,0.09170345022034553,-0.68,
9,22,0,1,0.0,0.5204108733308238,-0.64,0.004975124378109453,0.7317133891346398,1.72,0.004975124378109453
9,22,0,1,0.005,0.4357526728034205,-0.96,,0.7223169428183734,1.72,
9,22,0,1,0.02,0.3085899124214548,0.96,,0.5815720094275649,1.44,
9,23,1,1,0.0,0.5541995854041823,0.4,0.004975124378109453,0.6283234313246242,0.56,0.004975124378109453
9,23,1,1,0.005,0.4302927296959066,0.4,,0.6074416672253972,0.56,
9,23,1,1,0.02,0.2759945864281568,-1.0,,0.4422285844982165,0.56,
9,24,1,0,0.0,0.5714962530655795,-0.76,0.004975124378109453,0.1266955830435611,-1.8,0.004975124378109453
9,24,1,0,0.005,0.5329679724288163,0.24,,0.12199578497198948,-1.8,
9,24,1,0,0.02,0.3821924728107064,0.4,,0.09226967983222419,-1.84,
9,25,0,0,0.0,0.6006109786002679,1.16,0.004975124378109453,0.1551111060570815,0.96,0.004975124378109453
9,25,0,0,0.005,0.4867577835103374,-1.92,,0.14991509825628518,0.96,
9,25,0,0,0.02,0.3483790798673518,-1.88,,0.1341713335553247,0.96,
9,26,0,1,0.0,0.4490043595966916,-0.28,0.004975124378109453,0.2602809991125835,1.56,0.6119402985074627
9,26,0,1,0.005,0.31965407991971395,-0.32,,0.2485227101224021,1.84,
9,26,0,1,0.02,0.19741455329445226,-0.4,,0.17075646480244425,1.8,
9,27,1,0,0.0,0.5684138985683936,1.56,0.004975124378109453,0.06653465647271126,-0.44,0.8407960199004975
9,27,1,0,0.005,0.531950828470645,1.6,,0.05537420479670158,-0.44,
9,27,1,0,0.02,0.41680369416390917,1.36,,0.08621699969007571,1.72,
9,28,1,1,0.0,0.5684383111084608,0.2,0.1890547263681592,0.6855453292203639,-1.56,0.004975124378109453
9,28,1,1,0.005,0.37970364480137764,0.24,,0.6768585108044395,-1.08,
9,28,1,1,0.02,0.2067848215698683,0.52,,0.5425953060016578,-1.08,
9,29,0,1,0.0,0.5530949710103276,-1.16,0.004975124378109453,0.6358408699654355,-0.92,0.03482587064676617
9,29,0,1,0.005,0.4550627958248784,-1.08,,0.610656365316905,-0.92,
9,29,0,1,0.02,0.31266502759253373,-1.12,,0.40984937787219183,-0.92,
9,30,0,0,0.0,0.47694529784767375,-1.6,0.12935323383084577,0.15852740501103327,-1.96,0.25870646766169153
9,30,0,0,0.005,0.3811061049153697,-1.56,,0.1641476149652215,-1.96,
9,30,0,0,0.02,0.28496724743637436,-1.56,,0.1650949538424727,-2.0,
9,31,1,0,0.0,0.634550242179362,-0.84,0.004975124378109453,0.15520806673832518,1.52,0.13432835820895522
9,31,1,0,0.005,0.5637114745310159,-0.8,,0.1613380276711431,1.52,
9,31,1,0,0.02,0.45690098150006925,-0.92,,0.15220998319128615,1.56,
9,32,1,1,0.0,0.5712714311353991,2.0,0.004975124378109453,0.6880081513424162,0.12,0.004975124378109453
9,32,1,1,0.005,0.513416517122802,2.0,,0.6801651010482919,0.12,
9,32,1,1,0.02,0.41692383775169595,2.0,,0.5588294224928213,0.12,
10,1,1,0,0.0,0.5721893083215709,1.28,0.004975124378109453,0.07906273002748543,-0.56,0.8955223880597015
10,1,1,0,0.005,0.5279434495065323,1.28,,0.07255041823742325,-1.96,
10,1,1,0,0.02,0.4044977439436399,0.12,,0.10833376132212172,-0.92,
10,2,1,1,0.0,0.4512927392281685,1.76,0.004975124378109453,0.19286739025635885,-0.24,0.1890547263681592
10,2,1,1,0.005,0.4187116566067896,1.76,,0.1611173068955823,-0.24,
10,2,1,1,0.02,0.3480191306642774,1.76,,0.10262570363976561,-0.08,
10,3,0,0,0.0,0.570519412508151,-1.28,0.004975124378109453,0.2058264823811061,-1.4,0.12935323383084577
10,3,0,0,0.005,0.5343414735517863,-1.28,,0.19395702947417076,-1.64,
10,3,0,0,0.02,0.4208879339512315,-1.28,,0.11826692083317233,1.64,
10,4,0,0,0.0,0.49911161761933687,1.72,0.004975124378109453,0.19292865284882002,-0.4,0.004975124378109453
10,4,0,0,0.005,0.44234391838160664,1.72,,0.1624405756867528,-0.4,
10,4,0,0,0.02,0.33475410225429114,0.24,,0.13914052644322175,-1.84,
10,5,1,1,0.0,0.5352401543093909,-0.96,0.004975124378109453,0.19093359075820876,-1.32,0.10945273631840796
10,5,1,1,0.005,0.4956136795588458,0.24,,0.17150561971311107,-1.28,
10,5,1,1,0.02,0.39243825639132923,0.24,,0.12108215267922523,1.28,
10,6,1,0,0.0,0.515556134345357,-1.24,0.009950248756218905,0.20265920942593368,-0.68,0.004975124378109453
10,6,1,0,0.005,0.4741321421859591,0.08,,0.17808958681419895,-0.44,
10,6,1,0,0.02,0.38669253182430946,1.36,,0.14851593934489715,-0.16,
10,7,0,1,0.0,0.525495260419699,0.96,0.004975124378109453,0.3954756309849372,-1.44,0.06467661691542288
10,7,0,1,0.005,0.48389736163217123,0.96,,0.3597733782958763,-0.08,
10,7,0,1,0.02,0.3531116157589757,0.88,,0.1865126435290626,-1.4,
10,8,0,1,0.0,0.5972595486314999,1.4,0.004975124378109453,0.22281259670746026,0.08,0.11442786069651742
10,8,0,1,0.005,0.5582025677276168,1.4,,0.17808143944325286,-1.16,
10,8,0,1,0.02,0.44334111939681853,1.4,,0.16990693373357246,-1.16,
10,9,1,0,0.0,0.5957704770897315,-2.0,0.06467661691542288,0.2065761095648804,0.72,0.004975124378109453
10,9,1,0,0.005,0.5582128820659857,-2.0,,0.16673943522490203,0.72,
10,9,1,0,0.02,0.43930378837635115,-0.8,,0.08759856770726138,1.12,
10,10,1,1,0.0,0.5408503738782676,-0.84,0.004975124378109453,0.40241630867750616,0.12,0.004975124378109453
10,10,1,1,0.005,0.504270470235099,-0.88,,0.3438221272155288,0.12,
10,10,1,1,0.02,0.4163223494493242,0.52,,0.15283441288769267,0.4,
10,11,0,0,0.0,0.5201701541128757,-0.2,0.004975124378109453,0.11520030104552545,1.56,0.29850746268656714
10,11,0,0,0.005,0.4808879889172535,1.56,,0.10926897246225281,1.32,
10,11,0,0,0.02,0.3975909790513365,1.6,,0.10359843831070165,-1.72,
10,12,0,1,0.0,0.5242629070659888,1.72,0.004975124378109453,0.3800668922443377,0.64,0.01990049751243781
10,12,0,1,0.005,0.47928728890775124,1.72,,0.3400647333765431,0.64,
10,12,0,1,0.02,0.3751515750545662,1.84,,0.16547342959614753,-0.08,
10,13,1,1,0.0,0.569645021890092,-0.16,0.004975124378109453,0.6036923725698563,-1.08,0.004975124378109453
10,13,1,1,0.005,0.5456299480310456,-0.16,,0.5441718130850239,-1.08,
10,13,1,1,0.02,0.45891422443224433,-0.16,,0.23716957398699,0.32,
10,14,1,0,0.0,0.5968925918374636,0.68,0.004975124378109453,0.24089038500662519,-0.96,0.014925373134328358
10,14,1,0,0.005,0.5670748369842307,0.68,,0.2155359431637713,0.12,
10,14,1,0,0.02,0.4509077740998177,0.76,,0.12213150628535431,0.12,
10,15,0,0,0.0,0.4966340606511307,1.0,0.014925373134328358,0.10775707631783807,1.56,0.43781094527363185
10,15,0,0,0.005,0.47034733732645273,0.96,,0.09506262977053571,-1.76,
10,15,0,0,0.02,0.3921537359618344,0.96,,0.1057949240903235,-1.76,
10,16,0,1,0.0,0.6029688789706248,0.84,0.004975124378109453,0.16767312330619513,-1.6,0.26865671641791045
10,16,0,1,0.005,0.5616493318772159,0.84,,0.1685303138579622,-0.88,
10,16,0,1,0.02,0.4485367938064362,0.84,,0.13209305779433073,-0.88,
10,17,0,0,0.0,0.4696836896785013,0.2,0.004975124378109453,0.1650718872727498,-0.96,0.0845771144278607
10,17,0,0,0.005,0.43664299953455155,0.2,,0.16253522348334368,-2.0,
10,17,0,0,0.02,0.3658881721679468,0.24,,0.1641754997473503,-2.0,
10,18,0,1,0.0,0.521155748670572,-2.0,0.004975124378109453,0.15502240781380816,1.68,0.3781094527363184
10,18,0,1,0.005,0.4818978889293692,-2.0,,0.13789649796958586,1.68,
10,18,0,1,0.02,0.39820593472539006,-2.0,,0.11948959042027364,0.8,
10,19,1,0,0.0,0.4459976504541491,-0.48,0.004975124378109453,0.12772957254757802,-1.4,0.06965174129353234
10,19,1,0,0.005,0.41703429455739777,-0.44,,0.1282885355712354,-0.4,
10,19,1,0,0.02,0.3531981284107384,-0.48,,0.10561858306613141,-2.0,
10,20,1,1,0.0,0.5923948391908521,-0.68,0.004975124378109453,0.20022829005644005,-1.64,0.263681592039801
10,20,1,1,0.005,0.5513558490665746,-0.64,,0.1815113713885218,-0.68,
10,20,1,1,0.02,0.4477231529730028,-0.64,,0.13205007725223408,1.28,
10,21,0,1,0.0,0.5415330404584534,-0.76,0.004975124378109453,0.3669262842166731,0.6,0.004975124378109453
10,21,0,1,0.005,0.48801423639223757,-0.76,,0.35949261728195,0.6,
10,21,0,1,0.02,0.39886302532029744,0.92,,0.21090862907988214,0.84,
10,22,0,0,0.0,0.4984151126546789,0.56,0.004975124378109453,0.11015082604113412,-0.32,0.27860696517412936
10,22,0,0,0.005,0.4644390791492314,0.56,,0.09913983783832697,-0.32,
10,22,0,0,0.02,0.37030318177849386,0.64,,0.09865634656182261,-1.44,
10,23,1,0,0.0,0.5874069561751074,0.32,0.004975124378109453,0.10787475184675263,1.44,1.0
10,23,1,0,0.005,0.5603408561512957,0.32,,0.1205256499335842,1.44,
10,23,1,0,0.02,0.49481347253130514,0.32,,0.11386087982892984,1.44,
10,24,1,1,0.0,0.5004499330324665,1.76,0.004975124378109453,0.34541591428589347,-1.72,0.04975124378109453
10,24,1,1,0.005,0.46915672170806866,1.76,,0.32789688278570656,-1.72,
10,24,1,1,0.02,0.4020281083450998,1.72,,0.20692831284676302,-1.48,
10,25,1,1,0.0,0.5843778637101413,1.04,0.004975124378109453,0.3188511538215955,-0.44,0.004975124378109453
10,25,1,1,0.005,0.5628758912229299,1.04,,0.2913910815124788,-0.4,
10,25,1,1,0.02,0.4906969593830886,1.04,,0.18726402688477192,0.32,
10,26,1,1,0.0,0.5692022929250389,1.28,0.004975124378109453,0.5545536565026511,-0.12,0.01990049751243781
10,26,1,1,0.005,0.533251112159986,1.28,,0.520957851600253,-0.12,
10,26,1,1,0.02,0.46194022720003247,1.28,,0.2819830119753923,0.4,
10,27,0,1,0.0,0.61105502014354,-0.48,0.004975124378109453,0.28011606675422435,-0.64,0.263681592039801
10,27,0,1,0.005,0.5819355173434999,-0.44,,0.28290786018958647,-0.64,
10,27,0,1,0.02,0.5037054933501405,-0.44,,0.23569046742102923,1.92,
10,28,0,0,0.0,0.5092843649645495,-1.12,0.004975124378109453,0.07701272881154496,0.88,0.681592039800995
10,28,0,0,0.005,0.47294116744388376,-1.12,,0.07780807684274998,1.64,
10,28,0,0,0.02,0.40574792704545665,-1.12,,0.10952121965092203,1.84,
10,29,1,0,0.0,0.5500974061414781,0.32,0.004975124378109453,0.15851740166367606,-2.0,0.3482587064676617
10,29,1,0,0.005,0.5313525628849053,0.32,,0.13446163501261382,-2.0,
10,29,1,0,0.02,0.4622709681303618,0.32,,0.0967663397610219,0.64,
10,30,1,0,0.0,0.6011019007202897,1.8,0.004975124378109453,0.1168259965777917,-1.92,0.472636815920398
10,30,1,0,0.005,0.578901447020326,1.8,,0.11941503303925435,-1.92,
10,30,1,0,0.02,0.507620883237326,1.8,,0.1119644361060654,1.24,
10,31,0,1,0.0,0.5383933921919578,0.0,0.004975124378109453,0.3413657719373519,-0.8,0.004975124378109453
10,31,0,1,0.005,0.5062561333139952,-0.04,,0.31227010856262605,-1.52,
10,31,0,1,0.02,0.41836367209230735,0.08,,0.17561870635178395,-1.52,
10,32,0,0,0.0,0.5777499799870489,1.56,0.004975124378109453,0.23361882021839367,1.68,0.024875621890547265
10,32,0,0,0.005,0.5464625744766684,1.56,,0.21568748583348113,1.92,
10,32,0,0,0.02,0.49098219158936335,1.56,,0.1737512086202428,0.84,
11,1,1,1,0.0,0.7919323030386843,-1.0,0.004975124378109453,0.7761820241438953,0.52,0.004975124378109453
11,1,1,1,0.005,0.6908796152534005,-1.0,,0.7601208108668291,0.52,
11,1,1,1,0.02,0.4727482153410855,-0.96,,0.5314988711460615,1.24,
11,2,1,0,0.0,0.6670066522305255,-1.76,0.004975124378109453,0.19249862320214856,0.72,0.004975124378109453
11,2,1,0,0.005,0.5212240537689122,-1.68,,0.18891295383602713,1.2,
11,2,1,0,0.02,0.38716357922790073,-1.96,,0.15527183369928083,1.44,
11,3,0,1,0.0,0.6659129977379185,-0.24,0.004975124378109453,0.6399738347206062,-0.48,0.004975124378109453
11,3,0,1,0.005,0.5592374319547035,-0.2,,0.6277630039131912,-0.48,
11,3,0,1,0.02,0.3961074889956568,-0.24,,0.4705003843615753,-0.48,
11,4,0,0,0.0,0.6067389977123666,-1.24,0.004975124378109453,0.1091448890721314,1.96,0.835820895522388
11,4,0,0,0.005,0.488472335057578,-1.72,,0.11209442364860045,1.72,
11,4,0,0,0.02,0.30857503338060666,-1.72,,0.10526425158432648,-0.96,
11,5,1,1,0.0,0.611728999087176,-0.04,0.004975124378109453,0.8190843361928813,1.04,0.004975124378109453
11,5,1,1,0.005,0.5416757520140759,-0.04,,0.8056213765295733,0.04,
11,5,1,1,0.02,0.4067542628400015,-0.04,,0.6778186545446455,-0.72,
11,6,1,0,0.0,0.7221374301661102,1.04,0.004975124378109453,0.15507258103063823,0.08,0.004975124378109453
11,6,1,0,0.005,0.6485623269830852,1.0,,0.1531494552969188,0.08,
11,6,1,0,0.02,0.49958223738128393,1.08,,0.14842526902192035,0.32,
11,7,0,1,0.0,0.5662433466361658,1.52,0.004975124378109453,0.6431769609453094,-1.96,0.014925373134328358
11,7,0,1,0.005,0.4398276948510615,0.48,,0.6342242440731988,-1.96,
11,7,0,1,0.02,0.3042079625344745,0.48,,0.5141108853468728,-1.72,
11,8,0,0,0.0,0.5579035648803344,1.6,0.13930348258706468,0.10124131502484812,0.08,0.10945273631840796
11,8,0,0,0.005,0.5020810978576884,1.68,,0.10776157672823816,0.08,
11,8,0,0,0.02,0.373669254423961,1.64,,0.12008132867291804,0.6,
11,9,1,0,0.0,0.6975585442856299,-0.84,0.004975124378109453,0.15601350741288522,-1.8,0.3034825870646766
11,9,1,0,0.005,0.6101671431169645,-0.88,,0.16194441158190892,-1.8,
11,9,1,0,0.02,0.4604828952300445,-0.92,,0.17380237219163644,-1.76,
11,10,1,1,0.0,0.6794711227074266,0.8,0.004975124378109453,0.7197635240996479,0.48,0.004975124378109453
11,10,1,1,0.005,0.5746243222748237,0.88,,0.717464746131182,0.48,
11,10,1,1,0.02,0.41564728231773057,-1.08,,0.6408957338667542,0.48,
11,11,0,0,0.0,0.5568995883506191,-1.2,0.05970149253731343,0.11130413292687323,-1.48,0.03482587064676617
11,11,0,0,0.005,0.4733035670136117,-1.24,,0.12313210145565746,-1.48,
11,11,0,0,0.02,0.30361095965794355,-1.28,,0.15061245912636054,-1.44,
11,12,0,1,0.0,0.6012095818607917,-0.36,0.004975124378109453,0.6879912408768019,0.12,0.024875621890547265
11,12,0,1,0.005,0.5103272210157772,-1.32,,0.6750546585778352,0.12,
11,12,0,1,0.02,0.38061768764453785,-1.76,,0.5553449857928021,1.96,
11,13,1,0,0.0,0.608726160311627,1.52,0.009950248756218905,0.2061655814603777,1.56,0.004975124378109453
11,13,1,0,0.005,0.48928906624657553,1.52,,0.19745932301304528,1.56,
11,13,1,0,0.02,0.33520658316187335,1.52,,0.15864499960565664,1.56,
11,14,1,1,0.0,0.6610090341936109,-0.04,0.004975124378109453,0.7679707064458698,1.12,0.004975124378109453
11,14,1,1,0.005,0.5824887654197962,-0.08,,0.7608084821616472,1.12,
11,14,1,1,0.02,0.43473878567446145,-1.12,,0.6417435804408828,1.12,
11,15,0,0,0.0,0.6416757318534537,1.4,0.004975124378109453,0.11994383271296635,1.76,0.15920398009950248
11,15,0,0,0.005,0.5335546960567475,1.4,,0.1191830028454916,1.76,
11,15,0,0,0.02,0.4022099621999196,1.32,,0.12229149417778942,0.96,
11,16,0,1,0.0,0.6798436555122721,0.44,0.004975124378109453,0.7338250251085444,-0.92,0.004975124378109453
11,16,0,1,0.005,0.5861347987227045,0.48,,0.7253016406318956,-0.68,
11,16,0,1,0.02,0.4403416856607321,0.52,,0.6045184773194994,-0.68,
11,17,1,0,0.0,0.660107931533073,0.6,0.004975124378109453,0.05446341860387799,1.32,1.0
11,17,1,0,0.005,0.549445786667739,1.68,,0.053591855575154494,1.32,
11,17,1,0,0.02,0.4044306456257968,1.68,,0.04870744153173722,1.28,
11,18,1,1,0.0,0.7167435312952276,0.52,0.004975124378109453,0.6874882287111316,-0.72,0.004975124378109453
11,18,1,1,0.005,0.636319899386504,0.44,,0.6788635476583564,-0.72,
11,18,1,1,0.02,0.48355747537281335,0.4,,0.6160357638157719,-1.24,
11,19,0,1,0.0,0.6726664814063897,-0.4,0.004975124378109453,0.7277573139580298,0.56,0.004975124378109453
11,19,0,1,0.005,0.5712222681658675,-0.44,,0.7194025579517752,0.56,
11,19,0,1,0.02,0.4587302140830149,-0.4,,0.6233617743436984,0.8,
11,20,0,1,0.0,0.6500426551123375,-0.04,0.004975124378109453,0.687121084683561,0.08,0.004975124378109453
11,20,0,1,0.005,0.5714620308355836,-0.04,,0.6834469155466981,0.08,
11,20,0,1,0.02,0.42843124546227707,-0.04,,0.5836263695866771,0.08,
11,21,1,1,0.0,0.6190584961793576,0.04,0.004975124378109453,0.6808823799025652,0.52,0.004975124378109453
11,21,1,1,0.005,0.554998721890011,0.04,,0.6806912528609168,0.52,
11,21,1,1,0.02,0.4175096920644253,0.04,,0.6142070054656159,0.52,
11,22,1,0,0.0,0.6594170814738046,-1.16,0.004975124378109453,0.13296409840859702,1.92,0.14925373134328357
11,22,1,0,0.005,0.5733659192278712,-1.16,,0.13511960151178745,1.92,
11,22,1,0,0.02,0.3796262205669068,-1.24,,0.14553864860398416,-1.72,
11,23,0,0,0.0,0.6002964482068245,-0.08,0.01990049751243781,0.13611359947890586,-0.12,0.373134328358209
11,23,0,0,0.005,0.5041808234725009,0.96,,0.14567093496736508,-0.12,
11,23,0,0,0.02,0.4079292906620831,0.96,,0.15614507877526154,-0.12,
11,24,0,0,0.0,0.6050710749704422,0.68,0.004975124378109453,0.16676018587374702,-1.48,0.004975124378109453
11,24,0,0,0.005,0.5128195805313402,0.72,,0.16890941756361938,-1.24,
11,24,0,0,0.02,0.3823242521496904,0.72,,0.17178330411260712,-1.24,
11,25,0,1,0.0,0.7146675906250395,-0.88,0.004975124378109453,0.6101891993072289,-0.24,0.004975124378109453
11,25,0,1,0.005,0.6300095057400708,0.04,,0.6053094585704438,-1.16,
11,25,0,1,0.02,0.49089159700137197,0.08,,0.5242620019330625,-1.16,
11,26,0,1,0.0,0.6416638503892115,-0.6,0.004975124378109453,0.5557615030062734,-0.96,0.004975124378109453
11,26,0,1,0.005,0.5665765642108612,-0.64,,0.5568977705701985,-0.96,
11,26,0,1,0.02,0.3967794495027617,-0.76,,0.5033368704508404,1.32,
11,27,1,0,0.0,0.6466783588704141,-0.84,0.004975124378109453,0.06650558416782487,-1.36,0.13432835820895522
11,27,1,0,0.005,0.6281624628667192,0.32,,0.07174090272758887,-1.36,
11,27,1,0,0.02,0.49836014467072415,0.32,,0.07960280341195936,-1.36,
11,28,1,1,0.0,0.7149846025377403,0.04,0.004975124378109453,0.732632894775862,0.52,0.004975124378109453
11,28,1,1,0.005,0.6568811804644765,0.04,,0.7244165421663451,0.52,
11,28,1,1,0.02,0.5048411834014954,0.04,,0.65088407888463,0.76,
11,29,0,0,0.0,0.6125320593081162,1.92,0.004975124378109453,0.09723092915776377,-1.08,0.3681592039800995
11,29,0,0,0.005,0.5389699109687082,1.96,,0.10516520819584604,-1.08,
11,29,0,0,0.02,0.38864381411803334,1.96,,0.12282818821027522,-1.04,
11,30,0,0,0.0,0.5619832562230083,-0.12,0.029850746268656716,0.09303988986420056,0.24,0.14925373134328357
11,30,0,0,0.005,0.46385857749219583,-0.24,,0.10301035943858228,0.24,
11,30,0,0,0.02,0.3702752654365519,-0.28,,0.12236525087709153,0.24,
11,31,1,1,0.0,0.7084676262394297,-0.92,0.004975124378109453,0.7347508135785247,1.92,0.004975124378109453
11,31,1,1,0.005,0.6044195144866976,-0.96,,0.73522887221405,1.92,
11,31,1,1,0.02,0.4369261311350609,-0.08,,0.695068617453558,1.92,
11,32,1,0,0.0,0.6711845779035273,2.0,0.004975124378109453,0.12988968001695977,1.28,0.29850746268656714
11,32,1,0,0.005,0.569844990247882,1.24,,0.12817127472183287,0.32,
11,32,1,0,0.02,0.4149938180935329,0.12,,0.11624614240146505,0.08,
12,1,1,0,0.0,0.5892550160688736,-1.28,0.004975124378109453,0.17046511959657418,0.12,0.04975124378109453
12,1,1,0,0.005,0.5101059916848907,-1.24,,0.16131165870288253,0.84,
12,1,1,0,0.02,0.32130920873338153,-0.12,,0.12052332887136247,0.84,
12,2,1,0,0.0,0.4943610018865793,-0.92,0.05970149253731343,0.14337888505390275,-1.2,0.19900497512437812
12,2,1,0,0.005,0.3943971232340935,-0.84,,0.1416483813793881,-1.2,
12,2,1,0,0.02,0.22444812680229387,-0.8,,0.1329567923811387,-1.2,
12,3,0,1,0.0,0.4524452018132741,0.36,0.004975124378109453,0.42082706132358905,1.28,0.07462686567164178
12,3,0,1,0.005,0.38490944453157605,-0.2,,0.4123243720780299,-0.88,
12,3,0,1,0.02,0.24612239591642934,0.8,,0.30536833508019734,-0.88,
12,4,0,1,0.0,0.6233648105513873,-0.8,0.004975124378109453,0.31650373190755027,1.68,0.11940298507462686
12,4,0,1,0.005,0.5529780823635109,-0.84,,0.308668613011504,-1.76,
12,4,0,1,0.02,0.3280740772581953,-0.72,,0.2175288450260237,-1.76,
12,5,1,1,0.0,0.6057773594568809,0.92,0.004975124378109453,0.26402007243189474,0.12,0.07960199004975124
12,5,1,1,0.005,0.5431367763852923,0.92,,0.2554330007370767,0.12,
12,5,1,1,0.02,0.3571661866781109,0.48,,0.19370179174101707,-1.96,
12,6,1,1,0.0,0.5344702955161189,-0.28,0.004975124378109453,0.3605391559872654,0.96,0.004975124378109453
12,6,1,1,0.005,0.4733423660782223,-0.32,,0.3598956561714303,0.96,
12,6,1,1,0.02,0.2873232736718399,0.96,,0.29801912915814316,1.96,
12,7,0,0,0.0,0.591703570105727,0.32,0.004975124378109453,0.16245254755605318,-0.32,0.004975124378109453
12,7,0,0,0.005,0.5316327327790812,0.32,,0.1645650827728534,-0.32,
12,7,0,0,0.02,0.30541350944870804,0.28,,0.1603110549542374,0.64,
12,8,0,0,0.0,0.5394890435142159,-1.0,0.004975124378109453,0.10641342072795959,1.2,0.3482587064676617
12,8,0,0,0.005,0.450995347969861,-1.04,,0.11308169539945513,1.44,
12,8,0,0,0.02,0.2978301531711145,-1.08,,0.12310855398525743,-0.76,
12,9,0,1,0.0,0.43971407954071423,-0.84,0.40298507462686567,0.37355903603044277,-1.12,0.10945273631840796
12,9,0,1,0.005,0.39806230248993546,-1.04,,0.37529761419811325,-0.88,
12,9,0,1,0.02,0.30933788564781234,-1.08,,0.2699240722015143,-0.88,
12,10,0,0,0.0,0.5846875122477322,-0.4,0.004975124378109453,0.12599164459371176,-1.64,0.572139303482587
12,10,0,0,0.005,0.4767221458033804,0.92,,0.12353496829651889,-1.68,
12,10,0,0,0.02,0.3156954121281945,0.88,,0.11924397426899137,-1.92,
12,11,1,1,0.0,0.5327332395457548,-0.36,0.004975124378109453,0.2256855155217542,-0.96,0.32338308457711445
12,11,1,1,0.005,0.43909363860384015,-0.68,,0.23880892685254174,-1.8,
12,11,1,1,0.02,0.2782265778101516,-0.64,,0.2428848568488561,-1.76,
12,12,1,1,0.0,0.5361909886541304,-1.8,0.004975124378109453,0.2815263615117523,-0.2,0.05472636815920398
12,12,1,1,0.005,0.47806864183685055,-1.8,,0.29069398778050437,-0.2,
12,12,1,1,0.02,0.3304708210604323,-1.8,,0.2508860866189785,-1.44,
12,13,0,0,0.0,0.44262847924589827,1.36,0.09950248756218906,0.13630278734847115,-1.4,0.004975124378109453
12,13,0,0,0.005,0.3588472953712721,0.4,,0.13771411990964114,-1.4,
12,13,0,0,0.02,0.19631746323929292,0.4,,0.12822000615908924,1.16,
12,14,0,1,0.0,0.5487769168046112,1.48,0.004975124378109453,0.16499658421551153,1.32,0.14925373134328357
12,14,0,1,0.005,0.4913721548922242,1.48,,0.1552825190735597,0.56,
12,14,0,1,0.02,0.33484644184333173,1.48,,0.11593334559840687,-0.4,
12,15,1,0,0.0,0.5730970628247729,-0.48,0.004975124378109453,0.16250370041350592,-0.24,0.004975124378109453
12,15,1,0,0.005,0.5075713459165998,-0.52,,0.1672078950531548,0.0,
12,15,1,0,0.02,0.33588924302875545,-0.52,,0.16187893326264835,0.0,
12,16,1,0,0.0,0.4522024750943218,0.88,0.004975124378109453,0.11936767783978963,0.16,0.5970149253731343
12,16,1,0,0.005,0.3815831761920658,-1.96,,0.1095052179979639,-0.08,
12,16,1,0,0.02,0.20872087562499314,-2.0,,0.0807168562405707,-0.04,
12,17,1,1,0.0,0.5705915366586669,-0.84,0.004975124378109453,0.15189782757095885,-1.04,0.10945273631840796
12,17,1,1,0.005,0.51752407674308,-0.88,,0.14455034270443,-0.04,
12,17,1,1,0.02,0.3696550367970584,-0.92,,0.11358496757832193,0.0,
12,18,1,0,0.0,0.5162117123139327,0.04,0.004975124378109453,0.09716283322683984,0.2,0.527363184079602
12,18,1,0,0.005,0.44239502293209043,0.04,,0.10484094957044554,0.68,
12,18,1,0,0.02,0.3048098609027755,0.04,,0.12222940351851197,-0.92,
12,19,0,1,0.0,0.5402078989517537,0.32,0.004975124378109453,0.30894563614435433,1.76,0.21393034825870647
12,19,0,1,0.005,0.47784694169129593,0.32,,0.3039470581382237,2.0,
12,19,0,1,0.02,0.2919854345835915,0.36,,0.24214597300492657,-0.28,
12,20,0,1,0.0,0.5650137702489259,1.08,0.04975124378109453,0.2546440146415894,1.32,0.31840796019900497
12,20,0,1,0.005,0.4942591051070557,1.08,,0.25968791225248666,1.32,
12,20,0,1,0.02,0.3407611894266923,1.08,,0.22093789671863115,1.56,
12,21,1,0,0.0,0.522082556434051,-0.4,0.004975124378109453,0.2552726041033773,0.16,0.004975124378109453
12,21,1,0,0.005,0.44806100035058677,-0.4,,0.2534024350546312,0.16,
12,21,1,0,0.02,0.3061065419240685,-0.04,,0.22770212195757378,0.2,
12,22,1,1,0.0,0.5738296635379937,0.8,0.004975124378109453,0.12691710449150093,-0.32,0.4577114427860697
12,22,1,1,0.005,0.5072892807344226,0.8,,0.11496694518191114,0.68,
12,22,1,1,0.02,0.3162421722621804,0.84,,0.07377693170821442,-0.88,
12,23,0,0,0.0,0.6001053203146263,-1.04,0.004975124378109453,0.08809996019688662,-0.8,0.7313432835820896
12,23,0,0,0.005,0.5231173985020758,-1.04,,0.0771593232525999,-0.8,
12,23,0,0,0.02,0.34639307244501705,0.72,,0.058780622854341415,-0.24,
12,24,0,0,0.0,0.5142302456990552,0.64,0.004975124378109453,0.16966345223389956,0.8,0.04477611940298507
12,24,0,0,0.005,0.4481540869846961,0.68,,0.16035664242723874,0.8,
12,24,0,0,0.02,0.31955003597073917,-0.28,,0.11293900969430068,0.8,
12,25,0,1,0.0,0.6071982941072829,-0.36,0.004975124378109453,0.41238909690963516,1.92,0.004975124378109453
12,25,0,1,0.005,0.5716464827618407,-0.36,,0.39739895788447027,1.92,
12,25,0,1,0.02,0.459053350777242,-0.32,,0.2940280407329575,1.92,
12,26,0,0,0.0,0.5391613304566075,-2.0,0.004975124378109453,0.16792318703852213,-1.48,0.22885572139303484
12,26,0,0,0.005,0.4942428808176931,-2.0,,0.1627534611834453,-1.48,
12,26,0,0,0.02,0.3789371467922355,-2.0,,0.13825026814172905,-1.52,
12,27,1,1,0.0,0.5014007764813296,2.0,0.009950248756218905,0.12812726135495145,0.48,0.5024875621890548
12,27,1,1,0.005,0.42417322671767393,-1.96,,0.11885352433139071,0.48,
12,27,1,1,0.02,0.31113784219654855,-0.44,,0.09166832160378399,0.96,
12,28,1,0,0.0,0.4926867977879304,2.0,0.004975124378109453,0.10899044794533262,-0.88,0.3582089552238806
12,28,1,0,0.005,0.44169544169437547,2.0,,0.10144659483883317,-0.88,
12,28,1,0,0.02,0.3364206632138211,2.0,,0.09879746916098404,-1.4,
12,29,0,0,0.0,0.5349704977547782,-1.4,0.004975124378109453,0.15396869343591113,1.24,0.004975124378109453
12,29,0,0,0.005,0.4579962827867883,-1.4,,0.1434197511547418,1.2,
12,29,0,0,0.02,0.32276772043966856,-1.8,,0.12165093470694638,1.2,
12,30,0,1,0.0,0.49309805775430143,1.32,0.06467661691542288,0.15911878628015777,1.76,0.19900497512437812
12,30,0,1,0.005,0.45210104632161535,1.32,,0.1491382959728807,1.76,
12,30,0,1,0.02,0.2956928452154873,1.32,,0.1215118279017648,-0.64,
12,31,1,1,0.0,0.6117108447967824,0.8,0.004975124378109453,0.13888390828268896,0.6,0.7014925373134329
12,31,1,1,0.005,0.5524956711400147,0.32,,0.14059118960188305,0.6,
12,31,1,1,0.02,0.4430845868102912,0.32,,0.14289996009102424,1.76,
12,32,1,0,0.0,0.5774705515592763,-1.92,0.004975124378109453,0.08895428330248926,-1.28,0.31343283582089554
12,32,1,0,0.005,0.4989116101057527,-1.96,,0.07529161061578143,-1.28,
12,32,1,0,0.02,0.3733163607383753,-1.36,,0.07431720348816163,0.6,
13,1,1,1,0.0,0.08805586573157381,0.28,0.9651741293532339,0.10808609137779653,-1.48,0.6368159203980099
13,1,1,1,0.005,0.07028045150316754,0.08,,0.09278635363389955,1.64,
13,1,1,1,0.02,0.10258546675773918,0.88,,0.09803294044473569,0.52,
13,2,1,0,0.0,0.4430483702896366,-0.48,0.004975124378109453,0.15122790290271557,-1.6,0.004975124378109453
13,2,1,0,0.005,0.11558104006784876,-0.28,,0.13587922538077904,-1.6,
13,2,1,0,0.02,0.0703359049155659,0.76,,0.1239680793847022,-1.6,
13,3,0,1,0.0,0.3661321698324277,-1.24,0.07462686567164178,0.40721385805867144,0.32,0.0845771144278607
13,3,0,1,0.005,0.08631509484653473,-1.32,,0.11351085324913002,-0.08,
13,3,0,1,0.02,0.09299412599778649,-1.24,,0.1072231022148524,-1.24,
13,4,0,0,0.0,0.42710215997191175,-1.88,0.08955223880597014,0.13435642356679886,-1.16,0.09950248756218906
13,4,0,0,0.005,0.1299262102419204,-0.32,,0.08670814292941016,0.16,
13,4,0,0,0.02,0.07010798960398792,0.44,,0.0700249523575654,0.16,
13,5,1,0,0.0,0.5695156523151554,1.04,0.004975124378109453,0.14061893117983867,-1.92,0.27860696517412936
13,5,1,0,0.005,0.47040021273588034,0.96,,0.126943863539049,-0.16,
13,5,1,0,0.02,0.12967087911693986,0.8,,0.10845840713497631,-1.6,
13,6,1,1,0.0,0.32346249949563793,1.48,0.1691542288557214,0.5349556543479673,0.04,0.004975124378109453
13,6,1,1,0.005,0.16057687079045685,1.92,,0.21664948980916024,-0.2,
13,6,1,1,0.02,0.07729324959672462,-0.04,,0.12102854844916641,-0.2,
13,7,0,1,0.0,0.3570000501225343,0.52,0.004975124378109453,0.2599526614034707,0.04,0.29850746268656714
13,7,0,1,0.005,0.14545839475376554,0.44,,0.10488794609094958,1.16,
13,7,0,1,0.02,0.056141922874562794,-1.04,,0.08102846844640875,-1.28,
13,8,0,0,0.0,0.37731502635250763,1.04,0.004975124378109453,0.12064045631125575,-1.12,0.5124378109452736
13,8,0,0,0.005,0.16431086947531043,1.48,,0.06689851256889169,-1.56,
13,8,0,0,0.02,0.08202786707809225,1.48,,0.0898979637530388,1.48,
13,9,1,0,0.0,0.5725286059446102,-1.44,0.004975124378109453,0.10142253700978758,1.64,0.08955223880597014
13,9,1,0,0.005,0.5025674547514001,-1.44,,0.11666003908800125,1.64,
13,9,1,0,0.02,0.2436250365054464,-1.44,,0.11863559254043482,1.8,
13,10,0,1,0.0,0.39171789271564156,1.28,0.27860696517412936,0.3335057415652787,2.0,0.19402985074626866
13,10,0,1,0.005,0.3218989013479064,1.32,,0.16824163937979883,2.0,
13,10,0,1,0.02,0.09173417853728988,-0.84,,0.09230255865175337,1.24,
13,11,1,1,0.0,0.2630284667590372,1.72,0.3034825870646766,0.3858206197566308,-1.84,0.004975124378109453
13,11,1,1,0.005,0.16591120939497273,1.72,,0.17475117973218007,-1.8,
13,11,1,1,0.02,0.06331376102620583,0.12,,0.12386928409316834,-1.08,
13,12,1,0,0.0,0.4330846395574944,-0.56,0.004975124378109453,0.1645156158883916,1.6,0.004975124378109453
13,12,1,0,0.005,0.3542942655034844,-0.52,,0.11023376898768397,1.56,
13,12,1,0,0.02,0.1623520150790245,-1.88,,0.10598296262568335,-0.8,
13,13,0,1,0.0,0.41816643169030376,1.12,0.004975124378109453,0.365915289243184,1.44,0.004975124378109453
13,13,0,1,0.005,0.34737237500614637,1.12,,0.24512289809294632,0.48,
13,13,0,1,0.02,0.15441643061664623,-1.64,,0.11319750298247525,1.44,
13,14,0,0,0.0,0.36538181784359136,0.96,0.4527363184079602,0.08434882166986782,2.0,0.845771144278607
13,14,0,0,0.005,0.26201864632911687,1.96,,0.11960269932655462,1.84,
13,14,0,0,0.02,0.14282451377360209,2.0,,0.10499169301910337,-1.72,
13,15,1,0,0.0,0.6197545742728154,1.12,0.004975124378109453,0.10755940024605057,-0.76,0.4129353233830846
13,15,1,0,0.005,0.5650019259189225,1.08,,0.09136140051874107,-0.8,
13,15,1,0,0.02,0.29705073678371274,1.08,,0.11594359854465,1.68,
13,16,1,1,0.0,0.6756844062183806,-0.96,0.004975124378109453,0.12239704291688354,-0.6,0.6716417910447762
13,16,1,1,0.005,0.6344191082909368,-0.96,,0.1332356223202265,-0.36,
13,16,1,1,0.02,0.46487367596211315,0.04,,0.1068643704829904,-0.12,
13,17,0,0,0.0,0.6854795427734475,1.16,0.004975124378109453,0.1780896060260539,-1.76,0.004975124378109453
13,17,0,0,0.005,0.635225486810143,1.16,,0.14067877563853573,-1.76,
13,17,0,0,0.02,0.32926574355361965,1.12,,0.09264753229845736,1.0,
13,18,0,0,0.0,0.4011698151290461,-1.88,0.34328358208955223,0.14380442491986833,0.16,0.2736318407960199
13,18,0,0,0.005,0.32212199834066224,-1.88,,0.13063923282757725,2.0,
13,18,0,0,0.02,0.17013955609212383,1.8,,0.08433421448057474,-0.68,
13,19,1,1,0.0,0.5071995325547686,0.48,0.004975124378109453,0.4780587788815375,-1.48,0.004975124378109453
13,19,1,1,0.005,0.46100075284507713,0.52,,0.3280579225283832,-0.2,
13,19,1,1,0.02,0.2749202169828644,0.64,,0.11180000458328608,-0.44,
13,20,1,0,0.0,0.6642453009105905,-1.92,0.004975124378109453,0.08905061063023641,1.4,0.9552238805970149
13,20,1,0,0.005,0.6375457784552084,-1.92,,0.09088447220681119,-0.6,
13,20,1,0,0.02,0.4797730410635774,-1.88,,0.12514139852964715,1.72,
13,21,0,1,0.0,0.6124390903935225,0.32,0.004975124378109453,0.35933839533525724,-1.04,0.12935323383084577
13,21,0,1,0.005,0.5645630712774693,0.24,,0.2820809564608627,-1.04,
13,21,0,1,0.02,0.43157131002427973,0.24,,0.14482154639795752,-0.28,
13,22,0,1,0.0,0.43177353696373943,1.56,0.21393034825870647,0.4010198535508883,0.56,0.004975124378109453
13,22,0,1,0.005,0.39696825922062107,1.56,,0.3371374182281836,-0.48,
13,22,0,1,0.02,0.281804759969101,1.52,,0.1752945473646339,0.88,
13,23,1,0,0.0,0.4488588421612496,-1.48,0.004975124378109453,0.12297271606040466,1.28,0.5422885572139303
13,23,1,0,0.005,0.3886033796183716,-1.4,,0.1268316489531376,-0.72,
13,23,1,0,0.02,0.2757999197830584,1.12,,0.10961774901257514,0.2,
13,24,1,1,0.0,0.46978800301810675,1.96,0.004975124378109453,0.30941209871321573,0.56,0.15422885572139303
13,24,1,1,0.005,0.40373351833968696,1.92,,0.2671405502835417,0.32,
13,24,1,1,0.02,0.2844445995094961,1.88,,0.11192639559310295,0.64,
13,25,1,0,0.0,0.5986061096054842,-0.2,0.004975124378109453,0.07115826814986176,-1.68,0.9950248756218906
13,25,1,0,0.005,0.5520016302060141,-1.16,,0.09246253621337173,-0.04,
13,25,1,0,0.02,0.4365074336120296,-1.16,,0.11513967385010826,-1.0,
13,26,1,0,0.0,0.4598202633921451,-0.16,0.004975124378109453,0.12043126138019397,2.0,0.3383084577114428
13,26,1,0,0.005,0.3943996140447358,-0.16,,0.14218879186800903,1.96,
13,26,1,0,0.02,0.23993503607921413,-0.2,,0.1211346299024464,1.96,
13,27,0,0,0.0,0.43062619612385206,0.08,0.004975124378109453,0.15631314333941185,-1.68,0.15920398009950248
13,27,0,0,0.005,0.3772015491159932,0.12,,0.1450260778247519,-1.68,
13,27,0,0,0.02,0.24987055266146904,0.16,,0.08767499749518774,-1.64,
13,28,0,1,0.0,0.5473577551394742,-0.16,0.004975124378109453,0.3378240760725757,1.84,0.04975124378109453
13,28,0,1,0.005,0.4984987887005773,-0.12,,0.27823431301611967,1.84,
13,28,0,1,0.02,0.3567826742421309,-0.12,,0.11294673675970428,-1.44,
13,29,1,1,0.0,0.6155571866964262,0.0,0.004975124378109453,0.466916324863017,-0.92,0.004975124378109453
13,29,1,1,0.005,0.5954852556507363,0.92,,0.4031920835985727,0.04,
13,29,1,1,0.02,0.47410054664055207,0.88,,0.20047415257321258,0.04,
13,30,1,1,0.0,0.5440035343274112,0.08,0.004975124378109453,0.5322437908205452,1.08,0.05970149253731343
13,30,1,1,0.005,0.4923016744301994,0.04,,0.4441774816890816,1.08,
13,30,1,1,0.02,0.3394549496310988,0.04,,0.17039936944206774,-1.52,
13,31,0,1,0.0,0.5554343953148996,-0.24,0.004975124378109453,0.48874158268422807,1.92,0.004975124378109453
13,31,0,1,0.005,0.5015048322050529,-0.24,,0.4044390446526137,1.0,
13,31,0,1,0.02,0.33545654687582416,-0.28,,0.17440347617598778,1.0,
13,32,0,0,0.0,0.4970406709509496,1.24,0.004975124378109453,0.15225537572809494,0.04,0.20398009950248755
13,32,0,0,0.005,0.42777583942561714,1.2,,0.1270872731097571,0.08,
13,32,0,0,0.02,0.2979152258521815,1.16,,0.11267611104362137,0.12,
14,1,0,1,0.0,0.5094456876986551,0.08,0.004975124378109453,0.17936443383260792,-1.88,0.6965174129353234
14,1,0,1,0.005,0.43697603332792034,0.04,,0.16616226908572057,-1.88,
14,1,0,1,0.02,0.21399786668684684,0.0,,0.14599521679663363,0.0,
14,2,0,0,0.0,0.4701057899550588,-1.36,0.004975124378109453,0.15451943033784218,1.96,0.44776119402985076
14,2,0,0,0.005,0.41884827472688824,-1.32,,0.18093638547533122,1.92,
14,2,0,0,0.02,0.20817280782728756,-1.36,,0.13931198618320842,1.92,
14,3,1,1,0.0,0.5906721609135345,-0.16,0.004975124378109453,0.33448315054703337,1.56,0.03482587064676617
14,3,1,1,0.005,0.5292650204068008,-0.16,,0.32926734938338625,1.56,
14,3,1,1,0.02,0.3065837115678726,-0.16,,0.24439353769768965,1.52,
14,4,1,1,0.0,0.5382976095460803,-0.16,0.004975124378109453,0.34377663181484835,1.8,0.3383084577114428
14,4,1,1,0.005,0.4915145852581871,-0.08,,0.3303647161646023,1.8,
14,4,1,1,0.02,0.36086460421146027,-0.08,,0.22316515062047923,0.8,
14,5,0,0,0.0,0.4707799095360779,-0.56,0.024875621890547265,0.08295559328595847,1.72,0.44776119402985076
14,5,0,0,0.005,0.41011061072396165,-0.6,,0.05772708447519387,0.0,
14,5,0,0,0.02,0.26691780703851414,-0.64,,0.11184755461016724,-1.2,
14,6,0,1,0.0,0.3975178738743855,-1.28,0.004975124378109453,0.297240198306986,-1.52,0.04975124378109453
14,6,0,1,0.005,0.32869449230386744,-1.28,,0.27393555667138836,-1.52,
14,6,0,1,0.02,0.17908463351460663,-0.88,,0.1771813667576077,-1.0,
14,7,1,0,0.0,0.3321779025327701,-1.64,0.3034825870646766,0.19552516318717977,0.52,0.004975124378109453
14,7,1,0,0.005,0.28608177298680465,-1.6,,0.18718624656895128,0.52,
14,7,1,0,0.02,0.19092353620186078,-1.76,,0.1225088829858581,0.2,
14,8,1,0,0.0,0.49647775909341163,-0.48,0.029850746268656716,0.18763153848186107,-1.96,0.15422885572139303
14,8,1,0,0.005,0.41760392350018977,-0.52,,0.1951271450977444,-1.96,
14,8,1,0,0.02,0.2780268572661011,0.24,,0.169471670253929,-2.0,
14,9,0,0,0.0,0.5638362906563247,-0.92,0.004975124378109453,0.22427719833383622,-0.32,0.004975124378109453
14,9,0,0,0.005,0.4877856875036058,-0.96,,0.19347484378400853,-0.32,
14,9,0,0,0.02,0.32022310779761304,-0.96,,0.11181618896073128,0.88,
14,10,0,1,0.0,0.57644669432611,0.48,0.004975124378109453,0.5548216844492286,1.72,0.004975124378109453
14,10,0,1,0.005,0.4956890249026123,0.44,,0.5370732793718189,1.72,
14,10,0,1,0.02,0.3438197510024363,0.44,,0.38466585176252077,1.48,
14,11,1,0,0.0,0.46569501107185923,-0.88,0.004975124378109453,0.15775071232272367,0.96,0.31840796019900497
14,11,1,0,0.005,0.3952457295906274,-0.84,,0.17076091469499824,0.96,
14,11,1,0,0.02,0.23983451537999523,-0.84,,0.18354174822185967,1.96,
14,12,1,1,0.0,0.634531103898869,-1.04,0.004975124378109453,0.480095794105921,1.12,0.11442786069651742
14,12,1,1,0.005,0.5389596385541834,-1.0,,0.4597322519875195,1.12,
14,12,1,1,0.02,0.38539827436912605,1.84,,0.3516659507790194,1.84,
14,13,0,1,0.0,0.6447521329455764,-0.32,0.004975124378109453,0.47254784686786533,0.0,0.004975124378109453
14,13,0,1,0.005,0.5361585576285491,-0.36,,0.4562457258356893,0.0,
14,13,0,1,0.02,0.3476103756934321,-0.4,,0.35778037643640925,-1.64,
14,14,0,0,0.0,0.5175096497353319,0.32,0.004975124378109453,0.1394731334111766,1.08,0.004975124378109453
14,14,0,0,0.005,0.42258619236299144,0.28,,0.15348072793325718,1.08,
14,14,0,0,0.02,0.266658391456127,0.32,,0.1318664996853541,1.36,
14,15,1,1,0.0,0.5642642692225952,0.28,0.004975124378109453,0.5075228690766143,1.8,0.05970149253731343
14,15,1,1,0.005,0.4458299041036716,0.28,,0.49299420093448526,1.8,
14,15,1,1,0.02,0.31818350893430863,-0.72,,0.37905133820490194,1.52,
14,16,1,0,0.0,0.5253935806954115,1.32,0.04975124378109453,0.15709724302842618,-0.52,0.1691542288557214
14,16,1,0,0.005,0.43827940473713367,1.28,,0.16217386536291778,-0.52,
14,16,1,0,0.02,0.32024094156432714,1.32,,0.14986547361691666,-1.0,
14,17,0,1,0.0,0.5519169175635931,-0.8,0.004975124378109453,0.486440724787606,1.72,0.06467661691542288
14,17,0,1,0.005,0.44517893578380946,-0.8,,0.4671759759816888,1.72,
14,17,0,1,0.02,0.2979905423490745,-0.52,,0.3359479206686303,-0.52,
14,18,0,1,0.0,0.5400375210096939,0.6,0.004975124378109453,0.35127863501232787,1.04,0.07960199004975124
14,18,0,1,0.005,0.4568485386458056,0.6,,0.3512019624977619,1.04,
14,18,0,1,0.02,0.32746811884581145,-1.92,,0.3040738644501852,1.04,
14,19,1,0,0.0,0.5960067496757735,-1.24,0.004975124378109453,0.17522610570379912,-1.96,0.16417910447761194
14,19,1,0,0.005,0.47875118996488614,-1.8,,0.16947765923138916,-1.96,
14,19,1,0,0.02,0.3347000467541695,-1.84,,0.14658444422187117,-1.92,
14,20,1,0,0.0,0.47436928298975917,1.36,0.03980099502487562,0.22111414585599812,1.84,0.004975124378109453
14,20,1,0,0.005,0.390497367356745,1.32,,0.20108757118142553,1.84,
14,20,1,0,0.02,0.2509279400494095,1.28,,0.15381266655896406,-1.52,
14,21,0,0,0.0,0.5467945338281408,0.6,0.004975124378109453,0.14306163188782586,1.92,0.009950248756218905
14,21,0,0,0.005,0.47124359393933646,0.52,,0.12615716207284158,1.92,
14,21,0,0,0.02,0.37154247732039536,0.52,,0.0555600522701855,1.96,
14,22,0,0,0.0,0.5935349876806192,-2.0,0.03482587064676617,0.1675798533706383,-0.28,0.34328358208955223
14,22,0,0,0.005,0.5071100677630163,-2.0,,0.17230583288435172,-0.28,
14,22,0,0,0.02,0.40458457930813085,-2.0,,0.16503485738390458,-0.52,
14,23,1,1,0.0,0.5241602009914038,-0.08,0.004975124378109453,0.35935303593121193,-0.04,0.004975124378109453
14,23,1,1,0.005,0.4522566735922254,-0.04,,0.3362956038513234,-0.04,
14,23,1,1,0.02,0.3301240468723322,-1.4,,0.21094920862664404,-0.04,
14,24,1,1,0.0,0.5816592039975359,-0.96,0.004975124378109453,0.5701861728078231,-0.68,0.004975124378109453
14,24,1,1,0.005,0.5050605696792723,0.0,,0.5550731124330361,-0.68,
14,24,1,1,0.02,0.36638669183092215,0.0,,0.43063288952075585,-0.68,
14,25,1,1,0.0,0.5205220051334555,-0.8,0.004975124378109453,0.3549539575518395,0.28,0.0945273631840796
14,25,1,1,0.005,0.4793578784986935,0.16,,0.33496182217985165,0.28,
14,25,1,1,0.02,0.376081254242909,-2.0,,0.22595321453770803,0.56,
14,26,1,0,0.0,0.5658323734543725,-1.36,0.004975124378109453,0.10063141780712433,-1.2,0.6119402985074627
14,26,1,0,0.005,0.4861548501305687,-1.36,,0.12195346866763565,-1.2,
14,26,1,0,0.02,0.35516588933822085,-1.36,,0.14726088727758416,-1.4,
14,27,0,0,0.0,0.6042603584411191,-0.64,0.004975124378109453,0.10673431349038291,-0.96,0.3681592039800995
14,27,0,0,0.005,0.5063686502236079,-0.64,,0.10717052159259399,-0.96,
14,27,0,0,0.02,0.37065074894898004,-0.68,,0.11270942537955426,-1.2,
14,28,0,1,0.0,0.5942835156359771,0.52,0.004975124378109453,0.5641159385950163,1.12,0.004975124378109453
14,28,0,1,0.005,0.5120339833623254,1.48,,0.5465560497588344,1.12,
14,28,0,1,0.02,0.3992228643262454,1.48,,0.4179863865003628,-1.44,
14,29,1,0,0.0,0.5308734822258998,-0.96,0.004975124378109453,0.17002452097425763,-1.76,0.22885572139303484
14,29,1,0,0.005,0.45558319453546753,0.04,,0.16399984226898273,-1.76,
14,29,1,0,0.02,0.34404599235859595,0.0,,0.13980192731470256,-0.8,
14,30,1,1,0.0,0.5730141494494432,-0.64,0.004975124378109453,0.42872203469333514,0.76,0.04477611940298507
14,30,1,1,0.005,0.49991296916889,-0.64,,0.4290590826551422,0.76,
14,30,1,1,0.02,0.37029361824675266,-0.64,,0.3492120907213167,0.76,
14,31,0,1,0.0,0.6363805061678581,1.04,0.004975124378109453,0.47033305559279853,-0.64,0.004975124378109453
14,31,0,1,0.005,0.5198377731162941,1.04,,0.47495966074400237,-0.64,
14,31,0,1,0.02,0.3690995564728296,1.04,,0.42591861690509003,-0.64,
14,32,0,0,0.0,0.48949174663511374,-0.48,0.004975124378109453,0.23261727890539988,0.16,0.004975124378109453
14,32,0,0,0.005,0.4210777808150645,-0.52,,0.2283824374003294,0.16,
14,32,0,0,0.02,0.3280137689521267,0.0,,0.19670475736779044,0.16,
15,1,0,0,0.0,0.44581798409607615,-1.04,0.024875621890547265,0.1759743608318195,-2.0,0.0945273631840796
15,1,0,0,0.005,0.28469282074269,-1.28,,0.12900368655521793,-0.48,
15,1,0,0,0.02,0.09517245285294901,1.0,,0.0888127484639817,1.28,
15,2,0,0,0.0,0.15140372892872128,-2.0,0.7910447761194029,0.16866042598269432,1.16,0.05970149253731343
15,2,0,0,0.005,0.10196542824607531,0.44,,0.14379578191681422,0.32,
15,2,0,0,0.02,0.06108244663788306,-1.04,,0.10804835458320088,-0.24,
15,3,1,1,0.0,0.4756013617259535,0.92,0.004975124378109453,0.18396687736515244,-1.68,0.11442786069651742
15,3,1,1,0.005,0.3407887630100784,0.96,,0.192103028782603,-1.44,
15,3,1,1,0.02,0.1656903983633838,1.04,,0.16763597487501292,-1.4,
15,4,1,0,0.0,0.5693864967186711,-1.24,0.004975124378109453,0.17832742665570597,0.16,0.1791044776119403
15,4,1,0,0.005,0.48078728694994777,-1.24,,0.14522213939523557,0.16,
15,4,1,0,0.02,0.23838429660978103,0.4,,0.0884321850949786,0.6,
15,5,0,1,0.0,0.5141752589361573,-0.24,0.004975124378109453,0.1549360919527115,0.56,0.24875621890547264
15,5,0,1,0.005,0.4677881093184414,-0.24,,0.1245974008374524,-0.4,
15,5,0,1,0.02,0.2612216650900893,-0.28,,0.09293435921086303,1.2,
15,6,0,1,0.0,0.2674135584558491,-0.04,0.17412935323383086,0.18551325668988342,1.84,0.06467661691542288
15,6,0,1,0.005,0.11793258191132382,-0.12,,0.1747893148149769,1.88,
15,6,0,1,0.02,0.08628763066403947,0.12,,0.12310132306244524,1.92,
15,7,1,1,0.0,0.5209425355837379,-0.52,0.004975124378109453,0.12785445199791054,-1.8,0.07462686567164178
15,7,1,1,0.005,0.3702836766690254,-1.72,,0.1344005503129858,0.28,
15,7,1,1,0.02,0.18758734061519564,-1.72,,0.11659704423607913,-0.48,
15,8,1,0,0.0,0.5478996862383776,1.32,0.03482587064676617,0.19930405999758447,1.08,0.05970149253731343
15,8,1,0,0.005,0.39645674864741715,1.28,,0.17052591062836595,1.08,
15,8,1,0,0.02,0.2610929922991812,-0.48,,0.10554304908580671,1.56,
15,9,1,0,0.0,0.47144300613424167,1.16,0.05970149253731343,0.1591613562953452,0.16,0.07960199004975124
15,9,1,0,0.005,0.360896395570239,1.2,,0.175275184103659,0.12,
15,9,1,0,0.02,0.18996357534753278,1.2,,0.16773380064178842,0.12,
15,10,1,0,0.0,0.5668096826164898,-1.96,0.004975124378109453,0.157513929579518,0.32,0.029850746268656716
15,10,1,0,0.005,0.4590928602145084,-2.0,,0.1525887729500078,0.28,
15,10,1,0,0.02,0.27249887545793666,-2.0,,0.11825151829116026,-0.04,
15,11,0,1,0.0,0.4690931248839991,-1.6,0.004975124378109453,0.1460931769189168,2.0,0.24875621890547264
15,11,0,1,0.005,0.36567044074612215,-1.6,,0.13461570307631912,2.0,
15,11,0,1,0.02,0.17470894732000306,-1.6,,0.11538123616673146,1.84,
15,12,0,1,0.0,0.5229569845349051,1.08,0.024875621890547265,0.21684629761230437,1.0,0.07462686567164178
15,12,0,1,0.005,0.44811817876308496,1.12,,0.19863147636125392,1.04,
15,12,0,1,0.02,0.33197541219620375,1.16,,0.11839760387200322,0.2,
15,13,1,1,0.0,0.5739404828897028,-0.72,0.004975124378109453,0.19449268720326074,-1.84,0.06965174129353234
15,13,1,1,0.005,0.4530048184000225,1.6,,0.17627433433714212,1.08,
15,13,1,1,0.02,0.3243102707679504,1.6,,0.15026719104111613,1.32,
15,14,1,1,0.0,0.4764017063772765,-1.16,0.009950248756218905,0.1412933714480856,-0.8,0.15422885572139303
15,14,1,1,0.005,0.38972547694127363,-1.04,,0.10758563595498519,-0.76,
15,14,1,1,0.02,0.2624366379773949,-1.04,,0.12957249835994145,1.12,
15,15,0,0,0.0,0.3931070058563273,-1.48,0.1890547263681592,0.07099913254080886,-1.84,0.8905472636815921
15,15,0,0,0.005,0.262878591083006,-1.44,,0.049297081181006085,0.4,
15,15,0,0,0.02,0.15159191850987067,-0.28,,0.07334596090511626,0.4,
15,16,0,0,0.0,0.3922807027165682,-1.4,0.004975124378109453,0.16870535986928567,0.8,0.0845771144278607
15,16,0,0,0.005,0.29967049443298643,0.44,,0.1815660305274832,0.8,
15,16,0,0,0.02,0.14756473143086118,0.4,,0.11735512222492679,0.76,
15,17,1,1,0.0,0.5010409579208923,0.52,0.004975124378109453,0.1808930798614148,0.6,0.208955223880597
15,17,1,1,0.005,0.4037372625078934,0.44,,0.162010433942522,0.64,
15,17,1,1,0.02,0.2706620632183303,0.44,,0.12780322373039973,-1.08,
15,18,1,1,0.0,0.49371817817061087,0.36,0.01990049751243781,0.11798348218907143,0.24,0.3283582089552239
15,18,1,1,0.005,0.4009757496189753,-0.16,,0.13911906930737233,0.2,
15,18,1,1,0.02,0.25063987024185147,-0.16,,0.1494879184595473,0.2,
15,19,0,1,0.0,0.48139148685201527,0.52,0.004975124378109453,0.14166421058410703,0.84,0.4427860696517413
15,19,0,1,0.005,0.3581382959769473,0.52,,0.14925693647683672,-2.0,
15,19,0,1,0.02,0.21001285951978635,1.52,,0.17430860617465269,-1.44,
15,20,0,1,0.0,0.4676095716541538,0.92,0.04477611940298507,0.1649943001918985,-1.68,0.07960199004975124
15,20,0,1,0.005,0.35517716534024024,1.12,,0.14826613693646556,-1.68,
15,20,0,1,0.02,0.2296288844560507,0.84,,0.1002514539065975,0.72,
15,21,1,0,0.0,0.5275336179347051,0.08,0.004975124378109453,0.24926411745138496,-0.48,0.004975124378109453
15,21,1,0,0.005,0.42183728958171407,0.16,,0.24551319890515094,-0.48,
15,21,1,0,0.02,0.2696517971080578,0.16,,0.18108655866151158,-0.72,
15,22,1,0,0.0,0.46806981512818513,0.08,0.014925373134328358,0.14578291919141625,-1.68,0.31343283582089554
15,22,1,0,0.005,0.38457776800036436,2.0,,0.14020073928054314,0.52,
15,22,1,0,0.02,0.2801906394103764,0.4,,0.1170283071368514,0.48,
15,23,0,0,0.0,0.5395132060445164,-0.76,0.004975124378109453,0.1442567247370566,1.72,0.13930348258706468
15,23,0,0,0.005,0.4652136491818485,-0.8,,0.15944699290822065,2.0,
15,23,0,0,0.02,0.31439423328206667,-0.8,,0.16017040130263502,1.96,
15,24,0,0,0.0,0.4425011019753929,0.24,0.004975124378109453,0.08222120461280545,1.16,0.681592039800995
15,24,0,0,0.005,0.366259470373942,-0.8,,0.074766668392193,1.2,
15,24,0,0,0.02,0.2962521203396008,-0.84,,0.09454087376639493,-2.0,
15,25,1,0,0.0,0.5099022036895418,1.16,0.01990049751243781,0.12731153699980716,1.96,0.08955223880597014
15,25,1,0,0.005,0.39294969422041376,1.2,,0.1356975582363779,1.96,
15,25,1,0,0.02,0.27032640189328316,1.24,,0.1269516577596179,1.92,
15,26,1,0,0.0,0.6167168497761247,-0.4,0.004975124378109453,0.17695110729762437,1.92,0.10945273631840796
15,26,1,0,0.005,0.47702760658438265,-1.56,,0.16725107754730392,1.92,
15,26,1,0,0.02,0.3095821269334062,-1.56,,0.12657539697730202,-1.96,
15,27,0,1,0.0,0.4431712843084473,-0.32,0.004975124378109453,0.18601974755512357,-0.8,0.014925373134328358
15,27,0,1,0.005,0.3458702720807263,-0.68,,0.17717005113784018,-0.84,
15,27,0,1,0.02,0.23351890013054383,-1.44,,0.1535942078243595,-0.6,
15,28,0,0,0.0,0.6216680754004601,0.08,0.004975124378109453,0.16865046127165131,-0.12,0.20398009950248755
15,28,0,0,0.005,0.5483328429810872,0.08,,0.16199399299188694,0.4,
15,28,0,0,0.02,0.43475911344192764,-1.76,,0.11941857651443788,1.92,
15,29,1,1,0.0,0.49156558548621293,0.6,0.10945273631840796,0.21925263909406237,-1.8,0.0845771144278607
15,29,1,1,0.005,0.41791208548340397,0.76,,0.1951528876693118,-1.8,
15,29,1,1,0.02,0.3112404302547786,0.8,,0.17525192575711357,0.4,
15,30,1,1,0.0,0.5362477990535723,0.28,0.004975124378109453,0.23362406008799713,-0.48,0.004975124378109453
15,30,1,1,0.005,0.4456899741723849,0.28,,0.21962276038052572,-0.48,
15,30,1,1,0.02,0.29234043949928895,0.32,,0.13645509526339744,-0.48,
15,31,0,0,0.0,0.3848621251655162,0.96,0.5572139303482587,0.16348573407757183,-1.24,0.029850746268656716
15,31,0,0,0.005,0.3312813855513844,-0.04,,0.1650084107560827,-1.24,
15,31,0,0,0.02,0.22155555549920594,0.0,,0.13085639210652383,-1.24,
15,32,0,1,0.0,0.4582117600730302,-0.6,0.004975124378109453,0.17271112151707238,-1.36,0.10945273631840796
15,32,0,1,0.005,0.3458268729708374,-0.8,,0.16162836484793877,-0.12,
15,32,0,1,0.02,0.20591458104027455,-0.8,,0.12468350925124212,-0.16,
16,1,1,0,0.0,0.5216676233258889,1.88,0.004975124378109453,0.26676400997989946,1.6,0.004975124378109453
16,1,1,0,0.005,0.39014985180849976,1.8,,0.169793307020999,1.6,
16,1,1,0,0.02,0.1353509755338148,1.92,,0.1156134508116018,0.04,
16,2,1,0,0.0,0.398796269866086,0.6,0.09950248756218906,0.2880125963574061,1.96,0.06467661691542288
16,2,1,0,0.005,0.2962059969072769,0.48,,0.2400063449150233,2.0,
16,2,1,0,0.02,0.15154121430175846,-1.72,,0.125144898848131,1.8,
16,3,0,1,0.0,0.5973384683424073,0.76,0.004975124378109453,0.1035451325810201,-0.44,0.42786069651741293
16,3,0,1,0.005,0.4788705938145606,0.68,,0.07884781359971348,2.0,
16,3,0,1,0.02,0.18150356539605245,0.64,,0.10519960816491135,1.56,
16,4,0,0,0.0,0.28646254293231177,-1.8,0.13432835820895522,0.14240115487764252,-0.64,0.5522388059701493
16,4,0,0,0.005,0.19826036292556992,-1.8,,0.08880187562654089,-1.64,
16,4,0,0,0.02,0.07000463848939951,-1.2,,0.11553000113550022,-0.04,
16,5,1,1,0.0,0.5514153508805067,1.16,0.004975124378109453,0.44417782691991736,0.96,0.004975124378109453
16,5,1,1,0.005,0.47188942614696067,1.12,,0.38484669799592786,0.72,
16,5,1,1,0.02,0.2479703704806954,-0.56,,0.19809092267288908,-1.24,
16,6,1,1,0.0,0.49209036789726407,-0.52,0.004975124378109453,0.7583279759187885,-0.6,0.004975124378109453
16,6,1,1,0.005,0.4171440050967402,-0.48,,0.724695854681946,-0.6,
16,6,1,1,0.02,0.22267116380480778,-0.52,,0.44544472694278425,1.56,
16,7,0,1,0.0,0.32483464296946657,1.52,0.39800995024875624,0.5903425761982969,1.0,0.03482587064676617
16,7,0,1,0.005,0.18274023410530432,-2.0,,0.5539937776841597,0.48,
16,7,0,1,0.02,0.08963552902675011,1.2,,0.3194497696406258,0.72,
16,8,0,0,0.0,0.5202258358884321,1.68,0.15422885572139303,0.14697490406521616,1.68,0.40298507462686567
16,8,0,0,0.005,0.4406479207862744,0.8,,0.14232735740233762,1.68,
16,8,0,0,0.02,0.2878527834034291,1.52,,0.10437214143774166,-1.88,
16,9,0,0,0.0,0.35940451152859654,2.0,0.20398009950248755,0.16819175754907387,0.4,0.0845771144278607
16,9,0,0,0.005,0.34124518523414443,2.0,,0.14080063504454426,0.76,
16,9,0,0,0.02,0.20217005188218143,2.0,,0.15359813933926653,0.04,
16,10,0,0,0.0,0.46689663963444955,0.44,0.01990049751243781,0.17557870203513692,1.48,0.004975124378109453
16,10,0,0,0.005,0.4086318634966572,0.36,,0.1678879289487154,1.76,
16,10,0,0,0.02,0.2636769301324154,0.28,,0.11863688024967815,1.8,
16,11,1,0,0.0,0.3872009282636981,-1.56,0.2935323383084577,0.23753006086681605,1.0,0.17412935323383086
16,11,1,0,0.005,0.3320385153721854,-1.56,,0.22283422968594555,1.0,
16,11,1,0,0.02,0.19503518892722188,-1.44,,0.16095900404973149,0.48,
16,12,1,1,0.0,0.5852684057167059,1.36,0.004975124378109453,0.19932115518611201,-0.12,0.14925373134328357
16,12,1,1,0.005,0.5433634733077035,1.36,,0.1440141676007248,-0.12,
16,12,1,1,0.02,0.3962707218898608,1.4,,0.1304080128537352,-1.76,
16,13,0,1,0.0,0.5225076382887668,1.12,0.004975124378109453,0.268587896639413,0.52,0.004975124378109453
16,13,0,1,0.005,0.41795779403775357,1.04,,0.2588461085315701,0.76,
16,13,0,1,0.02,0.18585267119499463,1.04,,0.1532929839817497,0.72,
16,14,0,1,0.0,0.530600220141544,0.36,0.004975124378109453,0.25284433075779916,-1.08,0.01990049751243781
16,14,0,1,0.005,0.4184084542746318,0.36,,0.22986559033468892,-1.08,
16,14,0,1,0.02,0.19576531085190885,0.2,,0.1655498980730072,1.2,
16,15,1,1,0.0,0.559138306267906,0.4,0.004975124378109453,0.5378569959705619,0.52,0.004975124378109453
16,15,1,1,0.005,0.515935516297272,0.4,,0.5146924839789557,0.52,
16,15,1,1,0.02,0.38415950016365746,0.36,,0.3551319627102244,0.52,
16,16,1,0,0.0,0.42310069338375544,0.64,0.004975124378109453,0.31303524673445515,-0.76,0.024875621890547265
16,16,1,0,0.005,0.3699254308815962,0.68,,0.2763206112723649,-0.48,
16,16,1,0,0.02,0.27452211883414895,-1.4,,0.13188224608538837,-1.56,
16,17,1,0,0.0,0.44721156248867033,1.64,0.12935323383084577,0.16653719687261292,-1.96,0.10945273631840796
16,17,1,0,0.005,0.33974872665887146,0.28,,0.17294031944820434,-1.96,
16,17,1,0,0.02,0.23050154761797173,-0.48,,0.13130138871006805,-1.96,
16,18,1,1,0.0,0.6071247979142399,-0.16,0.004975124378109453,0.11905417522778522,1.24,0.34328358208955223
16,18,1,1,0.005,0.5119242205506132,-0.32,,0.11197150030771084,1.28,
16,18,1,1,0.02,0.29903137998749707,-0.36,,0.10978056683998076,-0.08,
16,19,0,1,0.0,0.4875681071319353,0.48,0.004975124378109453,0.06549548647652674,-0.88,0.9502487562189055
16,19,0,1,0.005,0.3855769010386246,-0.56,,0.0769510946424348,0.48,
16,19,0,1,0.02,0.1596072015492084,-1.48,,0.10702587010015548,0.44,
16,20,0,1,0.0,0.4318574868843801,-0.16,0.10945273631840796,0.4621611828477266,1.2,0.004975124378109453
16,20,0,1,0.005,0.38144911420613636,-0.12,,0.44776341456066204,1.2,
16,20,0,1,0.02,0.27931167735560136,-0.08,,0.29298536079189286,1.2,
16,21,1,0,0.0,0.5034299631922676,-1.68,0.004975124378109453,0.2030824050696071,1.92,0.004975124378109453
16,21,1,0,0.005,0.4346276806874161,-1.72,,0.18977086783859984,1.92,
16,21,1,0,0.02,0.3175660101583131,-1.8,,0.14529554624375035,1.16,
16,22,1,1,0.0,0.5882029018911321,-0.36,0.004975124378109453,0.38462834188802447,0.6,0.004975124378109453
16,22,1,1,0.005,0.5394191761127498,-0.36,,0.3883969810237711,0.6,
16,22,1,1,0.02,0.3932221079103427,-0.4,,0.32321557429372727,-0.92,
16,23,0,0,0.0,0.5468358350767472,1.72,0.004975124378109453,0.10977237198359899,-0.56,0.32338308457711445
16,23,0,0,0.005,0.4220721088005143,1.72,,0.11994479094644388,-0.52,
16,23,0,0,0.02,0.19243778047992466,1.24,,0.09452930990211138,-0.52,
16,24,0,0,0.0,0.49482629657615357,1.0,0.004975124378109453,0.19612386484157088,-1.88,0.38308457711442784
16,24,0,0,0.005,0.42308271875205844,1.04,,0.1929998807653758,-1.88,
16,24,0,0,0.02,0.25012418271046943,1.04,,0.12283805424389475,-1.64,
16,25,0,0,0.0,0.3945821608026439,1.48,0.06965174129353234,0.14930400370687594,-1.56,0.004975124378109453
16,25,0,0,0.005,0.32567017790387964,1.72,,0.1505210844714758,-1.56,
16,25,0,0,0.02,0.18133337723136986,1.72,,0.09758679907277493,1.84,
16,26,0,1,0.0,0.5349511237382142,-1.16,0.004975124378109453,0.43609747588771164,-0.64,0.10945273631840796
16,26,0,1,0.005,0.4603892263016749,-2.0,,0.43072459771604604,-0.64,
16,26,0,1,0.02,0.32256547422066795,-1.32,,0.32703303313578364,-0.6,
16,27,1,0,0.0,0.5006510363962459,1.48,0.0945273631840796,0.1292866718035605,-1.92,0.3582089552238806
16,27,1,0,0.005,0.4393148092793154,0.44,,0.128679172532908,-1.92,
16,27,1,0,0.02,0.3275831637478945,0.48,,0.11280744769709486,-1.64,
16,28,1,1,0.0,0.48857895598469625,-1.24,0.09950248756218906,0.4085003445333589,1.56,0.004975124378109453
16,28,1,1,0.005,0.4213118928149442,-1.24,,0.40165244327501803,0.6,
16,28,1,1,0.02,0.29833538794135656,-1.24,,0.3541600897795312,0.6,
16,29,0,1,0.0,0.38244408211559283,1.32,0.26865671641791045,0.10068627185156122,0.72,0.6368159203980099
16,29,0,1,0.005,0.3465974733448677,1.28,,0.08617340260236694,0.48,
16,29,0,1,0.02,0.2537432986063298,1.32,,0.08895943237171847,1.88,
16,30,0,0,0.0,0.4281050202977731,-1.72,0.01990049751243781,0.1466893972274849,-0.24,0.43283582089552236
16,30,0,0,0.005,0.36783959754914153,-1.72,,0.14347870555074022,-0.24,
16,30,0,0,0.02,0.22657771589269038,-1.72,,0.13290061487115634,-0.52,
16,31,1,0,0.0,0.518774336376574,-1.92,0.024875621890547265,0.20925215316055085,-2.0,0.3034825870646766
16,31,1,0,0.005,0.45489832285040266,-1.88,,0.18480736364696435,-1.72,
16,31,1,0,0.02,0.31420300046976435,-1.8,,0.1644633270483065,1.24,
16,32,1,1,0.0,0.5533887225655666,-0.04,0.004975124378109453,0.29143827529594546,-0.48,0.004975124378109453
16,32,1,1,0.005,0.4657144442474515,-0.08,,0.28584754641729904,-0.48,
16,32,1,1,0.02,0.30954562935499746,-0.08,,0.22419484773299914,-0.72,
17,1,1,1,0.0,0.6842169639199173,0.4,0.004975124378109453,0.6374989618716023,-0.56,0.004975124378109453
17,1,1,1,0.005,0.6299681887429915,0.4,,0.5420104377051852,0.44,
17,1,1,1,0.02,0.42445881683914793,0.4,,0.274771457465084,1.4,
17,2,1,0,0.0,0.6549913338618475,-0.28,0.004975124378109453,0.1684970060721356,-2.0,0.21890547263681592
17,2,1,0,0.005,0.6059504813553176,-0.28,,0.190043893695219,-2.0,
17,2,1,0,0.02,0.4523704702971106,-0.32,,0.1865066804192354,-1.8,
17,3,0,0,0.0,0.5676570666250543,2.0,0.01990049751243781,0.08817202570856822,1.52,0.08955223880597014
17,3,0,0,0.005,0.5300143572210261,2.0,,0.09471754768202761,1.8,
17,3,0,0,0.02,0.40487333050844554,1.92,,0.12765770565343196,1.84,
17,4,0,1,0.0,0.6477911125982855,0.76,0.004975124378109453,0.6858923720862914,-1.28,0.05970149253731343
17,4,0,1,0.005,0.601983989648386,-0.32,,0.6670648819897235,-1.28,
17,4,0,1,0.02,0.498862021155265,-0.36,,0.49637256848356504,1.76,
17,5,1,1,0.0,0.4166386883064475,-1.24,0.3333333333333333,0.5491741640320652,1.04,0.004975124378109453
17,5,1,1,0.005,0.34613810900807473,-1.2,,0.5075448297390414,1.04,
17,5,1,1,0.02,0.22167374555175745,-1.16,,0.289022485859683,-0.04,
17,6,1,0,0.0,0.528317050552541,-2.0,0.20398009950248755,0.14894353971754692,1.6,0.14925373134328357
17,6,1,0,0.005,0.4821160998929083,-2.0,,0.14257074165661052,1.6,
17,6,1,0,0.02,0.3927004286158631,-2.0,,0.09857115446168781,1.32,
17,7,0,1,0.0,0.5838637398898867,-0.96,0.004975124378109453,0.5766737029137688,0.28,0.004975124378109453
17,7,0,1,0.005,0.5219047340362932,-0.96,,0.5723685916568029,0.28,
17,7,0,1,0.02,0.41047282711938915,-0.92,,0.44539998575005046,0.28,
17,8,0,0,0.0,0.5710048037850369,-0.52,0.014925373134328358,0.09371607614851961,1.92,0.4228855721393035
17,8,0,0,0.005,0.5143849211279852,-1.24,,0.10703558707723432,-1.68,
17,8,0,0,0.02,0.42998693753717976,-1.28,,0.12549698151925498,-1.44,
17,9,1,1,0.0,0.6232175189945187,-0.76,0.004975124378109453,0.7558566137845567,0.6,0.004975124378109453
17,9,1,1,0.005,0.5773840194652308,0.28,,0.7256061261644854,0.8,
17,9,1,1,0.02,0.4361621428217329,0.28,,0.5257349510857625,-1.04,
17,10,1,0,0.0,0.5512597684952081,-1.32,0.04477611940298507,0.34237763374221347,-0.8,0.004975124378109453
17,10,1,0,0.005,0.48189901420139436,-0.16,,0.3423047527643203,-0.8,
17,10,1,0,0.02,0.35157157538035017,-0.16,,0.28707917451064385,-0.76,
17,11,0,0,0.0,0.396153822256465,-1.32,0.2885572139303483,0.07952773717301297,-2.0,0.6069651741293532
17,11,0,0,0.005,0.3420363469734037,-1.32,,0.07854900894547466,-0.56,
17,11,0,0,0.02,0.2542644709355507,-1.32,,0.12609867326670937,-0.36,
17,12,0,0,0.0,0.56081124587537,-1.6,0.04477611940298507,0.16569928277329218,1.32,0.24875621890547264
17,12,0,0,0.005,0.5201523601537985,-1.6,,0.1783710200097726,1.56,
17,12,0,0,0.02,0.40213659945288405,-1.64,,0.1669738122276479,0.4,
17,13,1,1,0.0,0.547941643599888,-0.96,0.03980099502487562,0.7234456913747169,-0.28,0.004975124378109453
17,13,1,1,0.005,0.498989479359873,-0.92,,0.707568814869826,-0.28,
17,13,1,1,0.02,0.3933517922765471,-1.12,,0.526407462967778,-0.56,
17,14,1,0,0.0,0.4608598537664433,-1.6,0.12437810945273632,0.20693335181358374,-1.8,0.004975124378109453
17,14,1,0,0.005,0.4185023233320849,-1.64,,0.1981437046009197,-1.8,
17,14,1,0,0.02,0.33899696944521107,-1.68,,0.1508550063015976,-2.0,
17,15,0,1,0.0,0.5870034662262704,-0.56,0.004975124378109453,0.5947041878295067,-0.08,0.03980099502487562
17,15,0,1,0.005,0.5357897212303194,-0.6,,0.5975207902694052,-0.08,
17,15,0,1,0.02,0.4211082268213491,-0.6,,0.5177732818971107,-0.08,
17,16,0,1,0.0,0.4266101507350396,-0.72,0.3034825870646766,0.4405405387149114,-1.96,0.13432835820895522
17,16,0,1,0.005,0.3615511839698178,-0.72,,0.4196478355667011,-1.96,
17,16,0,1,0.02,0.252197985925922,-0.72,,0.3127031905199569,-1.2,
17,17,0,1,0.0,0.6257240911978206,-0.04,0.004975124378109453,0.6576432874346382,-2.0,0.05472636815920398
17,17,0,1,0.005,0.5884183230113381,-1.08,,0.5924782706108602,-2.0,
17,17,0,1,0.02,0.48278956916917526,-1.0,,0.35009595340234073,-0.16,
17,18,0,0,0.0,0.4843471802897008,-0.12,0.30845771144278605,0.17893111584246602,1.84,0.1044776119402985
17,18,0,0,0.005,0.43588891031185945,1.04,,0.12113522156635563,1.84,
17,18,0,0,0.02,0.35265940455909633,1.08,,0.07239114872972925,-0.2,
17,19,1,0,0.0,0.36892267685466995,-0.88,0.6666666666666666,0.3189273823727411,-0.28,0.004975124378109453
17,19,1,0,0.005,0.3381722703034225,-1.04,,0.3165101547895414,-0.28,
17,19,1,0,0.02,0.27698350828676266,-0.92,,0.267002160990955,0.76,
17,20,1,1,0.0,0.44188669790731266,-1.84,0.43283582089552236,0.6338568009738187,-0.08,0.004975124378109453
17,20,1,1,0.005,0.3846882377081492,-1.88,,0.6148915076601935,-0.08,
17,20,1,1,0.02,0.29802620600205393,-1.96,,0.4436718971094957,-0.08,
17,21,0,0,0.0,0.5670246340067503,-0.52,0.029850746268656716,0.21902807103670183,-0.68,0.11442786069651742
17,21,0,0,0.005,0.5173700983118706,-1.72,,0.21077012193546496,0.6,
17,21,0,0,0.02,0.38932408959644316,-0.64,,0.1689252033023706,0.6,
17,22,0,1,0.0,0.4970056573440706,-1.48,0.19402985074626866,0.5423093137541157,-1.52,0.05472636815920398
17,22,0,1,0.005,0.4562985200126387,-1.52,,0.5249016639072267,-1.52,
17,22,0,1,0.02,0.3505666412913153,-1.48,,0.35010010146864456,-1.52,
17,23,1,0,0.0,0.48438269559824426,-1.84,0.4129353233830846,0.2131969191527414,1.52,0.014925373134328358
17,23,1,0,0.005,0.43283392334917176,-1.84,,0.2033104356369822,1.52,
17,23,1,0,0.02,0.359489868190478,0.24,,0.14783605489320314,1.52,
17,24,1,1,0.0,0.4279526278761815,-0.44,0.1691542288557214,0.6202780601105317,-0.64,0.009950248756218905
17,24,1,1,0.005,0.3696956884577005,-0.4,,0.6040564530668262,-0.64,
17,24,1,1,0.02,0.2995114289734684,-0.4,,0.4369922576976266,-0.64,
17,25,0,1,0.0,0.40985492781795363,-1.04,0.5323383084577115,0.3679523672246603,0.32,0.1890547263681592
17,25,0,1,0.005,0.35870772774957427,-1.04,,0.35879538410351763,-1.84,
17,25,0,1,0.02,0.2474230203053288,-1.12,,0.2260972891918691,-1.6,
17,26,0,0,0.0,0.49281403979718846,-2.0,0.3681592039800995,0.2310793339809401,-1.04,0.004975124378109453
17,26,0,0,0.005,0.4296085133104944,-2.0,,0.2383542455462251,-1.04,
17,26,0,0,0.02,0.3154180070601782,-2.0,,0.19352012759686732,-1.32,
17,27,1,1,0.0,0.40877521757459206,-0.84,0.34328358208955223,0.6478135951018346,-0.6,0.004975124378109453
17,27,1,1,0.005,0.3585102321283227,-0.88,,0.6139420108802528,-0.6,
17,27,1,1,0.02,0.27483806430484253,-0.88,,0.3642232350407134,-1.36,
17,28,1,0,0.0,0.5932769354359004,-0.84,0.004975124378109453,0.15278609790587253,1.08,0.22885572139303484
17,28,1,0,0.005,0.5561583417960746,-0.84,,0.14438643624336214,-0.96,
17,28,1,0,0.02,0.46474554899069775,-0.84,,0.10896845457411136,-2.0,
17,29,0,1,0.0,0.5141050787995324,-1.92,0.004975124378109453,0.5251351701399454,-1.88,0.1791044776119403
17,29,0,1,0.005,0.46177982950990987,-1.96,,0.4967235648063486,-1.88,
17,29,0,1,0.02,0.35129116631497814,-1.92,,0.2662137386104537,0.12,
17,30,0,0,0.0,0.4342405138066959,-1.04,0.46766169154228854,0.16390576571418128,-0.08,0.13432835820895522
17,30,0,0,0.005,0.37539777883452136,-1.0,,0.1578905744603292,-0.12,
17,30,0,0,0.02,0.2951257116321992,-1.04,,0.11973193775563348,-0.12,
17,31,1,1,0.0,0.5991447542973074,-1.36,0.004975124378109453,0.7450978697356613,-1.04,0.004975124378109453
17,31,1,1,0.005,0.5238126895539161,-1.56,,0.7441691791264027,0.36,
17,31,1,1,0.02,0.3702812913596605,-1.8,,0.6354661872756099,0.36,
17,32,1,0,0.0,0.5272175574694691,-1.2,0.004975124378109453,0.16901937698252703,0.68,0.08955223880597014
17,32,1,0,0.005,0.4863987491829984,-1.2,,0.17152299967556872,0.68,
17,32,1,0,0.02,0.3827506303975804,-1.2,,0.1534961867420701,-1.04,
18,1,0,1,0.0,0.5852483352252102,-1.08,0.004975124378109453,0.2928930325318383,1.96,0.18407960199004975
18,1,0,1,0.005,0.5232003921500665,-1.12,,0.24000444739954865,1.96,
18,1,0,1,0.02,0.2904789589967421,-1.12,,0.13352973375174645,-0.4,
18,2,0,1,0.0,0.5759038475191791,-0.72,0.004975124378109453,0.3575071009149706,0.6,0.004975124378109453
18,2,0,1,0.005,0.5123787209222729,-0.72,,0.2996689340194659,0.6,
18,2,0,1,0.02,0.3202575067192928,-1.64,,0.17071704272556126,1.28,
18,3,1,0,0.0,0.5001346751448725,-1.24,0.21890547263681592,0.21451863467504304,1.4,0.1890547263681592
18,3,1,0,0.005,0.4575101272138757,-1.24,,0.20145876663468135,1.4,
18,3,1,0,0.02,0.25819799388818027,-1.2,,0.11094370592759246,1.24,
18,4,1,1,0.0,0.6094402202430164,-1.24,0.05970149253731343,0.5613957699622492,0.88,0.004975124378109453
18,4,1,1,0.005,0.549400322564555,-1.28,,0.5240393550138032,1.12,
18,4,1,1,0.02,0.2941048426957216,0.56,,0.2542260396469283,1.12,
18,5,0,0,0.0,0.5499551707894382,0.76,0.004975124378109453,0.23244202757308893,1.04,0.1044776119402985
18,5,0,0,0.005,0.4908251808188894,0.72,,0.2148905500347905,0.24,
18,5,0,0,0.02,0.2926213999227239,0.68,,0.0948561576423562,-1.4,
18,6,0,0,0.0,0.5309476659045277,-1.16,0.004975124378109453,0.1878855262233278,-1.12,0.004975124378109453
18,6,0,0,0.005,0.41507717721478615,-1.08,,0.18237547114464417,-1.12,
18,6,0,0,0.02,0.2002361737877808,-1.12,,0.12123045699976746,-1.16,
18,7,1,1,0.0,0.42935406873556187,-2.0,0.23880597014925373,0.24140787087244372,0.96,0.11442786069651742
18,7,1,1,0.005,0.367089843332639,-2.0,,0.23013783815446717,0.96,
18,7,1,1,0.02,0.2246818663108576,-1.6,,0.1640921107909547,1.0,
18,8,1,0,0.0,0.4579627269386613,-1.12,0.0945273631840796,0.31791735945309496,1.36,0.004975124378109453
18,8,1,0,0.005,0.42846453448583693,-1.08,,0.31586186978731284,1.36,
18,8,1,0,0.02,0.28940605433590927,-1.08,,0.18421659405593918,1.36,
18,9,1,0,0.0,0.5197050242282971,-1.16,0.004975124378109453,0.1837048743410395,-1.24,0.004975124378109453
18,9,1,0,0.005,0.45472618866145414,-1.12,,0.1455498080602802,-1.24,
18,9,1,0,0.02,0.3032306691457556,-0.48,,0.10025607087672413,0.28,
18,10,1,1,0.0,0.6298286562784382,-1.08,0.004975124378109453,0.19643270171650293,-1.72,0.4129353233830846
18,10,1,1,0.005,0.5662195885824013,-1.08,,0.20184034019508426,-2.0,
18,10,1,1,0.02,0.42773652529294265,-1.08,,0.16880220938625165,-1.76,
18,11,0,1,0.0,0.5842927772937553,-1.76,0.004975124378109453,0.23661467678692208,-1.8,0.004975124378109453
18,11,0,1,0.005,0.5223631902740744,-1.8,,0.2298802640552609,-1.8,
18,11,0,1,0.02,0.35857963234367163,-1.68,,0.16341692239518626,-2.0,
18,12,0,0,0.0,0.5429441924150703,-1.32,0.04975124378109453,0.19620799824914192,-0.48,0.2736318407960199
18,12,0,0,0.005,0.5082505109849911,-1.4,,0.19664610133648056,-0.48,
18,12,0,0,0.02,0.35758489832988744,-1.4,,0.143793604963081,-0.48,
18,13,1,0,0.0,0.5282766377603145,0.4,0.06467661691542288,0.2763724500931524,-0.44,0.1044776119402985
18,13,1,0,0.005,0.499717195018418,0.44,,0.25371173920925555,-0.44,
18,13,1,0,0.02,0.3769221634986459,0.48,,0.175824481403304,1.8,
18,14,1,1,0.0,0.5459365399169889,0.32,0.004975124378109453,0.30380729171106197,0.6,0.21890547263681592
18,14,1,1,0.005,0.4974884021883875,1.4,,0.3018480957694536,0.6,
18,14,1,1,0.02,0.36132959939694725,1.36,,0.25527285365538344,1.6,
18,15,0,1,0.0,0.42496804413492634,-1.6,0.004975124378109453,0.1503353269930009,1.84,0.30845771144278605
18,15,0,1,0.005,0.35974018151273107,1.0,,0.1331919751255885,0.92,
18,15,0,1,0.02,0.2566062460969404,-0.64,,0.07981355444781338,0.92,
18,16,0,0,0.0,0.5863887813766465,-0.48,0.004975124378109453,0.22865728580627648,-0.64,0.004975124378109453
18,16,0,0,0.005,0.5236439562039825,-0.4,,0.2121588421275112,-0.88,
18,16,0,0,0.02,0.3593794862833065,-1.24,,0.14565269477025428,1.96,
18,17,1,0,0.0,0.4934261855598378,-1.36,0.004975124378109453,0.15131976454218637,-1.76,0.004975124378109453
18,17,1,0,0.005,0.4453034427168307,-1.36,,0.1704037755135281,-1.76,
18,17,1,0,0.02,0.3071860171459724,-1.32,,0.1426473300699769,-1.76,
18,18,1,1,0.0,0.5100779545043741,-0.84,0.08955223880597014,0.39560923836162204,0.92,0.004975124378109453
18,18,1,1,0.005,0.5006626894012081,0.08,,0.3828488650473581,0.92,
18,18,1,1,0.02,0.411045557766724,0.08,,0.24049265643332854,-1.2,
18,19,0,1,0.0,0.621634987739669,-0.32,0.004975124378109453,0.26753151273385406,-1.56,0.43283582089552236
18,19,0,1,0.005,0.5626115601530445,-0.32,,0.25186187345518785,-1.36,
18,19,0,1,0.02,0.4010116464795139,-0.32,,0.18731879683583144,-1.36,
18,20,0,0,0.0,0.4650848152234036,-1.76,0.04975124378109453,0.08926270848255131,-0.6,0.14925373134328357
18,20,0,0,0.005,0.40597293298399934,-1.8,,0.11548149235807585,-0.64,
18,20,0,0,0.02,0.2781971686009669,-1.76,,0.12200042537698688,-0.68,
18,21,1,1,0.0,0.5576878118922864,1.24,0.004975124378109453,0.162918750566096,1.2,0.5920398009950248
18,21,1,1,0.005,0.4802380050920092,1.28,,0.1580243837546191,-0.24,
18,21,1,1,0.02,0.3547659099217713,1.24,,0.12281539246660007,-0.24,
18,22,1,0,0.0,0.4827318506732774,1.12,0.004975124378109453,0.22288778933881995,-0.96,0.004975124378109453
18,22,1,0,0.005,0.41772457040407107,1.16,,0.231570123424338,-0.96,
18,22,1,0,0.02,0.34140383773535155,1.16,,0.19644765971747516,-0.96,
18,23,0,1,0.0,0.46082380258128225,-0.52,0.004975124378109453,0.314447789633175,-1.32,0.004975124378109453
18,23,0,1,0.005,0.40431044821586287,1.24,,0.2806461097781271,-1.32,
18,23,0,1,0.02,0.3182136496164535,1.04,,0.16825565833198888,-0.36,
18,24,0,0,0.0,0.49118593982053027,1.44,0.24378109452736318,0.2155216438192253,2.0,0.004975124378109453
18,24,0,0,0.005,0.4024945235232558,1.4,,0.18239949300355784,2.0,
18,24,0,0,0.02,0.29999471658009735,1.44,,0.11645877321645878,1.72,
18,25,1,1,0.0,0.5307296294831099,-0.72,0.004975124378109453,0.17001840836052265,0.8,0.31343283582089554
18,25,1,1,0.005,0.4959643644516938,-0.76,,0.16542334989739027,1.24,
18,25,1,1,0.02,0.37199736124858745,-0.8,,0.17605635630460523,0.08,
18,26,1,0,0.0,0.4925064543827207,0.76,0.16417910447761194,0.1351903131112745,-1.8,0.11442786069651742
18,26,1,0,0.005,0.47179603350737975,0.76,,0.131804267888671,-1.76,
18,26,1,0,0.02,0.3699149651101597,0.8,,0.11704977383075824,-1.72,
18,27,0,0,0.0,0.5328166404074628,1.2,0.01990049751243781,0.18235430639597414,1.16,0.1791044776119403
18,27,0,0,0.005,0.48405515505395896,-1.0,,0.17576476740375294,0.92,
18,27,0,0,0.02,0.39083272275936076,-0.92,,0.15913966913537766,1.88,
18,28,0,0,0.0,0.5428814442953461,-1.16,0.01990049751243781,0.16942922868419272,-1.8,0.08955223880597014
18,28,0,0,0.005,0.47052560341326005,-1.08,,0.17613168282064873,-0.6,
18,28,0,0,0.02,0.3272257923076861,0.12,,0.15341239099114867,-0.32,
18,29,1,0,0.0,0.5525652269488988,2.0,0.009950248756218905,0.10803875501436012,-1.84,0.7213930348258707
18,29,1,0,0.005,0.5061066778611394,2.0,,0.10778436608441633,-1.84,
18,29,1,0,0.02,0.37492071069110744,0.72,,0.1348320864285105,-1.16,
18,30,1,1,0.0,0.566124707787722,-1.8,0.004975124378109453,0.5919075613530754,0.2,0.004975124378109453
18,30,1,1,0.005,0.51645394707557,0.44,,0.5815816341681075,0.2,
18,30,1,1,0.02,0.39910790333371554,0.64,,0.49361097478778926,-1.04,
18,31,0,1,0.0,0.5183308349155992,-0.64,0.004975124378109453,0.12287670301394091,0.68,0.8159203980099502
18,31,0,1,0.005,0.45024811284084315,-0.64,,0.12571050702072062,0.96,
18,31,0,1,0.02,0.3333151530753514,-0.6,,0.1131665696146999,1.2,
18,32,0,1,0.0,0.45201301199504607,-0.96,0.029850746268656716,0.21015467882245545,-1.4,0.20398009950248755
18,32,0,1,0.005,0.42009899899182795,-0.96,,0.21596943599995141,-1.4,
18,32,0,1,0.02,0.31702760736269026,-0.96,,0.19296269655273846,-1.4,
19,1,1,1,0.0,0.5889721078200145,-1.68,0.004975124378109453,0.5892990473834192,0.92,0.004975124378109453
19,1,1,1,0.005,0.5471762711035162,-1.68,,0.5794646314198522,0.92,
19,1,1,1,0.02,0.40584794501757826,-1.68,,0.4059809006448716,0.44,
19,2,1,0,0.0,0.5440186601193748,1.48,0.009950248756218905,0.10083373761667432,-0.64,0.16417910447761194
19,2,1,0,0.005,0.49562099637939866,1.48,,0.10433585409502574,-0.64,
19,2,1,0,0.02,0.37334015585028146,1.44,,0.11352301758018779,0.52,
19,3,0,1,0.0,0.6301939411532766,0.04,0.004975124378109453,0.6751403151718157,0.48,0.004975124378109453
19,3,0,1,0.005,0.5777519692575008,0.08,,0.6276859922017382,0.48,
19,3,0,1,0.02,0.4258740936449334,1.08,,0.3622706349751058,0.2,
19,4,0,1,0.0,0.5807575364682137,-0.36,0.004975124378109453,0.6791119929101375,-1.0,0.004975124378109453
19,4,0,1,0.005,0.5100629420530126,-0.28,,0.6364213946479912,-1.0,
19,4,0,1,0.02,0.39075940856315455,-0.28,,0.42424738615073837,0.88,
19,5,1,1,0.0,0.5773956152232654,0.68,0.004975124378109453,0.6147753590301557,-1.08,0.029850746268656716
19,5,1,1,0.005,0.5139488383958445,0.76,,0.5882111552422579,-1.08,
19,5,1,1,0.02,0.40855545502923857,0.8,,0.38854737637656006,1.52,
19,6,1,0,0.0,0.526339111491911,-0.4,0.004975124378109453,0.10247175645735888,-0.04,0.004975124378109453
19,6,1,0,0.005,0.41913605925563185,-0.24,,0.09678107660632304,0.96,
19,6,1,0,0.02,0.2876708232855237,-0.28,,0.1128672490447951,-0.64,
19,7,0,0,0.0,0.5608323665228381,-0.88,0.004975124378109453,0.13620361133154274,-1.44,0.12437810945273632
19,7,0,0,0.005,0.45333412680391305,-0.88,,0.14124703274889153,-1.44,
19,7,0,0,0.02,0.28416741494561565,0.08,,0.16656146771695213,-1.64,
19,8,0,0,0.0,0.5203476683753138,-0.08,0.004975124378109453,0.08641843618571471,0.04,1.0
19,8,0,0,0.005,0.4372595476242598,0.0,,0.07896640842064519,-0.2,
19,8,0,0,0.02,0.31645326740200036,-2.0,,0.09617406455933403,1.12,
19,9,0,1,0.0,0.6310915010284186,0.04,0.004975124378109453,0.7580060680145649,-1.52,0.004975124378109453
19,9,0,1,0.005,0.5330515225596214,-0.96,,0.73611133014873,-1.52,
19,9,0,1,0.02,0.43564815013096514,0.0,,0.5058703919938553,-1.8,
19,10,0,0,0.0,0.570519738362764,0.12,0.004975124378109453,0.08710462955009132,0.36,0.5422885572139303
19,10,0,0,0.005,0.48065773923610783,1.2,,0.09767898092424034,0.36,
19,10,0,0,0.02,0.35724542569210876,0.08,,0.11749818942003179,0.6,
19,11,1,0,0.0,0.5475753669269109,1.56,0.004975124378109453,0.11191007282470795,1.48,0.004975124378109453
19,11,1,0,0.005,0.47002022328766796,1.6,,0.12172166740389374,1.48,
19,11,1,0,0.02,0.32136814292094656,1.48,,0.1290981719748905,-1.84,
19,12,1,1,0.0,0.638616967847464,0.48,0.004975124378109453,0.7247730491603356,0.44,0.004975124378109453
19,12,1,1,0.005,0.5173575407349591,-0.4,,0.7208260560690857,0.44,
19,12,1,1,0.02,0.3954492685837726,-0.4,,0.5607300357683799,0.44,
19,13,0,0,0.0,0.4915863696755089,0.56,0.004975124378109453,0.14457962950980416,0.68,0.27860696517412936
19,13,0,0,0.005,0.46513015808259073,-0.32,,0.1372821088001085,0.92,
19,13,0,0,0.02,0.34753323583409884,-0.32,,0.0984772559766725,0.92,
19,14,0,1,0.0,0.5508056927380923,0.0,0.004975124378109453,0.768996812764398,0.52,0.004975124378109453
19,14,0,1,0.005,0.4658776186795501,0.04,,0.7364035065581381,0.52,
19,14,0,1,0.02,0.3038437098229616,0.0,,0.5391681053480017,-1.12,
19,15,1,1,0.0,0.6133345180747406,0.52,0.004975124378109453,0.7380485168730188,-1.04,0.004975124378109453
19,15,1,1,0.005,0.5338865718845985,0.56,,0.7233004092005196,-1.04,
19,15,1,1,0.02,0.4016532322365672,0.48,,0.5344578948985319,0.48,
19,16,1,0,0.0,0.5550058277742128,-0.32,0.004975124378109453,0.06612290587859802,1.48,0.8208955223880597
19,16,1,0,0.005,0.43319881395302895,0.64,,0.07748924084289516,1.52,
19,16,1,0,0.02,0.3032294933565017,0.56,,0.09591048611472366,1.56,
19,17,1,1,0.0,0.5684570105434787,0.0,0.004975124378109453,0.7497855696774107,0.52,0.004975124378109453
19,17,1,1,0.005,0.47952595217275,0.04,,0.7344611709051572,0.52,
19,17,1,1,0.02,0.34730385615854314,0.0,,0.5569128871850698,1.6,
19,18,1,0,0.0,0.528482279430347,1.96,0.004975124378109453,0.10753318178923972,-1.8,0.208955223880597
19,18,1,0,0.005,0.4591210706585557,2.0,,0.10664661251457845,-1.52,
19,18,1,0,0.02,0.3294691594325371,1.88,,0.11832988773856071,-1.48,
19,19,0,1,0.0,0.7251903196969974,-0.04,0.004975124378109453,0.6931639378291461,-0.76,0.004975124378109453
19,19,0,1,0.005,0.6656325925681795,0.88,,0.678297292070012,-0.04,
19,19,0,1,0.02,0.5322595711855148,-0.04,,0.48088905618334565,-0.76,
19,20,0,0,0.0,0.4959356986835525,1.56,0.004975124378109453,0.08194393794016791,1.2,0.7213930348258707
19,20,0,0,0.005,0.4323388475625662,1.6,,0.08704551455354936,1.2,
19,20,0,0,0.02,0.3420495709051466,1.6,,0.10762187079490138,0.96,
19,21,1,0,0.0,0.5914793653081553,0.08,0.004975124378109453,0.03994807149484073,-1.6,0.6915422885572139
19,21,1,0,0.005,0.5018376174092312,1.04,,0.05328497985664522,-1.8,
19,21,1,0,0.02,0.40989507178582796,0.2,,0.09026686141577847,-1.8,
19,22,1,1,0.0,0.7273966245758747,1.56,0.004975124378109453,0.7369764785796098,-0.04,0.004975124378109453
19,22,1,1,0.005,0.6709245519940804,1.6,,0.693192542938349,-0.04,
19,22,1,1,0.02,0.5098383620597786,1.56,,0.3987849256830855,-0.04,
19,23,0,1,0.0,0.6330358449564104,0.48,0.004975124378109453,0.6976501200239815,-0.04,0.004975124378109453
19,23,0,1,0.005,0.5282868923670622,0.48,,0.6625148758649589,-0.04,
19,23,0,1,0.02,0.3895426137816205,1.52,,0.42338626315643757,-0.56,
19,24,0,0,0.0,0.5832729542328082,0.76,0.004975124378109453,0.12793281747558363,-0.36,0.03980099502487562
19,24,0,0,0.005,0.49350465051941783,0.76,,0.13525255392095317,0.64,
19,24,0,0,0.02,0.3711737526002035,0.76,,0.1732379051344389,1.6,
19,25,1,0,0.0,0.5588980448217967,1.72,0.004975124378109453,0.08737994346458063,1.84,0.31840796019900497
19,25,1,0,0.005,0.4905744416677554,1.72,,0.06463210758784955,1.84,
19,25,1,0,0.02,0.3373942978293446,1.76,,0.08213121309838857,1.44,
19,26,1,1,0.0,0.7492267408053986,0.92,0.004975124378109453,0.775392533237536,-0.52,0.004975124378109453
19,26,1,1,0.005,0.6820148653994234,0.96,,0.7583018685240656,-0.52,
19,26,1,1,0.02,0.5047926225306668,0.96,,0.534956506607929,-0.52,
19,27,0,0,0.0,0.513097956988741,1.48,0.08955223880597014,0.07024977893447375,-1.84,0.6666666666666666
19,27,0,0,0.005,0.408893154662666,1.48,,0.08972650294594602,1.52,
19,27,0,0,0.02,0.3218894823438184,1.48,,0.12471026521839594,1.52,
19,28,0,0,0.0,0.4609137571827988,0.24,0.004975124378109453,0.10044512635521621,-1.4,0.31343283582089554
19,28,0,0,0.005,0.3468776710882389,-1.6,,0.11379222280789336,0.92,
19,28,0,0,0.02,0.2573945014813595,-1.6,,0.11779281230390574,1.2,
19,29,1,1,0.0,0.6269945507203464,1.56,0.004975124378109453,0.7658717573126559,0.96,0.004975124378109453
19,29,1,1,0.005,0.5554771398449146,1.56,,0.7358233880574037,-0.04,
19,29,1,1,0.02,0.4278094441086715,1.56,,0.5070177244061131,-0.04,
19,30,1,0,0.0,0.5479094382401242,0.6,0.004975124378109453,0.1536050284957372,-1.32,0.21393034825870647
19,30,1,0,0.005,0.45704857644933417,-0.28,,0.1479183896315271,-1.32,
19,30,1,0,0.02,0.3535039851202921,-0.28,,0.1308728140077285,-1.12,
19,31,0,1,0.0,0.5808603267473181,1.0,0.004975124378109453,0.3989862643906061,1.0,0.004975124378109453
19,31,0,1,0.005,0.536005770460607,1.04,,0.3965878996327283,1.0,
19,31,0,1,0.02,0.42604888655190826,2.0,,0.2901330738501793,0.0,
19,32,0,1,0.0,0.592824181277698,1.84,0.004975124378109453,0.5194089955283071,0.44,0.004975124378109453
19,32,0,1,0.005,0.49972201467193006,0.92,,0.4899468419404091,-1.48,
19,32,0,1,0.02,0.37229387399975916,1.84,,0.30426593153407616,-1.48,
20,1,1,0,0.0,0.5301017170275549,1.0,0.004975124378109453,0.22831545092472316,-1.12,0.004975124378109453
20,1,1,0,0.005,0.4425737736436656,1.72,,0.24346233489048016,-0.88,
20,1,1,0,0.02,0.2716258062855197,1.92,,0.1955441518370439,-0.64,
20,2,1,0,0.0,0.4600788672610051,-0.68,0.03980099502487562,0.14687215975341522,0.32,0.472636815920398
20,2,1,0,0.005,0.40450694431107187,-0.68,,0.1347646578878594,0.32,
20,2,1,0,0.02,0.2529545982429927,-0.72,,0.10505766991359121,0.12,
20,3,0,1,0.0,0.48317000081432543,1.72,0.16417910447761194,0.4192756045234778,0.88,0.004975124378109453
20,3,0,1,0.005,0.4174501229954145,1.76,,0.3904684731928059,0.88,
20,3,0,1,0.02,0.2686052796846653,-0.6,,0.2400574884455588,1.16,
20,4,0,0,0.0,0.2904516101205214,1.08,0.3482587064676617,0.2499298106447575,-0.92,0.004975124378109453
20,4,0,0,0.005,0.2787748802499727,1.08,,0.21516947214190293,-0.92,
20,4,0,0,0.02,0.1583236357256543,-0.72,,0.139693393522651,1.88,
20,5,1,1,0.0,0.45007303185695563,-1.12,0.004975124378109453,0.44482413865080705,-1.36,0.004975124378109453
20,5,1,1,0.005,0.40078424144637503,-1.12,,0.425436329782008,-0.28,
20,5,1,1,0.02,0.2725725277430226,-1.16,,0.25279807780310315,-1.88,
20,6,1,1,0.0,0.45960639668500164,0.32,0.06467661691542288,0.2951653142859613,-1.88,0.1890547263681592
20,6,1,1,0.005,0.4128823964871909,0.32,,0.2934706267257745,-1.88,
20,6,1,1,0.02,0.30157221933247164,0.36,,0.2087367284020681,-1.4,
20,7,0,1,0.0,0.40378910875888974,-2.0,0.17412935323383086,0.19942157222462797,-1.08,0.2885572139303483
20,7,0,1,0.005,0.3608220843665441,-0.08,,0.18721085800654141,-1.08,
20,7,0,1,0.02,0.2590162231891273,-0.12,,0.16138077236944842,1.44,
20,8,0,0,0.0,0.5260968310350953,-1.56,0.04975124378109453,0.16075183048587602,1.32,0.40298507462686567
20,8,0,0,0.005,0.4949894511866528,-1.52,,0.1392609121493297,1.32,
20,8,0,0,0.02,0.38172924557843596,-1.52,,0.08512727327943118,-1.96,
20,9,1,1,0.0,0.5882668313440719,1.36,0.004975124378109453,0.38761691190866615,-1.32,0.004975124378109453
20,9,1,1,0.005,0.5609344952842916,1.36,,0.36850544559434156,0.08,
20,9,1,1,0.02,0.41924862370567223,1.36,,0.26437982475067734,0.08,
20,10,1,0,0.0,0.5599837183407312,0.04,0.004975124378109453,0.25796158443714884,1.04,0.004975124378109453
20,10,1,0,0.005,0.5255196080362228,0.04,,0.2628651773229986,1.04,
20,10,1,0,0.02,0.4024930569772625,0.0,,0.21848088151122802,1.76,
20,11,0,0,0.0,0.4317461311063167,-0.32,0.15422885572139303,0.14381035260177258,-1.8,0.31840796019900497
20,11,0,0,0.005,0.3977270293944958,-0.36,,0.13255518526866236,-1.56,
20,11,0,0,0.02,0.2886473770776949,-1.96,,0.09851925057023943,0.64,
20,12,0,1,0.0,0.5879234512413759,0.92,0.004975124378109453,0.24820214937995153,-1.0,0.35323383084577115
20,12,0,1,0.005,0.5027554337835474,0.0,,0.27753101390963775,-1.0,
20,12,0,1,0.02,0.35921846656099765,0.92,,0.218034434433231,-1.0,
20,13,1,1,0.0,0.5553856262439847,-0.04,0.004975124378109453,0.3822637476116489,0.96,0.004975124378109453
20,13,1,1,0.005,0.5278798489569222,-0.04,,0.35580726125525564,0.96,
20,13,1,1,0.02,0.41500949364853434,-0.04,,0.2063992011131607,0.96,
20,14,1,0,0.0,0.4579760442285751,0.84,0.03482587064676617,0.1653824264043443,-1.88,0.38308457711442784
20,14,1,0,0.005,0.40545505815509064,0.88,,0.16732127584870327,-1.88,
20,14,1,0,0.02,0.264215937968124,0.0,,0.11734678893730925,-1.92,
20,15,0,1,0.0,0.4147178171690408,-1.32,0.03482587064676617,0.19969832040970215,-1.12,0.6119402985074627
20,15,0,1,0.005,0.36461262837849906,-1.32,,0.19488134112969974,-1.12,
20,15,0,1,0.02,0.26192587076261875,-1.28,,0.150641346284527,-1.36,
20,16,0,0,0.0,0.5525515728256941,-0.96,0.004975124378109453,0.13380755190461419,-0.68,0.20398009950248755
20,16,0,0,0.005,0.5215123148533012,-0.24,,0.10272266548260264,-1.72,
20,16,0,0,0.02,0.4205977792690369,-0.24,,0.11741141681683008,2.0,
20,17,0,0,0.0,0.20787742718800287,0.56,0.746268656716418,0.12319651843700964,0.96,0.2736318407960199
20,17,0,0,0.005,0.2240424774307668,1.04,,0.09916908346282363,0.96,
20,17,0,0,0.02,0.18732735024135894,1.08,,0.09474586184085922,-1.36,
20,18,0,1,0.0,0.5168981619823491,-0.24,0.004975124378109453,0.3885240301071942,-1.8,0.34328358208955223
20,18,0,1,0.005,0.4874017745814472,-2.0,,0.38991321400500556,1.0,
20,18,0,1,0.02,0.36161124565378605,0.68,,0.29132836449286054,1.0,
20,19,1,1,0.0,0.49724324557428157,1.84,0.004975124378109453,0.24051893735706825,-1.88,0.3681592039800995
20,19,1,1,0.005,0.4526612206431975,1.84,,0.23862371412636843,-1.88,
20,19,1,1,0.02,0.3088588565304449,1.8,,0.16040755550064115,0.52,
20,20,1,0,0.0,0.39715393212129646,-0.44,0.004975124378109453,0.12288220161342733,-1.44,0.5174129353233831
20,20,1,0,0.005,0.3803143492055332,-0.44,,0.13041625370523535,-1.64,
20,20,1,0,0.02,0.2631427938215603,-0.44,,0.1450643072308406,-1.6,
20,21,0,1,0.0,0.4156284505733216,1.12,0.11940298507462686,0.30393543221349845,1.96,0.26865671641791045
20,21,0,1,0.005,0.3503057956125246,1.12,,0.2834072393778452,1.96,
20,21,0,1,0.02,0.2100991175482742,-0.04,,0.15899473217145116,1.68,
20,22,0,0,0.0,0.5458179115352998,0.0,0.004975124378109453,0.11793382193015704,-0.4,0.7661691542288557
20,22,0,0,0.005,0.5081140939241572,-0.04,,0.1353459032476394,-0.36,
20,22,0,0,0.02,0.35485905231241577,-0.04,,0.14353383721223806,-0.6,
20,23,1,1,0.0,0.40597973392033243,0.96,0.527363184079602,0.5767967936297205,-0.84,0.004975124378109453
20,23,1,1,0.005,0.3923373573226852,0.96,,0.5563365925895181,-0.56,
20,23,1,1,0.02,0.27451656371194066,1.48,,0.4021316144040379,-0.56,
20,24,1,0,0.0,0.476138537782578,1.88,0.11940298507462686,0.17743208250993495,-1.68,0.11442786069651742
20,24,1,0,0.005,0.4211074155577938,0.84,,0.18845442922278435,-1.68,
20,24,1,0,0.02,0.3324000696097335,0.88,,0.19755862306056107,-1.0,
20,25,1,1,0.0,0.597406322803743,0.04,0.004975124378109453,0.3650161488336621,-1.88,0.0845771144278607
20,25,1,1,0.005,0.5358822217399793,0.08,,0.36405803090343597,-1.88,
20,25,1,1,0.02,0.3803669935654596,0.12,,0.30206576381766853,-1.16,
20,26,1,0,0.0,0.527179113487007,0.2,0.004975124378109453,0.16905811277944247,-1.96,0.07960199004975124
20,26,1,0,0.005,0.49721809487182056,0.2,,0.15393653617574102,-2.0,
20,26,1,0,0.02,0.36770115063265296,1.24,,0.10030980932021873,-0.8,
20,27,0,0,0.0,0.48167248124845047,-2.0,0.15920398009950248,0.14003696637907254,2.0,0.3383084577114428
20,27,0,0,0.005,0.47872169372582196,-2.0,,0.13267547372443272,2.0,
20,27,0,0,0.02,0.38672496660063455,-2.0,,0.1202913522928127,-1.4,
20,28,0,0,0.0,0.3719661156857161,0.76,0.004975124378109453,0.13379615487620458,-0.68,0.5174129353233831
20,28,0,0,0.005,0.34474029932096245,0.76,,0.11869745119698188,-0.72,
20,28,0,0,0.02,0.2701233067854117,1.84,,0.08818567402642569,0.84,
20,29,1,0,0.0,0.36569953946330047,0.44,0.4626865671641791,0.07859463939932795,-0.36,0.9751243781094527
20,29,1,0,0.005,0.33775754156805093,0.48,,0.08646279544209924,-0.32,
20,29,1,0,0.02,0.2300439973356797,0.36,,0.09311412373841589,-0.28,
20,30,1,1,0.0,0.5386866282212175,0.28,0.004975124378109453,0.14807087078361764,0.24,0.6467661691542289
20,30,1,1,0.005,0.5210295293779553,0.24,,0.12446383352331472,-1.92,
20,30,1,1,0.02,0.36839483728808714,0.08,,0.1156373955514194,-2.0,
20,31,0,1,0.0,0.3243605307641729,-1.28,0.23880597014925373,0.12485754368179178,1.84,0.8159203980099502
20,31,0,1,0.005,0.29926615636419884,1.2,,0.13613586850989776,1.8,
20,31,0,1,0.02,0.2099739798857058,-0.92,,0.1328415291587258,-1.0,
20,32,0,1,0.0,0.5729000012123991,-2.0,0.004975124378109453,0.2431782791156705,-1.2,0.21393034825870647
20,32,0,1,0.005,0.5387579527111799,-2.0,,0.24900990268990142,-1.92,
20,32,0,1,0.02,0.40766425002739876,-1.96,,0.2195905042103052,0.2,
21,1,1,0,0.0,0.22424702018517928,-0.68,0.03980099502487562,0.10410667262095608,1.2,0.845771144278607
21,1,1,0,0.005,0.09269499231708155,0.52,,0.10767974275982072,0.48,
21,1,1,0,0.02,0.10089657111745447,0.52,,0.10749286175917011,0.48,
21,2,1,1,0.0,0.2177703226459141,0.64,0.30845771144278605,0.18102544996427317,0.24,0.06467661691542288
21,2,1,1,0.005,0.09084959254481775,0.96,,0.09354722481966915,0.24,
21,2,1,1,0.02,0.08076520610287716,1.08,,0.08963184905848612,0.24,
21,3,0,1,0.0,0.09983565255980872,1.84,0.9303482587064676,0.04952367340329358,-0.4,0.7213930348258707
21,3,0,1,0.005,0.10258611968191539,1.96,,0.12173906528322466,1.68,
21,3,0,1,0.02,0.07550173163282753,1.32,,0.12939398750745826,1.68,
21,4,0,1,0.0,0.08011700986234664,-1.12,1.0,0.18124393678707465,-1.92,0.5373134328358209
21,4,0,1,0.005,0.10452627044414736,0.68,,0.09305311002675846,-0.52,
21,4,0,1,0.02,0.09038965309929135,0.64,,0.09298668154606511,-0.52,
21,5,1,1,0.0,0.2902742579125959,-1.92,0.1890547263681592,0.2711375296630442,-0.56,0.07960199004975124
21,5,1,1,0.005,0.09705931647075577,-0.44,,0.11638875138926194,-0.76,
21,5,1,1,0.02,0.08475523998064723,-1.88,,0.11586406319428491,0.08,
21,6,1,0,0.0,0.2426610015473827,1.16,0.48258706467661694,0.1077593823643672,-1.4,0.6865671641791045
21,6,1,0,0.005,0.11041646324167005,-1.92,,0.07416986144383306,-0.6,
21,6,1,0,0.02,0.0874153017850825,-1.92,,0.06975966764317532,-0.8,
21,7,0,0,0.0,0.5899250335229744,-0.96,0.01990049751243781,0.1929758574718176,-1.8,0.03980099502487562
21,7,0,0,0.005,0.28270090950146304,-0.88,,0.09301347995678834,1.0,
21,7,0,0,0.02,0.08766339607512791,1.72,,0.10087154608435714,0.4,
21,8,0,0,0.0,0.11664346840255117,-0.92,0.8706467661691543,0.1421567884532522,0.2,0.004975124378109453
21,8,0,0,0.005,0.0692846125079428,-0.76,,0.12109887942160794,-0.68,
21,8,0,0,0.02,0.09844605307650132,0.52,,0.13878115377690367,-0.52,
21,9,0,0,0.0,0.3871584729424983,0.36,0.21393034825870647,0.09606548545525366,-0.28,0.4925373134328358
21,9,0,0,0.005,0.28981620847801537,0.36,,0.11919392209557961,-1.6,
21,9,0,0,0.02,0.0935574676223291,-0.28,,0.14437417304241995,-1.6,
21,10,0,0,0.0,0.49670731562700043,-1.92,0.004975124378109453,0.15763482551232258,-1.6,0.004975124378109453
21,10,0,0,0.005,0.34680894187641387,-0.48,,0.1528427024596695,0.68,
21,10,0,0,0.02,0.1130191189343541,-1.64,,0.12021936371653409,0.68,
21,11,1,1,0.0,0.5916772976413804,1.48,0.004975124378109453,0.22725836032870447,0.68,0.004975124378109453
21,11,1,1,0.005,0.38865357964797814,1.4,,0.11156126436204335,1.72,
21,11,1,1,0.02,0.12932966779016006,1.36,,0.12329297600836542,1.56,
21,12,1,0,0.0,0.7067085127413394,-0.16,0.004975124378109453,0.1906809225055628,1.8,0.004975124378109453
21,12,1,0,0.005,0.5882574103460981,-0.12,,0.11332923880612937,-1.72,
21,12,1,0,0.02,0.16343878376308088,0.0,,0.11038833676144724,-1.52,
21,13,0,1,0.0,0.5847466229359342,1.0,0.004975124378109453,0.17088709727511228,1.48,0.14427860696517414
21,13,0,1,0.005,0.4660955254198551,1.08,,0.0969430009159038,1.96,
21,13,0,1,0.02,0.1208995428853639,1.48,,0.09268456814945407,-1.0,
21,14,0,1,0.0,0.5440811459425674,1.08,0.05970149253731343,0.5208305805917185,1.64,0.004975124378109453
21,14,0,1,0.005,0.4446920829067631,1.08,,0.1974172704161118,1.2,
21,14,0,1,0.02,0.22175433055835161,-0.84,,0.11335934278579704,1.28,
21,15,1,1,0.0,0.1954561142079073,-0.92,0.6218905472636815,0.2404422276944613,0.6,0.39800995024875624
21,15,1,1,0.005,0.07646132201953557,0.88,,0.11867371128412793,0.08,
21,15,1,1,0.02,0.08341036499372835,0.88,,0.0948459903325855,0.08,
21,16,1,0,0.0,0.36115982637082555,-1.12,0.4228855721393035,0.1719694095793423,-0.12,0.10945273631840796
21,16,1,0,0.005,0.35872294902926044,0.12,,0.09303351130373097,0.92,
21,16,1,0,0.02,0.13983576333984024,0.08,,0.12306711077756073,0.88,
21,17,1,1,0.0,0.5159437664194784,2.0,0.01990049751243781,0.566579021419381,0.0,0.004975124378109453
21,17,1,1,0.005,0.4455670918406535,2.0,,0.21862536408032354,-1.72,
21,17,1,1,0.02,0.19481968870990032,1.88,,0.10662210024691626,-0.56,
21,18,1,1,0.0,0.4104047545720847,-1.16,0.18407960199004975,0.41998295412354103,0.0,0.004975124378109453
21,18,1,1,0.005,0.3441973474325739,-1.2,,0.21570482583500417,-1.84,
21,18,1,1,0.02,0.09703783525564175,-1.32,,0.13686536985591705,-1.8,
21,19,0,1,0.0,0.5458007102985135,-1.08,0.004975124378109453,0.48682057678601715,1.4,0.0845771144278607
21,19,0,1,0.005,0.4647258752014592,0.24,,0.374143200589385,1.64,
21,19,0,1,0.02,0.28015256277163325,0.24,,0.1802761803093732,-0.64,
21,20,0,0,0.0,0.3946812050323482,1.88,0.06467661691542288,0.17508124548927706,-0.56,0.0945273631840796
21,20,0,0,0.005,0.2757320844234755,1.76,,0.14184086566759294,-2.0,
21,20,0,0,0.02,0.13323089319006198,1.72,,0.11771430850914279,-0.16,
21,21,1,0,0.0,0.4017454316260212,0.52,0.10945273631840796,0.12054737702169589,0.08,0.6318407960199005
21,21,1,0,0.005,0.15024929680655116,1.44,,0.05411759383190486,0.2,
21,21,1,0,0.02,0.09865399880084269,-0.08,,0.09489807534295527,-1.6,
21,22,1,0,0.0,0.5125031836747173,-1.64,0.024875621890547265,0.3147052518387793,-1.64,0.004975124378109453
21,22,1,0,0.005,0.42154808344796224,-1.64,,0.25493101258100376,-1.88,
21,22,1,0,0.02,0.24496889294175964,-1.56,,0.17598660726215584,-1.88,
21,23,0,1,0.0,0.38568695903445954,-2.0,0.4129353233830846,0.3365890793527213,-1.52,0.004975124378109453
21,23,0,1,0.005,0.30210437522603406,-2.0,,0.1327851197307815,1.12,
21,23,0,1,0.02,0.17280253695594228,-2.0,,0.11595531970676566,0.2,
21,24,0,0,0.0,0.5601622435694047,-1.92,0.03980099502487562,0.12396961791697424,-1.88,0.08955223880597014
21,24,0,0,0.005,0.4791022426471846,-1.92,,0.1033263686541407,1.44,
21,24,0,0,0.02,0.2699107377275965,-2.0,,0.10364544364520903,-1.8,
21,25,0,1,0.0,0.5181271715464931,1.64,0.004975124378109453,0.44459161326642654,-1.88,0.004975124378109453
21,25,0,1,0.005,0.36601583315477215,1.68,,0.25815870819576886,-1.6,
21,25,0,1,0.02,0.1378889509044373,-0.8,,0.12400851948606664,-1.56,
21,26,0,0,0.0,0.10618408449789304,0.4,0.9701492537313433,0.1779582799997565,0.24,0.004975124378109453
21,26,0,0,0.005,0.06957338107774634,1.56,,0.1128268484087432,1.92,
21,26,0,0,0.02,0.07544925471243559,1.6,,0.1269503565270238,1.12,
21,27,1,1,0.0,0.40226916161984555,1.24,0.004975124378109453,0.3978467071874567,-1.04,0.004975124378109453
21,27,1,1,0.005,0.3499595841664451,1.2,,0.15876090933840928,-1.04,
21,27,1,1,0.02,0.17042086108971777,1.28,,0.10108921755115616,-0.44,
21,28,1,1,0.0,0.6698080646475595,1.16,0.004975124378109453,0.5576556806344326,-1.4,0.004975124378109453
21,28,1,1,0.005,0.5633337125165517,1.16,,0.332204394351003,-0.72,
21,28,1,1,0.02,0.32413097934737023,1.2,,0.15349731816881093,-0.72,
21,29,0,1,0.0,0.5106453200445736,-0.16,0.004975124378109453,0.4473033682115203,1.68,0.004975124378109453
21,29,0,1,0.005,0.430421288538971,0.8,,0.20408501351022423,-1.8,
21,29,0,1,0.02,0.1579623244192652,0.8,,0.07789940974289146,-0.68,
21,30,0,0,0.0,0.34685666974406787,1.28,0.48756218905472637,0.08210511765956392,1.4,1.0
21,30,0,0,0.005,0.22652737900246406,1.2,,0.09913526060945824,2.0,
21,30,0,0,0.02,0.08379363043198267,2.0,,0.11511351953906031,1.52,
21,31,1,0,0.0,0.5503047302625791,1.2,0.029850746268656716,0.15219838027926308,0.52,0.004975124378109453
21,31,1,0,0.005,0.3926324760275923,1.24,,0.10017382928268163,0.08,
21,31,1,0,0.02,0.21088342398418475,1.88,,0.10405510376686716,-1.0,
21,32,1,0,0.0,0.6380530886338809,-1.68,0.004975124378109453,0.28730841169923427,-0.12,0.004975124378109453
21,32,1,0,0.005,0.5743740460122941,-1.72,,0.16756154581007288,-1.12,
21,32,1,0,0.02,0.4063063385143108,-1.68,,0.08592357602985173,1.68,
22,1,0,0,0.0,0.5885290067665709,1.8,0.004975124378109453,0.16023382877766304,0.6,0.15920398009950248
22,1,0,0,0.005,0.38301169038900484,1.76,,0.06610485144540572,-0.04,
22,1,0,0,0.02,0.1146502417575599,-0.48,,0.07083836005108997,1.72,
22,2,0,0,0.0,0.28167934636269115,0.96,0.22885572139303484,0.16807457085810573,1.92,0.2885572139303483
22,2,0,0,0.005,0.06781200659107682,0.92,,0.11178950601210937,0.92,
22,2,0,0,0.02,0.11266456861959856,0.64,,0.14886059644397098,-1.2,
22,3,1,0,0.0,0.5398472692591446,1.2,0.32338308457711445,0.0955979307444165,0.4,0.5373134328358209
22,3,1,0,0.005,0.43174980859350165,0.76,,0.10520961592674286,-0.32,
22,3,1,0,0.02,0.13787679296506133,1.4,,0.09822570010655196,-0.52,
22,4,1,1,0.0,0.634950073191472,-0.04,0.004975124378109453,0.8093637105000722,-0.68,0.004975124378109453
22,4,1,1,0.005,0.5664740430252578,-1.52,,0.752530805314807,-0.68,
22,4,1,1,0.02,0.39184842669426095,-1.52,,0.38600375096564926,0.84,
22,5,0,1,0.0,0.6314944114269663,-0.48,0.004975124378109453,0.7663513808918416,-1.12,0.004975124378109453
22,5,0,1,0.005,0.553061609176068,-0.44,,0.7288943915949099,-0.4,
22,5,0,1,0.02,0.38365162139845066,-0.52,,0.4489115932116635,-0.64,
22,6,0,1,0.0,0.39081746807412,-1.88,0.004975124378109453,0.34909212190542005,-1.96,0.004975124378109453
22,6,0,1,0.005,0.21788026182531586,-2.0,,0.13116345207479949,0.84,
22,6,0,1,0.02,0.0926154688550215,-0.08,,0.1292225848515064,0.84,
22,7,1,1,0.0,0.49201302521203716,-1.56,0.004975124378109453,0.4607773544980051,1.96,0.029850746268656716
22,7,1,1,0.005,0.3785839207029899,1.28,,0.39707735133729877,-1.56,
22,7,1,1,0.02,0.22603021748988067,-1.52,,0.1930431840935465,-1.56,
22,8,1,0,0.0,0.42370831471324294,-0.88,0.27860696517412936,0.1817222512242218,0.32,0.03980099502487562
22,8,1,0,0.005,0.28337929052895855,-1.04,,0.1319226474279758,1.08,
22,8,1,0,0.02,0.19091868463973327,-1.0,,0.09247404589246429,1.48,
22,9,0,1,0.0,0.482122727805698,-1.48,0.11940298507462686,0.5861792067261967,-0.88,0.004975124378109453
22,9,0,1,0.005,0.3362084479545491,-1.0,,0.4110065815147188,-0.36,
22,9,0,1,0.02,0.19055364368503194,-1.28,,0.16152761762366272,-1.16,
22,10,0,0,0.0,0.4662946230210777,-1.8,0.24875621890547264,0.11745418637174551,0.8,0.004975124378109453
22,10,0,0,0.005,0.37374050372001943,-2.0,,0.10712059726634038,0.76,
22,10,0,0,0.02,0.25618634079483754,-2.0,,0.08429408278511331,-1.88,
22,11,1,0,0.0,0.5940533699402617,0.4,0.004975124378109453,0.1313209497845449,0.56,0.38308457711442784
22,11,1,0,0.005,0.5148855551453415,-1.08,,0.1356292150352245,-0.56,
22,11,1,0,0.02,0.36758195401481014,-1.04,,0.112419143156225,-0.6,
22,12,1,1,0.0,0.5022453329591668,-0.36,0.0845771144278607,0.41107495214963924,0.04,0.004975124378109453
22,12,1,1,0.005,0.41361203559669796,-0.36,,0.27306464037773553,1.08,
22,12,1,1,0.02,0.18263013010459564,-0.32,,0.12431608678418504,1.92,
22,13,0,1,0.0,0.655252395947023,-0.88,0.004975124378109453,0.6990457633771952,0.32,0.004975124378109453
22,13,0,1,0.005,0.5575684468535153,-0.88,,0.5825019390328947,0.32,
22,13,0,1,0.02,0.34355397198324483,-0.88,,0.24883939034635735,0.56,
22,14,0,0,0.0,0.6060569663241802,-1.08,0.004975124378109453,0.11946010306303027,1.0,0.572139303482587
22,14,0,0,0.005,0.5188178544282566,-1.08,,0.13198554319246442,1.0,
22,14,0,0,0.02,0.34711880380191584,-1.2,,0.12968185633400695,1.72,
22,15,1,0,0.0,0.5794261052403047,-1.44,0.004975124378109453,0.13329308604485426,0.88,0.05472636815920398
22,15,1,0,0.005,0.4457969300555088,-1.56,,0.09480117460345748,0.16,
22,15,1,0,0.02,0.26874110508434385,-1.6,,0.09605798091085811,-0.44,
22,16,1,1,0.0,0.7121420733478787,2.0,0.004975124378109453,0.7706265141937387,-1.32,0.024875621890547265
22,16,1,1,0.005,0.6120215119194072,2.0,,0.7415812362858359,-0.84,
22,16,1,1,0.02,0.4593732757987891,2.0,,0.47707898146530187,-1.08,
22,17,0,1,0.0,0.6504854658121049,-0.48,0.004975124378109453,0.7438076182266277,-1.52,0.004975124378109453
22,17,0,1,0.005,0.5334124867650755,-0.4,,0.7040666838735176,-2.0,
22,17,0,1,0.02,0.38859040055577215,1.04,,0.4125148314498524,-2.0,
22,18,0,0,0.0,0.41975079518051284,1.32,0.3582089552238806,0.1141316739664768,-1.24,0.5024875621890548
22,18,0,0,0.005,0.3206238431619225,-0.64,,0.1253420470906332,-0.92,
22,18,0,0,0.02,0.13165306235602836,1.36,,0.10216976918974625,0.32,
22,19,1,1,0.0,0.6994961359938063,-0.04,0.004975124378109453,0.7742998641854284,-0.36,0.004975124378109453
22,19,1,1,0.005,0.5984816272202892,0.0,,0.7647919156755858,-0.36,
22,19,1,1,0.02,0.4579121518784469,0.0,,0.5684225905427263,-0.6,
22,20,1,0,0.0,0.5685529511762389,1.44,0.004975124378109453,0.13009085541724466,0.64,0.05472636815920398
22,20,1,0,0.005,0.443240412545805,0.44,,0.12638069019508033,0.64,
22,20,1,0,0.02,0.2889311403263445,0.4,,0.10165348101431865,1.32,
22,21,0,1,0.0,0.555867293079873,0.08,0.004975124378109453,0.48972723555122677,-1.64,0.004975124378109453
22,21,0,1,0.005,0.4202426145872736,0.12,,0.43412049242342376,-1.64,
22,21,0,1,0.02,0.3060517430154583,-1.48,,0.25356621964258774,1.64,
22,22,0,0,0.0,0.4251355686953532,-0.12,0.20398009950248755,0.07555906626751734,1.56,0.40298507462686567
22,22,0,0,0.005,0.207306673889355,-2.0,,0.08793411593407273,-2.0,
22,22,0,0,0.02,0.1590698381211182,-1.64,,0.0887782888016922,-2.0,
22,23,1,0,0.0,0.5311351533409765,-1.48,0.05472636815920398,0.13052505445868873,1.36,0.43283582089552236
22,23,1,0,0.005,0.46869853825177193,-1.44,,0.11645637862109748,-1.76,
22,23,1,0,0.02,0.32652145366686486,-1.48,,0.07300785544520993,-1.52,
22,24,1,1,0.0,0.5270247856602472,-0.24,0.004975124378109453,0.5453057672030914,-0.16,0.004975124378109453
22,24,1,1,0.005,0.43618648766937196,-0.24,,0.5302862281593651,-0.16,
22,24,1,1,0.02,0.29221495927537283,-0.36,,0.35554872473879356,-1.48,
22,25,0,1,0.0,0.5286345480414519,-0.56,0.004975124378109453,0.4542649458365177,-1.72,0.09950248756218906
22,25,0,1,0.005,0.43209301938142547,-2.0,,0.4373463721406074,-1.72,
22,25,0,1,0.02,0.30773800389844,-2.0,,0.33190665084430315,-0.88,
22,26,0,1,0.0,0.6218982402393343,0.48,0.004975124378109453,0.5524411548580587,0.16,0.004975124378109453
22,26,0,1,0.005,0.4794289722290819,-1.48,,0.5239204675486424,0.16,
22,26,0,1,0.02,0.35948768772662126,-1.48,,0.3305107079124863,-0.84,
22,27,1,1,0.0,0.6123692983468838,0.04,0.004975124378109453,0.7025724346716429,0.12,0.004975124378109453
22,27,1,1,0.005,0.5004989100163201,0.04,,0.6718199272106513,0.12,
22,27,1,1,0.02,0.3387950027369741,-0.84,,0.40098482670219165,-0.36,
22,28,1,0,0.0,0.6250112953852581,1.36,0.004975124378109453,0.17009316211344638,1.44,0.004975124378109453
22,28,1,0,0.005,0.48754228925634724,1.48,,0.1799724651855355,1.44,
22,28,1,0,0.02,0.3378095565074075,1.48,,0.14645760757700715,1.68,
22,29,0,0,0.0,0.5059446316897255,-1.08,0.04477611940298507,0.19125413434220642,-1.84,0.11940298507462686
22,29,0,0,0.005,0.38673172875860207,-0.88,,0.1643218261747272,-1.84,
22,29,0,0,0.02,0.2736661635428609,-1.32,,0.10974227457368535,1.16,
22,30,0,0,0.0,0.6099210074807643,1.76,0.004975124378109453,0.14581569814881687,0.72,0.004975124378109453
22,30,0,0,0.005,0.5260037154298757,1.8,,0.15381189699094394,0.72,
22,30,0,0,0.02,0.3892366610415215,1.76,,0.12780096745914116,0.72,
22,31,1,0,0.0,0.5699736156793873,-1.56,0.009950248756218905,0.11957136547648124,-1.6,0.24875621890547264
22,31,1,0,0.005,0.5085641280672926,-1.56,,0.12158347841142954,-1.28,
22,31,1,0,0.02,0.3304291354266771,-1.28,,0.13931006961673922,-1.96,
22,32,1,1,0.0,0.5299971408303885,0.04,0.004975124378109453,0.5060505255226088,-1.4,0.13930348258706468
22,32,1,1,0.005,0.442394309784778,1.56,,0.4548431975807088,1.4,
22,32,1,1,0.02,0.3209064275726121,-1.48,,0.174983581265765,1.88,
23,1,1,1,0.0,0.645509157705763,0.92,0.004975124378109453,0.47455141648749266,1.76,0.004975124378109453
23,1,1,1,0.005,0.4973913414865987,0.92,,0.23644330250024426,0.84,
23,1,1,1,0.02,0.10314978325291156,-1.2,,0.16540527095421786,-1.44,
23,2,1,1,0.0,0.5252886864739432,0.4,0.004975124378109453,0.46830686305172137,0.6,0.004975124378109453
23,2,1,1,0.005,0.3471042749701256,-0.56,,0.16885615026751635,0.6,
23,2,1,1,0.02,0.0796242829435032,-0.08,,0.09207513919296306,-1.76,
23,3,0,0,0.0,0.42260798404807104,1.16,0.08955223880597014,0.13521683635989556,0.6,0.2736318407960199
23,3,0,0,0.005,0.32985034509077266,1.16,,0.15942300238961252,-0.36,
23,3,0,0,0.02,0.10591291559900848,1.4,,0.12171444022616866,1.88,
23,4,0,0,0.0,0.2768137758247995,-1.16,0.35323383084577115,0.1881753974928803,-1.96,0.19900497512437812
23,4,0,0,0.005,0.21648471658319757,-1.28,,0.13498419009640517,-1.8,
23,4,0,0,0.02,0.06916570354208558,0.48,,0.1181005831584887,-1.32,
23,5,1,0,0.0,0.561477225318016,1.68,0.004975124378109453,0.20414115555936668,0.92,0.14925373134328357
23,5,1,0,0.005,0.41834844431795576,1.68,,0.11977520993749714,-0.76,
23,5,1,0,0.02,0.07883751413127474,1.04,,0.10342755311825015,-0.76,
23,6,1,0,0.0,0.37852629712325314,1.76,0.36318407960199006,0.3025069349375743,0.4,0.004975124378109453
23,6,1,0,0.005,0.2941530756249871,1.76,,0.19773679468264124,-0.36,
23,6,1,0,0.02,0.12940090062304996,1.84,,0.12102274521672321,-0.16,
23,7,0,1,0.0,0.5280786572896569,-0.04,0.004975124378109453,0.26122094445192406,0.52,0.3681592039800995
23,7,0,1,0.005,0.4141555347335582,-0.08,,0.20471759152699,0.56,
23,7,0,1,0.02,0.13507441738326306,1.4,,0.09554215271077676,1.0,
23,8,0,1,0.0,0.4950498530600083,-1.72,0.05472636815920398,0.09413762364103444,1.2,0.900497512437811
23,8,0,1,0.005,0.4411285400303678,-1.72,,0.08150303825653238,1.2,
23,8,0,1,0.02,0.16043740529849998,-1.44,,0.081358835539901,-0.52,
23,9,0,0,0.0,0.35421999908810964,-1.04,0.4129353233830846,0.13814187629678717,-2.0,0.5422885572139303
23,9,0,0,0.005,0.2064840426033624,0.12,,0.11439845358265087,0.32,
23,9,0,0,0.02,0.06819528556721366,-1.44,,0.10974338371205582,1.52,
23,10,0,0,0.0,0.3587508644260794,-1.08,0.30845771144278605,0.2094725458139345,1.36,0.004975124378109453
23,10,0,0,0.005,0.2501754476239897,-2.0,,0.11721625789489383,1.04,
23,10,0,0,0.02,0.07516846848560145,-1.28,,0.13649196666335686,-1.72,
23,11,1,1,0.0,0.4005314010748155,-0.04,0.024875621890547265,0.45620259047484607,0.56,0.004975124378109453
23,11,1,1,0.005,0.24892130249583003,0.04,,0.21062553668946205,1.04,
23,11,1,1,0.02,0.11987106136562678,2.0,,0.1296306351519452,1.68,
23,12,1,1,0.0,0.5198532323280963,-0.68,0.004975124378109453,0.4330260755986018,-1.96,0.06965174129353234
23,12,1,1,0.005,0.39420018920961675,-0.68,,0.2516378951068496,0.12,
23,12,1,1,0.02,0.1480859613123915,-0.68,,0.13698817466247507,-0.04,
23,13,0,1,0.0,0.47835832818736024,-1.76,0.26865671641791045,0.35316654454483515,-1.88,0.19402985074626866
23,13,0,1,0.005,0.3830106082450291,-1.16,,0.26780656200284036,-1.64,
23,13,0,1,0.02,0.14744384635684268,1.88,,0.126765839305325,-1.6,
23,14,0,1,0.0,0.5878035936223422,1.64,0.004975124378109453,0.5474438907752804,-0.08,0.004975124378109453
23,14,0,1,0.005,0.43822390920164556,1.12,,0.374263469095082,-0.76,
23,14,0,1,0.02,0.16131979708877425,1.12,,0.19460574386681032,-1.44,
23,15,1,0,0.0,0.49602115201572744,-1.28,0.004975124378109453,0.09219948692534094,-1.32,0.6268656716417911
23,15,1,0,0.005,0.39204357911647714,-2.0,,0.07878215885304157,1.04,
23,15,1,0,0.02,0.1951243951977341,-1.72,,0.08381905733791818,-1.48,
23,16,1,0,0.0,0.23881966490686737,1.6,0.43283582089552236,0.08886361797717623,0.96,0.7761194029850746
23,16,1,0,0.005,0.3550364735041944,1.6,,0.11776250550237025,-0.08,
23,16,1,0,0.02,0.20978913524947468,1.12,,0.14555219348730397,-0.52,
23,17,1,1,0.0,0.318153791738193,1.64,0.21393034825870647,0.28381571822812207,1.8,0.24875621890547264
23,17,1,1,0.005,0.30324798445931866,-0.96,,0.1334714288931747,-0.76,
23,17,1,1,0.02,0.09745932313230377,-0.92,,0.11666594928969919,0.68,
23,18,1,1,0.0,0.35824271296553195,-1.96,0.08955223880597014,0.21958193655792096,-1.6,0.44776119402985076
23,18,1,1,0.005,0.3372534538371587,-2.0,,0.18664296022621613,-1.6,
23,18,1,1,0.02,0.15843637036637867,-1.4,,0.08342430438138938,0.0,
23,19,0,0,0.0,0.1672552770684876,2.0,0.9154228855721394,0.09126004538569128,-2.0,0.5920398009950248
23,19,0,0,0.005,0.1610568548252854,2.0,,0.08111420920686013,-1.76,
23,19,0,0,0.02,0.09535682768366044,-1.16,,0.10191631898271791,0.64,
23,20,0,1,0.0,0.24310744349932273,1.8,0.5870646766169154,0.46537217762878574,0.44,0.004975124378109453
23,20,0,1,0.005,0.3082097128029876,1.8,,0.26147348125177206,0.4,
23,20,0,1,0.02,0.1543728262514305,0.12,,0.12931558391629255,-1.4,
23,21,1,0,0.0,0.560113803969374,1.72,0.004975124378109453,0.11662139501609584,0.24,0.21393034825870647
23,21,1,0,0.005,0.46358341053839425,0.64,,0.08344187073309826,-0.24,
23,21,1,0,0.02,0.24102309798263044,1.36,,0.09178264603741866,0.48,
23,22,1,0,0.0,0.4721659259332573,1.48,0.01990049751243781,0.22614594623196244,-1.64,0.004975124378109453
23,22,1,0,0.005,0.4119774966842202,1.48,,0.19826261286639837,-0.88,
23,22,1,0,0.02,0.20888931055857318,1.48,,0.15006555626712764,0.64,
23,23,0,0,0.0,0.37706793752960654,-1.64,0.5223880597014925,0.12258731702010384,-1.36,0.4228855721393035
23,23,0,0,0.005,0.32186830673260347,-1.56,,0.16616119875805344,-0.36,
23,23,0,0,0.02,0.15116898156449113,-1.56,,0.14591966629514014,-0.4,
23,24,0,1,0.0,0.5598530259913987,-0.88,0.004975124378109453,0.23852957045124618,-1.76,0.43781094527363185
23,24,0,1,0.005,0.5035895092294467,-0.88,,0.17113932039999097,1.96,
23,24,0,1,0.02,0.21364168102465161,-0.8,,0.1096039118759006,1.96,
23,25,1,1,0.0,0.35633018436476244,0.76,0.26865671641791045,0.3136125335451132,0.56,0.004975124378109453
23,25,1,1,0.005,0.2857325788559118,0.76,,0.07547808326440508,-0.2,
23,25,1,1,0.02,0.10838203850426015,-0.04,,0.10975708787331614,-0.32,
23,26,1,0,0.0,0.25702566312144165,-0.88,0.5174129353233831,0.1141952191280032,1.48,0.5373134328358209
23,26,1,0,0.005,0.20787232753034743,-1.8,,0.11259835430014863,-0.24,
23,26,1,0,0.02,0.08689279229487953,-1.84,,0.10989586022458503,-0.8,
23,27,0,1,0.0,0.4625110901648101,-1.96,0.004975124378109453,0.24495060597386567,-1.44,0.5671641791044776
23,27,0,1,0.005,0.40693944488997497,-1.96,,0.2288960080335527,-1.44,
23,27,0,1,0.02,0.16957086598845694,-1.92,,0.1058079454261495,-0.72,
23,28,0,1,0.0,0.46299711677028943,-0.08,0.08955223880597014,0.46645834501467204,-2.0,0.0845771144278607
23,28,0,1,0.005,0.3348165442366124,-1.84,,0.3907899462002271,-2.0,
23,28,0,1,0.02,0.155747600831646,-1.92,,0.14226983557445952,1.04,
23,29,1,1,0.0,0.42641162041540426,-0.84,0.10945273631840796,0.6014246385639838,0.16,0.004975124378109453
23,29,1,1,0.005,0.3772810029689986,1.84,,0.4090151596696807,-0.36,
23,29,1,1,0.02,0.1657562912006185,1.84,,0.10704310590180856,-0.84,
23,30,1,0,0.0,0.5017518578848384,0.04,0.004975124378109453,0.28878325888617695,1.2,0.0845771144278607
23,30,1,0,0.005,0.4606573918413931,-1.24,,0.15737580208291888,0.48,
23,30,1,0,0.02,0.245424256726961,-1.16,,0.10255926219434897,-0.56,
23,31,0,0,0.0,0.3714708732631872,-1.4,0.14427860696517414,0.09057654391320673,0.2,0.6616915422885572
23,31,0,0,0.005,0.24345112176283162,-1.4,,0.0704706128128826,-0.8,
23,31,0,0,0.02,0.08739717243614435,-0.92,,0.1008653304123839,-1.6,
23,32,0,0,0.0,0.4694049346789065,0.48,0.004975124378109453,0.13246761176817037,0.2,0.1890547263681592
23,32,0,0,0.005,0.3864051759890629,1.44,,0.1208698853666587,1.2,
23,32,0,0,0.02,0.1463212273179049,1.8,,0.08713303874318903,1.36,
24,1,1,1,0.0,0.5355094512798736,-0.12,0.004975124378109453,0.47800166373177805,-1.56,0.004975124378109453
24,1,1,1,0.005,0.3936904334776185,0.52,,0.4441963489354001,0.0,
24,1,1,1,0.02,0.1933049212330177,0.56,,0.24717289098118264,0.0,
24,2,1,1,0.0,0.5622280111318738,1.16,0.004975124378109453,0.4107510561896313,0.28,0.04975124378109453
24,2,1,1,0.005,0.3745846641606033,-0.76,,0.36736257339631345,0.28,
24,2,1,1,0.02,0.173857977057737,-0.76,,0.20638501240503376,-1.4,
24,3,0,1,0.0,0.6186906966889099,-0.2,0.004975124378109453,0.42846608871020886,-1.84,0.0845771144278607
24,3,0,1,0.005,0.4338555728045094,-1.24,,0.4004307193079117,-1.8,
24,3,0,1,0.02,0.24220937498613498,-1.92,,0.2673541872259661,1.44,
24,4,0,0,0.0,0.49061530267496867,1.04,0.06467661691542288,0.13238856270424157,-1.12,0.34328358208955223
24,4,0,0,0.005,0.3870087363639474,1.2,,0.11418688486876928,1.48,
24,4,0,0,0.02,0.22466725193182532,2.0,,0.10055247470746896,1.44,
24,5,1,0,0.0,0.6359178001255386,1.44,0.004975124378109453,0.17091593934586932,-2.0,0.2835820895522388
24,5,1,0,0.005,0.5580520820052653,1.44,,0.15468175622501174,-2.0,
24,5,1,0,0.02,0.3477168927132685,1.44,,0.11273054609379471,-1.2,
24,6,1,0,0.0,0.570559979413546,0.56,0.004975124378109453,0.18026721359267703,0.36,0.004975124378109453
24,6,1,0,0.005,0.4887719437051971,0.08,,0.1546321999861797,0.36,
24,6,1,0,0.02,0.4060412365201716,1.4,,0.10542574853543218,-0.68,
24,7,0,1,0.0,0.5188200027103692,1.24,0.004975124378109453,0.4160884357888519,-1.96,0.004975124378109453
24,7,0,1,0.005,0.43939895533481604,1.24,,0.4303501814317795,-1.96,
24,7,0,1,0.02,0.3319942110963998,1.2,,0.2997521937528388,-1.0,
24,8,0,0,0.0,0.46518838396695855,1.2,0.004975124378109453,0.22226700819910128,-1.16,0.004975124378109453
24,8,0,0,0.005,0.37506300257242314,1.24,,0.23453899070063747,-1.16,
24,8,0,0,0.02,0.22830711845746354,1.2,,0.19334223125208438,-1.4,
24,9,1,1,0.0,0.4602032243434587,-1.12,0.004975124378109453,0.49611265891858153,0.84,0.004975124378109453
24,9,1,1,0.005,0.39487940150166256,-1.16,,0.47340276979061746,1.6,
24,9,1,1,0.02,0.2870910764879727,-1.16,,0.3449996979323405,1.6,
24,10,1,1,0.0,0.5789714443170926,1.2,0.004975124378109453,0.3297032952949649,1.72,0.029850746268656716
24,10,1,1,0.005,0.5329731336638299,1.2,,0.3066585692174117,0.56,
24,10,1,1,0.02,0.38163564364388963,1.2,,0.18632444146756305,0.32,
24,11,0,0,0.0,0.4008952601616002,-1.4,0.004975124378109453,0.22988653266119452,-1.68,0.13432835820895522
24,11,0,0,0.005,0.2900743321510612,-1.36,,0.19570671270603884,-1.92,
24,11,0,0,0.02,0.21738175355747386,-1.4,,0.08651949683964053,-1.12,
24,12,0,1,0.0,0.49954560230635686,2.0,0.004975124378109453,0.3853897318850775,1.84,0.03482587064676617
24,12,0,1,0.005,0.37040246221761575,0.68,,0.36042680480216727,1.84,
24,12,0,1,0.02,0.2487401755156692,-0.36,,0.20625935818603047,-0.2,
24,13,1,0,0.0,0.4824906162638287,-1.08,0.05970149253731343,0.19977654680421483,1.6,0.004975124378109453
24,13,1,0,0.005,0.3779020900342183,1.64,,0.20235867277797595,1.6,
24,13,1,0,0.02,0.27097420353153046,0.52,,0.14289939583397757,1.04,
24,14,1,0,0.0,0.4651151372444725,1.4,0.004975124378109453,0.1908848903725714,1.16,0.004975124378109453
24,14,1,0,0.005,0.3445526660487432,1.44,,0.19772281893112645,1.16,
24,14,1,0,0.02,0.23698266604820603,1.44,,0.16189126614291377,1.2,
24,15,0,1,0.0,0.42302005438197854,-0.8,0.004975124378109453,0.4272173131617303,0.64,0.009950248756218905
24,15,0,1,0.005,0.3410904319476783,-0.8,,0.436274998447436,0.64,
24,15,0,1,0.02,0.22423132793273662,-0.76,,0.3704417914641999,1.72,
24,16,0,0,0.0,0.5102109770210065,1.24,0.004975124378109453,0.128072145294737,1.84,0.31343283582089554
24,16,0,0,0.005,0.37142664276601695,1.28,,0.10671561557530455,1.84,
24,16,0,0,0.02,0.24311589189787836,1.28,,0.07892348517244424,1.76,
24,17,1,1,0.0,0.529557823968549,0.84,0.004975124378109453,0.36924082676219183,0.96,0.03482587064676617
24,17,1,1,0.005,0.43923630671582414,0.92,,0.3426282265311121,0.96,
24,17,1,1,0.02,0.34729148555930717,0.92,,0.24366331044237421,-1.44,
24,18,1,0,0.0,0.5514950821802901,0.16,0.004975124378109453,0.16830626309839378,0.64,0.39800995024875624
24,18,1,0,0.005,0.4340505378512523,0.16,,0.159537473165666,0.64,
24,18,1,0,0.02,0.3144497561548238,0.16,,0.13677989689570982,-1.28,
24,19,0,1,0.0,0.4819566298087201,1.84,0.004975124378109453,0.3788288086983676,-0.64,0.004975124378109453
24,19,0,1,0.005,0.35048361293794844,0.08,,0.3587823874754238,1.88,
24,19,0,1,0.02,0.2511144210708141,0.08,,0.2398858399076388,1.84,
24,20,0,0,0.0,0.4846470856884806,0.76,0.014925373134328358,0.1233271109661795,0.84,0.004975124378109453
24,20,0,0,0.005,0.36278409609833173,0.8,,0.12383297843802754,1.6,
24,20,0,0,0.02,0.23092696372745236,0.8,,0.13022143215082385,1.6,
24,21,1,1,0.0,0.5148191559717582,-0.92,0.004975124378109453,0.3656851653076055,-0.68,0.004975124378109453
24,21,1,1,0.005,0.37691525093605355,-0.92,,0.3553766062341254,-0.68,
24,21,1,1,0.02,0.2923643832569471,-0.92,,0.2344131018010751,0.32,
24,22,1,0,0.0,0.5387423884602317,-2.0,0.004975124378109453,0.10682357999682762,0.76,0.6119402985074627
24,22,1,0,0.005,0.4516439477439451,-2.0,,0.11467725214516236,0.76,
24,22,1,0,0.02,0.30924141272039946,-2.0,,0.10145276237932581,-0.6,
24,23,0,0,0.0,0.47769959778109594,-0.92,0.004975124378109453,0.22329620996412092,-0.12,0.04975124378109453
24,23,0,0,0.005,0.394664726496784,-0.92,,0.1949210479993509,-0.32,
24,23,0,0,0.02,0.28512172500980126,-0.96,,0.13653830085872334,1.88,
24,24,0,1,0.0,0.5697126788163316,0.44,0.004975124378109453,0.4086085913562354,-0.8,0.004975124378109453
24,24,0,1,0.005,0.480038927519407,0.48,,0.3920663757308492,-0.8,
24,24,0,1,0.02,0.35812732392477276,0.64,,0.212372471530832,0.12,
24,25,0,1,0.0,0.4553600572234273,0.0,0.004975124378109453,0.35719868076589734,0.92,0.004975124378109453
24,25,0,1,0.005,0.3808216889118083,0.0,,0.35070606468652143,1.96,
24,25,0,1,0.02,0.27962323801650113,0.0,,0.24234110810421314,1.96,
24,26,0,0,0.0,0.34295076825150855,-0.08,0.04975124378109453,0.20024473059360745,0.92,0.024875621890547265
24,26,0,0,0.005,0.25612855281778935,-1.04,,0.18670017897431357,0.92,
24,26,0,0,0.02,0.1796953584436198,-2.0,,0.1252140547891768,0.88,
24,27,1,1,0.0,0.625917335967417,0.96,0.004975124378109453,0.3340816956374991,0.56,0.004975124378109453
24,27,1,1,0.005,0.5332018238191629,0.96,,0.3118575988137127,0.56,
24,27,1,1,0.02,0.41849590703828,0.92,,0.21444201555427614,-2.0,
24,28,1,0,0.0,0.4503291726831164,0.12,0.004975124378109453,0.17476204601699724,-1.84,0.12437810945273632
24,28,1,0,0.005,0.36481949356000454,0.12,,0.15565135054661153,-1.84,
24,28,1,0,0.02,0.29368402413720684,-0.92,,0.11045723495012814,1.28,
24,29,0,0,0.0,0.46557181785227436,1.2,0.004975124378109453,0.29143362891192315,0.52,0.004975124378109453
24,29,0,0,0.005,0.39088836859455095,-0.6,,0.2808246791256183,0.52,
24,29,0,0,0.02,0.3149571869352634,-1.64,,0.22285166136061327,1.24,
24,30,0,1,0.0,0.4275491750829445,2.0,0.07960199004975124,0.2321728330908451,-0.8,0.26865671641791045
24,30,0,1,0.005,0.3414675586131675,2.0,,0.2354334529098596,-0.76,
24,30,0,1,0.02,0.24410186755079932,-0.2,,0.23046690353679408,-1.68,
24,31,1,1,0.0,0.5256833816809986,0.04,0.004975124378109453,0.4141741442743652,0.56,0.004975124378109453
24,31,1,1,0.005,0.47121611758110904,1.2,,0.37680803369254934,0.56,
24,31,1,1,0.02,0.4008426404513596,1.16,,0.19298204886828504,0.04,
24,32,1,0,0.0,0.5002490396809303,-1.36,0.07462686567164178,0.09843495383819725,-0.36,0.7412935323383084
24,32,1,0,0.005,0.4424113036116341,-1.36,,0.11435617309930074,-0.36,
24,32,1,0,0.02,0.3661344218475182,-1.4,,0.13293715400239053,-0.16,
25,1,0,1,0.0,0.0696940351045505,1.76,0.8905472636815921,0.10848401182688236,-0.32,0.7761194029850746
25,1,0,1,0.005,0.06420229937996508,1.32,,0.08698937915619875,1.24,
25,1,0,1,0.02,0.08059997364942247,1.36,,0.10103618513743771,1.44,
25,2,0,1,0.0,0.48217741860658414,-0.12,0.004975124378109453,0.12150497517389085,0.8,0.2835820895522388
25,2,0,1,0.005,0.20668183101036086,1.56,,0.14536485834319024,1.52,
25,2,0,1,0.02,0.0728563788247919,1.52,,0.1323110329600918,1.48,
25,3,1,0,0.0,0.46405564976311525,1.12,0.004975124378109453,0.15374188530484934,-1.32,0.681592039800995
25,3,1,0,0.005,0.2856835388764999,1.08,,0.1226203761777065,-0.8,
25,3,1,0,0.02,0.05668933361581704,-0.68,,0.09716069855542715,1.56,
25,4,1,0,0.0,0.05082006764638606,0.0,1.0,0.1703254392265009,1.6,0.1890547263681592
25,4,1,0,0.005,0.09911590547265596,1.64,,0.11960646428235787,1.84,
25,4,1,0,0.02,0.07670161400270986,1.68,,0.0967877948268704,-0.32,
25,5,0,0,0.0,0.4374780593547297,0.36,0.004975124378109453,0.11792749697390431,1.16,0.38308457711442784
25,5,0,0,0.005,0.29643076753605857,-0.2,,0.12975369465828224,1.44,
25,5,0,0,0.02,0.09551232439220712,1.16,,0.13791749160938016,1.48,
25,6,0,0,0.0,0.3429384110020206,-0.64,0.004975124378109453,0.15503214505276625,1.72,0.4626865671641791
25,6,0,0,0.005,0.15951100491018905,-2.0,,0.1431706708871685,1.72,
25,6,0,0,0.02,0.09383728423139195,-0.64,,0.09144579533240393,-0.84,
25,7,1,1,0.0,0.18929669099496343,-2.0,0.5074626865671642,0.25151220534903135,1.12,0.004975124378109453
25,7,1,1,0.005,0.17705156570082012,-1.84,,0.1742246093584102,0.52,
25,7,1,1,0.02,0.10427401206985397,0.76,,0.153757518638211,0.48,
25,8,1,1,0.0,0.47993731212641993,0.0,0.004975124378109453,0.5207587112856064,1.0,0.004975124378109453
25,8,1,1,0.005,0.37931523122386346,0.96,,0.4495530353148368,1.0,
25,8,1,1,0.02,0.13371005608700576,-0.04,,0.1945228754754086,0.72,
25,9,1,1,0.0,0.5221320453652109,-0.04,0.004975124378109453,0.3750113830700233,-1.2,0.004975124378109453
25,9,1,1,0.005,0.43203318992610706,-0.08,,0.30868599947706726,-0.96,
25,9,1,1,0.02,0.17353585094407914,0.96,,0.14862016494713776,0.88,
25,10,1,1,0.0,0.12636358046609053,2.0,0.8656716417910447,0.3891278244583335,-2.0,0.15920398009950248
25,10,1,1,0.005,0.06997531052707756,1.96,,0.3495212323550218,-2.0,
25,10,1,1,0.02,0.08123891577512436,-0.68,,0.15544222908110794,-2.0,
25,11,0,0,0.0,0.4752279384426346,-1.72,0.004975124378109453,0.060453710826755616,0.8,0.9800995024875622
25,11,0,0,0.005,0.29905580888006456,-1.6,,0.06953803213594796,-1.04,
25,11,0,0,0.02,0.12514681884637385,-1.56,,0.08301845793638891,-1.28,
25,12,0,1,0.0,0.4366658594708566,-0.76,0.004975124378109453,0.13541704136384228,2.0,0.6716417910447762
25,12,0,1,0.005,0.25979418844130175,-0.84,,0.12925549985767637,0.84,
25,12,0,1,0.02,0.11276052069262148,-1.16,,0.12794922433568523,-0.72,
25,13,1,0,0.0,0.4599501629078959,0.0,0.004975124378109453,0.12507778924336396,0.68,0.35323383084577115
25,13,1,0,0.005,0.30003066775815834,1.36,,0.12831181474898248,0.48,
25,13,1,0,0.02,0.1536239510609737,-0.56,,0.11485049741163887,0.04,
25,14,1,0,0.0,0.48708816728774607,1.96,0.014925373134328358,0.19537034397396852,-1.08,0.014925373134328358
25,14,1,0,0.005,0.27364508669832444,0.16,,0.19586133063900046,-0.04,
25,14,1,0,0.02,0.0890096751781536,0.52,,0.1305228874574673,1.76,
25,15,0,1,0.0,0.4207731144785196,-0.4,0.004975124378109453,0.24268987347504775,-1.52,0.03980099502487562
25,15,0,1,0.005,0.2822134781296164,-1.76,,0.1736142423240592,-1.52,
25,15,0,1,0.02,0.0865661777286532,-0.4,,0.10299621292258827,1.96,
25,16,0,0,0.0,0.41233311335962886,2.0,0.004975124378109453,0.2797683704171123,0.76,0.09950248756218906
25,16,0,0,0.005,0.30486351739618456,-0.56,,0.19990685597122917,0.76,
25,16,0,0,0.02,0.12492596431757445,-0.64,,0.10897149571359752,-1.92,
25,17,0,1,0.0,0.5166247736576517,1.48,0.004975124378109453,0.36407904497940646,1.72,0.004975124378109453
25,17,0,1,0.005,0.4855337302460248,1.48,,0.25120088075286473,1.24,
25,17,0,1,0.02,0.29059230725945895,1.48,,0.11800753865663322,0.12,
25,18,0,0,0.0,0.23001142183916878,-1.12,0.21393034825870647,0.17718977667038796,-0.16,0.08955223880597014
25,18,0,0,0.005,0.13682958181974533,-1.08,,0.1395810810398118,1.0,
25,18,0,0,0.02,0.08687825201378542,-1.48,,0.1283711214023788,1.32,
25,19,1,0,0.0,0.48691795891545225,0.0,0.004975124378109453,0.318735635275812,1.32,0.004975124378109453
25,19,1,0,0.005,0.3685900670675834,1.12,,0.24652151826841773,1.08,
25,19,1,0,0.02,0.14138879707291396,1.12,,0.1391399397438872,0.36,
25,20,1,1,0.0,0.2807270483190333,0.92,0.04477611940298507,0.6391227376221248,-0.92,0.004975124378109453
25,20,1,1,0.005,0.28992291922604024,1.84,,0.5223195686139533,-0.92,
25,20,1,1,0.02,0.14454105711287032,1.88,,0.16138313171203028,-0.24,
25,21,0,1,0.0,0.49295183796994896,-1.48,0.004975124378109453,0.17456571524341075,0.72,0.004975124378109453
25,21,0,1,0.005,0.3916623032088053,-1.48,,0.17437459547116976,0.72,
25,21,0,1,0.02,0.16786240764656335,-1.44,,0.14078310128402946,0.92,
25,22,0,0,0.0,0.4632597855740949,0.0,0.004975124378109453,0.11745652544036203,0.04,0.5174129353233831
25,22,0,0,0.005,0.38474586300100905,-0.04,,0.08339297248967553,0.32,
25,22,0,0,0.02,0.15853403248542583,-0.04,,0.0991120085585979,-0.04,
25,23,1,1,0.0,0.4487768349948783,-0.08,0.004975124378109453,0.5295716824087763,-0.96,0.004975124378109453
25,23,1,1,0.005,0.32475271651781773,-0.08,,0.41969567272564706,-0.96,
25,23,1,1,0.02,0.1483911976539052,-0.08,,0.12382048457692026,-0.04,
25,24,1,0,0.0,0.3569544245274256,-1.16,0.03482587064676617,0.1413577359122339,1.48,0.23383084577114427
25,24,1,0,0.005,0.29329948049896687,-2.0,,0.12926788238200973,2.0,
25,24,1,0,0.02,0.12336783162061978,0.0,,0.1048636054359131,1.24,
25,25,1,1,0.0,0.47539934150628504,0.0,0.004975124378109453,0.3030593975133368,-0.8,0.1890547263681592
25,25,1,1,0.005,0.3363508624088267,-0.08,,0.267443686847694,-0.8,
25,25,1,1,0.02,0.11466770470952437,-1.44,,0.13671528462131116,-0.6,
25,26,1,0,0.0,0.491229753351498,-0.36,0.004975124378109453,0.19317890485591047,2.0,0.004975124378109453
25,26,1,0,0.005,0.32664388006709455,-0.36,,0.14075574262692836,2.0,
25,26,1,0,0.02,0.14133175504530385,-1.72,,0.0881329328330738,0.52,
25,27,0,0,0.0,0.47849302137628313,-1.68,0.004975124378109453,0.18179423784780113,1.76,0.39800995024875624
25,27,0,0,0.005,0.40709579265914053,-1.72,,0.172567115947262,1.76,
25,27,0,0,0.02,0.25423805420504686,-0.56,,0.09730859734087544,1.76,
25,28,0,1,0.0,0.4941652194883939,1.36,0.004975124378109453,0.16579474687558302,2.0,0.3781094527363184
25,28,0,1,0.005,0.4177001680651123,1.4,,0.17162238650985845,2.0,
25,28,0,1,0.02,0.24427477438480036,1.44,,0.11082247633884686,-1.92,
25,29,1,1,0.0,0.5224155994214087,2.0,0.014925373134328358,0.3133795959826587,-1.88,0.004975124378109453
25,29,1,1,0.005,0.47106245604411334,0.08,,0.30013405007922567,-1.88,
25,29,1,1,0.02,0.2895680434630115,-1.92,,0.1775691213048703,-1.92,
25,30,1,0,0.0,0.46385966392863565,1.04,0.004975124378109453,0.17203239750664087,-0.16,0.15422885572139303
25,30,1,0,0.005,0.3785641222820714,0.0,,0.15493517169601687,-0.16,
25,30,1,0,0.02,0.23327274212323168,0.04,,0.11494226942009177,1.96,
25,31,0,1,0.0,0.2872698232025825,0.52,0.3880597014925373,0.21863711219126578,1.68,0.21393034825870647
25,31,0,1,0.005,0.18315367489864398,0.56,,0.1814178340189799,1.68,
25,31,0,1,0.02,0.11424759748351902,1.56,,0.12097811981262722,0.68,
25,32,0,0,0.0,0.4628495635461035,1.12,0.004975124378109453,0.16255813979197595,1.64,0.24378109452736318
25,32,0,0,0.005,0.4006906460279548,1.08,,0.12995754181200836,1.64,
25,32,0,0,0.02,0.2499141210199627,1.08,,0.07864928030843747,-1.52,
26,1,0,1,0.0,0.40678855081326115,0.28,0.004975124378109453,0.2106893338106803,0.32,0.24378109452736318
26,1,0,1,0.005,0.330441510096075,0.28,,0.14479161988329287,0.32,
26,1,0,1,0.02,0.12847838314724383,-0.16,,0.0871337040145635,-0.88,
26,2,0,0,0.0,0.5826291119571428,1.48,0.004975124378109453,0.12844005820953788,0.0,0.36318407960199006
26,2,0,0,0.005,0.443540715007954,1.52,,0.11057486220833744,-1.88,
26,2,0,0,0.02,0.14320476255685702,-0.36,,0.09457664017109489,0.24,
26,3,1,1,0.0,0.5707300566439044,0.88,0.004975124378109453,0.3821676195791444,1.36,0.004975124378109453
26,3,1,1,0.005,0.46103414295735207,0.28,,0.33077116711106286,-0.6,
26,3,1,1,0.02,0.15015928995046993,-1.12,,0.17206787343096785,-1.08,
26,4,1,0,0.0,0.4158886312812826,-1.68,0.14427860696517414,0.20058518160949,-1.04,0.004975124378109453
26,4,1,0,0.005,0.28994715551611033,0.12,,0.1436704192504833,-1.04,
26,4,1,0,0.02,0.08835572828229647,0.0,,0.10815136353829675,1.24,
26,5,0,0,0.0,0.5792038085783328,-0.32,0.004975124378109453,0.2454840980723758,0.64,0.29850746268656714
26,5,0,0,0.005,0.48130319556481027,-0.36,,0.2444344930890442,0.64,
26,5,0,0,0.02,0.2058856286425771,0.68,,0.13194538747195825,0.92,
26,6,0,1,0.0,0.6125814238905974,-1.96,0.004975124378109453,0.4484855419945351,1.08,0.004975124378109453
26,6,0,1,0.005,0.549902637112132,-1.96,,0.37826237474100294,1.76,
26,6,0,1,0.02,0.2741910753195836,-1.96,,0.13269698840792027,1.12,
26,7,1,0,0.0,0.5491238399991376,0.96,0.004975124378109453,0.12134795819592252,-0.64,0.39800995024875624
26,7,1,0,0.005,0.4462161752154524,0.92,,0.11097481506294933,-0.6,
26,7,1,0,0.02,0.2436776544594182,-0.16,,0.13262857586943766,-0.56,
26,8,1,1,0.0,0.5054181162767659,0.48,0.004975124378109453,0.38663464586970664,-1.8,0.004975124378109453
26,8,1,1,0.005,0.4453027690158206,0.48,,0.36653668175585435,-0.4,
26,8,1,1,0.02,0.22418145596343156,1.52,,0.1912086126749905,0.12,
26,9,0,1,0.0,0.3952125221657952,0.32,0.2885572139303483,0.42019064877208584,0.88,0.004975124378109453
26,9,0,1,0.005,0.3147529312329948,1.92,,0.37777840109560434,0.36,
26,9,0,1,0.02,0.15469568345614507,1.92,,0.19537908595283507,-1.72,
26,10,0,1,0.0,0.614917675208292,1.16,0.004975124378109453,0.47257918058794673,-0.08,0.004975124378109453
26,10,0,1,0.005,0.5437572436139809,1.16,,0.433196572759741,-0.08,
26,10,0,1,0.02,0.32134252393866475,2.0,,0.24188161227424057,1.84,
26,11,1,1,0.0,0.6023352242765523,0.8,0.004975124378109453,0.2743135436190248,0.36,0.004975124378109453
26,11,1,1,0.005,0.5169065733779515,0.8,,0.27165859202105314,0.36,
26,11,1,1,0.02,0.30803803020641723,0.8,,0.18620391631887626,0.36,
26,12,1,0,0.0,0.5188442626102184,0.84,0.004975124378109453,0.12997285651606116,0.2,0.0845771144278607
26,12,1,0,0.005,0.46683463063455305,0.84,,0.11870137339709563,-0.04,
26,12,1,0,0.02,0.2944034566803245,0.84,,0.10311910310538827,0.56,
26,13,0,0,0.0,0.47876105286318466,0.12,0.004975124378109453,0.18214041685172794,-0.32,0.004975124378109453
26,13,0,0,0.005,0.42464029226642674,0.04,,0.16217514591676946,-0.32,
26,13,0,0,0.02,0.22243256165950437,0.04,,0.1151046326192618,-1.16,
26,14,0,0,0.0,0.5179871527583146,1.12,0.004975124378109453,0.1266686206206162,0.12,0.004975124378109453
26,14,0,0,0.005,0.436656279865422,1.08,,0.1286372535320299,0.36,
26,14,0,0,0.02,0.2436583348735088,1.12,,0.09334249528869619,0.36,
26,15,1,1,0.0,0.5094362543693804,0.28,0.004975124378109453,0.2417337007329204,1.12,0.12935323383084577
26,15,1,1,0.005,0.4355658684336426,0.28,,0.20683659053579892,0.08,
26,15,1,1,0.02,0.26561962718763493,0.32,,0.14240511341081444,0.08,
26,16,1,0,0.0,0.5310916642854394,-1.6,0.004975124378109453,0.10761992788922375,1.12,0.572139303482587
26,16,1,0,0.005,0.4852827421666636,-1.6,,0.09612493500262025,1.12,
26,16,1,0,0.02,0.3189195404570716,-1.6,,0.12868814279334312,-1.92,
26,17,0,1,0.0,0.5140539694369548,0.72,0.004975124378109453,0.4061989215283638,1.68,0.004975124378109453
26,17,0,1,0.005,0.4312306595654222,-1.84,,0.3524817325437078,1.68,
26,17,0,1,0.02,0.22801277195021288,0.84,,0.1321081873799749,1.16,
26,18,0,0,0.0,0.24382161566646327,1.96,0.13432835820895522,0.08308953878849663,1.8,0.6666666666666666
26,18,0,0,0.005,0.21269885080598647,2.0,,0.059942625811560846,0.0,
26,18,0,0,0.02,0.06559895227827753,-1.12,,0.07129304025733689,0.96,
26,19,1,1,0.0,0.44724322162695956,0.44,0.004975124378109453,0.4455946969670619,1.4,0.004975124378109453
26,19,1,1,0.005,0.35201394009773507,0.48,,0.3955532774112579,0.88,
26,19,1,1,0.02,0.18805746659067413,0.52,,0.230964991656391,1.12,
26,20,1,0,0.0,0.4708419791031917,0.28,0.004975124378109453,0.10577890462051019,1.56,0.6616915422885572
26,20,1,0,0.005,0.36521592941298375,0.44,,0.12180246492621981,-1.72,
26,20,1,0,0.02,0.19268531835989375,1.36,,0.14202851121527238,-1.92,
26,21,0,0,0.0,0.49402516097850807,1.24,0.004975124378109453,0.08405070846692113,-1.96,0.263681592039801
26,21,0,0,0.005,0.40656574406294166,1.2,,0.09058777860091348,-2.0,
26,21,0,0,0.02,0.25437480831647463,-0.04,,0.1735827104950023,-1.52,
26,22,0,1,0.0,0.5613049926851904,0.52,0.004975124378109453,0.4920503070453597,1.28,0.004975124378109453
26,22,0,1,0.005,0.5045227962616479,0.48,,0.45539851191790687,1.96,
26,22,0,1,0.02,0.29921802755686255,0.52,,0.3006473801331677,-0.36,
26,23,1,1,0.0,0.5392830979596549,-0.8,0.004975124378109453,0.46986856488185685,-0.84,0.004975124378109453
26,23,1,1,0.005,0.4701846006170511,-0.76,,0.45585716318073716,-0.84,
26,23,1,1,0.02,0.31002954341917105,-0.72,,0.2970785780103691,-0.36,
26,24,1,0,0.0,0.48290528554624107,2.0,0.05472636815920398,0.10753534278634341,0.24,0.16417910447761194
26,24,1,0,0.005,0.41135380893620244,-0.4,,0.10496042488550125,0.24,
26,24,1,0,0.02,0.2872349623320594,-0.4,,0.08508999283721759,-1.76,
26,25,0,0,0.0,0.5079616630233458,-1.84,0.004975124378109453,0.11858873393890165,-1.88,0.44776119402985076
26,25,0,0,0.005,0.45219956180259996,-1.88,,0.13480206211879067,-1.88,
26,25,0,0,0.02,0.2491041784251972,-1.8,,0.10230856661860196,-1.88,
26,26,0,1,0.0,0.4668766726052599,1.4,0.01990049751243781,0.5240877340634666,-0.4,0.014925373134328358
26,26,0,1,0.005,0.405581775709373,-0.16,,0.4657266584965448,-0.4,
26,26,0,1,0.02,0.2460582134763019,-0.16,,0.2367693955499558,0.4,
26,27,1,0,0.0,0.5625142748136728,-0.2,0.004975124378109453,0.11454111734250688,-1.28,0.43283582089552236
26,27,1,0,0.005,0.44941100088063796,-0.24,,0.10193598415827218,-1.32,
26,27,1,0,0.02,0.2989575904136619,-0.32,,0.13257368164303007,1.6,
26,28,1,1,0.0,0.5040266691468743,-1.4,0.004975124378109453,0.4224010956389674,-0.68,0.08955223880597014
26,28,1,1,0.005,0.493444324040154,-1.44,,0.36102687897410934,-0.68,
26,28,1,1,0.02,0.2971185626824192,-1.64,,0.1534607905002414,-0.96,
26,29,0,0,0.0,0.4277223499971565,0.56,0.12935323383084577,0.10301761267727473,1.64,0.27860696517412936
26,29,0,0,0.005,0.38469572882248504,-0.16,,0.12284961704982668,0.72,
26,29,0,0,0.02,0.19046511788832624,0.0,,0.1026875754705032,0.72,
26,30,0,1,0.0,0.47532709139795104,0.8,0.004975124378109453,0.4316099211823876,1.36,0.004975124378109453
26,30,0,1,0.005,0.38527894109672045,0.08,,0.4080939581840688,1.12,
26,30,0,1,0.02,0.20240093920514313,-1.96,,0.26289910856981197,1.08,
26,31,1,0,0.0,0.5161743855594187,0.88,0.004975124378109453,0.06706454676210549,0.12,0.8258706467661692
26,31,1,0,0.005,0.42794859061092033,0.96,,0.05624003031300675,-0.88,
26,31,1,0,0.02,0.248216670486884,-0.76,,0.08983335343892561,1.96,
26,32,1,1,0.0,0.6323647107176483,-0.24,0.004975124378109453,0.49047284736317953,-1.76,0.004975124378109453
26,32,1,1,0.005,0.5431265685567985,-0.24,,0.4562516555529364,-1.52,
26,32,1,1,0.02,0.3567899482581785,-0.2,,0.2659835952274823,-0.6,
27,1,1,1,0.0,0.3669958420096178,0.8,0.004975124378109453,0.24458940492378523,-0.52,0.004975124378109453
27,1,1,1,0.005,0.3392655673696584,-0.24,,0.17896546975906463,0.72,
27,1,1,1,0.02,0.08651976473346792,-1.28,,0.12513920454189473,0.72,
27,2,1,0,0.0,0.4672378347968537,-1.8,0.004975124378109453,0.07895914300082724,0.28,0.8955223880597015
27,2,1,0,0.005,0.33655876797839096,-1.84,,0.12239970719403104,1.16,
27,2,1,0,0.02,0.11689299728804514,0.32,,0.1145786187848306,1.16,
27,3,0,1,0.0,0.32841623597306807,1.04,0.004975124378109453,0.1503740046783478,-1.4,0.12437810945273632
27,3,0,1,0.005,0.1810400753492356,0.36,,0.16834307186991648,-0.24,
27,3,0,1,0.02,0.08834180087517621,-1.2,,0.16703915284886597,-0.24,
27,4,0,0,0.0,0.4515632030390254,2.0,0.004975124378109453,0.11845720923847118,1.6,0.14925373134328357
27,4,0,0,0.005,0.2801163671542341,2.0,,0.12599211284518194,0.68,
27,4,0,0,0.02,0.0630122040011013,0.0,,0.152413363227906,-0.6,
27,5,1,1,0.0,0.2896972787769995,-1.16,0.10945273631840796,0.24567734984856565,-1.44,0.04975124378109453
27,5,1,1,0.005,0.22164978573213134,-1.68,,0.13431318454877106,-1.44,
27,5,1,1,0.02,0.10157427568301365,0.64,,0.07420050286998246,1.8,
27,6,1,0,0.0,0.29195462093979735,1.52,0.06965174129353234,0.2235734934854071,-1.96,0.004975124378109453
27,6,1,0,0.005,0.27954580180290317,1.52,,0.14791357665471158,-1.84,
27,6,1,0,0.02,0.15037058119142052,1.52,,0.131656565602382,-1.84,
27,7,0,1,0.0,0.38633783531945054,0.2,0.004975124378109453,0.09250132958439747,-1.28,0.5174129353233831
27,7,0,1,0.005,0.24589425158461986,-1.56,,0.1278211790719505,-0.16,
27,7,0,1,0.02,0.10710603014750113,0.96,,0.12534236925162207,-0.16,
27,8,0,0,0.0,0.3347238410907615,1.4,0.14925373134328357,0.13939398811838463,0.36,0.13432835820895522
27,8,0,0,0.005,0.2207913292100883,-1.8,,0.1256616502462818,-0.8,
27,8,0,0,0.02,0.07183022886898915,0.76,,0.12879351525157096,-0.6,
27,9,1,0,0.0,0.5068185999455331,1.64,0.004975124378109453,0.22757607292213897,1.28,0.04477611940298507
27,9,1,0,0.005,0.49148499757210046,1.6,,0.153211704419812,1.28,
27,9,1,0,0.02,0.23170875013297368,1.64,,0.09748391247249871,-1.88,
27,10,1,1,0.0,0.3842409312185917,-0.2,0.004975124378109453,0.1685638552123311,1.48,0.06467661691542288
27,10,1,1,0.005,0.3317272110585187,0.44,,0.16346754288880824,-1.04,
27,10,1,1,0.02,0.15334268628073378,-0.16,,0.10414095829630786,-1.04,
27,11,0,0,0.0,0.49279337377979415,1.2,0.004975124378109453,0.09403862790189971,0.36,0.18407960199004975
27,11,0,0,0.005,0.36300015247974965,1.24,,0.10590356523105657,1.52,
27,11,0,0,0.02,0.12798562996418053,-1.8,,0.10833960931348802,1.32,
27,12,0,1,0.0,0.3353190589353037,-1.16,0.08955223880597014,0.22434034466544167,0.2,0.11940298507462686
27,12,0,1,0.005,0.21318953719018283,-0.96,,0.16848209846167742,0.48,
27,12,0,1,0.02,0.07709320327508921,-1.88,,0.1034203073388699,0.68,
27,13,1,1,0.0,0.46042224098229284,1.36,0.08955223880597014,0.18744772664488682,0.2,0.10945273631840796
27,13,1,1,0.005,0.4144213152180417,1.32,,0.15848060285913873,1.04,
27,13,1,1,0.02,0.2019562401956371,1.2,,0.1150792881104306,-1.08,
27,14,1,0,0.0,0.4118424974166084,1.04,0.1691542288557214,0.1824183741173271,0.52,0.004975124378109453
27,14,1,0,0.005,0.27200435969672915,-0.32,,0.13308654943109802,0.56,
27,14,1,0,0.02,0.11490329890339981,1.2,,0.12040227936227157,-0.56,
27,15,0,0,0.0,0.4949804573403469,-1.88,0.09950248756218906,0.14551905720484634,0.72,0.1691542288557214
27,15,0,0,0.005,0.40430647345922044,0.52,,0.18239909523839498,-1.2,
27,15,0,0,0.02,0.25802767965354834,0.56,,0.17349511496455747,-1.2,
27,16,0,1,0.0,0.47346558947862444,-1.32,0.004975124378109453,0.09229746517285126,-1.32,0.6368159203980099
27,16,0,1,0.005,0.36909765098106756,-1.32,,0.11258390087990924,1.52,
27,16,0,1,0.02,0.15925722354926075,0.56,,0.14836956438403856,1.52,
27,17,0,1,0.0,0.3780600686547493,-1.72,0.39800995024875624,0.14254590189385813,2.0,0.14925373134328357
27,17,0,1,0.005,0.24326286599585453,-1.6,,0.12227448091413354,-1.24,
27,17,0,1,0.02,0.07453642444566272,-1.68,,0.11975762282293327,0.32,
27,18,0,1,0.0,0.2442504802701371,0.44,0.5074626865671642,0.20333302115728402,1.52,0.07960199004975124
27,18,0,1,0.005,0.14581490460332225,-1.88,,0.10903743115729773,1.8,
27,18,0,1,0.02,0.08204622599454217,-1.96,,0.07979622829193027,-1.56,
27,19,1,1,0.0,0.3394420444841055,1.76,0.3482587064676617,0.18330553284630088,1.48,0.15920398009950248
27,19,1,1,0.005,0.2824320612184237,1.8,,0.1666404022432317,1.96,
27,19,1,1,0.02,0.09873986373439864,1.0,,0.15707021017187653,0.64,
27,20,1,0,0.0,0.3180989931126414,-0.28,0.36318407960199006,0.124100456324302,-1.88,0.5970149253731343
27,20,1,0,0.005,0.30045507281305767,-0.28,,0.11451385301293726,0.92,
27,20,1,0,0.02,0.15270259592283955,-0.32,,0.10536764646020286,0.2,
27,21,0,0,0.0,0.2644355932270287,-1.0,0.20398009950248755,0.08439171311988797,2.0,0.20398009950248755
27,21,0,0,0.005,0.14914704383841587,-1.16,,0.07796927202534112,-1.56,
27,21,0,0,0.02,0.059931897100272094,0.24,,0.14260371897198956,-1.52,
27,22,0,0,0.0,0.3014365529178251,-1.32,0.43781094527363185,0.17649048526512368,1.2,0.2935323383084577
27,22,0,0,0.005,0.2446696747056756,-1.4,,0.1286599165778009,-0.72,
27,22,0,0,0.02,0.10495817922949789,-1.76,,0.13763510295361994,-0.76,
27,23,1,1,0.0,0.3652715623252027,1.04,0.4228855721393035,0.22491155505874288,-0.52,0.23383084577114427
27,23,1,1,0.005,0.30581458308795384,0.2,,0.13564600929253093,-0.28,
27,23,1,1,0.02,0.11046084449012866,-1.56,,0.10446650301936115,-1.32,
27,24,1,0,0.0,0.524738874388412,0.2,0.04975124378109453,0.1930289228806809,0.16,0.38308457711442784
27,24,1,0,0.005,0.4680323017117303,-0.8,,0.17634170473632474,0.12,
27,24,1,0,0.02,0.27805001343170466,-1.88,,0.15560114511394355,-1.16,
27,25,1,1,0.0,0.4263210527133582,1.92,0.16417910447761194,0.15095488431667076,1.2,0.06965174129353234
27,25,1,1,0.005,0.35844676090980143,1.92,,0.11715146629426229,0.92,
27,25,1,1,0.02,0.2127754399679133,1.0,,0.09315300474508224,1.88,
27,26,1,0,0.0,0.40462571428616867,2.0,0.09950248756218906,0.1793201027150303,-0.08,0.004975124378109453
27,26,1,0,0.005,0.41403112846418627,2.0,,0.14000376648025076,-1.92,
27,26,1,0,0.02,0.16535014956265054,-1.04,,0.12071276245742418,-1.92,
27,27,0,0,0.0,0.3299780325420114,0.88,0.0945273631840796,0.1502991668138304,-1.52,0.004975124378109453
27,27,0,0,0.005,0.2876709039615224,1.4,,0.10334086730270466,-0.56,
27,27,0,0,0.02,0.1498672861807481,0.8,,0.11705518224098022,-1.48,
27,28,0,0,0.0,0.49670391032335215,-1.64,0.07960199004975124,0.18297352972603323,-0.6,0.10945273631840796
27,28,0,0,0.005,0.3509699699326884,-1.64,,0.1254030623153506,2.0,
27,28,0,0,0.02,0.13020941715163173,-1.68,,0.12771095771076535,1.72,
27,29,1,1,0.0,0.40601643641760377,-0.12,0.004975124378109453,0.23498545868573828,-1.64,0.0945273631840796
27,29,1,1,0.005,0.2632724799463086,-0.12,,0.18932205828696924,1.6,
27,29,1,1,0.02,0.12174362822891263,-0.96,,0.09503154859352521,0.88,
27,30,1,0,0.0,0.4237495694212803,0.2,0.029850746268656716,0.13739176310750334,-0.84,0.208955223880597
27,30,1,0,0.005,0.2895580555059204,0.12,,0.09758694395355902,1.28,
27,30,1,0,0.02,0.12983793369929184,-1.64,,0.1259833479566579,1.28,
27,31,0,1,0.0,0.4404326293198915,0.28,0.12935323383084577,0.2105539277825554,-0.28,0.0845771144278607
27,31,0,1,0.005,0.4100867527005691,0.32,,0.17720110141481732,1.76,
27,31,0,1,0.02,0.23306048464914936,-0.6,,0.10762597860375707,-0.36,
27,32,0,1,0.0,0.39185904734697713,1.96,0.004975124378109453,0.08094763956215563,1.96,0.8208955223880597
27,32,0,1,0.005,0.26425587712074744,1.4,,0.09448821488509013,-1.0,
27,32,0,1,0.02,0.16180714838438853,1.92,,0.07472656731643369,0.4,
28,1,1,1,0.0,0.41259733145303257,-0.92,0.21393034825870647,0.56432157132926,1.6,0.004975124378109453
28,1,1,1,0.005,0.32162168806799274,-0.44,,0.4427029394503634,-0.32,
28,1,1,1,0.02,0.12498789334732155,0.48,,0.15016706229660567,-0.28,
28,2,1,0,0.0,0.5548501904892191,0.16,0.014925373134328358,0.14820949944490677,1.44,0.004975124378109453
28,2,1,0,0.005,0.5105577833783633,0.16,,0.12047677176672023,1.44,
28,2,1,0,0.02,0.24915904150264057,0.2,,0.06838978594769794,0.04,
28,3,0,0,0.0,0.47565965731817667,0.16,0.004975124378109453,0.25552526309614654,-1.96,0.004975124378109453
28,3,0,0,0.005,0.4230130605934953,0.16,,0.2131444044939313,-1.96,
28,3,0,0,0.02,0.25634913884181004,1.32,,0.17089225630729313,1.92,
28,4,0,1,0.0,0.4839254034692887,-1.36,0.18407960199004975,0.454232017095613,-1.04,0.004975124378109453
28,4,0,1,0.005,0.407353275190153,-1.4,,0.41118695949398915,-1.04,
28,4,0,1,0.02,0.21305384096005645,-1.4,,0.22800532918245242,0.72,
28,5,1,0,0.0,0.4556605317352224,0.36,0.21890547263681592,0.1496243867110595,1.6,0.31840796019900497
28,5,1,0,0.005,0.41057126367601654,0.32,,0.16626466489807257,1.6,
28,5,1,0,0.02,0.18840090022791556,-1.48,,0.1378695144922061,1.84,
28,6,1,1,0.0,0.6516093430376967,1.76,0.004975124378109453,0.5814763928062467,-0.56,0.004975124378109453
28,6,1,1,0.005,0.618178091577251,1.76,,0.5266562532973568,-0.04,
28,6,1,1,0.02,0.30140860739572534,1.76,,0.2755245343222407,1.76,
28,7,0,1,0.0,0.5808544916801558,0.0,0.004975124378109453,0.7266587948728488,-0.48,0.014925373134328358
28,7,0,1,0.005,0.5213631341574616,0.04,,0.665118754266723,0.44,
28,7,0,1,0.02,0.27226553196682596,0.04,,0.30666840055955935,-1.4,
28,8,0,0,0.0,0.5348427558859401,-1.56,0.04975124378109453,0.13747960877543056,-0.36,0.004975124378109453
28,8,0,0,0.005,0.4646803209282514,-0.6,,0.1817781392172397,0.32,
28,8,0,0,0.02,0.2741155905114939,-0.6,,0.16755858358107134,0.32,
28,9,1,1,0.0,0.6337124475039455,-1.68,0.004975124378109453,0.6125889195380068,0.0,0.004975124378109453
28,9,1,1,0.005,0.55107087332258,-1.68,,0.5668885917505095,0.48,
28,9,1,1,0.02,0.32360687937766514,-1.64,,0.24348406669463699,-1.24,
28,10,1,0,0.0,0.5573859060341504,-1.4,0.17412935323383086,0.09592094880740169,1.92,0.3333333333333333
28,10,1,0,0.005,0.5047366733360615,-1.44,,0.11975732033161908,1.96,
28,10,1,0,0.02,0.3115885262294629,-1.4,,0.17858679991095053,1.48,
28,11,0,1,0.0,0.5379870769738907,-0.2,0.14925373134328357,0.48504983345693026,0.0,0.004975124378109453
28,11,0,1,0.005,0.4756800889121189,1.44,,0.40539076638933996,0.52,
28,11,0,1,0.02,0.28882797411756994,1.4,,0.17077919450642515,-0.96,
28,12,0,0,0.0,0.5309536397959673,1.16,0.1044776119402985,0.08443101025828609,-1.64,0.417910447761194
28,12,0,0,0.005,0.47924052214888724,1.12,,0.09100984533314388,-1.64,
28,12,0,0,0.02,0.30386738127693613,1.12,,0.11304336264377632,-0.04,
28,13,1,0,0.0,0.5958195977918528,-0.8,0.004975124378109453,0.09977689021502763,-1.6,0.1691542288557214
28,13,1,0,0.005,0.5681463674957777,-0.8,,0.07622499013167909,1.04,
28,13,1,0,0.02,0.3476198813184509,-0.84,,0.11470434466720572,0.4,
28,14,1,1,0.0,0.5369332040029219,-0.96,0.004975124378109453,0.592146815972734,-0.56,0.004975124378109453
28,14,1,1,0.005,0.4983681297779463,-0.96,,0.503391978538415,-0.56,
28,14,1,1,0.02,0.3421987331746982,1.0,,0.16390235092116556,1.84,
28,15,0,0,0.0,0.5625772457503304,-0.68,0.06467661691542288,0.18532897249262875,-1.4,0.004975124378109453
28,15,0,0,0.005,0.502171576839921,-0.68,,0.1396933263624128,-1.36,
28,15,0,0,0.02,0.3217007356612734,-0.72,,0.11545048419571417,1.88,
28,16,0,1,0.0,0.5578492939833699,-1.04,0.004975124378109453,0.6855270066202249,-1.0,0.009950248756218905
28,16,0,1,0.005,0.513471163437439,-1.04,,0.6476474184746238,0.88,
28,16,0,1,0.02,0.3586665043423532,-1.24,,0.34393951967308267,-1.92,
28,17,1,0,0.0,0.5330449064097329,0.92,0.07462686567164178,0.21588238450594013,-1.84,0.004975124378109453
28,17,1,0,0.005,0.46254353911468893,0.92,,0.17506959899045987,-1.84,
28,17,1,0,0.02,0.26187294848113,0.84,,0.0863657021499927,-1.64,
28,18,1,1,0.0,0.6445218575736175,-0.8,0.004975124378109453,0.796725037419245,-0.08,0.004975124378109453
28,18,1,1,0.005,0.5988232397991501,-0.8,,0.7742306265530913,0.16,
28,18,1,1,0.02,0.42674887525385224,0.12,,0.5116924829716123,0.16,
28,19,0,0,0.0,0.6315700744982362,0.12,0.004975124378109453,0.13211248477933554,-1.8,0.24378109452736318
28,19,0,0,0.005,0.5649046017468176,0.12,,0.11884313075726392,-1.8,
28,19,0,0,0.02,0.3634318709967988,1.64,,0.09621807082653931,0.6,
28,20,0,1,0.0,0.6286309141923503,-0.28,0.004975124378109453,0.6928770659707733,-2.0,0.004975124378109453
28,20,0,1,0.005,0.5948105579692035,-0.28,,0.6672672821699307,-2.0,
28,20,0,1,0.02,0.39339368006606606,-0.32,,0.40372463597005925,-2.0,
28,21,1,0,0.0,0.6007746845114579,-0.44,0.004975124378109453,0.13233580610813833,-0.64,0.27860696517412936
28,21,1,0,0.005,0.5341511191670681,-0.48,,0.11670313340737101,-1.64,
28,21,1,0,0.02,0.3304042382488657,-1.92,,0.0819632662922918,-1.64,
28,22,1,1,0.0,0.5220239341555889,-1.44,0.004975124378109453,0.46743104985660544,0.96,0.04975124378109453
28,22,1,1,0.005,0.48635654478332724,-1.44,,0.4281833941189032,0.96,
28,22,1,1,0.02,0.3518422674207568,-1.48,,0.25515285627455997,-1.32,
28,23,0,1,0.0,0.39973240536067484,-1.56,0.48756218905472637,0.7054441225674303,-0.56,0.004975124378109453
28,23,0,1,0.005,0.36326294916073687,0.72,,0.6757335889668156,-1.08,
28,23,0,1,0.02,0.21936868527477582,0.72,,0.391462131910849,-0.6,
28,24,0,0,0.0,0.5074684261196397,-1.52,0.24875621890547264,0.14859409999682996,1.36,0.03980099502487562
28,24,0,0,0.005,0.4738899407699114,-1.52,,0.11789106462872208,1.88,
28,24,0,0,0.02,0.3106670396155762,-1.48,,0.08081662075015507,-1.84,
28,25,0,0,0.0,0.5221403673980693,-1.8,0.024875621890547265,0.11481718661394508,1.12,0.2537313432835821
28,25,0,0,0.005,0.5063619440730506,-1.8,,0.1119251622640665,1.08,
28,25,0,0,0.02,0.3768596232639718,-1.72,,0.11730452519646983,-0.2,
28,26,0,0,0.0,0.5387093895975462,1.08,0.04477611940298507,0.11290323226758846,1.44,0.43283582089552236
28,26,0,0,0.005,0.5022506894184465,2.0,,0.10125001335226494,-1.92,
28,26,0,0,0.02,0.36055153484134683,1.96,,0.09587631230047693,-1.4,
28,27,1,0,0.0,0.5919325086176727,-2.0,0.06467661691542288,0.15753377438136537,-1.8,0.004975124378109453
28,27,1,0,0.005,0.5730870584517129,-2.0,,0.16107023639882112,-1.8,
28,27,1,0,0.02,0.4404762440569579,-2.0,,0.13587035824876345,-1.56,
28,28,1,1,0.0,0.5774022837714385,-1.44,0.03980099502487562,0.6840034076189825,0.0,0.024875621890547265
28,28,1,1,0.005,0.5371317857497518,0.8,,0.6515423393835731,0.0,
28,28,1,1,0.02,0.3841676360101354,-1.48,,0.4521253291222873,0.76,
28,29,0,1,0.0,0.566273430646407,-0.2,0.004975124378109453,0.5636716915536805,1.44,0.004975124378109453
28,29,0,1,0.005,0.516921116310618,-0.2,,0.5408453578231138,1.44,
28,29,0,1,0.02,0.3457103006986435,-0.2,,0.31906046971723384,0.2,
28,30,0,1,0.0,0.5602233907906979,1.52,0.004975124378109453,0.5877533846833153,1.04,0.004975124378109453
28,30,0,1,0.005,0.509154574507288,1.52,,0.5458111381491361,1.04,
28,30,0,1,0.02,0.34470541288287737,1.6,,0.34580562502429685,1.6,
28,31,1,0,0.0,0.6314285569419107,1.84,0.004975124378109453,0.16524457946564197,-1.68,0.004975124378109453
28,31,1,0,0.005,0.5959026078671191,1.84,,0.19522467698013482,-1.68,
28,31,1,0,0.02,0.4301821479263991,1.88,,0.19877498030450808,-0.92,
28,32,1,1,0.0,0.6250209585538122,1.08,0.004975124378109453,0.6339272555341273,-0.04,0.004975124378109453
28,32,1,1,0.005,0.6072121990289066,1.08,,0.621759458115369,-0.04,
28,32,1,1,0.02,0.48770779566021105,1.08,,0.45811224964106195,-0.04,
29,1,0,1,0.0,0.5508610503735513,-1.0,0.004975124378109453,0.1265169955627881,-1.68,0.22885572139303484
29,1,0,1,0.005,0.45206151605395034,-1.0,,0.14136920391918087,0.44,
29,1,0,1,0.02,0.2017315945019682,1.96,,0.13173830051747082,0.44,
29,2,0,0,0.0,0.4690249158456932,-1.4,0.07462686567164178,0.08004444761708916,-1.36,0.25870646766169153
29,2,0,0,0.005,0.3274058184613745,-1.68,,0.07544727713486574,-1.32,
29,2,0,0,0.02,0.16655337658405844,-1.52,,0.05217056433969716,-1.32,
29,3,1,1,0.0,0.6142983685450536,-1.0,0.004975124378109453,0.3242704402175499,-1.56,0.004975124378109453
29,3,1,1,0.005,0.517796275367097,-0.96,,0.2669963732560333,-1.56,
29,3,1,1,0.02,0.34236499343224863,-0.4,,0.13967277512264448,-0.56,
29,4,1,0,0.0,0.5424296034478303,1.08,0.21393034825870647,0.11895417113051944,-1.44,0.004975124378109453
29,4,1,0,0.005,0.44299630212523555,-1.36,,0.1046481731928251,-1.44,
29,4,1,0,0.02,0.3391568410512693,-1.36,,0.06359664523978015,-0.16,
29,5,0,1,0.0,0.5935431096055241,-1.44,0.004975124378109453,0.30124390624965525,1.44,0.004975124378109453
29,5,0,1,0.005,0.5071152136136369,-1.44,,0.3030525863730754,1.44,
29,5,0,1,0.02,0.36253631072848885,-1.44,,0.2079405845953064,1.44,
29,6,0,0,0.0,0.5757905267043228,-0.56,0.15920398009950248,0.10963956414553643,-1.72,0.42786069651741293
29,6,0,0,0.005,0.46904934755256755,-0.56,,0.1322653085799667,-1.72,
29,6,0,0,0.02,0.3107536812715065,-0.56,,0.13081335156535034,-1.72,
29,7,1,0,0.0,0.5513258554799929,-2.0,0.004975124378109453,0.18884976576389756,-0.88,0.07462686567164178
29,7,1,0,0.005,0.42990538414550505,-2.0,,0.1990436245873468,-0.88,
29,7,1,0,0.02,0.26628270040468205,-0.24,,0.14786225684277698,-0.88,
29,8,1,1,0.0,0.7139178727888001,1.16,0.004975124378109453,0.49550741230166295,0.24,0.014925373134328358
29,8,1,1,0.005,0.6443140609453816,1.12,,0.47486301859617225,0.24,
29,8,1,1,0.02,0.5062926979436805,1.56,,0.2980542661972676,0.24,
29,9,0,0,0.0,0.5469664451999293,-1.84,0.01990049751243781,0.07126459483967879,-0.28,0.5771144278606966
29,9,0,0,0.005,0.4619619504508268,-2.0,,0.058663247567520255,-0.28,
29,9,0,0,0.02,0.31249929946706556,-2.0,,0.10596872287627615,-1.52,
29,10,0,1,0.0,0.6580997741026752,-0.52,0.004975124378109453,0.368522971177076,-1.08,0.15920398009950248
29,10,0,1,0.005,0.5258860681796106,-0.52,,0.3601060118140637,-1.08,
29,10,0,1,0.02,0.3303891534697566,-0.56,,0.2537699650246615,-1.36,
29,11,1,1,0.0,0.6745825136885711,-0.96,0.004975124378109453,0.33289826452748944,0.96,0.004975124378109453
29,11,1,1,0.005,0.5900314206116944,-0.84,,0.32997544732234246,0.96,
29,11,1,1,0.02,0.45590810950922217,-0.8,,0.24790661687941243,0.96,
29,12,1,0,0.0,0.6566595577438932,0.4,0.004975124378109453,0.16241567010282518,1.48,0.004975124378109453
29,12,1,0,0.005,0.5733101801190179,0.36,,0.15300008513968488,1.44,
29,12,1,0,0.02,0.4111000173918564,1.8,,0.10909351037743777,-1.84,
29,13,0,1,0.0,0.7260632533746421,0.52,0.004975124378109453,0.3671919124665066,0.48,0.004975124378109453
29,13,0,1,0.005,0.6535729936456943,0.56,,0.33197812268009563,0.48,
29,13,0,1,0.02,0.4730322656778597,0.52,,0.188377888018013,0.48,
29,14,0,0,0.0,0.6607678194709808,1.68,0.004975124378109453,0.10418376202195585,-0.28,0.14427860696517414
29,14,0,0,0.005,0.5478335739186451,1.72,,0.1134360497960442,-0.28,
29,14,0,0,0.02,0.38054395136887004,1.76,,0.11521810531505569,-0.32,
29,15,1,0,0.0,0.6073030130392522,-0.04,0.004975124378109453,0.06247296764324939,-0.84,0.8756218905472637
29,15,1,0,0.005,0.5856679102007023,-0.52,,0.07893422290502985,-0.84,
29,15,1,0,0.02,0.4428674286526557,-0.48,,0.10266237032148337,-0.6,
29,16,1,1,0.0,0.6014084755852874,-0.04,0.004975124378109453,0.3985931153885068,-1.16,0.004975124378109453
29,16,1,1,0.005,0.4405721924070723,-0.56,,0.3992601894197811,-1.16,
29,16,1,1,0.02,0.30080406252444597,-0.56,,0.2978316587014237,-0.08,
29,17,1,0,0.0,0.5896612135722366,0.28,0.024875621890547265,0.11620853118987622,-2.0,0.06965174129353234
29,17,1,0,0.005,0.4960063945925202,0.24,,0.11506391942043176,-0.48,
29,17,1,0,0.02,0.3810552973024269,0.24,,0.09506208086627647,-0.48,
29,18,1,1,0.0,0.6807255691753336,0.08,0.004975124378109453,0.4845577342208703,-0.48,0.004975124378109453
29,18,1,1,0.005,0.5835766728681886,1.6,,0.46946600644439923,-0.48,
29,18,1,1,0.02,0.4064224412117907,0.52,,0.3080500704034798,-0.48,
29,19,0,1,0.0,0.5742017451964065,0.0,0.004975124378109453,0.5156306209772851,0.24,0.029850746268656716
29,19,0,1,0.005,0.48717824236860197,1.04,,0.4672951549110368,0.24,
29,19,0,1,0.02,0.2666177337271104,1.6,,0.21539964390396277,1.0,
29,20,0,1,0.0,0.6537979574612482,1.0,0.004975124378109453,0.5190012613018341,0.52,0.004975124378109453
29,20,0,1,0.005,0.5358201898227503,-0.2,,0.4634265468433981,0.76,
29,20,0,1,0.02,0.3544189229618894,-1.2,,0.2268464366493843,0.76,
29,21,1,1,0.0,0.6669617421189694,-0.44,0.004975124378109453,0.5477935184766489,0.2,0.004975124378109453
29,21,1,1,0.005,0.5665876739019455,-0.4,,0.5324988072499771,0.2,
29,21,1,1,0.02,0.35427722959222213,-0.4,,0.3548517158015386,0.2,
29,22,1,0,0.0,0.6686252495984959,-1.88,0.004975124378109453,0.12925174610638057,-1.92,0.22885572139303484
29,22,1,0,0.005,0.5671313723300127,-1.88,,0.12444236621797265,-1.92,
29,22,1,0,0.02,0.3668946626161313,-1.84,,0.10023956826514932,0.0,
29,23,0,0,0.0,0.6612764575416175,-0.88,0.004975124378109453,0.11300216066370314,-1.08,0.004975124378109453
29,23,0,0,0.005,0.5523849448527295,-0.88,,0.10840276133577775,-1.36,
29,23,0,0,0.02,0.38525753516902245,-0.92,,0.09795257821769063,0.48,
29,24,0,0,0.0,0.5997016675994215,0.36,0.18407960199004975,0.05505017344122553,1.28,0.5920398009950248
29,24,0,0,0.005,0.5044111123504427,-0.48,,0.05153641597784134,0.52,
29,24,0,0,0.02,0.2964753531811286,-1.64,,0.060449371700050346,-0.36,
29,25,1,1,0.0,0.6307953065910827,0.0,0.004975124378109453,0.2661341911576621,-0.24,0.2736318407960199
29,25,1,1,0.005,0.5290176556121893,1.36,,0.25091085810805175,-0.24,
29,25,1,1,0.02,0.3348331164093088,1.32,,0.19008863684758467,1.88,
29,26,1,0,0.0,0.5885674177384473,0.8,0.15422885572139303,0.12002535573789087,-1.68,0.004975124378109453
29,26,1,0,0.005,0.4689537307681491,0.8,,0.11783826817620317,-1.68,
29,26,1,0,0.02,0.2922587161574157,0.88,,0.10267003270439713,1.2,
29,27,0,0,0.0,0.5768159308954268,0.0,0.05970149253731343,0.09960826244645735,0.28,0.4975124378109453
29,27,0,0,0.005,0.5221638702368694,0.0,,0.1074843939028571,-1.76,
29,27,0,0,0.02,0.36605469637163845,0.04,,0.10455734752611089,-2.0,
29,28,0,0,0.0,0.6245352028457005,1.64,0.04477611940298507,0.07799318918067125,1.2,0.39303482587064675
29,28,0,0,0.005,0.5381813430512312,1.64,,0.0827287871434313,1.24,
29,28,0,0,0.02,0.3288549887022675,-0.88,,0.09930128567813133,-1.88,
29,29,1,0,0.0,0.6181328645186575,-1.68,0.004975124378109453,0.16389437722441846,-0.88,0.004975124378109453
29,29,1,0,0.005,0.49059419478535504,-0.72,,0.1503591543327182,-0.92,
29,29,1,0,0.02,0.27142592821167255,0.08,,0.14730088553175974,1.12,
29,30,1,1,0.0,0.6337276079169779,-0.4,0.004975124378109453,0.5354156278352895,-1.56,0.04477611940298507
29,30,1,1,0.005,0.5390506732862091,-0.44,,0.5141686392274614,-1.56,
29,30,1,1,0.02,0.3951750625335602,0.68,,0.33251233903282046,-1.56,
29,31,0,1,0.0,0.6283030066444596,1.52,0.004975124378109453,0.24840873728836657,-0.76,0.009950248756218905
29,31,0,1,0.005,0.5015966556482316,1.56,,0.23901516305123047,-0.76,
29,31,0,1,0.02,0.3638313596137328,1.6,,0.14963157822543913,0.76,
29,32,0,1,0.0,0.6465429973012801,0.4,0.004975124378109453,0.4198108382072216,-0.68,0.004975124378109453
29,32,0,1,0.005,0.5675496713567468,0.32,,0.39639010554596604,-0.68,
29,32,0,1,0.02,0.3865050739469121,0.16,,0.24969271986077565,1.88,
30,1,0,0,0.0,0.48754990056461084,-1.4,0.004975124378109453,0.20407213573061833,-1.44,0.07960199004975124
30,1,0,0,0.005,0.4549268065418086,-1.36,,0.19131272297818955,-1.44,
30,1,0,0,0.02,0.35928261637919073,-1.32,,0.13171662857490282,-1.96,
30,2,0,0,0.0,0.4688504597781552,-0.04,0.0945273631840796,0.12391165663163634,2.0,0.06965174129353234
30,2,0,0,0.005,0.43337287933610336,-0.04,,0.0984273958055427,2.0,
30,2,0,0,0.02,0.3545068527547372,-1.36,,0.09827339271576874,0.84,
30,3,1,0,0.0,0.535599426004806,1.04,0.004975124378109453,0.13085880098184982,-0.12,0.004975124378109453
30,3,1,0,0.005,0.5249872417787926,1.08,,0.07303524907240323,-0.16,
30,3,1,0,0.02,0.46229441082919603,0.04,,0.11903990351580153,1.16,
30,4,1,0,0.0,0.4810468156943714,-1.8,0.029850746268656716,0.5519028418647456,0.4,0.004975124378109453
30,4,1,0,0.005,0.44115897616821725,-1.8,,0.5574586771936648,0.4,
30,4,1,0,0.02,0.3425612657689103,-1.84,,0.37991283965066547,0.4,
30,5,0,1,0.0,0.5386129140658573,-1.28,0.004975124378109453,0.6394123085059685,-0.76,0.004975124378109453
30,5,0,1,0.005,0.5048982070665801,-1.28,,0.545389015909928,0.92,
30,5,0,1,0.02,0.4138755012171111,-0.32,,0.21933346420032762,0.92,
30,6,0,1,0.0,0.5994760022063635,-0.4,0.004975124378109453,0.6099342702102462,-0.6,0.004975124378109453
30,6,0,1,0.005,0.5855406328838046,-0.4,,0.468439034402184,-1.4,
30,6,0,1,0.02,0.5339188240443573,-0.4,,0.1930682089537005,1.96,
30,7,1,1,0.0,0.6728990751406395,1.12,0.004975124378109453,0.3863362114853454,-1.52,0.03482587064676617
30,7,1,1,0.005,0.64723958954633,0.12,,0.31114830030502755,-1.8,
30,7,1,1,0.02,0.5819166059894005,0.08,,0.15283911823629825,0.72,
30,8,1,1,0.0,0.7199297251129606,0.16,0.004975124378109453,0.6698576239688415,-1.84,0.05970149253731343
30,8,1,1,0.005,0.715603435806313,0.16,,0.6495092348365892,-1.84,
30,8,1,1,0.02,0.6448443820153406,0.16,,0.4434570097233401,-0.68,
30,9,0,1,0.0,0.8203304106458897,-1.96,0.004975124378109453,0.4823277642218412,-1.04,0.1691542288557214
30,9,0,1,0.005,0.7967514720782216,-1.96,,0.399814549840847,-1.04,
30,9,0,1,0.02,0.731604513438467,-0.92,,0.16510978996312003,1.2,
30,10,0,0,0.0,0.46703446709071506,-0.44,0.004975124378109453,0.0897960110146766,-1.84,0.3383084577114428
30,10,0,0,0.005,0.42602502568040157,-0.44,,0.08105746596511128,-1.84,
30,10,0,0,0.02,0.35355927687105293,-1.68,,0.11116461889710465,1.88,
30,11,1,0,0.0,0.4708400170008455,0.84,0.004975124378109453,0.20881893295819423,-1.16,0.11940298507462686
30,11,1,0,0.005,0.4432279474043931,0.84,,0.20158905201324856,-1.4,
30,11,1,0,0.02,0.3668177270489507,0.76,,0.14524234077032364,-1.2,
30,12,1,1,0.0,0.8222409078790767,0.08,0.004975124378109453,0.29853672512144014,0.96,0.004975124378109453
30,12,1,1,0.005,0.8112524367939383,0.08,,0.29851971520014764,0.96,
30,12,1,1,0.02,0.765611196763322,1.08,,0.23919083726262438,-0.28,
30,13,0,0,0.0,0.4634946416909028,0.6,0.004975124378109453,0.06568834047721095,-1.48,0.3681592039800995
30,13,0,0,0.005,0.42917197861886014,0.56,,0.0445904295543775,-0.12,
30,13,0,0,0.02,0.34829048815885205,0.52,,0.09534019629179644,-0.32,
30,14,0,1,0.0,0.8324291581382285,-0.32,0.004975124378109453,0.5222071358065524,0.2,0.004975124378109453
30,14,0,1,0.005,0.8111063795966865,-0.32,,0.40533726154089095,-1.68,
30,14,0,1,0.02,0.7029233737272281,-0.32,,0.19630874445232643,-0.28,
30,15,1,1,0.0,0.5861308641274102,-1.08,0.004975124378109453,0.6040830681675694,-0.04,0.004975124378109453
30,15,1,1,0.005,0.576999715683744,-1.08,,0.5477573148353998,-0.04,
30,15,1,1,0.02,0.5229011816584335,-1.08,,0.27481870050904056,-1.12,
30,16,1,0,0.0,0.6037605061293836,-0.84,0.004975124378109453,0.2954908017829031,-0.04,0.004975124378109453
30,16,1,0,0.005,0.6050025384847947,-0.88,,0.2541287688258071,-0.04,
30,16,1,0,0.02,0.5408666182847476,-0.88,,0.11280730007133985,0.92,
30,17,1,1,0.0,0.7353805908645706,-1.24,0.004975124378109453,0.6832452525758389,0.48,0.004975124378109453
30,17,1,1,0.005,0.7226528912449621,-1.24,,0.547876375249676,0.24,
30,17,1,1,0.02,0.6477314990957126,-1.28,,0.16888659686286808,0.24,
30,18,1,0,0.0,0.43111247967888233,-1.84,0.004975124378109453,0.19996394783676677,0.68,0.024875621890547265
30,18,1,0,0.005,0.40685592601537507,-0.96,,0.19740334139201937,0.68,
30,18,1,0,0.02,0.33434620235711493,-0.96,,0.16508228377400266,0.2,
30,19,0,0,0.0,0.41871729488420695,-1.44,0.06965174129353234,0.09757117087321857,-0.32,0.38308457711442784
30,19,0,0,0.005,0.3973097274632377,-1.44,,0.07435691584573179,-1.04,
30,19,0,0,0.02,0.326662132151741,-1.4,,0.12792264102597067,0.32,
30,20,0,1,0.0,0.5639928141235292,0.08,0.004975124378109453,0.41112984554643733,0.2,0.3333333333333333
30,20,0,1,0.005,0.533866996454496,0.08,,0.3535499186534747,-1.92,
30,20,0,1,0.02,0.4676253242871964,0.08,,0.19226802207764498,-1.92,
30,21,1,0,0.0,0.46754206048354724,-0.12,0.004975124378109453,0.12852682757031042,1.64,0.26865671641791045
30,21,1,0,0.005,0.45256887398193735,-0.12,,0.13118144706986265,-1.92,
30,21,1,0,0.02,0.3921180696159963,-0.12,,0.1280633400116148,-1.68,
30,22,1,1,0.0,0.5778480311349914,1.08,0.004975124378109453,0.5858517216554069,-2.0,0.009950248756218905
30,22,1,1,0.005,0.5485610418086743,1.08,,0.5477238837053161,-2.0,
30,22,1,1,0.02,0.46893990205285263,1.04,,0.3213681912414652,-2.0,
30,23,0,0,0.0,0.4983732910932107,0.64,0.004975124378109453,0.15980506283919862,1.48,0.07960199004975124
30,23,0,0,0.005,0.4487751986233488,0.6,,0.13423232851114758,1.48,
30,23,0,0,0.02,0.3792876183455919,1.68,,0.07995706385657225,1.48,
30,24,0,1,0.0,0.5120324576624965,-0.4,0.004975124378109453,0.5687671916650643,-0.56,0.004975124378109453
30,24,0,1,0.005,0.500224808570545,-0.4,,0.46059937801938455,-0.56,
30,24,0,1,0.02,0.4280256710855847,0.6,,0.1949360162953172,-0.08,
30,25,0,0,0.0,0.42978275338655847,-1.36,0.004975124378109453,0.09974998648296304,0.52,0.024875621890547265
30,25,0,0,0.005,0.39033906711350774,-1.36,,0.12367426091159307,1.8,
30,25,0,0,0.02,0.3148652840816502,-0.36,,0.13012038074275534,1.8,
30,26,0,0,0.0,0.4646026217524153,-1.52,0.12437810945273632,0.12709777119055862,-0.96,0.10945273631840796
30,26,0,0,0.005,0.4466996492529847,-1.52,,0.10441841834736199,0.28,
30,26,0,0,0.02,0.36613077160324803,-1.52,,0.09801888158808261,0.92,
30,27,1,0,0.0,0.402264446904443,-0.12,0.009950248756218905,0.17700267447436846,-2.0,0.1044776119402985
30,27,1,0,0.005,0.36776975273054335,-0.16,,0.1521155844535632,-1.48,
30,27,1,0,0.02,0.30995630770128196,-0.12,,0.1159338380651616,-0.24,
30,28,1,1,0.0,0.6550453869698839,-0.84,0.004975124378109453,0.6030419123425408,0.72,0.004975124378109453
30,28,1,1,0.005,0.6489512916600872,-0.84,,0.5427249624393867,0.72,
30,28,1,1,0.02,0.5912386223199513,-0.84,,0.28155005645925646,0.96,
30,29,0,1,0.0,0.732945285215447,-0.92,0.004975124378109453,0.5023690744139166,-1.32,0.07960199004975124
30,29,0,1,0.005,0.7135021193869487,-0.92,,0.3999337085021485,-1.04,
30,29,0,1,0.02,0.6535902263929847,-0.92,,0.17289069218996297,-1.04,
30,30,0,1,0.0,0.5449223450865978,-0.4,0.004975124378109453,0.6171144919803058,-1.24,0.04975124378109453
30,30,0,1,0.005,0.5142232449545736,-0.4,,0.5204562145381672,-1.24,
30,30,0,1,0.02,0.45292951232897727,-0.4,,0.2207030082593268,-1.96,
30,31,1,0,0.0,0.46271511283019906,0.52,0.004975124378109453,0.1295218616016309,-1.88,0.004975124378109453
30,31,1,0,0.005,0.4324185526039665,0.52,,0.13367744532442755,-1.88,
30,31,1,0,0.02,0.360246559993467,0.52,,0.1283738293053049,-1.84,
30,32,1,1,0.0,0.6682467393417806,-0.92,0.004975124378109453,0.7421956343440318,0.0,0.004975124378109453
30,32,1,1,0.005,0.6612452220602651,-0.92,,0.7130772198497954,0.0,
30,32,1,1,0.02,0.6158675855596991,-0.92,,0.4985806024348641,-0.52,
31,1,1,1,0.0,0.373101703857965,-0.12,0.004975124378109453,0.21078136659394717,0.52,0.004975124378109453
31,1,1,1,0.005,0.15035677021346955,0.84,,0.13102320220492236,0.24,
31,1,1,1,0.02,0.1326121415606441,1.16,,0.10453709254280312,-2.0,
31,2,1,0,0.0,0.49396437657121206,0.24,0.29850746268656714,0.3160594794753165,-1.68,0.09950248756218906
31,2,1,0,0.005,0.3279555406942832,-1.4,,0.268037244052923,-1.68,
31,2,1,0,0.02,0.09814287450146494,-1.88,,0.11859579516876159,-1.72,
31,3,0,0,0.0,0.03758542874716033,-1.28,1.0,0.17681625743633958,1.0,0.14925373134328357
31,3,0,0,0.005,0.06259868970155297,1.84,,0.14596543216498706,1.24,
31,3,0,0,0.02,0.08821009664828068,1.84,,0.08188205077617451,1.28,
31,4,0,1,0.0,0.5665304877564341,0.08,0.004975124378109453,0.6107547740304643,-0.36,0.004975124378109453
31,4,0,1,0.005,0.4069982978351214,1.52,,0.4468357041679748,-0.12,
31,4,0,1,0.02,0.15538103708078482,0.36,,0.13093019557466645,1.76,
31,5,1,0,0.0,0.5008484543896082,-0.44,0.009950248756218905,0.10178530920046401,1.64,0.4228855721393035
31,5,1,0,0.005,0.3048055163450434,-0.4,,0.1001360596120416,1.28,
31,5,1,0,0.02,0.10138848192760218,1.64,,0.10763896712335276,-0.84,
31,6,1,1,0.0,0.4676598242902809,-0.24,0.417910447761194,0.26611106862202877,0.04,0.004975124378109453
31,6,1,1,0.005,0.3144078591364701,0.92,,0.2330374490538797,1.48,
31,6,1,1,0.02,0.10826291930780638,1.2,,0.13039022986249232,1.24,
31,7,0,1,0.0,0.5152871903317464,0.48,0.004975124378109453,0.3099220031445109,-1.4,0.07960199004975124
31,7,0,1,0.005,0.3695170973040036,0.44,,0.27410070687319776,0.32,
31,7,0,1,0.02,0.1464553270850491,0.44,,0.1856249607539242,0.32,
31,8,0,0,0.0,0.48548547201804804,-1.4,0.004975124378109453,0.09186442687246545,1.4,0.42786069651741293
31,8,0,0,0.005,0.2843911608687556,0.64,,0.10601561286061936,-1.04,
31,8,0,0,0.02,0.10498863695361461,-0.28,,0.12589182568979382,0.76,
31,9,0,1,0.0,0.4578719519852652,-1.32,0.004975124378109453,0.25695906574009003,0.16,0.15422885572139303
31,9,0,1,0.005,0.3617629114756131,-1.56,,0.25934620274347975,-0.08,
31,9,0,1,0.02,0.14720689193142142,1.08,,0.14601849104717035,-0.08,
31,10,0,0,0.0,0.329978173041936,1.16,0.06467661691542288,0.17654859942098725,1.0,0.5572139303482587
31,10,0,0,0.005,0.23337942104368023,1.16,,0.18406066400894452,1.0,
31,10,0,0,0.02,0.10178327706714711,1.92,,0.11530923786389075,1.0,
31,11,1,0,0.0,0.4291595239696677,-0.6,0.19900497512437812,0.2585160956747651,0.96,0.004975124378109453
31,11,1,0,0.005,0.29085045583610925,-1.48,,0.23328761989311153,0.0,
31,11,1,0,0.02,0.10914365873108565,-0.04,,0.12075397937804043,0.0,
31,12,1,1,0.0,0.39357530871912155,0.4,0.15422885572139303,0.4606365892815463,0.12,0.004975124378109453
31,12,1,1,0.005,0.29456707863783593,-0.96,,0.40066667161180114,0.12,
31,12,1,1,0.02,0.12989608079612533,-1.28,,0.21193460377546713,-1.4,
31,13,0,0,0.0,0.47480640713912736,1.12,0.004975124378109453,0.1275442885073175,-1.84,0.11940298507462686
31,13,0,0,0.005,0.25970415183878065,2.0,,0.10524939499101403,-0.28,
31,13,0,0,0.02,0.07789197931661417,1.12,,0.09735420985104361,-0.28,
31,14,0,1,0.0,0.5024828318405762,-1.08,0.004975124378109453,0.62850093666244,0.16,0.004975124378109453
31,14,0,1,0.005,0.31282595997595836,-1.08,,0.5823247657451931,0.16,
31,14,0,1,0.02,0.12993791910550717,-1.56,,0.2962456121166339,-0.88,
31,15,1,1,0.0,0.5255081189532768,1.04,0.004975124378109453,0.6411087870227993,-0.84,0.004975124378109453
31,15,1,1,0.005,0.38917980747303654,1.04,,0.6123891906763745,-0.84,
31,15,1,1,0.02,0.16840228098229784,-0.96,,0.40106387036946883,-1.92,
31,16,1,0,0.0,0.5598702522450912,1.64,0.004975124378109453,0.16383669740323145,0.8,0.3681592039800995
31,16,1,0,0.005,0.4030122383686081,1.2,,0.1592865203622677,-0.16,
31,16,1,0,0.02,0.17289664170040642,0.68,,0.16337259184478833,-0.96,
31,17,0,1,0.0,0.628791004731324,0.64,0.004975124378109453,0.1696660111365458,-1.04,0.46766169154228854
31,17,0,1,0.005,0.45044801065622825,-0.08,,0.14263327511336094,-0.08,
31,17,0,1,0.02,0.1872172781050126,-0.08,,0.08687033969227434,1.6,
31,18,0,0,0.0,0.4501151785996955,-1.16,0.12935323383084577,0.1907097653885101,-1.64,0.014925373134328358
31,18,0,0,0.005,0.32139015555682576,-1.0,,0.15838622569306873,-1.64,
31,18,0,0,0.02,0.11931215353296931,-0.96,,0.1223571906723589,1.36,
31,19,1,0,0.0,0.535095368726773,-0.76,0.1044776119402985,0.1634003382461536,1.96,0.014925373134328358
31,19,1,0,0.005,0.47346156877240136,1.52,,0.13756725252175367,0.76,
31,19,1,0,0.02,0.14272659880706487,1.36,,0.12225429312326987,-1.56,
31,20,1,0,0.0,0.43684600972319154,1.96,0.004975124378109453,0.13857245854686517,1.92,0.4577114427860697
31,20,1,0,0.005,0.3209199367114745,1.92,,0.1373704479021541,1.6,
31,20,1,0,0.02,0.10666366340376329,0.56,,0.156774263833895,1.56,
31,21,0,1,0.0,0.532463893695065,1.68,0.004975124378109453,0.3061739995095002,1.36,0.004975124378109453
31,21,0,1,0.005,0.34298017297997707,1.68,,0.27441860730318574,1.6,
31,21,0,1,0.02,0.15487730807582606,0.52,,0.12874865417772777,1.6,
31,22,0,0,0.0,0.41060834350137826,1.4,0.3582089552238806,0.17352903166368483,0.2,0.12935323383084577
31,22,0,0,0.005,0.32854834113731934,0.36,,0.18426327132340317,-0.28,
31,22,0,0,0.02,0.1475563469958561,1.48,,0.14058497062473124,-0.24,
31,23,1,1,0.0,0.6075229805497333,1.56,0.004975124378109453,0.5037028053579722,-0.84,0.004975124378109453
31,23,1,1,0.005,0.40764643807008344,1.56,,0.46117745249856035,-1.32,
31,23,1,1,0.02,0.11410443928081919,0.24,,0.23277765841846956,-0.4,
31,24,1,1,0.0,0.4428770713419266,2.0,0.004975124378109453,0.1695861730646296,1.72,0.5373134328358209
31,24,1,1,0.005,0.3431659740997592,2.0,,0.17843759439385293,1.72,
31,24,1,1,0.02,0.17420061536317755,1.4,,0.13277164132392183,1.92,
31,25,0,0,0.0,0.10519222434078866,-1.72,0.736318407960199,0.11994529133419014,1.64,0.472636815920398
31,25,0,0,0.005,0.11624481145181266,-2.0,,0.1451369903366119,1.64,
31,25,0,0,0.02,0.11584151428043571,-2.0,,0.14581640701319395,1.64,
31,26,0,1,0.0,0.5538132573190286,-0.76,0.004975124378109453,0.6710873468174197,-1.04,0.004975124378109453
31,26,0,1,0.005,0.4115238350193185,-1.2,,0.6291619017733507,-1.04,
31,26,0,1,0.02,0.20152049718112808,-1.2,,0.3773262861083404,-1.04,
31,27,1,1,0.0,0.13107716260748353,-1.52,0.5920398009950248,0.2095276168428961,0.2,0.29850746268656714
31,27,1,1,0.005,0.07374705071118073,-1.72,,0.19629628852750947,1.16,
31,27,1,1,0.02,0.08344799083546477,1.92,,0.14373554152840298,1.6,
31,28,1,1,0.0,0.16965488669332177,-1.96,0.4975124378109453,0.41994988173633646,0.24,0.004975124378109453
31,28,1,1,0.005,0.1525364634900852,-2.0,,0.3547199459512293,-0.8,
31,28,1,1,0.02,0.14019526302327268,-1.92,,0.20320113561679445,1.2,
31,29,0,0,0.0,0.19689606963102482,-0.24,0.5671641791044776,0.1285525643540199,0.48,0.2736318407960199
31,29,0,0,0.005,0.17936442850085396,1.88,,0.12687224257196433,-0.56,
31,29,0,0,0.02,0.08066080675386546,1.88,,0.11638290337264981,-1.8,
31,30,0,1,0.0,0.21716296073540986,2.0,0.004975124378109453,0.07298432948725149,-2.0,0.8756218905472637
31,30,0,1,0.005,0.17954946772227676,1.24,,0.07963675385668033,-2.0,
31,30,0,1,0.02,0.12535068684095585,1.24,,0.09319899614116896,-2.0,
31,31,1,0,0.0,0.44496281576787194,2.0,0.004975124378109453,0.1894140861519156,1.56,0.16417910447761194
31,31,1,0,0.005,0.30459607850164366,0.2,,0.18923063176300278,1.84,
31,31,1,0,0.02,0.1686939408737369,0.2,,0.1631012608046341,1.84,
31,32,1,0,0.0,0.5016639057308484,0.2,0.004975124378109453,0.1403122618051607,1.4,0.20398009950248755
31,32,1,0,0.005,0.39221193003060845,-1.64,,0.14496850168653191,1.16,
31,32,1,0,0.02,0.19209944263054862,1.76,,0.11426045531527756,-1.36,
32,1,1,0,0.0,0.563592502312545,-1.28,0.004975124378109453,0.2650863503848608,0.36,0.004975124378109453
32,1,1,0,0.005,0.5028208444223973,-0.24,,0.20473379899385152,0.84,
32,1,1,0,0.02,0.2991221621711829,1.64,,0.10703179166691928,0.84,
32,2,1,1,0.0,0.766265722236067,-0.84,0.004975124378109453,0.742495942574437,-0.92,0.004975124378109453
32,2,1,1,0.005,0.7310563042458929,-0.84,,0.6442764408222702,-0.92,
32,2,1,1,0.02,0.43895313930207686,-0.8,,0.26621699254663184,0.96,
32,3,0,1,0.0,0.10296230334230196,-0.04,0.8009950248756219,0.46915582258602423,1.04,0.004975124378109453
32,3,0,1,0.005,0.09962900322130654,-0.04,,0.28292481421851023,1.04,
32,3,0,1,0.02,0.04839732338070709,-1.08,,0.1076463241419514,-1.48,
32,4,0,1,0.0,0.5585324392528754,1.96,0.004975124378109453,0.3111470890008414,0.92,0.13432835820895522
32,4,0,1,0.005,0.5087974557832189,1.92,,0.1759880587237507,1.88,
32,4,0,1,0.02,0.22440003999104216,1.92,,0.11098707502814183,-1.28,
32,5,1,0,0.0,0.45448823690962814,1.12,0.014925373134328358,0.2772031932327706,-0.96,0.004975124378109453
32,5,1,0,0.005,0.42916751478801346,1.12,,0.2619348113049949,-0.96,
32,5,1,0,0.02,0.27114616479680625,1.16,,0.16038915526762754,-0.96,
32,6,1,1,0.0,0.4766177633245153,1.0,0.004975124378109453,0.6475139472169888,-0.04,0.004975124378109453
32,6,1,1,0.005,0.4262150459256575,1.0,,0.616653702754719,-1.04,
32,6,1,1,0.02,0.21944871683506054,-0.76,,0.3325981107138732,-1.04,
32,7,0,0,0.0,0.23277490852294533,0.64,0.029850746268656716,0.10073517244806912,-1.84,0.6318407960199005
32,7,0,0,0.005,0.24095417949136436,0.64,,0.09592305100760735,-0.56,
32,7,0,0,0.02,0.1969111144921065,-0.28,,0.09375489362296643,-0.32,
32,8,0,0,0.0,0.6099087494071751,0.88,0.004975124378109453,0.1380348174048442,-1.44,0.22885572139303484
32,8,0,0,0.005,0.5750119164120219,-1.0,,0.13383296393613586,-1.44,
32,8,0,0,0.02,0.4253154042400789,-1.0,,0.0831942025744935,0.72,
32,9,1,0,0.0,0.49761018073043733,-1.04,0.004975124378109453,0.2606892005416015,-1.04,0.10945273631840796
32,9,1,0,0.005,0.4596761840578245,-1.04,,0.2825567551463892,-1.08,
32,9,1,0,0.02,0.3095960772255322,-0.96,,0.2294167702969498,-1.08,
32,10,1,1,0.0,0.7117842536189104,-2.0,0.004975124378109453,0.6910315960838253,-0.96,0.004975124378109453
32,10,1,1,0.005,0.6908276040766604,-2.0,,0.6476574644325814,-0.96,
32,10,1,1,0.02,0.488103557456831,-2.0,,0.3780491594447901,-1.92,
32,11,0,1,0.0,0.6499930321239049,0.36,0.004975124378109453,0.3078305623643833,-1.84,0.31840796019900497
32,11,0,1,0.005,0.6026086795972747,0.36,,0.2636499264124749,-1.84,
32,11,0,1,0.02,0.389345143149089,-0.72,,0.16452160755279074,-2.0,
32,12,0,0,0.0,0.46135505889729567,0.72,0.05472636815920398,0.2953095192156337,1.84,0.024875621890547265
32,12,0,0,0.005,0.4066563403667188,0.72,,0.22578931988104117,1.32,
32,12,0,0,0.02,0.25436885912833535,1.68,,0.13586340783027145,1.36,
32,13,1,1,0.0,0.6575144615146044,-1.04,0.004975124378109453,0.7612964667321174,-1.04,0.004975124378109453
32,13,1,1,0.005,0.6323152319017762,-1.0,,0.7397578113949468,-1.04,
32,13,1,1,0.02,0.4580100732713574,-1.0,,0.5073096221682489,-1.04,
32,14,1,0,0.0,0.5801179131906826,0.16,0.004975124378109453,0.19940804893002664,-0.88,0.29850746268656714
32,14,1,0,0.005,0.5307770513648121,-1.48,,0.19772876178160215,-0.92,
32,14,1,0,0.02,0.36178027478620867,-1.48,,0.1839538496067401,-0.92,
32,15,0,1,0.0,0.5782812403612501,-0.92,0.05970149253731343,0.49767170405280586,0.88,0.004975124378109453
32,15,0,1,0.005,0.5457458175576454,-0.92,,0.4488869893140095,1.84,
32,15,0,1,0.02,0.37411184110197965,-0.88,,0.1969638398091842,1.6,
32,16,0,0,0.0,0.5749832790174377,-2.0,0.029850746268656716,0.13268379728364477,1.16,0.34328358208955223
32,16,0,0,0.005,0.5259112121257319,-2.0,,0.14802248806781018,1.16,
32,16,0,0,0.02,0.3488069911184335,1.96,,0.14394048878805096,1.88,
32,17,0,1,0.0,0.5664868452431508,1.24,0.01990049751243781,0.33501861729253163,1.88,0.29850746268656714
32,17,0,1,0.005,0.5432702999738329,1.28,,0.2946478708649238,1.08,
32,17,0,1,0.02,0.45151342726389837,1.24,,0.20240782475216532,-0.16,
32,18,0,0,0.0,0.597457823277193,-1.08,0.004975124378109453,0.1389419767918159,-0.44,0.26865671641791045
32,18,0,0,0.005,0.5573287398901564,-1.08,,0.10575790088244452,-0.44,
32,18,0,0,0.02,0.3847213383241151,-1.08,,0.07698311892753619,0.8,
32,19,1,0,0.0,0.5554148203344983,-0.76,0.004975124378109453,0.08766231343338443,1.36,0.5671641791044776
32,19,1,0,0.005,0.5190619686303954,0.16,,0.07860864218129932,1.4,
32,19,1,0,0.02,0.39178924243323116,0.88,,0.0911300317347398,0.88,
32,20,1,0,0.0,0.5977349722010479,-0.04,0.004975124378109453,0.0899448275471919,-1.64,0.5174129353233831
32,20,1,0,0.005,0.5787893676408419,-0.04,,0.08649349526859332,-1.64,
32,20,1,0,0.02,0.47847852157363824,-0.08,,0.09162041636885519,1.88,
32,21,0,0,0.0,0.5874182338545832,0.2,0.004975124378109453,0.1737993197124026,-0.96,0.2736318407960199
32,21,0,0,0.005,0.5563346187095568,0.2,,0.17924815431385335,-1.0,
32,21,0,0,0.02,0.4441946216906396,0.28,,0.17589492888188146,-1.24,
32,22,0,1,0.0,0.675445622749442,-0.12,0.004975124378109453,0.35378161644741585,0.84,0.03980099502487562
32,22,0,1,0.005,0.6492020478445859,-0.12,,0.3253983781683338,0.84,
32,22,0,1,0.02,0.4947553652718581,-1.04,,0.20854577446326333,-0.08,
32,23,1,1,0.0,0.6789978302462503,-0.04,0.004975124378109453,0.7835424986893045,-1.04,0.004975124378109453
32,23,1,1,0.005,0.6190546947309661,0.0,,0.7650620320895488,-1.04,
32,23,1,1,0.02,0.4245652090813047,0.04,,0.5886272806768876,0.04,
32,24,1,1,0.0,0.7241712661302394,-0.08,0.004975124378109453,0.6988472666747413,-0.04,0.004975124378109453
32,24,1,1,0.005,0.6717525245902592,-0.04,,0.6871157840445911,-0.04,
32,24,1,1,0.02,0.4809581342383744,-2.0,,0.5386407024905335,-0.04,
32,25,0,1,0.0,0.5420889568508387,1.16,0.004975124378109453,0.5601008939410975,0.64,0.10945273631840796
32,25,0,1,0.005,0.5070137650970548,1.16,,0.5311219712566592,0.64,
32,25,0,1,0.02,0.37279619095803646,1.16,,0.3208709742895619,0.64,
32,26,0,0,0.0,0.4565116058563784,-0.24,0.004975124378109453,0.11133905152313758,0.76,0.2885572139303483
32,26,0,0,0.005,0.4335759853681397,-2.0,,0.129784462658126,0.76,
32,26,0,0,0.02,0.3393630625814989,-2.0,,0.1382499979101952,0.76,
32,27,1,1,0.0,0.6884408602632864,0.0,0.004975124378109453,0.5164437148651987,-0.08,0.004975124378109453
32,27,1,1,0.005,0.656070401163638,0.0,,0.5126795477631209,-0.08,
32,27,1,1,0.02,0.5020922424412315,0.0,,0.4110895359688358,-0.08,
32,28,1,0,0.0,0.5515980838213969,-1.96,0.004975124378109453,0.275345269231828,-1.0,0.004975124378109453
32,28,1,0,0.005,0.5370187960300478,-1.96,,0.28333566237133795,-1.0,
32,28,1,0,0.02,0.4344792998480599,-1.92,,0.2408773828191291,-1.0,
32,29,0,1,0.0,0.4718667801993872,-1.16,0.004975124378109453,0.5483264310079929,-1.16,0.004975124378109453
32,29,0,1,0.005,0.455091676691736,-1.12,,0.5166790794167542,-1.16,
32,29,0,1,0.02,0.38069480287471724,-1.12,,0.30678784056621705,-0.6,
32,30,0,0,0.0,0.6081525131993255,1.72,0.004975124378109453,0.2442063288095941,1.64,0.09950248756218906
32,30,0,0,0.005,0.5723534987073811,1.72,,0.23838339893037364,1.64,
32,30,0,0,0.02,0.46460094108061234,1.72,,0.16727204500468243,1.64,
32,31,1,0,0.0,0.6267429813387306,-1.0,0.004975124378109453,0.2886688811436079,0.16,0.004975124378109453
32,31,1,0,0.005,0.6297136380513636,-0.04,,0.29585625035865654,0.16,
32,31,1,0,0.02,0.5419356838472987,-0.04,,0.2526213730106417,0.16,
32,32,1,1,0.0,,,,,,
32,32,1,1,0.005,,,,,,
32,32,1,1,0.02,,,,,,
33,1,0,1,0.0,0.4921022061064602,0.24,0.004975124378109453,0.20879031134960932,-1.56,0.0945273631840796
33,1,0,1,0.005,0.43529572561088087,0.28,,0.20776463707212395,-1.52,
33,1,0,1,0.02,0.30258741357925145,0.36,,0.1611151293845039,-1.52,
33,2,0,0,0.0,0.40137506305920057,1.96,0.004975124378109453,0.19694507879297873,-0.8,0.1890547263681592
33,2,0,0,0.005,0.37490023395621697,1.96,,0.1522043281508542,-0.8,
33,2,0,0,0.02,0.3078312495917954,1.92,,0.061179463283315055,-1.76,
33,3,1,0,0.0,0.4255342886371939,-1.12,0.029850746268656716,0.1470806242334977,1.92,0.21393034825870647
33,3,1,0,0.005,0.4054138568543225,-2.0,,0.14514817946751765,-0.4,
33,3,1,0,0.02,0.31858963337520835,-1.64,,0.12139258245430826,-1.4,
33,4,1,0,0.0,0.590687047023327,0.56,0.004975124378109453,0.13856403330186343,-1.56,0.5323383084577115
33,4,1,0,0.005,0.584211873761335,0.6,,0.12476819183950873,-1.84,
33,4,1,0,0.02,0.5000789519653311,-1.44,,0.10316150753125071,1.64,
33,5,0,0,0.0,0.321070287511987,-2.0,0.04477611940298507,0.13582824045230243,-0.84,0.13432835820895522
33,5,0,0,0.005,0.3177455775005387,-2.0,,0.13492867347047616,-0.84,
33,5,0,0,0.02,0.23185930762746684,-2.0,,0.12674442514299886,-1.48,
33,6,0,1,0.0,0.42607608118383594,-0.92,0.004975124378109453,0.37360153943987795,2.0,0.024875621890547265
33,6,0,1,0.005,0.40826505014599496,0.12,,0.37626961140453513,2.0,
33,6,0,1,0.02,0.27348928631433705,-0.8,,0.3077159064759179,1.72,
33,7,1,1,0.0,0.45543827723501396,0.12,0.004975124378109453,0.22200178150978242,1.52,0.1691542288557214
33,7,1,1,0.005,0.4289942963799996,0.16,,0.19980185629531635,1.52,
33,7,1,1,0.02,0.32422972164274816,-1.08,,0.11016778532510063,1.52,
33,8,1,1,0.0,0.5817120994141923,-0.08,0.004975124378109453,0.11301328331442971,1.68,0.8059701492537313
33,8,1,1,0.005,0.5614839332558024,1.96,,0.09895772931948409,1.68,
33,8,1,1,0.02,0.5095481681397899,1.96,,0.10917672460241792,1.6,
33,9,1,1,0.0,0.3355534741920859,-1.64,0.004975124378109453,0.1128318257988539,-1.6,0.6915422885572139
33,9,1,1,0.005,0.3372431308695461,-1.64,,0.08936232105998107,-1.64,
33,9,1,1,0.02,0.24225390552313913,-0.32,,0.06929701547484009,1.32,
33,10,1,0,0.0,0.4194314436308992,0.96,0.004975124378109453,0.09012443417495412,-1.8,0.8109452736318408
33,10,1,0,0.005,0.4111639467548034,1.0,,0.1160427219860911,-1.84,
33,10,1,0,0.02,0.3005397596697943,1.92,,0.13135952464230716,-1.6,
33,11,0,0,0.0,0.25618125343218984,1.16,0.582089552238806,0.1241799447774476,0.16,0.263681592039801
33,11,0,0,0.005,0.24592734508300124,1.12,,0.11940261653050609,-1.04,
33,11,0,0,0.02,0.20994444964595246,1.08,,0.10916064381777965,-1.32,
33,12,0,0,0.0,0.4212012587358347,-0.28,0.07960199004975124,0.10626361860498852,1.96,0.39303482587064675
33,12,0,0,0.005,0.4126488004324165,-0.24,,0.08938660369315653,1.96,
33,12,0,0,0.02,0.34802931187813163,-0.28,,0.08657093880159981,-0.96,
33,13,1,1,0.0,0.17321902122229038,0.44,0.2835820895522388,0.15828117770954986,0.16,0.4129353233830846
33,13,1,1,0.005,0.17964375350147982,0.44,,0.15768902195177995,0.16,
33,13,1,1,0.02,0.1331265133066967,-0.52,,0.11390929154977042,-1.44,
33,14,1,0,0.0,0.41690720166931333,-1.52,0.07462686567164178,0.10828269730606549,0.88,0.30845771144278605
33,14,1,0,0.005,0.3909213484603898,-1.56,,0.061593540419591294,0.88,
33,14,1,0,0.02,0.3338833921198427,-1.56,,0.08284213719481827,1.88,
33,15,0,1,0.0,0.37868211523290213,-1.4,0.004975124378109453,0.08248919466498891,0.2,0.7412935323383084
33,15,0,1,0.005,0.360115821730833,-0.48,,0.07332683468596883,0.6,
33,15,0,1,0.02,0.2852070421586773,-0.48,,0.08056683276235233,0.6,
33,16,0,1,0.0,0.34244496030802446,1.08,0.03482587064676617,0.17057369935440267,0.56,0.06965174129353234
33,16,0,1,0.005,0.3303303711075014,2.0,,0.15899794575311937,0.56,
33,16,0,1,0.02,0.26825210057464666,1.32,,0.08600096540267148,0.6,
33,17,1,0,0.0,0.40614772664777865,-1.72,0.10945273631840796,0.09021206637541233,0.16,0.5522388059701493
33,17,1,0,0.005,0.36317788476612106,-1.68,,0.1028836245647187,0.2,
33,17,1,0,0.02,0.2796121752511011,-1.6,,0.12779047862774995,1.2,
33,18,1,1,0.0,0.42581043309974415,-0.4,0.004975124378109453,0.29934214922563807,-2.0,0.004975124378109453
33,18,1,1,0.005,0.39167453716688994,-0.4,,0.2626244484423652,-2.0,
33,18,1,1,0.02,0.3263574672123655,-0.4,,0.11235291433351068,-2.0,
33,19,0,1,0.0,0.4621867061883196,0.0,0.004975124378109453,0.17475483423361896,-0.96,0.22388059701492538
33,19,0,1,0.005,0.42694800351082524,0.2,,0.15753067500920923,-0.96,
33,19,0,1,0.02,0.35066349463568824,0.28,,0.09414209341633246,0.6,
33,20,0,0,0.0,0.29817134917153515,0.96,0.19402985074626866,0.07235868248117062,-0.8,0.9950248756218906
33,20,0,0,0.005,0.26417828667314414,1.0,,0.06104140940109897,-0.76,
33,20,0,0,0.02,0.20821114527341866,1.0,,0.0985131935054112,-1.16,
33,21,1,1,0.0,0.5392905564166612,-0.8,0.004975124378109453,0.10845566801749089,-1.92,0.3681592039800995
33,21,1,1,0.005,0.5082007919930399,-0.8,,0.1256123092761892,-1.92,
33,21,1,1,0.02,0.4180887958510581,-0.84,,0.1193498030962477,-0.32,
33,22,1,0,0.0,0.4191789535521853,0.92,0.004975124378109453,0.10219335920424667,0.24,0.5771144278606966
33,22,1,0,0.005,0.4108098008051346,0.88,,0.0890338181350376,-1.16,
33,22,1,0,0.02,0.35040432836251617,-1.48,,0.13585956674618505,-1.16,
33,23,0,1,0.0,0.45846303925980736,-1.2,0.004975124378109453,0.1216035793822373,-0.72,0.1691542288557214
33,23,0,1,0.005,0.432537018053228,-1.2,,0.09548072262760085,1.96,
33,23,0,1,0.02,0.3714272587971327,-1.16,,0.10130328055450578,1.96,
33,24,0,0,0.0,0.414018844477576,0.0,0.004975124378109453,0.11273196068078556,-1.64,0.15920398009950248
33,24,0,0,0.005,0.3648703206727717,-0.32,,0.09297994217195449,-1.64,
33,24,0,0,0.02,0.29004341268451156,-0.28,,0.07519616714859893,1.32,
33,25,1,1,0.0,0.4191908638538177,1.12,0.36318407960199006,0.2004576138444712,-1.6,0.004975124378109453
33,25,1,1,0.005,0.3762388577164257,1.12,,0.18848472181069365,-1.6,
33,25,1,1,0.02,0.3238373742833183,1.16,,0.12210492546924852,-1.32,
33,26,1,0,0.0,0.27658323985954925,-0.48,0.21890547263681592,0.18702115359437751,1.4,0.07462686567164178
33,26,1,0,0.005,0.24923938324867115,1.52,,0.1753158428903903,1.4,
33,26,1,0,0.02,0.2063945386505604,1.56,,0.12829021700251186,1.44,
33,27,0,1,0.0,0.26971893488015636,-1.8,0.12437810945273632,0.1256160970653123,1.4,0.10945273631840796
33,27,0,1,0.005,0.2621805374799664,-1.8,,0.12116560794379996,1.44,
33,27,0,1,0.02,0.22006773099286034,-1.76,,0.07834255970855679,1.44,
33,28,0,0,0.0,0.4346382815957102,-0.52,0.12935323383084577,0.22202595291437022,-1.36,0.004975124378109453
33,28,0,0,0.005,0.40480422823122275,-0.48,,0.19790542915527762,-0.08,
33,28,0,0,0.02,0.3302361390694371,-0.48,,0.14722248930161155,-0.84,
33,29,1,0,0.0,0.2949959311650616,0.24,0.004975124378109453,0.12363108128449028,-1.48,0.004975124378109453
33,29,1,0,0.005,0.2744907518321729,-0.52,,0.12495850492060892,-1.44,
33,29,1,0,0.02,0.2340879633473238,-0.52,,0.10210527295999917,-1.64,
33,30,1,1,0.0,0.4040529389581909,-2.0,0.004975124378109453,0.1705297640011622,-1.76,0.029850746268656716
33,30,1,1,0.005,0.4034943685837892,-2.0,,0.18343653422360437,-1.72,
33,30,1,1,0.02,0.35173518720236724,-2.0,,0.172715060843001,-1.44,
33,31,0,1,0.0,0.2213876339852447,-0.36,0.3681592039800995,0.09562056299828507,-0.6,0.8159203980099502
33,31,0,1,0.005,0.20837605259135117,0.92,,0.09255799502919784,0.48,
33,31,0,1,0.02,0.1944410417322396,-0.4,,0.0910135812352124,-0.64,
33,32,0,0,0.0,0.19649725339543384,-2.0,0.2835820895522388,0.09417315408479554,-2.0,0.7960199004975125
33,32,0,0,0.005,0.17692708051538147,-2.0,,0.09232071964529504,-2.0,
33,32,0,0,0.02,0.15745272892273066,-2.0,,0.08796147191511765,-1.76,
34,1,1,1,0.0,0.4812660492766052,0.04,0.06467661691542288,0.4671325604754024,-0.44,0.04975124378109453
34,1,1,1,0.005,0.4150933935193421,0.04,,0.30017123186379585,0.32,
34,1,1,1,0.02,0.2632215529604091,0.0,,0.09431505772009616,-1.48,
34,2,1,0,0.0,0.5335478342887696,1.28,0.004975124378109453,0.35200258782081933,-0.52,0.004975124378109453
34,2,1,0,0.005,0.47878552897234755,1.28,,0.3135317969987041,-0.52,
34,2,1,0,0.02,0.33561315517986945,1.28,,0.11647807624558491,-1.24,
34,3,0,0,0.0,0.3223099304019125,1.52,0.3781094527363184,0.0950175271092714,-0.8,0.7810945273631841
34,3,0,0,0.005,0.2769777669590975,1.52,,0.1030174283437385,-1.48,
34,3,0,0,0.02,0.2034995549289618,1.48,,0.12039797189013039,0.04,
34,4,0,1,0.0,0.32321562077633254,1.32,0.24875621890547264,0.3619722171921399,-0.28,0.0845771144278607
34,4,0,1,0.005,0.27978469361052055,-1.96,,0.2375339084989168,0.48,
34,4,0,1,0.02,0.16743085153332465,-0.72,,0.12971513678715121,0.48,
34,5,1,1,0.0,0.5222855956906071,-0.2,0.004975124378109453,0.6690201292225141,0.48,0.004975124378109453
34,5,1,1,0.005,0.4142515317972375,-0.24,,0.5177479296865736,0.24,
34,5,1,1,0.02,0.2460127028770634,-0.2,,0.1658822586005054,1.4,
34,6,1,0,0.0,0.5053670590993673,-0.6,0.004975124378109453,0.18444370547222044,-0.56,0.004975124378109453
34,6,1,0,0.005,0.44033313966407955,-0.6,,0.12417009640444046,-1.28,
34,6,1,0,0.02,0.3201557029961675,-0.56,,0.10061680732306325,-1.24,
34,7,0,1,0.0,0.2709125207699685,-0.32,0.4626865671641791,0.5396011714375525,0.6,0.05472636815920398
34,7,0,1,0.005,0.24447545213274183,-0.24,,0.4025204331922662,0.56,
34,7,0,1,0.02,0.1676719000847975,-0.24,,0.18669655426245083,1.36,
34,8,0,0,0.0,0.35316857669719065,0.08,0.3781094527363184,0.2378857793041862,1.88,0.029850746268656716
34,8,0,0,0.005,0.33564632766934194,0.08,,0.16026752027423619,1.84,
34,8,0,0,0.02,0.22123461835956357,0.92,,0.08380717330884928,-1.08,
34,9,0,1,0.0,0.37357479547365885,-0.04,0.0845771144278607,0.4082183364078242,-1.0,0.004975124378109453
34,9,0,1,0.005,0.29571310910971565,-0.8,,0.32640327775451194,0.0,
34,9,0,1,0.02,0.20671239519392307,0.0,,0.14641372280886078,1.32,
34,10,0,0,0.0,0.38646598022339934,-1.28,0.15920398009950248,0.16891111218508048,-0.76,0.11442786069651742
34,10,0,0,0.005,0.3091727980476648,-1.28,,0.1510136415410828,-0.76,
34,10,0,0,0.02,0.2234632184869399,-1.32,,0.11486094278633538,0.8,
34,11,1,1,0.0,0.48284926042663157,-0.92,0.004975124378109453,0.5338386786668669,0.04,0.024875621890547265
34,11,1,1,0.005,0.4160182431852194,-1.0,,0.4714141676099935,-1.8,
34,11,1,1,0.02,0.32422389691705966,-1.04,,0.21146414306171707,-1.56,
34,12,1,0,0.0,0.4940605963593444,-0.8,0.004975124378109453,0.13590998597394924,-1.72,0.06467661691542288
34,12,1,0,0.005,0.4425968329994073,-0.8,,0.1490862313846704,-0.16,
34,12,1,0,0.02,0.3195419555412698,-0.84,,0.13179554817442138,-0.16,
34,13,0,1,0.0,0.5719311008776959,-0.12,0.004975124378109453,0.526797413670322,-1.12,0.004975124378109453
34,13,0,1,0.005,0.5236520465274281,-0.12,,0.40913429808427404,-1.12,
34,13,0,1,0.02,0.40000730429807374,-0.12,,0.13385332010849035,-1.12,
34,14,0,0,0.0,0.3593704621643557,1.52,0.25870646766169153,0.15263772098577316,1.72,0.09950248756218906
34,14,0,0,0.005,0.3073797233300508,1.64,,0.17130930888314677,1.76,
34,14,0,0,0.02,0.2052264280973007,0.16,,0.1089383976676046,1.76,
34,15,1,0,0.0,0.48134679635941724,1.28,0.004975124378109453,0.15588814837479228,-0.76,0.004975124378109453
34,15,1,0,0.005,0.41573810522105653,1.32,,0.18912579697979087,-0.76,
34,15,1,0,0.02,0.29521926622829636,1.36,,0.13670476398204448,-0.76,
34,16,1,1,0.0,0.4902763111428427,-0.6,0.004975124378109453,0.6520549339074527,0.96,0.004975124378109453
34,16,1,1,0.005,0.4380593529808741,1.4,,0.5474701618771276,0.96,
34,16,1,1,0.02,0.34514773425947975,1.44,,0.1923339476881566,0.96,
34,17,1,1,0.0,0.4954979672668874,1.04,0.004975124378109453,0.6219711024216827,1.08,0.004975124378109453
34,17,1,1,0.005,0.44379883547422677,1.0,,0.4860062991593797,0.28,
34,17,1,1,0.02,0.30292074879100017,1.04,,0.16862296467316953,0.32,
34,18,1,0,0.0,0.39945079363841074,-1.56,0.04477611940298507,0.15813852927228864,0.64,0.004975124378109453
34,18,1,0,0.005,0.3387966891697727,-1.56,,0.1792589773536355,0.64,
34,18,1,0,0.02,0.22968294012128376,-1.48,,0.1271597680427591,0.84,
34,19,0,0,0.0,0.4135511416405414,0.2,0.07960199004975124,0.08203260489009792,0.8,0.417910447761194
34,19,0,0,0.005,0.311321354052728,0.2,,0.0949015337301412,0.8,
34,19,0,0,0.02,0.2092637452350569,0.16,,0.0936762517661079,-1.88,
34,20,0,0,0.0,0.4426853240924361,0.2,0.01990049751243781,0.15536083513088472,1.08,0.004975124378109453
34,20,0,0,0.005,0.3722802291176816,0.2,,0.13531429296679526,1.04,
34,20,0,0,0.02,0.25593588772553966,0.16,,0.09338018411022844,-0.28,
34,21,1,1,0.0,0.41048364343136073,1.12,0.004975124378109453,0.49578630626129044,0.52,0.004975124378109453
34,21,1,1,0.005,0.35603510242858155,-0.52,,0.39111422180908934,1.24,
34,21,1,1,0.02,0.2431837866078146,-0.44,,0.15169681573803287,1.72,
34,22,1,0,0.0,0.3734089171346844,1.56,0.1890547263681592,0.12859054570941908,-1.72,0.004975124378109453
34,22,1,0,0.005,0.30817650385189094,1.52,,0.08844785962374338,1.44,
34,22,1,0,0.02,0.2122413993990281,1.52,,0.12610462022314026,0.8,
34,23,0,1,0.0,0.48383397026346214,0.08,0.004975124378109453,0.4605559240315027,-1.0,0.004975124378109453
34,23,0,1,0.005,0.3927732860631867,0.08,,0.36041608931119856,1.8,
34,23,0,1,0.02,0.2891595107083533,1.12,,0.15043226236577797,1.8,
34,24,0,1,0.0,0.41141219896005343,1.88,0.11442786069651742,0.41440010605266137,1.4,0.04477611940298507
34,24,0,1,0.005,0.3484451809487789,-0.48,,0.3151054257438453,0.92,
34,24,0,1,0.02,0.2591994862955593,-0.44,,0.09537677811692881,0.92,
34,25,0,1,0.0,0.49469745089330647,1.92,0.004975124378109453,0.3496802877649986,0.04,0.004975124378109453
34,25,0,1,0.005,0.4016368902102386,1.88,,0.24480830821971816,1.92,
34,25,0,1,0.02,0.26697454730954234,1.88,,0.12001864345098164,1.68,
34,26,0,0,0.0,0.4761092783121404,0.88,0.004975124378109453,0.13455460769060232,-0.08,0.22885572139303484
34,26,0,0,0.005,0.38102569296969463,0.84,,0.09894940527544102,1.76,
34,26,0,0,0.02,0.2442014843860788,0.76,,0.10858203909497255,0.52,
34,27,1,1,0.0,0.4773544469987588,1.84,0.009950248756218905,0.4669577964517673,0.8,0.004975124378109453
34,27,1,1,0.005,0.42393521468191764,1.8,,0.3763304706361512,0.04,
34,27,1,1,0.02,0.30893947673384553,1.88,,0.1531830909639515,0.24,
34,28,1,1,0.0,0.5218755329709938,-1.36,0.004975124378109453,0.6108926188321435,0.0,0.004975124378109453
34,28,1,1,0.005,0.4526137175153924,-1.4,,0.5040845161682768,-1.6,
34,28,1,1,0.02,0.3525366102277747,-1.4,,0.21160657690165832,-0.68,
34,29,0,0,0.0,0.41391056309266533,0.28,0.004975124378109453,0.12342416573480329,-1.12,0.6567164179104478
34,29,0,0,0.005,0.33026304970065595,-0.88,,0.1208549191251455,-1.68,
34,29,0,0,0.02,0.20994365029258502,-0.84,,0.09232478547117758,0.28,
34,30,0,1,0.0,0.28543243126890677,0.4,0.10945273631840796,0.43246420846955697,-0.84,0.1044776119402985
34,30,0,1,0.005,0.2265585392178609,-1.52,,0.39873731706161414,0.72,
34,30,0,1,0.02,0.1646019908760858,-1.52,,0.20747626403427885,0.72,
34,31,1,0,0.0,0.41958371858628807,-0.4,0.004975124378109453,0.1869507404130752,-0.8,0.05472636815920398
34,31,1,0,0.005,0.3657925263864758,-0.52,,0.14242735054686928,-0.8,
34,31,1,0,0.02,0.2514447267478718,-1.6,,0.12558459744016262,-0.4,
34,32,1,0,0.0,0.451487208877092,-1.44,0.004975124378109453,0.14266642538310761,0.28,0.004975124378109453
34,32,1,0,0.005,0.35985141287331457,-1.44,,0.1601093293505271,0.48,
34,32,1,0,0.02,0.2740130045414067,-1.44,,0.12783013380437364,0.48,
35,1,1,0,0.0,0.5413631196469344,1.44,0.12935323383084577,0.12443504918184485,1.8,0.12437810945273632
35,1,1,0,0.005,0.48891998586646684,-1.08,,0.13661007630288763,1.8,
35,1,1,0,0.02,0.3672658751683366,-1.04,,0.1183439448580657,1.8,
35,2,1,0,0.0,0.5199345353545538,-1.08,0.004975124378109453,0.27845781588362484,0.76,0.004975124378109453
35,2,1,0,0.005,0.4379982624394442,-1.72,,0.2680874483706192,0.76,
35,2,1,0,0.02,0.3303723769776766,-1.76,,0.21699889570419043,0.04,
35,3,0,1,0.0,0.4785935927129448,0.36,0.004975124378109453,0.5846740266996092,-1.0,0.004975124378109453
35,3,0,1,0.005,0.4497193207309195,0.36,,0.5657682127157995,-1.0,
35,3,0,1,0.02,0.32477066321779996,0.4,,0.41189057252755495,1.96,
35,4,0,0,0.0,0.5120470004027928,0.56,0.004975124378109453,0.14912624105217237,-1.96,0.7562189054726368
35,4,0,0,0.005,0.4574305963990288,0.6,,0.15914937938504906,-1.96,
35,4,0,0,0.02,0.3339817825936163,0.6,,0.17132102891757567,1.56,
35,5,1,1,0.0,0.49405500471679886,-0.8,0.004975124378109453,0.6135863870709545,-0.44,0.024875621890547265
35,5,1,1,0.005,0.47174496760466733,-0.84,,0.6127293926853195,-0.44,
35,5,1,1,0.02,0.39463609274456607,-0.84,,0.5017712013752228,-0.44,
35,6,1,1,0.0,0.6331515091101236,1.08,0.004975124378109453,0.7410488248409783,-1.8,0.004975124378109453
35,6,1,1,0.005,0.5774140106039699,1.12,,0.7321765287442729,-1.8,
35,6,1,1,0.02,0.4631771536860016,1.08,,0.6084399739369774,-1.8,
35,7,0,0,0.0,0.5740350735626432,2.0,0.004975124378109453,0.1080522241447774,0.56,0.44776119402985076
35,7,0,0,0.005,0.5129374364663191,2.0,,0.11942418368611576,0.56,
35,7,0,0,0.02,0.40360976277741345,1.28,,0.10365058601831258,0.6,
35,8,0,1,0.0,0.5730734127303988,-0.16,0.004975124378109453,0.5475242480641307,0.56,0.004975124378109453
35,8,0,1,0.005,0.503401598450789,-0.16,,0.5158813689322522,0.56,
35,8,0,1,0.02,0.3731895198703458,-0.16,,0.3135501167067183,1.8,
35,9,0,1,0.0,0.5171654824021221,1.36,0.004975124378109453,0.6404153419888567,1.4,0.01990049751243781
35,9,0,1,0.005,0.48155782985420814,-1.0,,0.6066418043402731,1.4,
35,9,0,1,0.02,0.3451383798534749,-1.0,,0.3770044161663744,1.16,
35,10,0,0,0.0,0.44333782728630244,-0.4,0.03980099502487562,0.09073459733931272,-0.68,0.6268656716417911
35,10,0,0,0.005,0.36879806994420694,-1.4,,0.10165245203906682,-0.68,
35,10,0,0,0.02,0.25814540354180876,0.24,,0.11754499360046919,-0.44,
35,11,1,0,0.0,0.3962360335471746,-0.88,0.29850746268656714,0.15108613691144165,0.52,0.03980099502487562
35,11,1,0,0.005,0.33630838546304276,-1.0,,0.1461631292428651,0.28,
35,11,1,0,0.02,0.27975912689337173,-0.96,,0.11864939122412185,0.52,
35,12,1,0,0.0,0.4966350039546228,1.24,0.05970149253731343,0.10530331899971643,-0.56,0.3482587064676617
35,12,1,0,0.005,0.44868900657888056,1.24,,0.09757260458611619,-0.56,
35,12,1,0,0.02,0.35305830018057127,1.28,,0.08006967052797406,-1.04,
35,13,0,1,0.0,0.6131131900917647,0.08,0.004975124378109453,0.6762614540156974,1.96,0.004975124378109453
35,13,0,1,0.005,0.5282220583221021,0.12,,0.6587315498571008,1.96,
35,13,0,1,0.02,0.39697326991418447,0.12,,0.4929300984881168,1.72,
35,14,0,0,0.0,0.5931779728598717,1.32,0.004975124378109453,0.11902124484439731,0.52,0.1044776119402985
35,14,0,0,0.005,0.5184297382467755,1.32,,0.12156285216484262,0.76,
35,14,0,0,0.02,0.37235527348508207,1.36,,0.1316803422859929,1.96,
35,15,1,1,0.0,0.49196226754364747,-0.16,0.004975124378109453,0.6002817179880543,0.6,0.004975124378109453
35,15,1,1,0.005,0.4336615525964018,-0.16,,0.5947604044340687,0.6,
35,15,1,1,0.02,0.3513238027397273,2.0,,0.505228638178594,0.6,
35,16,1,1,0.0,0.607654692214362,-1.52,0.004975124378109453,0.7511998754786018,0.08,0.004975124378109453
35,16,1,1,0.005,0.5623164569812601,-1.4,,0.7380794453084264,0.08,
35,16,1,1,0.02,0.4593569181556013,1.32,,0.6264275379274398,0.08,
35,17,0,1,0.0,0.503779315649745,1.08,0.03482587064676617,0.5715897896919251,1.92,0.04975124378109453
35,17,0,1,0.005,0.41296694313757654,-0.28,,0.5608997017280688,1.92,
35,17,0,1,0.02,0.3068189708556327,-0.32,,0.45348609629262326,1.92,
35,18,0,0,0.0,0.6467193463548163,2.0,0.004975124378109453,0.15805277667626944,-0.96,0.04477611940298507
35,18,0,0,0.005,0.5289337220561886,0.08,,0.1534074242454289,-0.96,
35,18,0,0,0.02,0.42337183632780223,0.08,,0.12067037983151423,-0.68,
35,19,1,1,0.0,0.5926238104601181,-1.04,0.004975124378109453,0.5024337570671569,0.8,0.1791044776119403
35,19,1,1,0.005,0.5435854367776668,-1.04,,0.5025229227322581,0.8,
35,19,1,1,0.02,0.441113535771764,0.72,,0.43840770362271236,0.8,
35,20,1,1,0.0,0.506848946178881,1.4,0.004975124378109453,0.31500447888638605,-0.52,0.029850746268656716
35,20,1,1,0.005,0.4574607512856317,-0.6,,0.31863352710248716,-0.52,
35,20,1,1,0.02,0.3794735254873673,0.96,,0.2820419217615388,-0.52,
35,21,0,0,0.0,0.4659864732764557,-1.16,0.009950248756218905,0.13179597772180665,-1.24,0.13930348258706468
35,21,0,0,0.005,0.42621312446172765,-1.52,,0.13965429231453805,1.6,
35,21,0,0,0.02,0.3380835950993595,-1.56,,0.16194374209936188,1.36,
35,22,0,1,0.0,0.47049858848292786,-0.16,0.004975124378109453,0.38597645059650837,1.88,0.06965174129353234
35,22,0,1,0.005,0.39477657828580387,-0.12,,0.3838040221409235,1.88,
35,22,0,1,0.02,0.31013354095831674,-0.16,,0.3091576265352179,1.88,
35,23,1,0,0.0,0.5222190515682875,0.56,0.004975124378109453,0.15165858375068858,0.2,0.05970149253731343
35,23,1,0,0.005,0.4417671747721863,-1.96,,0.14155456262108435,0.2,
35,23,1,0,0.02,0.34312483882623934,-1.92,,0.09965590099112773,1.16,
35,24,1,0,0.0,0.5790266394124822,0.68,0.01990049751243781,0.22222591972537106,0.8,0.08955223880597014
35,24,1,0,0.005,0.5165592769519987,0.72,,0.21159105255532717,0.52,
35,24,1,0,0.02,0.4090841593523876,0.64,,0.17467553871394825,0.76,
35,25,1,1,0.0,0.538228803168107,0.0,0.004975124378109453,0.5717452698487931,0.84,0.004975124378109453
35,25,1,1,0.005,0.4771317283572414,-0.04,,0.5545434937690985,1.12,
35,25,1,1,0.02,0.36542850284218725,0.04,,0.418548073756136,1.12,
35,26,1,1,0.0,0.6172869968838802,-0.2,0.004975124378109453,0.7097363166299127,0.04,0.004975124378109453
35,26,1,1,0.005,0.567118534025388,-0.24,,0.7020845946502429,0.04,
35,26,1,1,0.02,0.4566896371413474,-0.28,,0.617417687757898,-0.2,
35,27,0,1,0.0,0.5021653280892567,0.52,0.004975124378109453,0.6070393810818193,-0.96,0.004975124378109453
35,27,0,1,0.005,0.44178130448048386,0.56,,0.5952867939747047,-0.96,
35,27,0,1,0.02,0.34741093491970104,-0.4,,0.4603189060574383,-1.96,
35,28,0,1,0.0,0.5497978060354923,-0.12,0.004975124378109453,0.5763966940526337,-1.08,0.004975124378109453
35,28,0,1,0.005,0.48018282742876967,-0.12,,0.5591495392509455,-1.08,
35,28,0,1,0.02,0.37500910111464975,-0.08,,0.4572741281113843,1.72,
35,29,1,0,0.0,0.5842112923687155,0.8,0.004975124378109453,0.09075393986027526,1.4,0.13432835820895522
35,29,1,0,0.005,0.5420018919399879,0.84,,0.07699183791448773,1.4,
35,29,1,0,0.02,0.43180846020865293,0.88,,0.05002158959463155,-1.28,
35,30,1,0,0.0,0.5369893550841452,-0.16,0.004975124378109453,0.11584661381201129,1.88,0.681592039800995
35,30,1,0,0.005,0.4635524559930887,0.08,,0.11327349109033275,1.88,
35,30,1,0,0.02,0.3775905245694188,1.04,,0.09606957186966017,1.04,
35,31,0,0,0.0,0.4735285820045002,2.0,0.009950248756218905,0.10609661296383391,0.96,0.6268656716417911
35,31,0,0,0.005,0.38221042917094444,2.0,,0.0960642293101048,-0.04,
35,31,0,0,0.02,0.3196628886739147,1.0,,0.07470808724190992,-0.04,
35,32,0,0,0.0,0.43352446878483547,1.12,0.024875621890547265,0.12849899312919713,1.96,0.7213930348258707
35,32,0,0,0.005,0.38433225635225926,1.16,,0.1362751788321204,1.96,
35,32,0,0,0.02,0.3078811475748841,1.16,,0.12253849002009655,1.96,
