video,t_start,t_center,t_end,n_frames,valid_fraction_A,mean_speed_u_A,median_jerk_u_A,sparc_A,ldlj_A,valid_fraction_B,mean_speed_u_B,median_jerk_u_B,sparc_B,ldlj_B,both_detected_fraction,mean_dist_torso_u,contact_fraction,mean_dir_sim,ke_transfer_r,camera_motion_p95_px
65S9nuRzK4Q,0.0,2.0,3.966666666666667,120,0.7333333333333333,1.527182430170845,161.45439284362547,,,0.3833333333333333,1.4956551427561364,123.7623774555498,,,0.65,1.4260147521813684,1.0,0.2155765012460052,,12.664107227325434
65S9nuRzK4Q,1.0,3.0,4.966666666666667,120,0.6583333333333333,1.7134258581383988,157.97160351103008,,,0.3166666666666666,1.2168476262775076,105.8205333493692,,,0.575,1.4491376983485096,1.0,0.2189881844065631,,9.752151489257812
65S9nuRzK4Q,2.0,4.0,5.966666666666667,120,0.6583333333333333,1.5289431237083706,151.9356174619194,,,0.3333333333333333,2.33178191413752,123.7623774555498,,,0.5583333333333333,1.2142677933818502,1.0,0.036173168841767,,8.652804183959958
65S9nuRzK4Q,3.0,5.0,6.966666666666667,120,0.5916666666666667,1.6536425252623312,166.10549822211448,,,0.25,4.310604858757868,318.254474265741,,,0.45,1.161212781628047,1.0,0.0348792729838447,,7.191577434539788
65S9nuRzK4Q,4.0,6.0,7.966666666666667,120,0.7083333333333334,1.887790044059876,164.01347424014125,,,0.175,5.45833623826648,768.2272685967589,,,0.45,1.5747429418141423,0.76,0.0348792729838446,,6.206875562667847
65S9nuRzK4Q,5.0,7.0,8.966666666666667,120,0.825,2.348229532629984,167.37869675850146,,,0.3,4.9822898027720255,917.9706346631262,,,0.525,1.8656289670209727,0.7016129032258065,0.2103215255321681,,20.6853458404541
65S9nuRzK4Q,6.0,8.0,9.966666666666669,120,0.6,2.677288466144467,174.72019542105232,,,0.225,4.492235552438179,746.9613933434393,,,0.4166666666666667,2.158475423774196,0.5416666666666666,0.5686585586688003,,21.324260234832764
65S9nuRzK4Q,7.0,9.0,10.966666666666669,120,0.55,2.765849427571533,185.9092292920434,,,0.1833333333333333,4.068731730966932,739.1431518149348,,,0.4333333333333333,2.198920571316204,0.5104166666666666,0.5482775181470348,,21.33268337249756
65S9nuRzK4Q,8.0,10.0,11.966666666666669,120,0.3583333333333333,3.4780324457503,420.540295102516,,,0.3,4.788029943438174,917.9706346631262,,,0.4333333333333333,1.8319625111508804,0.6979166666666666,0.3758106678070217,,21.30741395950317
65S9nuRzK4Q,9.0,11.0,12.966666666666669,120,0.125,2.4257144658407954,493.460753749117,,,0.1916666666666666,4.7779943369309805,721.2935262813069,,,0.375,1.4079895207823794,0.7837837837837838,0.2403792112473142,,18.98062829971313
65S9nuRzK4Q,10.0,12.0,13.966666666666669,120,0.1083333333333333,2.466052214321013,574.6057542025765,,,0.15,5.564814708975478,1309.4367746998378,,,0.3416666666666667,1.1593592257158238,0.8714285714285714,0.0455180462978868,,17.289285087585448
65S9nuRzK4Q,11.0,13.0,14.966666666666669,120,0.15,1.944362472035064,431.0589950691936,,,0.3583333333333333,4.45555787060591,644.0184080916872,,,0.375,1.1724830594982465,0.813953488372093,-0.0689811434822139,,18.49750461578369
65S9nuRzK4Q,12.0,14.0,15.966666666666669,120,0.0916666666666666,1.0558904463048435,274.54140594415946,,,0.4,3.448629679237853,323.99084440494994,,,0.2666666666666666,0.9164064932248268,0.8387096774193549,-0.0508336459893695,,24.075500488281243
65S9nuRzK4Q,13.0,15.0,16.966666666666665,120,0.0833333333333333,1.3281927154416988,231.5913613372623,,,0.3833333333333333,3.549392628730041,341.52571233372663,,,0.2083333333333333,1.4133188838727926,0.6153846153846154,-0.0929236262334513,,25.18805694580077
65S9nuRzK4Q,14.0,16.0,17.966666666666665,120,0.325,1.2893915431902794,84.91923157283685,,,0.625,2.884128269262729,225.3510275942913,,,0.4166666666666667,2.64705957778428,0.36,0.2888643970211257,,23.34618129730224
65S9nuRzK4Q,15.0,17.0,18.966666666666665,120,0.5083333333333333,0.9988437835739234,72.7506922304992,,,0.65,1.923691124847,149.38133044036235,,,0.5416666666666666,2.605061348346947,0.4923076923076923,0.2771199675169655,,23.222610664367668
65S9nuRzK4Q,16.0,18.0,19.966666666666665,120,0.6083333333333333,1.155224001972296,82.99805136059625,,,0.5333333333333333,1.5737960761160288,137.4103294582836,,,0.6583333333333333,2.2236886307555963,0.5822784810126582,0.3125485549324629,,12.064286422729491
65S9nuRzK4Q,17.0,19.0,20.966666666666665,120,0.85,1.2955365197828943,101.81988901673526,,,0.6583333333333333,1.4383820934058114,142.33671122674775,,,0.7916666666666666,1.7897769440173492,0.7021276595744681,0.2812965559987734,,16.581915092468265
65S9nuRzK4Q,18.0,20.0,21.966666666666665,120,0.6583333333333333,1.3781074762218457,147.14356428674978,,,0.6583333333333333,1.0515818836972597,90.36952246038244,,,0.725,1.0919830883075936,0.8662790697674418,0.3108450671529023,,15.31897544860839
65S9nuRzK4Q,19.0,21.0,22.966666666666665,120,0.4833333333333333,1.6505178636132205,269.254938613639,,,0.5416666666666666,0.8372035899440031,74.46123050598148,,,0.6083333333333333,0.8061722858088827,0.9236111111111112,0.3414318871292556,,15.191032648086546
65S9nuRzK4Q,20.0,22.0,23.966666666666665,120,0.4916666666666666,1.3915651436616585,172.41860054751962,,,0.75,0.7398997367321235,67.23451672735382,,,0.6416666666666667,0.8793050540161111,0.9294871794871796,0.0664570473955116,,15.191032648086546
65S9nuRzK4Q,21.0,23.0,24.966666666666665,120,0.2416666666666666,1.0743732638303545,98.0949861092679,,,0.8333333333333334,0.727867392007083,62.46997754871538,,,0.5583333333333333,1.027111181885206,0.9166666666666666,0.022797593920769,,5.5047795295715325
65S9nuRzK4Q,22.0,24.0,25.966666666666665,120,0.2583333333333333,1.8163965481931197,94.1348426928399,,,0.6583333333333333,0.9053417306732714,62.56316293854001,,,0.575,0.8624122727474255,1.0,-0.3690294097351551,,4.497528886795044
65S9nuRzK4Q,23.0,25.0,26.966666666666665,120,0.2583333333333333,2.116516416586614,106.927331740676,,,0.575,0.9492289761866006,69.2448408598577,,,0.5666666666666667,0.7095377381878748,1.0,-0.377545727398549,,6.921991300582885
65S9nuRzK4Q,24.0,26.0,27.966666666666665,120,0.2666666666666666,3.003445217438829,352.68956748267635,,,0.375,1.458593312167501,80.04566697532731,,,0.5333333333333333,0.6915390024081611,1.0,-0.3182922417823893,,7.245261669158935
65S9nuRzK4Q,25.0,27.0,28.966666666666665,120,0.5166666666666667,2.012964993714815,66.42011314494907,,,0.2916666666666667,2.233576058426863,195.05327631794944,,,0.625,0.7028562270572718,1.0,0.0553728105359761,,7.245261669158935
65S9nuRzK4Q,26.0,28.0,29.966666666666665,120,0.6916666666666667,1.622893527207566,75.18244096299406,,,0.3333333333333333,1.93793903446163,210.34170507011223,,,0.5916666666666667,0.609603829162123,1.0,0.3356043124525995,,7.381262350082397
65S9nuRzK4Q,27.0,29.0,30.966666666666665,120,0.8666666666666667,1.761150909205584,99.5383197299712,,,0.4083333333333333,1.5252639827535217,163.92019422223837,,,0.65,0.6052550595141802,1.0,0.2690312872406456,,6.698578929901123
65S9nuRzK4Q,28.0,30.0,31.966666666666665,120,1.0,1.282094235792449,76.39697617870891,-2.792386453057601,-14.701800626566085,0.3583333333333333,1.2778612865466292,109.89244922372086,,,0.5583333333333333,0.5656273301940848,1.0,0.3440482988376485,,6.409253072738647
65S9nuRzK4Q,29.0,31.0,32.96666666666667,120,1.0,1.1117781212652769,74.05962072914286,-2.897895146804375,-14.702383405457285,0.2333333333333333,0.8323061757732846,47.045269781069855,,,0.45,0.446319336013098,1.0,0.2317922730575692,,6.409253072738647
65S9nuRzK4Q,30.0,32.0,33.96666666666667,120,1.0,0.7482643916190368,51.65383395301583,-2.6824874146690263,-14.460591882842492,0.2,1.9472561731695155,39.05818367482249,,,0.4416666666666666,0.7025909838811727,0.8425925925925926,0.0149105684959616,,3.829855442047119
65S9nuRzK4Q,31.0,33.0,34.96666666666667,120,0.9083333333333332,0.8035597180187426,48.91217719732071,,,0.3333333333333333,2.6549360517494383,429.92816619411855,,,0.4416666666666666,0.8031307525197148,0.853448275862069,0.1183997844954385,,4.753436636924743
65S9nuRzK4Q,32.0,34.0,35.96666666666667,120,0.8083333333333333,0.9343465321450428,51.9163238933945,,,0.5833333333333334,2.0188635107086155,84.67687519219892,,,0.625,0.9446082991653868,0.8950617283950617,0.0690614904200923,,5.066032385826111
65S9nuRzK4Q,33.0,35.0,36.96666666666667,120,0.5583333333333333,1.2294920105828924,62.59152040243407,,,0.8166666666666667,1.766456527657951,99.9202606595156,,,0.675,0.9793824378511248,0.9034090909090908,0.0690614904200923,,5.379013442993164
65S9nuRzK4Q,34.0,36.0,37.96666666666667,120,0.3083333333333333,2.0601635331239887,133.57653292675818,,,0.8666666666666667,1.275712169992239,76.24565156909225,,,0.5333333333333333,0.9617284491669036,1.0,0.088327932098741,,5.379716396331787
65S9nuRzK4Q,35.0,37.0,38.96666666666667,120,0.15,0.7782024926686745,57.92434527018243,,,0.85,0.9605466311137896,65.23643715694169,,,0.4416666666666666,1.157811541204677,1.0,-0.0104279833679655,,5.379716396331787
65S9nuRzK4Q,36.0,38.0,39.96666666666667,120,0.0166666666666666,0.3470765379603929,71.76753806423861,,,0.6,0.8729548985275134,72.63808514210623,,,0.2916666666666667,1.163391464696937,1.0,,,5.491495609283445
65S9nuRzK4Q,37.0,39.0,40.96666666666667,120,0.225,0.3844510070295519,59.64158529799087,,,0.3666666666666666,0.7059195166614739,34.6477880290592,,,0.1666666666666666,1.3285644990312484,1.0,,,4.719406390190124
65S9nuRzK4Q,38.0,40.0,41.96666666666667,120,0.225,0.3844510070295518,59.64158529799087,,,0.2333333333333333,0.9501186663712936,48.64564287671341,,,0.1916666666666666,1.1440667535935447,1.0,,,4.183148908615111
65S9nuRzK4Q,39.0,41.0,42.96666666666667,120,0.2666666666666666,0.4824434955105185,60.845976919790495,,,0.0416666666666666,1.591934470479416,223.6364820485964,,,0.1916666666666666,0.530180924077949,1.0,0.905944300941164,,6.4120743513107294
65S9nuRzK4Q,40.0,42.0,43.96666666666667,120,0.25,0.4914679593471936,59.83792004966517,,,0.1583333333333333,2.071812727823087,383.636897799909,,,0.1666666666666666,0.2102981328757996,1.0,0.905944300941164,,7.467568826675415
65S9nuRzK4Q,41.0,43.0,44.96666666666667,120,0.2416666666666666,2.3331656354639403,281.64766062616803,,,0.275,3.5683246106707376,440.3439598617299,,,0.3166666666666666,1.2475082640266144,0.625,0.5088095925794239,,7.578297376632684
65S9nuRzK4Q,42.0,44.0,45.96666666666667,120,0.4916666666666666,1.240078429458224,40.79044710581713,,,0.275,3.568324610670738,440.3439598617299,,,0.3083333333333333,1.357546584948705,0.6447368421052632,0.5088095925794239,,7.578297376632684
65S9nuRzK4Q,43.0,45.0,46.96666666666667,120,0.7,0.8511410548013172,29.762278814321824,,,0.475,2.011078597472015,149.38712704598433,,,0.4583333333333333,1.0597100967080828,0.7589285714285714,0.0606026469234644,,7.571999645233149
65S9nuRzK4Q,44.0,46.0,47.96666666666667,120,0.95,0.6501535137764604,26.39335707257257,,,0.4583333333333333,1.5837432358086811,43.704539322774544,,,0.575,0.9558619496513492,0.8098591549295775,-0.0128319469770419,,5.667892289161677
65S9nuRzK4Q,45.0,47.0,48.96666666666667,120,1.0,0.2507272750023611,22.870331402928542,-4.117691969932869,-12.89247298356878,0.4916666666666666,0.3519442067032248,37.09255250088492,,,0.65,0.4241462268098163,1.0,0.0517119259346505,,3.5511746406555176
65S9nuRzK4Q,46.0,48.0,49.96666666666667,120,1.0,0.2952704738359546,24.62397875976289,-2.0274420539005225,-12.898207760873158,0.5333333333333333,0.8313110045906071,43.90086681473959,,,0.75,0.6123194897774954,0.9086021505376344,0.0670559380974702,,4.497808122634885
65S9nuRzK4Q,47.0,49.0,50.96666666666667,120,1.0,0.370283226967342,25.600567856813058,-5.031069986002349,-13.379083003147567,0.4583333333333333,2.276148632534458,142.3185659216125,,,0.7333333333333333,1.014566954140731,0.7637362637362637,0.1282001141864593,,5.182221531867981
65S9nuRzK4Q,48.0,50.0,51.96666666666667,120,1.0,0.3973658825932399,26.84007232280472,-4.807008794840751,-13.392146532197875,0.5416666666666666,3.7812869935692,793.93346503736,,,0.7916666666666666,1.1479904554678435,0.6717171717171717,0.2075451170456094,,6.676801443099975
65S9nuRzK4Q,49.0,51.0,52.96666666666667,120,1.0,0.4660299622521163,27.34271338428239,-5.648828189559817,-12.01220013365019,0.6416666666666667,3.1252330590984823,350.5492673630019,,,0.8166666666666667,1.0803706966982876,0.6782178217821783,0.0551356144680248,,6.552611255645751
65S9nuRzK4Q,50.0,52.0,53.96666666666667,120,0.9833333333333332,0.8618259910612883,35.211008857080785,,,0.85,2.2335218865628264,88.15273024459088,,,0.9333333333333332,1.1590273832859466,0.5350877192982456,0.0806183100671349,,7.023367166519165
65S9nuRzK4Q,51.0,53.0,54.96666666666667,120,0.9833333333333332,0.9028223303116027,40.727865940186405,,,0.925,1.9795121270771676,70.08794799470053,,,0.9583333333333334,1.0645414076590436,0.5086206896551724,0.0817026123441239,,7.135846281051635
65S9nuRzK4Q,52.0,54.0,55.96666666666667,120,0.9833333333333332,0.9614300406442836,41.162683597257846,,,0.9916666666666668,1.0057748590631643,63.73662074448524,,,1.0,0.9701136176923096,0.6166666666666667,0.1301367889276456,,8.719258499145507
65S9nuRzK4Q,53.0,55.0,56.96666666666667,120,0.9833333333333332,0.8451700487206989,42.164116105601806,,,0.9916666666666668,1.0664877401615158,72.0598301644294,,,1.0,1.0506684787163934,0.6166666666666667,0.3002015296904601,,9.135091018676755
65S9nuRzK4Q,54.0,56.0,57.96666666666667,120,1.0,0.4808674013360416,35.550647487113736,-3.180564050298128,-14.428773078583273,0.8333333333333334,1.159319700092048,69.70863845047907,,,0.8833333333333333,0.7883574622752942,0.8380952380952381,0.3718233044789534,,9.078863143920898
65S9nuRzK4Q,55.0,57.0,58.96666666666667,120,1.0,0.4436674998436701,35.387871437550714,-2.8003266212305657,-14.505147638215211,0.775,0.5805205829352076,65.71587635703685,,,0.8583333333333333,0.613621365196057,1.0,0.4610230376592359,,12.548644065856934
65S9nuRzK4Q,56.0,58.0,59.96666666666667,120,0.85,0.7635493738012815,40.11766698741599,,,0.7416666666666667,0.3970836810602865,51.80207864780757,,,0.825,0.8813913658929695,0.8421052631578947,0.4947470331411179,,12.548644065856934
QdKZlryJ4HY,0.0,2.0,3.96,100,0.43,1.873725361430447,236.8470921006501,,,0.71,1.6202818583151308,75.32052624873751,,,0.6,2.1795882662480794,0.5344827586206896,0.1313342670463598,,4.504498362541199
QdKZlryJ4HY,1.0,3.0,4.96,100,0.67,1.449580705031068,133.49962208007483,,,0.93,1.3522209732550603,69.59590343613426,,,0.77,1.921293356718916,0.64,0.0456661303244786,,1.770212388038635
QdKZlryJ4HY,2.0,4.0,5.96,100,0.88,1.7520954412639176,157.1366571571617,,,0.93,1.3586854046663788,85.69233990078615,,,0.93,1.8719959967874384,0.6701030927835051,0.1320251468880462,,1.3192861855030058
QdKZlryJ4HY,3.0,5.0,6.96,100,0.96,1.4648124890626704,97.34783529615514,,,0.96,1.0999851618326153,101.9782192887728,,,0.91,1.836522387051289,0.6632653061224489,0.1491319257891099,,1.1724289059638973
QdKZlryJ4HY,4.0,6.0,7.96,100,0.83,1.1013692198590022,68.29782023975008,,,1.0,1.1371358633468498,108.86235460939992,-3.330614274257737,-13.824760416652646,0.87,2.584937631326483,0.4787234042553192,0.1932126414031438,,0.909748429059982
QdKZlryJ4HY,5.0,7.0,8.96,100,0.83,1.0558908381863958,93.35409811882484,,,1.0,1.2745787557103194,135.27549502411932,-3.577541400640219,-13.955942994140466,0.86,3.621336049458407,0.2127659574468085,0.2797218660911393,,0.909748429059982
QdKZlryJ4HY,6.0,8.0,9.96,100,0.87,0.7207291686965895,98.68546051529437,,,1.0,1.3982824742845756,117.22902887489612,-4.1397405191555645,-13.5712874565272,0.87,4.324688441339233,0.0,0.1922608319405485,,9.948309135437007
QdKZlryJ4HY,7.0,9.0,10.96,100,0.87,1.0517449061644362,139.2027127073805,,,1.0,1.6904846613164464,114.23472831404489,-3.5875537774680835,-13.782710059279593,0.9,4.350845453937794,0.0,-0.0156139868211082,,9.948309135437007
QdKZlryJ4HY,8.0,10.0,11.96,100,0.96,1.177998953086958,151.5572320044781,,,1.0,1.5330340242233371,86.23541391281066,-3.525755793271708,-13.527000955952888,0.94,4.264001956975616,0.0,-0.0799881093823702,,9.908681011199947
QdKZlryJ4HY,9.0,11.0,12.96,100,0.71,1.3984594475969945,185.20938016275997,,,0.87,1.933256832559316,82.04604859593232,,,0.71,4.130336618292771,0.0,-0.1890234798619165,,9.948309135437007
QdKZlryJ4HY,10.0,12.0,13.96,100,0.46,1.4600789364806732,178.9279138015476,,,0.62,1.984843481993708,69.38575322199293,,,0.49,4.023940138436555,0.0,-0.3292084932959341,,4.723227024078367
QdKZlryJ4HY,11.0,13.0,14.96,100,0.21,1.3369504091679685,195.4081902884436,,,0.37,1.7708636041288075,38.13268570665915,,,0.26,3.8718330062832313,0.0,-0.1773024169795488,,4.723227024078367
QdKZlryJ4HY,12.0,14.0,15.96,100,0.0,,,,,0.24,2.6380643430606887,127.55708217696376,,,0.01,4.06685729462273,0.0,,,5.166388750076293
QdKZlryJ4HY,13.0,15.0,16.96,100,0.0,,,,,0.23,2.613653258109465,127.86887139239232,,,0.0,,,,,6.613494801521298
QdKZlryJ4HY,14.0,16.0,17.96,100,0.0,,,,,0.35,2.4569067055521963,135.8270283504464,,,0.0,,,,,9.65221872329712
QdKZlryJ4HY,15.0,17.0,18.96,100,0.0,,,,,0.6,1.969621734057639,143.33410351704833,,,0.0,,,,,9.678577327728272
QdKZlryJ4HY,16.0,18.0,19.96,100,0.17,1.3436571239126476,135.2078723401421,,,0.73,2.1435465042467263,180.2265492583629,,,0.22,0.4658213052767258,1.0,0.3623224237957002,,9.893871307373049
QdKZlryJ4HY,17.0,19.0,20.96,100,0.25,1.4572721534656607,161.27326666229123,,,0.86,1.9544891723642823,176.61133861451688,,,0.4,0.5261129666432895,0.926829268292683,0.328085377458583,,9.975907325744627
QdKZlryJ4HY,18.0,20.0,21.96,100,0.48,2.474761100052874,185.9170906495073,,,0.87,2.1552318108035453,189.97373360285795,,,0.62,0.7185796413670142,0.9,0.2331751038233051,,8.130496978759766
QdKZlryJ4HY,19.0,21.0,22.96,100,0.52,2.549338443564011,192.84331889904703,,,0.73,2.446810902398998,249.71873082555376,,,0.74,0.7713485601874421,0.9155844155844156,0.2331751038233051,,25.056441497802734
QdKZlryJ4HY,20.0,22.0,23.96,100,0.47,3.3397684895601825,277.6199461230928,,,0.67,2.0457693608189667,180.3034512355847,,,0.67,1.3475124725203862,0.8028169014084507,-0.066478140099773,,20.60985946655273
QdKZlryJ4HY,21.0,23.0,24.96,100,0.42,3.5936010576816177,297.5418739279331,,,0.51,1.812497719263145,132.06027340983448,,,0.55,2.089385441627491,0.7068965517241379,-0.194708424521979,,11.86283135414118
QdKZlryJ4HY,22.0,24.0,25.96,100,0.29,4.711226583197451,433.2466434736671,,,0.45,1.3251932032329894,95.27495941175052,,,0.44,3.657475297970389,0.4880952380952381,-0.5995204652805546,,20.827568054199205
QdKZlryJ4HY,23.0,25.0,26.96,100,0.26,4.830391132981838,410.25959718199886,,,0.34,1.068708719445138,88.9812573726004,,,0.32,4.637533044424414,0.2833333333333333,-0.5995204652805547,,15.520220470428464
QdKZlryJ4HY,24.0,26.0,27.96,100,0.39,2.45452824433009,93.08211759763626,,,0.15,1.1129921573412187,72.93066600850163,,,0.18,6.177934024167967,0.0,,,15.41853790283202
QdKZlryJ4HY,25.0,27.0,28.96,100,0.61,1.9599257368874456,93.23365735174038,,,0.07,1.7847312767790666,82.93265822825524,,,0.14,6.337023639810451,0.0,,,15.31685533523559
QdKZlryJ4HY,26.0,28.0,29.96,100,0.57,1.4674642260029152,92.555273391366,,,0.05,0.7332846122265886,243.37990110767475,,,0.1,6.910761594595246,0.0,-0.3611300634996565,,9.317249774932847
QdKZlryJ4HY,27.0,29.0,30.96,100,0.56,1.444710644188819,91.30950671275494,,,0.05,0.7332846122265886,243.37990110767475,,,0.1,6.910761594595246,0.0,-0.3611300634996565,,11.828203868865964
QdKZlryJ4HY,28.0,30.0,31.96,100,0.31,2.049086224281069,183.8265041601321,,,0.05,0.7332846122265886,243.37990110767475,,,0.09,6.983805556825244,0.0,-0.3611300634996565,,11.076514911651609
QdKZlryJ4HY,29.0,31.0,32.96,100,0.16,2.6089247614834594,60.54846712035637,,,0.05,0.7332846122265886,243.37990110767475,,,0.07,7.129916844116366,0.0,-0.3611300634996565,,11.076514911651609
QdKZlryJ4HY,30.0,32.0,33.96,100,0.19,1.273940486572079,51.75488820235311,,,0.0,,,,,0.0,,,,,11.055715894699096
QdKZlryJ4HY,31.0,33.0,34.96,100,0.36,1.5010674942920486,103.19305944245092,,,0.0,,,,,0.0,,,,,5.695006251335141
QdKZlryJ4HY,32.0,34.0,35.96,100,0.39,1.4926118889842717,125.75852969091795,,,0.0,,,,,0.0,,,,,1.4818354129791258
QdKZlryJ4HY,33.0,35.0,36.96,100,0.29,1.676210823264752,141.00167484965064,,,0.0,,,,,0.0,,,,,0.9334845811128616
QdKZlryJ4HY,34.0,36.0,37.96,100,0.2,1.700349721275855,171.1925205689276,,,0.0,,,,,0.0,,,,,0.8559352278709411
QdKZlryJ4HY,35.0,37.0,38.96,100,0.03,1.3911446252909478,158.04722151701128,,,0.0,,,,,0.0,,,,,0.8973945260047912
QdKZlryJ4HY,36.0,38.0,39.96,100,0.04,6.475280946061284,620.2497842797711,,,0.0,,,,,0.0,,,,,1.1279167354106905
QdKZlryJ4HY,37.0,39.0,40.96,100,0.11,4.089005431496588,303.7695064128267,,,0.0,,,,,0.0,,,,,1.2501420140266415
QdKZlryJ4HY,38.0,40.0,41.96,100,0.18,3.121650414276573,169.2109987639941,,,0.07,7.238137656815245,823.4919445438052,,,0.0,,,,,8.197954463958732
QdKZlryJ4HY,39.0,41.0,42.96,100,0.24,2.736433568059678,150.77700188034237,,,0.32,2.7491351049029102,163.95296134580923,,,0.09,0.7779935657145676,1.0,0.9499543642084436,,8.46214990615844
QdKZlryJ4HY,40.0,42.0,43.96,100,0.32,2.4379464421865125,156.76069369070672,,,0.54,2.408136709184483,107.3009572786552,,,0.31,0.8844142440661678,0.7777777777777778,0.2985777611239179,,10.401658630371095
QdKZlryJ4HY,41.0,43.0,44.96,100,0.5,1.6712429567960905,86.927309228233,,,0.69,1.992980846465614,91.6701585260083,,,0.53,1.842672267124897,0.5172413793103449,0.2270800647842188,,10.86148900985718
QdKZlryJ4HY,42.0,44.0,45.96,100,0.68,1.523765267057129,89.96668823583157,,,0.8,1.2429316743355878,72.01188408580408,,,0.76,2.4976016356658084,0.3703703703703703,0.2902296793475851,,9.562177228927611
QdKZlryJ4HY,43.0,45.0,46.96,100,0.87,1.49105929353194,89.50389384640862,,,0.55,1.1296213488665567,55.65660924947908,,,0.71,2.747566500228618,0.2567567567567567,0.1959832957960338,,9.562177228927611
QdKZlryJ4HY,44.0,46.0,47.96,100,1.0,1.0654756004429122,73.08501919073899,-2.775090229281012,-13.929721276521438,0.36,0.6197070149629055,54.893421476781405,,,0.61,3.06304222861442,0.203125,0.31258511872137,,9.175012731552124
QdKZlryJ4HY,45.0,47.0,48.96,100,1.0,1.4159946656421112,102.06203627686124,-3.858862443613436,-13.925632997440724,0.41,0.8656957755158348,60.594459306375626,,,0.61,2.114454948011504,0.5373134328358209,0.4088788629761291,,8.416766691207885
QdKZlryJ4HY,46.0,48.0,49.96,100,0.97,1.6855665954298402,83.02514517950317,,,0.4,0.8759092505973604,58.13818278608981,,,0.59,2.2381192893096933,0.5454545454545454,0.0953749087354613,,2.841140818595886
QdKZlryJ4HY,47.0,49.0,50.96,100,0.97,1.5892738841622176,104.68689078998386,,,0.65,0.6137194206074504,20.775728564774067,,,0.8,3.168388961535803,0.4137931034482758,0.0227457002208096,,2.991607189178467
QdKZlryJ4HY,48.0,50.0,51.96,100,0.97,1.5455009483212696,105.21275345712228,,,0.87,0.6951836506192062,18.40556319779136,,,0.93,3.926257008621071,0.2577319587628865,0.0413430853650664,,2.8927060365676875
QdKZlryJ4HY,49.0,51.0,52.96,100,0.97,1.1596938075730885,72.13842444281744,,,0.9,0.9838406782431162,20.17228050642988,,,0.94,4.845913067468306,0.0,-0.1326242877882246,,3.2556553125381464
QdKZlryJ4HY,50.0,52.0,53.96,100,0.95,1.014664516125423,71.90661767668747,,,0.75,1.141442739398706,21.041310480148123,,,0.84,4.756811698709605,0.0,-0.0836407059382862,,3.386640381813049
QdKZlryJ4HY,51.0,53.0,54.96,100,0.95,1.1867005088329452,63.156629569955975,,,0.5,1.6150562627862624,49.55053059557258,,,0.65,4.138674262590357,0.0634920634920634,-0.0785259520506056,,3.576273584365844
QdKZlryJ4HY,52.0,54.0,55.96,100,0.95,1.8020405005104607,79.37545015133993,,,0.34,2.2433880451695893,157.05165810892248,,,0.57,2.773965637242425,0.3703703703703703,-0.3772740319146435,,4.586246585845947
QdKZlryJ4HY,53.0,55.0,56.96,100,0.92,1.8914847796610343,100.71795807885536,,,0.33,1.5516940755352175,152.23377086723596,,,0.54,1.1296287456456364,0.8235294117647058,0.0541218473555439,,4.586246585845947
QdKZlryJ4HY,54.0,56.0,57.96,100,0.72,1.9020658167834728,114.38408282072692,,,0.31,1.3553128294667125,152.23377086723596,,,0.49,0.4903124117239585,1.0,0.0541218473555439,,4.580869960784912
QdKZlryJ4HY,55.0,57.0,58.96,100,0.67,1.646737389170393,123.35018526601748,,,0.4,1.534781666901336,175.75260821800794,,,0.58,0.4720826667392219,1.0,-0.0558723553992797,,4.580869960784912
QdKZlryJ4HY,56.0,58.0,59.96,100,0.49,0.9632486305310114,124.51977765319882,,,0.31,1.3881397975851903,177.03105041207343,,,0.47,0.3546287638178985,1.0,0.069340164913425,,2.751993799209594
Rc9vIJt00vs,0.0,2.0,3.9873166666666666,240,0.9791666666666666,0.6461114091498453,212.0313057980062,,,0.9791666666666666,0.7236207491929724,364.8188456956238,,,1.0,1.150524565460444,0.7541666666666667,0.037995641215055,,2.1436181545257567
Rc9vIJt00vs,1.001,3.0010000000000003,4.988316666666667,240,1.0,0.6701760652910569,290.6444593400872,-3.396614419411011,-16.92024434588641,1.0,0.5815019581134998,358.52189971348184,-4.463199200661295,-16.615324249214645,1.0,1.2329635012878328,0.5541666666666667,0.0421812836059184,0.121361567432576,2.143436574935913
Rc9vIJt00vs,2.002,4.002000000000001,5.989316666666666,240,1.0,0.5257022702917965,259.1154138330747,-3.8383118249999,-17.2347208705082,1.0,0.5260519863477237,330.7399106582377,-4.0452279176410935,-17.81415865473973,1.0,1.0547423447526845,0.7583333333333333,-0.0985263353492118,0.1918515313196266,2.132151138782501
Rc9vIJt00vs,3.003,5.003,6.990316666666667,240,1.0,0.606223159715825,329.4756203266186,-3.5244786781968047,-17.247967094818847,1.0,0.4884143830808922,312.45461292380355,-3.026577803573385,-17.547078887656777,1.0,1.0829036782087718,0.7125,-0.0593531646012127,-0.05490140790424,1.4147030711174011
Rc9vIJt00vs,4.004,6.004,7.991316666666667,240,1.0,0.6745060107913192,327.5780950982075,-2.959503671429483,-17.24269698311965,0.9291666666666668,0.5674694730791777,341.9934976176907,,,0.95,1.2183903379623715,0.6754385964912281,-0.0316662484842145,,1.4654073596000672
Rc9vIJt00vs,5.005,7.005,8.992316666666667,240,1.0,0.8038878335553075,289.1190392331105,-3.579360299436908,-16.921906047600018,0.8208333333333333,0.6336486229398488,393.82611150527015,,,0.9,1.2530646709647524,0.8847926267281107,0.1361320655182175,,1.4693795144557953
Rc9vIJt00vs,6.006,8.006,9.993316666666669,240,1.0,0.9292228467231384,321.6817007821246,-3.5427589511262108,-17.10083360176286,0.6291666666666667,0.7402675860451331,408.3785916100515,,,0.775,1.2366355058226914,0.8548387096774194,0.2534281330339822,,1.4912352085113525
Rc9vIJt00vs,7.007000000000001,9.007000000000001,10.994316666666666,240,1.0,0.953241019069608,273.710556445393,-3.414109086790977,-16.7237819061906,0.6291666666666667,0.9843194890428344,416.8364043422137,,,0.775,1.4712614984786212,0.7365591397849462,0.0454073146278287,,1.4711699247360228
Rc9vIJt00vs,8.008000000000001,10.008,11.995316666666668,240,1.0,1.0098146761070568,316.4753114069282,-3.025714242866562,-16.991283665790046,0.7,1.0439166226768908,379.5298145724561,,,0.825,1.4268048004329004,0.6363636363636364,-0.0583866730018817,,1.450030893087387
Rc9vIJt00vs,9.009,11.009,12.996316666666669,240,0.8875,0.9921801581572162,336.7438616938633,,,0.7083333333333334,1.2091495660176483,380.549075325444,,,0.7458333333333333,1.3085769193173564,0.5955056179775281,-0.1612789435450482,,1.5143191695213316
Rc9vIJt00vs,10.01,12.01,13.997316666666666,240,0.8875,1.073496503508234,286.81412287830426,,,0.6791666666666667,1.1318649766593076,360.3492388765676,,,0.6875,1.30752988612969,0.5652173913043478,-0.0878616890043834,,1.852212142944336
Rc9vIJt00vs,11.011,13.011,14.998316666666668,240,0.8125,1.3628244288359388,389.1743551232088,,,0.4958333333333333,1.451033509366619,429.5665191282435,,,0.5083333333333333,0.9051210925819734,0.7606837606837606,0.0393395707061182,,1.883687174320221
Rc9vIJt00vs,12.012,14.012,15.999316666666669,240,0.8125,1.6812481807208766,461.7286308578383,,,0.2458333333333333,1.9122762923119476,712.1415643589138,,,0.3416666666666667,0.4065095618577458,1.0,0.2608163269529625,,2.5210203170776366
Rc9vIJt00vs,13.013,15.013,17.000316666666667,240,0.9,1.6843240501766774,456.70515273379897,,,0.3291666666666666,1.812530038833737,731.3269054644852,,,0.4666666666666667,0.584253913920958,1.0,0.5308224178164392,,2.6423248410224915
Rc9vIJt00vs,14.014,16.014000000000003,18.001316666666668,240,0.8416666666666667,1.690209110202284,635.6798076767568,,,0.55,2.227927119303107,738.2082503480256,,,0.6125,0.8433889713681674,1.0,0.218055123403392,,2.6423248410224915
Rc9vIJt00vs,15.015,17.015,19.002316666666665,240,0.9166666666666666,1.333957019839006,480.24811631459374,,,0.7333333333333333,1.681713338951649,560.221441294271,,,0.7916666666666666,1.020710139427071,0.9736842105263158,0.0446613962500726,,2.6423248410224915
Rc9vIJt00vs,16.016000000000002,18.016,20.003316666666667,240,0.8333333333333334,1.4703324635989476,496.4976372466778,,,0.9041666666666668,1.919453090203618,596.6442057237086,,,0.9166666666666666,0.9592137048682144,0.9776785714285714,0.0863874282598605,,2.6259775161743164
Rc9vIJt00vs,17.017,19.017,21.004316666666668,240,0.6083333333333333,1.5265932500347916,509.355725200899,,,0.7791666666666667,2.002037469720675,620.6062196455931,,,0.6958333333333333,0.9994902193426412,0.9707602339181286,-0.0895211081160863,,2.4332348227500917
Rc9vIJt00vs,18.018,20.018,22.005316666666666,240,0.55,1.60895264516448,766.6552573627864,,,0.7791666666666667,1.5921091653579351,457.67636094466553,,,0.6375,0.9974995235671414,0.9681528662420382,-0.0509098209373555,,2.0293472170829774
Rc9vIJt00vs,19.019,21.019,23.006316666666667,240,0.55,1.9335499468133484,1102.5138832727578,,,0.7041666666666667,1.823690475423638,545.877412517305,,,0.6,0.9096758762089788,1.0,0.1356637768576715,,2.0293472170829774
Rc9vIJt00vs,20.02,22.02,24.007316666666668,240,0.6333333333333333,1.3906881556391604,582.0655501040142,,,0.7833333333333333,1.247922171222961,407.37906605843233,,,0.6416666666666667,1.3285705342753638,0.987012987012987,-0.067298258520322,,2.0293472170829774
Rc9vIJt00vs,21.021,23.021,25.008316666666666,240,0.8833333333333333,1.3076583344887027,492.6461118326287,,,0.925,1.0537488780332704,410.00008420684753,,,0.8666666666666667,1.453515723384004,0.8413461538461539,-0.1309676234650711,,2.0155355095863343
Rc9vIJt00vs,22.022,24.022,26.009316666666667,240,0.8875,1.2800037004224536,446.2357357526702,,,0.925,0.8900660226102991,408.32856419127927,,,0.9291666666666668,1.2626730912363668,0.8526785714285714,-0.1699449940588893,,1.2686240017414092
Rc9vIJt00vs,23.023,25.023,27.010316666666668,240,0.8333333333333334,1.301782358517751,451.8115146941349,,,1.0,0.9146296526067862,370.3359897543292,-3.965099974862256,-16.850829254800953,0.9208333333333332,1.2522987644979433,0.8533333333333334,-0.0876209606045188,,1.9023597598075863
Rc9vIJt00vs,24.024,26.024,28.011316666666666,240,0.5833333333333334,1.331990882247095,469.7390516123516,,,1.0,1.0950860593490608,506.4246384988657,-3.2876587284493044,-16.821761824843914,0.6708333333333333,1.1005300497265038,0.8121212121212121,-0.023226391316546,,1.9176672279834743
Rc9vIJt00vs,25.025,27.025,29.012316666666667,240,0.5208333333333334,2.352745541624682,846.1959590704555,,,1.0,1.615446744181949,519.3175605810043,-2.818597408418009,-16.7627954541801,0.6416666666666667,0.7783523744140216,1.0,0.3240817648756606,,4.441790676116943
Rc9vIJt00vs,26.026,28.026,30.013316666666668,240,0.5166666666666667,2.835433478058501,977.7833394728962,,,1.0,1.9079406596065251,575.4517198202691,-2.579074124009264,-16.796666853663034,0.5833333333333334,1.0080080988899127,1.0,0.5917798363525463,,4.853062987327576
Rc9vIJt00vs,27.027,29.027,31.014316666666662,240,0.325,3.4465164592459905,973.9930916871604,,,0.9791666666666666,1.981648407041069,649.5830101534259,,,0.4458333333333333,0.9762968707546974,1.0,0.6975324210795062,,4.853062987327576
Rc9vIJt00vs,28.028,30.028,32.01531666666667,240,0.3458333333333333,3.7500325821761815,984.9384882085368,,,0.9791666666666666,1.9289013000373585,581.9372549495043,,,0.5,0.9173533871831177,1.0,0.68815398145943,,4.853062987327576
Rc9vIJt00vs,29.029,31.029,33.01631666666667,240,0.1583333333333333,3.626296523096805,973.9930916871604,,,0.9791666666666666,1.5053457614866037,594.0113541526977,,,0.2791666666666667,0.9959703037871276,1.0,0.7827530888910342,,4.853062987327576
Rc9vIJt00vs,30.03,32.03,34.017316666666666,240,0.025,7.11340020678277,3912.5413655163024,,,0.9791666666666666,1.2799366580031837,627.3451233075126,,,0.1208333333333333,0.6279802284302373,1.0,0.6128501651008961,,2.9376194357872008
Rc9vIJt00vs,31.031,33.031,35.01831666666667,240,0.1875,7.097480616225643,4077.67286015816,,,0.8,1.202948897462783,633.4501553602615,,,0.15,0.7823449615481065,1.0,0.2768615844203861,,2.18342318534851
Rc9vIJt00vs,32.032000000000004,34.032000000000004,36.01931666666667,240,0.3166666666666666,5.832006021918794,3828.405938305535,,,0.7166666666666667,1.1554795713041233,711.3974938136998,,,0.2458333333333333,0.974391400161391,0.9310344827586208,-0.4177180424064106,,1.344011873006821
Rc9vIJt00vs,33.033,35.033,37.020316666666666,240,0.4833333333333333,4.079880131141112,2077.886001522149,,,0.7,1.2389577205072295,669.9395447121116,,,0.4333333333333333,1.2193273753885874,0.9611650485436892,-0.0805917735814067,,1.130369609594345
Rc9vIJt00vs,34.034,36.034,38.02131666666667,240,0.5958333333333333,4.222133048118558,2123.62966632024,,,0.5916666666666667,1.902714963645118,824.5650182654251,,,0.6333333333333333,1.7845116636593676,0.8790849673202614,-0.012448032833521,,1.602232557535171
Rc9vIJt00vs,35.035000000000004,37.035,39.02231666666667,240,0.4416666666666666,3.1173249931479754,1150.075055070533,,,0.7916666666666666,1.8691685032171836,839.7100770149232,,,0.575,1.9267710467267063,0.8669064748201439,0.0284696433649136,,2.209332418441772
Rc9vIJt00vs,36.036,38.036,40.023316666666666,240,0.2916666666666667,2.345231411979644,535.1876208899898,,,0.7791666666666667,1.926863084774213,829.4178221387232,,,0.4333333333333333,2.2319200956190426,0.8592233009708737,0.1446137339236241,,2.209332418441772
Rc9vIJt00vs,37.037,39.037,41.02431666666666,240,0.125,4.471085376401148,2880.316237938213,,,0.5458333333333333,2.132402361423592,908.5066389073965,,,0.2458333333333333,2.759300601923549,0.75,0.2266004816829735,,2.209332418441772
Rc9vIJt00vs,38.038,40.038,42.02531666666667,240,0.0125,1.2112102078165077,534.8452869306929,,,0.4041666666666667,1.6278220047509573,820.0861261037552,,,0.0458333333333333,1.6693645161526005,1.0,0.9809086197001364,,2.209332418441772
Rc9vIJt00vs,39.039,41.039,43.026316666666666,240,0.0208333333333333,2.785490699066526,1708.639994388814,,,0.2708333333333333,3.3773444218664217,909.8262169133602,,,0.0958333333333333,1.1036291098832365,0.95,-0.4883110197934033,,3.963174748420715
Rc9vIJt00vs,40.04,42.04,44.02731666666666,240,0.0333333333333333,3.025931229767016,3106.3454761085804,,,0.1583333333333333,5.937835924655736,3840.0208914804734,,,0.1583333333333333,0.7905979346544914,0.96875,-0.0727288039926881,,4.680590963363647
Rc9vIJt00vs,41.041,43.041,45.02831666666667,240,0.0333333333333333,3.025931229767016,3106.3454761085804,,,0.2375,4.414656808718471,2309.084201019269,,,0.1583333333333333,0.7905979346544914,0.96875,-0.0727288039926881,,4.680590963363647
Rc9vIJt00vs,42.042,44.042,46.029316666666666,240,0.1916666666666666,2.070458218350568,1596.312689170882,,,0.4875,3.285714930165945,1156.7152600688196,,,0.3125,0.8529677867527476,0.9864864864864864,0.2232648288125734,,4.680590963363647
Rc9vIJt00vs,43.043,45.043,47.03031666666666,240,0.2791666666666667,2.2255174428713382,1597.8862503022228,,,0.6208333333333333,2.319958069935553,831.3711437809833,,,0.425,0.7296384215878511,1.0,0.3421737926190056,,4.680590963363647
Rc9vIJt00vs,44.044,46.044,48.03131666666667,240,0.3541666666666667,1.947969295352639,1134.1705963022982,,,0.6375,2.0879597864920503,803.6151173477733,,,0.5125,0.6509085036258551,1.0,0.3774147411042519,,3.498724818229675
Rc9vIJt00vs,45.045,47.045,49.03231666666667,240,0.3666666666666666,1.9063641073646844,1108.2809297123931,,,0.7541666666666667,1.9619889419738092,774.8176420313328,,,0.6333333333333333,0.5367187683532633,1.0,0.3786984138531299,,2.720181560516357
Rc9vIJt00vs,46.046,48.046,50.03331666666666,240,0.2083333333333333,1.9345282648420448,856.0519445525757,,,0.6916666666666667,1.8061547473252813,803.150835102897,,,0.5291666666666667,0.3805697710919903,1.0,0.4816404619348704,,2.720181560516357
Rc9vIJt00vs,47.047,49.047,51.03431666666667,240,0.1791666666666666,1.0756838841078793,512.62627610428,,,0.4416666666666666,1.6025121931222257,853.041644618559,,,0.3291666666666666,0.1729994580629143,1.0,0.5407288381568193,,2.069544184207916
Rc9vIJt00vs,48.048,50.048,52.03531666666667,240,0.0916666666666666,0.8866676927836664,507.6000797403262,,,0.3833333333333333,1.512551330600115,824.6171815260182,,,0.175,0.0532805499978896,1.0,0.4120739053239592,,1.2696672856807707
Rc9vIJt00vs,49.049,51.049,53.03631666666666,240,0.1083333333333333,0.9446448412440278,569.673613761812,,,0.2541666666666666,1.9278043148347777,1003.7674349199006,,,0.1083333333333333,0.1101164731550164,1.0,0.3044773893120354,,1.3421029627323149
Rc9vIJt00vs,50.05,52.05,54.03731666666667,240,0.1083333333333333,0.9446448412440278,569.673613761812,,,0.3083333333333333,1.7634266926311917,669.6102530887929,,,0.1,0.1462882513050609,1.0,0.3044773893120354,,2.0868249773979186
Rc9vIJt00vs,51.051,53.051,55.03831666666667,240,0.0291666666666666,1.033818282031714,1126.528098498087,,,0.35,2.5633142792688326,781.659359442003,,,0.175,0.343219190076527,1.0,0.3044773893120354,,3.127669322490692
Rc9vIJt00vs,52.052,54.052,56.03931666666666,240,0.1041666666666666,7.136893685428382,6002.1249335255525,,,0.425,2.851735810752716,927.1564325588192,,,0.2916666666666667,0.4449553362355795,1.0,0.5265353008824802,,3.219217181205749
Rc9vIJt00vs,53.053,55.053,57.04031666666667,240,0.075,9.51031189786042,9126.328456005864,,,0.3583333333333333,2.915998695151808,851.2448150734044,,,0.2708333333333333,0.495397604711107,1.0,0.5681711593019386,,3.708504021167755
Rc9vIJt00vs,54.054,56.054,58.04131666666667,240,0.075,9.51031189786042,9126.328456005864,,,0.2583333333333333,3.932968055018823,1910.1316750284184,,,0.2291666666666666,0.5613087990610683,1.0,0.5681711593019386,,3.762606549263
Rc9vIJt00vs,55.055,57.055,59.042316666666665,240,0.075,9.51031189786042,9126.328456005864,,,0.2166666666666666,3.0580614462941,1635.6663980748126,,,0.1541666666666666,0.5396674593639482,1.0,0.5681711593019386,,3.762606549263
Rc9vIJt00vs,56.056,58.056,60.04331666666667,240,0.0125,1.815375919157801,1061.0104062527753,,,0.1708333333333333,2.583924656768493,1515.0744227676712,,,0.1208333333333333,1.2732766166189766,1.0,-0.3107732421132149,,3.762606549263
Rc9vIJt00vs,57.057,59.057,61.04431666666667,240,0.0125,1.815375919157801,1061.0104062527753,,,0.2333333333333333,2.0039858882644404,1249.99078364225,,,0.0875,1.6060142412563827,1.0,-0.3107732421132149,,3.7319207310676576
Rc9vIJt00vs,58.058,60.058,62.045316666666665,240,0.0125,1.815375919157801,1061.0104062527753,,,0.1416666666666666,1.1879266424559385,462.6091079534126,,,0.1583333333333333,1.193582860054582,1.0,-0.3107732421132149,,2.931133985519409
Rc9vIJt00vs,59.059000000000005,61.059000000000005,63.04631666666667,240,0.0125,1.815375919157801,1061.0104062527753,,,0.1416666666666666,1.1879266424559385,462.6091079534126,,,0.2041666666666666,1.0079895859351906,1.0,-0.3107732421132149,,3.765179634094238
Rc9vIJt00vs,60.06,62.06,64.04731666666667,240,0.1125,2.258240389601589,1239.4233847206349,,,0.2166666666666666,1.9418885380522108,792.462537978605,,,0.2791666666666667,0.7333179153359063,1.0,0.5822403067204491,,3.765179634094238
Rc9vIJt00vs,61.061,63.061,65.04831666666666,240,0.1291666666666666,3.145598077214548,1332.9230734738392,,,0.2125,2.305746988183872,1213.8781792962088,,,0.3833333333333333,0.7246576308864101,1.0,0.4463271372188513,,3.765179634094238
Rc9vIJt00vs,62.062,64.062,66.04931666666667,240,0.2916666666666667,2.9836773600555597,1646.0722022647678,,,0.3416666666666667,2.758561393782108,1464.109198156911,,,0.5208333333333334,0.6754430971469471,0.976,0.2214937081508199,,3.765179634094238
Rc9vIJt00vs,63.063,65.063,67.05031666666667,240,0.4625,2.5728552746688624,1346.24389127637,,,0.5916666666666667,2.972528334822792,1497.0251271675988,,,0.6708333333333333,0.6816649652741279,0.9819277108433736,0.2748617426407203,,1.907705855369568
Rc9vIJt00vs,64.06400000000001,66.06400000000001,68.05131666666666,240,0.4125,2.458759875501672,1439.8527156972534,,,0.55,2.7529637378373977,1430.38079093507,,,0.5875,0.6225166664199365,0.9791666666666666,0.2173335655866214,,1.838761395215988
Rc9vIJt00vs,65.065,67.065,69.05231666666667,240,0.3958333333333333,2.177643976844815,1271.396630431198,,,0.4958333333333333,2.8706123359905087,1487.4712921548496,,,0.5375,0.5732298765007573,0.9770992366412212,0.2420276896025102,,1.838761395215988
Rc9vIJt00vs,66.066,68.066,70.05331666666667,240,0.2791666666666667,2.178684170038218,1271.396630431198,,,0.4208333333333333,3.1633833055150764,1782.289819199908,,,0.4041666666666667,0.509011902309345,1.0,0.3041075449819789,,1.3765181601047514
Rc9vIJt00vs,67.06700000000001,69.06700000000001,71.05431666666667,240,0.1083333333333333,2.6631661195463847,1740.447263847784,,,0.3,3.099749674959403,1206.1621351423437,,,0.2083333333333333,0.4004228245898005,1.0,0.2127006059499896,,1.4956166744232178
Rc9vIJt00vs,68.068,70.068,72.05531666666667,240,0.0458333333333333,4.585412400231032,3868.913059302775,,,0.2666666666666666,3.297789446785361,1189.5244408874046,,,0.1291666666666666,0.2750722900112308,1.0,-0.024955126769889,,2.097641277313232
Rc9vIJt00vs,69.069,71.069,73.05631666666667,240,0.0666666666666666,3.5469304161858983,2354.76986671725,,,0.3166666666666666,3.206984941073836,1188.455685404695,,,0.1541666666666666,0.4774741870541663,1.0,0.2172768712148765,,4.750608706474304
Rc9vIJt00vs,70.07000000000001,72.07000000000001,74.05731666666667,240,0.0583333333333333,2.631146860522499,1063.5837041225554,,,0.3583333333333333,4.326320667722124,1206.1958889944494,,,0.1875,0.746178919178182,1.0,0.4497317917815789,,6.161842560768127
Rc9vIJt00vs,71.071,73.071,75.05831666666667,240,0.0583333333333333,2.631146860522499,1063.5837041225554,,,0.2291666666666666,4.954296825988087,1868.141597020557,,,0.2,0.7349172467050114,1.0,0.4497317917815789,,6.712544083595276
Rc9vIJt00vs,72.072,74.072,76.05931666666667,240,0.0583333333333333,2.631146860522499,1063.5837041225554,,,0.3875,4.228801415386044,1868.141597020557,,,0.2583333333333333,0.6902025676206724,1.0,0.4497317917815789,,6.712544083595276
Rc9vIJt00vs,73.07300000000001,75.07300000000001,77.06031666666667,240,0.0375,3.391633976764662,1897.691432093289,,,0.35,4.39882052999873,1994.4234683664529,,,0.2,0.6501305939467421,1.0,0.2828120834483666,,6.712544083595276
Rc9vIJt00vs,74.074,76.074,78.06131666666667,240,0.0,,,,,0.2125,2.8556799730128786,1610.4318658843968,,,0.1083333333333333,0.4363923687836489,1.0,,,6.652889132499694
Rc9vIJt00vs,75.075,77.075,79.06231666666667,240,0.0875,2.737568888854106,1761.8370557352266,,,0.4041666666666667,2.1963989173234912,1162.985720252381,,,0.225,0.3492885132466787,1.0,0.0534920266868861,,4.534279894828796
Rc9vIJt00vs,76.07600000000001,78.07600000000001,80.06331666666667,240,0.1666666666666666,2.144718204321776,1782.7253996820705,,,0.3833333333333333,2.145519882624674,779.8065327813954,,,0.2791666666666667,0.4007357797149665,1.0,0.1478283594033712,,1.4839120388031006
Rc9vIJt00vs,77.077,79.077,81.06431666666667,240,0.2458333333333333,2.0081052663511647,1398.3912815508272,,,0.4708333333333333,2.5810056897688773,890.4034523589406,,,0.3583333333333333,0.4413111037942729,1.0,0.0124657304604392,,1.4773513078689575
Rc9vIJt00vs,78.078,80.078,82.06531666666667,240,0.2458333333333333,2.0081052663511643,1398.3912815508272,,,0.4625,2.604031937846212,897.7216306643327,,,0.3416666666666667,0.4522204906395692,1.0,0.0124657304604392,,1.686110770702362
Rc9vIJt00vs,79.07900000000001,81.07900000000001,83.06631666666667,240,0.1708333333333333,2.008361529073594,1504.9024342713876,,,0.4208333333333333,3.3394295988181533,2230.446429785084,,,0.3,0.5264860399986124,1.0,-0.0868154439655778,,1.686110770702362
Rc9vIJt00vs,80.08,82.08,84.06731666666667,240,0.1125,3.4213731982865085,1583.1683179950203,,,0.2833333333333333,3.567274409957496,2755.654742409175,,,0.2916666666666667,0.5746976217576287,1.0,-0.3751820548830165,,1.7302838861942291
Rc9vIJt00vs,81.081,83.081,85.06831666666668,240,0.0958333333333333,6.211360856348301,3075.624321008371,,,0.2875,3.601002837306865,2915.180629598986,,,0.25,0.5306361967972404,1.0,-0.1486359958421517,,2.7383945703506467
Rc9vIJt00vs,82.08200000000001,84.08200000000001,86.06931666666667,240,0.2166666666666666,5.676382563446453,4106.048876344675,,,0.475,3.806027493679606,2969.101647802151,,,0.3875,0.4999423776108572,1.0,-0.1895382951165739,,3.36878833770752
Rc9vIJt00vs,83.083,85.083,87.07031666666667,240,0.2041666666666666,5.588129278693483,4473.152787803529,,,0.325,4.080016327474992,2969.101647802151,,,0.3041666666666666,0.500978804351437,1.0,-0.140468876644569,,3.401970684528351
Rc9vIJt00vs,84.084,86.084,88.07131666666668,240,0.1833333333333333,5.3519158974392615,4006.228416736711,,,0.2958333333333333,4.163124757512885,3188.432753282397,,,0.2166666666666666,0.4036010048672901,1.0,-0.1290688116790055,,3.401970684528351
Rc9vIJt00vs,85.08500000000001,87.08500000000001,89.07231666666667,240,0.2041666666666666,4.778023754792116,3504.1814694384907,,,0.3583333333333333,4.076242069663037,2315.826641605316,,,0.3416666666666667,0.7005895331693457,1.0,-0.1514527273852913,,3.401970684528351
X-7izu2QpqA,0.0,2.0,3.96,100,0.0,,,,,0.0,,,,,0.0,,,,,3.9980465650558457
X-7izu2QpqA,1.0,3.0,4.96,100,0.0,,,,,0.0,,,,,0.0,,,,,1.1689990162849426
X-7izu2QpqA,2.0,4.0,5.96,100,0.0,,,,,0.0,,,,,0.0,,,,,1.1689990162849426
X-7izu2QpqA,3.0,5.0,6.96,100,0.0,,,,,0.0,,,,,0.0,,,,,1.111567986011505
X-7izu2QpqA,4.0,6.0,7.96,100,0.0,,,,,0.0,,,,,0.0,,,,,1.1545791149139404
X-7izu2QpqA,5.0,7.0,8.96,100,0.0,,,,,0.0,,,,,0.0,,,,,1.6813776969909666
X-7izu2QpqA,6.0,8.0,9.96,100,0.0,,,,,0.0,,,,,0.0,,,,,1.7358661890029905
X-7izu2QpqA,7.0,9.0,10.96,100,0.0,,,,,0.0,,,,,0.05,4.147154341877268,0.0,,,14.676839447021484
X-7izu2QpqA,8.0,10.0,11.96,100,0.25,0.7903493078174008,14.342305879868734,,,0.25,3.0507313105456797,210.5995298294937,,,0.3,3.4316966479163336,0.0,-0.4957075195968336,,13.480031776428218
X-7izu2QpqA,9.0,11.0,12.96,100,0.5,0.4231227142167187,8.340794771370465,,,0.34,2.8418786153017117,286.0293805408341,,,0.5,3.674046044521832,0.0,-0.314274074854736,,13.01100649833679
X-7izu2QpqA,10.0,12.0,13.96,100,0.75,0.3751190413435679,10.299576711758387,,,0.59,1.8665122285528664,107.70707532709588,,,0.75,4.804621998025306,0.0,-0.2827351551287452,,12.374413490295412
X-7izu2QpqA,11.0,13.0,14.96,100,1.0,0.292456125833174,8.603375373891335,-5.571476164802584,-11.135654500218587,0.84,1.3742850024845794,63.35160059847243,,,0.95,5.445555242974409,0.0,-0.1270120104552233,,10.197058391571035
X-7izu2QpqA,12.0,14.0,15.96,100,1.0,0.1008599295135082,5.122676132692971,-1.6896836474341403,-12.333112379892574,0.84,0.5319770156653771,30.223024808780096,,,0.95,6.452844369128211,0.0,-0.1482209543891927,,3.703092479705809
X-7izu2QpqA,13.0,15.0,16.96,100,1.0,0.1095331504348247,6.128160215680559,-3.8946495070635567,-12.408318153913164,1.0,0.2942191076340502,21.766735257850836,-4.4576406630583705,-13.56405325621824,1.0,7.087589909591949,0.0,-0.1228066066239512,0.1035582692670583,3.577540194988249
X-7izu2QpqA,14.0,16.0,17.96,100,1.0,0.057323040063458,5.501915706255898,-3.336116825841057,-13.993742896408524,1.0,0.2069179882730229,18.849026522786865,-4.241867721799647,-13.559127756427143,1.0,7.073012155812089,0.0,-0.0836114130512551,-0.0732133229085721,2.7668238520622244
X-7izu2QpqA,15.0,17.0,18.96,100,1.0,0.1046661589555592,7.750186870060352,-2.6766632772754773,-13.810153803779524,0.98,0.251119612699074,21.62607537666248,,,1.0,7.007530375330633,0.0,-0.1989601154690279,,9.82848834991455
X-7izu2QpqA,16.0,18.0,19.96,100,1.0,0.2288615402202473,16.36653044748019,-2.824876223083729,-13.01074669153204,0.86,1.0813588911264254,24.00002536140477,,,0.98,6.813959203513601,0.0,-0.0141529832254532,,10.684173965454098
X-7izu2QpqA,17.0,19.0,20.96,100,1.0,0.2670034704194423,21.28486250365711,-2.603117308518527,-13.12837285815817,0.86,1.1097778112094705,37.144094701724754,,,0.98,6.454408185695786,0.0,-0.236690692871825,,10.684173965454098
X-7izu2QpqA,18.0,20.0,21.96,100,1.0,0.3665652771996406,31.676521277180623,-5.862218612295309,-13.434448728868578,0.86,1.343656255449743,62.47767406232797,,,0.98,6.088915562268733,0.0,-0.1625434236606762,,10.83323860168457
X-7izu2QpqA,19.0,21.0,22.96,100,1.0,0.3209392233324326,22.22563674074537,-6.231469365456944,-13.36389428158582,0.87,1.6146541839557051,55.62766600523174,,,0.98,5.770452150451347,0.0,-0.0903110900400888,,11.34496665000915
X-7izu2QpqA,20.0,22.0,23.96,100,1.0,0.2049488260272703,9.90795198131528,-2.688437959552106,-12.656119218881212,0.96,1.0148743703160934,45.47357717883606,,,1.0,5.251785964546026,0.0,-0.1695823432752035,,4.046167039871215
X-7izu2QpqA,21.0,23.0,24.96,100,1.0,0.1512541858116266,5.933542616426221,-1.8613123429682965,-12.477032681847266,0.96,0.9607946545128796,27.616680843240403,,,1.0,4.867041806861575,0.0,0.003883267088159,,1.7891617417335492
X-7izu2QpqA,22.0,24.0,25.96,100,1.0,0.0908015226773968,4.867811483169087,-3.61978932592291,-12.609482013606955,0.96,0.713596208529459,12.421887513110589,,,1.0,4.498622913522133,0.0,-0.0938919087384055,,0.958511886000633
X-7izu2QpqA,23.0,25.0,26.96,100,0.85,0.2796949003908734,5.759876597527339,,,0.97,0.3959896341971354,10.752257140650435,,,0.95,3.952825778825684,0.0,-0.1189939711857804,,0.907137221097946
X-7izu2QpqA,24.0,26.0,27.96,100,0.85,0.2857117525900269,5.778912176355415,,,1.0,0.089326177906164,7.986792283776252,-3.3266775114124005,-12.720171480935909,0.95,3.6790968814907834,0.0,-0.096399164377739,,0.9120492905378338
X-7izu2QpqA,25.0,27.0,28.96,100,0.85,0.3005164401607077,7.14309483035957,,,1.0,0.0770148848882859,6.526473551799368,-2.7711601449771988,-12.568025267801998,0.95,3.4250290377529207,0.0,-0.0479403218776871,,1.0327897787094114
X-7izu2QpqA,26.0,28.0,29.96,100,0.85,0.2526285972180556,7.113386303420966,,,1.0,0.0725818106774947,5.2430662960948204,-2.9865432701705474,-12.34694484230473,0.95,3.1735511899677267,0.0,0.0266016404440945,,1.0327897787094114
X-7izu2QpqA,27.0,29.0,30.96,100,1.0,0.0892599511974381,7.198062558276296,-4.0261014253078,-13.441052190561775,1.0,0.0375906098805633,4.313623580599178,-3.985048995349296,-13.007635368508884,1.0,3.128934691126825,0.0,0.106211339001694,0.087418414339861,1.031071591377258
X-7izu2QpqA,28.0,30.0,31.96,100,1.0,0.0921774334061034,6.550011177661314,-4.08443548730585,-12.868284657145482,1.0,0.0309393338840995,2.901584074030376,-4.142339824905467,-13.776101312116374,1.0,3.106361065815137,0.0,0.2391504769348204,-0.0807618163074515,0.969524735212326
X-7izu2QpqA,29.0,31.0,32.96,100,1.0,0.1358547928690406,8.00504272955096,-2.9356834343246008,-13.26985926317927,1.0,0.0786326033203697,2.982131501279612,-2.476362701206807,-10.998289804115483,1.0,3.104407345934173,0.0,0.2020746674420207,-0.1171315282522006,0.6891565829515457
X-7izu2QpqA,30.0,32.0,33.96,100,1.0,0.1350999500720651,8.676074826025094,-2.961576036244252,-13.31285771519145,1.0,0.1511002590891788,4.847396915395244,-1.867999940386909,-12.64517020455951,1.0,3.1729679440565746,0.0,0.211525984088806,-0.0816730746619576,0.6462917476892471
X-7izu2QpqA,31.0,33.0,34.96,100,1.0,0.126138441072182,9.177016735821391,-2.946390043940865,-13.40354316459818,1.0,0.2484011400651004,13.3462073284941,-2.954260079798257,-13.055049615839428,1.0,3.2517809163077067,0.0,0.1022250169844384,-0.061500609418506,0.3604600355029105
X-7izu2QpqA,32.0,34.0,35.96,100,1.0,0.1392420000557561,14.032188435613389,-5.449551025724377,-13.74256927598945,1.0,0.3136400779609822,17.350564347076258,-2.956031866401782,-13.199299281047608,1.0,3.298411604874052,0.0,0.0283370988777566,-0.138958279970213,0.3377047598361968
X-7izu2QpqA,33.0,35.0,36.96,100,1.0,0.1133657173886977,14.57227587397036,-3.3102387979486982,-14.185488123963182,1.0,0.3406801861010852,20.35845229178946,-4.148438745288072,-13.21554612010751,1.0,3.363889505471599,0.0,0.0687512802096136,-0.0276133304609708,0.3377047598361968
X-7izu2QpqA,34.0,36.0,37.96,100,1.0,0.312999102091881,19.14894554953693,-2.333901529565872,-12.84255531680158,1.0,0.332988353993935,13.3462073284941,-2.760063915567703,-12.880250457406849,1.0,3.2820791316113973,0.0,0.0218806605715427,-0.0120532706628496,0.7673087984323501
X-7izu2QpqA,35.0,37.0,38.96,100,1.0,0.5076873984710994,22.23219652220174,-3.579370609676708,-13.369850494522304,1.0,0.3218987571787468,11.291677750228114,-2.537824304447893,-12.670479509445212,1.0,3.194881285137688,0.0,0.0575063371452758,-0.1192922474547002,0.7673087984323501
X-7izu2QpqA,36.0,38.0,39.96,100,1.0,0.7141657420313432,30.86135394281874,-4.624780634395916,-13.726711192919788,1.0,0.3588455763798111,12.159633353552977,-3.3112615782058774,-12.264812253710229,1.0,3.153763716282137,0.0,-0.0148687000521947,-0.0968320853062403,0.7673087984323501
X-7izu2QpqA,37.0,39.0,40.96,100,1.0,0.8650043618245863,30.27001889207191,-5.240258128496443,-13.954896524364935,1.0,0.3276025346166424,12.065692042794485,-3.068529275871475,-12.23402703833058,1.0,3.008595651157383,0.0,0.0085616428779369,-0.0806444792840027,0.7673087984323501
X-7izu2QpqA,38.0,40.0,41.96,100,1.0,0.7377036276408829,26.02577621826599,-4.591193228254901,-13.695917671098568,1.0,0.3023476918409293,13.687964462977966,-2.520789813369513,-12.457918797999843,1.0,3.028552100708644,0.0,0.0320646254908816,-0.0855926668081989,0.2171512953937053
X-7izu2QpqA,39.0,41.0,42.96,100,1.0,0.5639043580490357,27.875361960826865,-3.9238103664098807,-13.233485508827489,1.0,0.2616147390533068,13.823106961870888,-4.279990776175935,-13.495214114362025,1.0,3.0362791207021838,0.0,0.0446723366014031,-0.0004810656600547,0.2521758124232292
X-7izu2QpqA,40.0,42.0,43.96,100,1.0,0.5684353903823911,31.241056628826428,-7.467050038425461,-13.292751062879994,0.95,1.0486799303213588,17.86503491953862,,,0.99,2.869410599402708,0.0,0.1117414329057415,,0.3642787277698515
X-7izu2QpqA,41.0,43.0,44.96,100,0.9,0.760191033492282,38.03489510212765,,,0.77,1.5004402184810388,21.018443103424257,,,0.9,2.941849050582842,0.0,0.0909779905223567,,0.3972228676080703
X-7izu2QpqA,42.0,44.0,45.96,100,0.65,0.9178797411505925,42.00924566408288,,,0.52,2.13216104109637,25.336190464715145,,,0.76,3.0160169204310265,0.0,0.137445355541555,,0.5143194496631622
X-7izu2QpqA,43.0,45.0,46.96,100,0.64,0.9483250402930844,32.785026437175944,,,0.37,3.467713041834906,560.3221327896287,,,0.76,3.278294818240024,0.0,0.1628643960796061,,0.6237868696451186
X-7izu2QpqA,44.0,46.0,47.96,100,0.64,0.619835302817244,17.98622967525773,,,0.42,1.3991176281513344,27.84992427043775,,,0.77,3.930856665825917,0.0,0.3158648042862417,,1.067215645313262
X-7izu2QpqA,45.0,47.0,48.96,100,0.74,0.1619397126289174,12.104634136461254,,,0.57,1.2023024315930066,30.517207921377537,,,0.86,4.212849344707475,0.0,0.1859058388530156,,1.3307018637657164
X-7izu2QpqA,46.0,48.0,49.96,100,0.99,0.1683358363457431,16.02530520407815,,,0.57,1.2023024315930066,30.517207921377537,,,0.78,4.18437490955019,0.0,0.1859058388530156,,1.3357475101947784
X-7izu2QpqA,47.0,49.0,50.96,100,1.0,0.1382173193416406,14.059204835414745,-3.709122035546616,-14.37391278548275,0.52,1.027173439963021,28.476050247800337,,,0.65,3.999994949280275,0.0,0.1594055047385133,,1.301554918289184
X-7izu2QpqA,48.0,50.0,51.96,100,1.0,0.1296018085523559,14.623228613089909,-3.348428489146951,-14.509672967662054,0.43,1.3972847409257867,66.84725802638665,,,0.59,3.5273343469224434,0.0,-0.1200489377261136,,1.021064811944961
X-7izu2QpqA,49.0,51.0,52.96,100,1.0,0.1300409955152964,16.219153612914024,-3.4990513271385053,-14.61948484776889,0.21,1.3782824716741475,78.12673323590384,,,0.34,2.8620573914846434,0.0,-0.2414229574701758,,0.3812543272972107
X-7izu2QpqA,50.0,52.0,53.96,100,1.0,0.1228489391096272,14.83590610373769,-3.927506943691756,-14.181287741756488,0.21,1.3782824716741475,78.12673323590384,,,0.31,2.886329127429877,0.0,-0.2414229574701758,,0.3658784896135328
X-7izu2QpqA,51.0,53.0,54.96,100,1.0,0.1272644276228746,16.390967203097766,-3.754681980949206,-14.35914934012056,0.16,1.345034605270509,110.00143558146796,,,0.19,3.103626218192642,0.0,-0.2592249182719044,,0.2629459276795387
X-7izu2QpqA,52.0,54.0,55.96,100,1.0,0.1199555227921211,15.227393442685932,-3.2389050949083016,-14.290793022878512,0.0,,,,,0.0,,,,,0.1994430661201473
X-7izu2QpqA,53.0,55.0,56.96,100,1.0,0.1252707393045069,16.153033661375513,-4.177297108730404,-14.172694238405713,0.0,,,,,0.0,,,,,0.1285843610763545
X-7izu2QpqA,54.0,56.0,57.96,100,1.0,0.1207209286471962,16.153033661375513,-4.805410936731252,-14.530602028740333,0.0,,,,,0.0,,,,,0.1171003326773643
X-7izu2QpqA,55.0,57.0,58.96,100,1.0,0.1045484308922008,13.991966009510964,-2.9894582001820726,-14.82221901870216,0.0,,,,,0.0,,,,,0.7262999892234804
X-7izu2QpqA,56.0,58.0,59.96,100,0.95,0.0967022699499254,9.845594739369211,,,0.0,,,,,0.0,,,,,0.973067682981491
ci_duet_sample,0.0,2.0,3.966666666666667,120,0.8333333333333334,2.0495289203376537,205.2490963510354,,,0.4166666666666667,2.329898843358446,103.97695387230738,,,0.5583333333333333,1.0263471910803683,1.0,0.4791235582057375,,17.42055683135986
ci_duet_sample,1.0,3.0,4.966666666666667,120,1.0,1.5504584471082146,180.7971004848576,-4.39707038190292,-14.095869760473912,0.6666666666666666,2.0362607729691797,113.69762895036,,,0.725,1.207105061115202,1.0,0.4601029584067728,,16.74211559295654
ci_duet_sample,2.0,4.0,5.966666666666667,120,0.8583333333333333,1.4888802311744418,122.22533740018474,,,0.875,1.724841290563468,99.3213227319769,,,0.9,1.2150233321439277,0.9398148148148148,0.496751578196353,,16.994771003723145
ci_duet_sample,3.0,5.0,6.966666666666667,120,0.7416666666666667,1.425009489774831,104.93622144817844,,,1.0,1.5510544353482278,95.15479828843884,-4.920050722183213,-13.779948162220862,0.9166666666666666,1.2654357406655048,0.9403669724770642,0.4424464860168913,,19.028413105010987
ci_duet_sample,4.0,6.0,7.966666666666667,120,0.5416666666666666,1.3657915286417492,139.8716959264295,,,1.0,1.3373234949120936,122.358987103373,-3.753791308102124,-14.057808444932348,0.775,1.192560896585934,0.875,0.4154373164005787,,21.00050888061522
ci_duet_sample,5.0,7.0,8.966666666666667,120,0.3333333333333333,1.8769001691695608,312.5051316409601,,,0.9333333333333332,1.594350155859784,155.1974515901172,,,0.6583333333333333,0.924223676719408,0.8246753246753247,0.3738069827323754,,27.02925453186035
ci_duet_sample,6.0,8.0,9.966666666666669,120,0.2916666666666667,2.146303177031065,354.41004595333834,,,0.6833333333333333,1.8253856181677623,191.96816692067236,,,0.5083333333333333,0.8580401876252189,0.8813559322033898,0.2596872811738523,,27.077699661254883
ci_duet_sample,7.0,9.0,10.966666666666669,120,0.3083333333333333,1.5584676879510715,296.90433703524025,,,0.45,2.2024289164571,223.1422293769118,,,0.35,0.7762635639126826,0.8108108108108109,0.2300833304591827,,27.138256072998047
ci_duet_sample,8.0,10.0,11.966666666666669,120,0.2583333333333333,1.346324911071471,247.73234448745575,,,0.3416666666666667,2.4232675076848915,324.8733112215662,,,0.3666666666666666,0.6260788925051509,0.95,-0.6943154254171553,,26.036791038513165
ci_duet_sample,9.0,11.0,12.966666666666669,120,0.35,1.378504023001205,235.23153996089204,,,0.3166666666666666,3.554441385109397,409.80891775255,,,0.375,0.8274561447166847,0.9333333333333332,-0.4257414945860526,,22.75237627029416
ci_duet_sample,10.0,12.0,13.966666666666669,120,0.4166666666666667,1.793148169304522,291.0103941088814,,,0.5333333333333333,3.424287866873053,397.1510554291769,,,0.5083333333333333,0.8389014540217447,0.8951612903225806,0.1701779191904048,,21.288475322723382
ci_duet_sample,11.0,13.0,14.966666666666669,120,0.45,2.47519234754648,498.78499761285576,,,0.575,3.1796503926113666,305.7940005306871,,,0.5416666666666666,0.8390061521459614,0.9071428571428573,0.1333539639452513,,20.081582927703856
ci_duet_sample,12.0,14.0,15.966666666666669,120,0.45,2.47519234754648,498.78499761285576,,,0.6666666666666666,2.702665360210203,218.59092821504856,,,0.5416666666666666,0.7344579627654857,0.9057971014492754,0.1333539639452513,,18.120074272155744
ci_duet_sample,13.0,15.0,16.966666666666665,120,0.35,2.690429130105245,498.78499761285576,,,0.6416666666666667,1.6610208417310397,153.2113909317293,,,0.4083333333333333,0.6211128580898566,0.9285714285714286,0.2604211136114568,,10.37286877632141
ci_duet_sample,14.0,16.0,17.966666666666665,120,0.325,2.2966902709118195,357.3271298786059,,,0.425,0.859077528775916,133.46170100303382,,,0.2583333333333333,0.375238388011503,1.0,0.0281426632448129,,8.69454526901245
ci_duet_sample,15.0,17.0,18.966666666666665,120,0.1416666666666666,1.5192608266037062,201.7352619044325,,,0.5666666666666667,0.940935078219224,142.54233382600856,,,0.2666666666666666,0.2044816087805052,1.0,,,10.862549781799313
ci_duet_sample,16.0,18.0,19.966666666666665,120,0.2083333333333333,1.3063665970280811,191.0999135498262,,,0.3333333333333333,0.9742568676246616,140.61165960210843,,,0.1416666666666666,0.1607698029173785,1.0,,,14.868629884719835
ci_duet_sample,17.0,19.0,20.966666666666665,120,0.2416666666666666,1.4405244639811206,189.39737179575377,,,0.2916666666666667,1.121583502312961,159.54226151726317,,,0.225,0.189689097687214,1.0,0.3905663844822302,,15.600632190704342
ci_duet_sample,18.0,20.0,21.966666666666665,120,0.2666666666666666,2.07883889009345,243.9031411230949,,,0.5,1.3992924871835366,159.96530279053326,,,0.4,0.3982332279873397,0.7448979591836735,0.3427556215714031,,30.31431636810302
ci_duet_sample,19.0,21.0,22.966666666666665,120,0.3083333333333333,1.88238958965838,247.09007724561468,,,0.3416666666666667,1.5847354118696098,152.05188497069977,,,0.3666666666666666,0.9551890790638043,0.5760869565217391,0.1419803879228582,,35.121610641479485
ci_duet_sample,20.0,22.0,23.966666666666665,120,0.4,2.6954180560395584,444.6136161967095,,,0.5916666666666667,1.1441603749503215,122.38196943738645,,,0.5666666666666667,1.21373987344517,0.6197183098591549,0.1080291793860818,,34.614290237426744
ci_duet_sample,21.0,23.0,24.966666666666665,120,0.3333333333333333,2.821768183056233,479.9946995949992,,,0.75,1.0824518909339604,123.75380432344532,,,0.5083333333333333,1.4656127377978632,0.5344827586206896,0.0868388890038706,,35.121610641479485
ci_duet_sample,22.0,24.0,25.966666666666665,120,0.3166666666666666,1.9870705311489925,157.89014508758828,,,0.7916666666666666,0.8020929178774521,93.99494158555125,,,0.5,1.7111767048628532,0.7410714285714286,-0.0007725725835805,,13.910954427719108
ci_duet_sample,23.0,25.0,26.966666666666665,120,0.275,2.1934275711906683,144.97995578440734,,,0.9916666666666668,0.7027720270705783,85.1839608107196,,,0.4333333333333333,1.509049442314003,0.8469387755102041,0.0931960527736969,,11.1685209274292
ci_duet_sample,24.0,26.0,27.966666666666665,120,0.1166666666666666,0.4156947930938783,83.49226168465461,,,0.8416666666666667,0.700559612662509,78.50626821816263,,,0.275,1.2355188953693808,1.0,0.1312674527199342,,12.98565444946289
ci_duet_sample,25.0,27.0,28.966666666666665,120,0.3166666666666666,0.5892757511323656,65.80875818558592,,,0.8416666666666667,0.5572524930452899,55.22484097854085,,,0.4833333333333333,0.8254829597497233,1.0,0.4965975565634843,,12.667348384857172
ci_duet_sample,26.0,28.0,29.966666666666665,120,0.3916666666666666,0.9819850872301576,80.70846806154874,,,0.65,0.5140985281575555,50.89711905979237,,,0.4416666666666666,0.5619735711544678,0.9905660377358492,0.6157728172260469,,12.284781455993652
dGPRMNAECKM,0.0,2.0,3.970633333333333,120,0.9583333333333334,0.2173181920139695,22.59314879774443,,,0.9583333333333334,0.1681227571860442,17.27217784565094,,,1.0,0.9770169063127264,0.85,0.3145770316121539,,0.996940678358078
dGPRMNAECKM,1.001,3.0010000000000003,4.971633333333333,120,1.0,0.2376429224600834,22.47822876424326,-3.841277764377564,-13.533535700636683,1.0,0.1710742773068734,14.84854039165462,-4.056992972718936,-14.079229227642829,1.0,1.0876534436298684,0.9083333333333332,0.2002151388036846,0.0858497185877003,0.7378749996423721
dGPRMNAECKM,2.002,4.002000000000001,5.9726333333333335,120,1.0,0.3086683321910408,26.88607821174591,-3.788709253644744,-13.87871579319912,1.0,0.242325411605415,14.29431375694654,-2.6796968990454166,-13.328996223291568,1.0,1.1882194300014883,0.8083333333333333,0.3833267890983426,0.2305010735276793,0.7232934236526489
dGPRMNAECKM,3.003,5.003,6.973633333333334,120,1.0,0.2469637327469818,21.853641191586625,-2.367299041376162,-13.832316617940844,1.0,0.2349441896479002,12.990016666666676,-2.369981524291981,-13.1842891981277,1.0,1.2404805511238548,0.8083333333333333,0.3704354114663092,0.172619965841692,0.7283771336078644
dGPRMNAECKM,4.004,6.004,7.974633333333333,120,1.0,0.2425342374171653,21.53459449773521,-2.631974114335681,-13.82829512498936,1.0,0.259823917291707,14.099045396925264,-2.6377073423752804,-13.227517228748004,1.0,1.2732153552501977,0.8666666666666667,0.2738716631585949,0.2224980415966894,0.6908826112747192
dGPRMNAECKM,5.005,7.005,8.975633333333333,120,1.0,0.2555579854326074,24.67569434180927,-4.194933587171156,-14.428921844334829,1.0,0.356802086401139,18.390265349297763,-3.7547414266195305,-12.987640273102071,1.0,1.1528761708885091,0.7833333333333333,0.2036277194758886,0.1919272701505467,0.933721375465393
dGPRMNAECKM,6.006,8.006,9.976633333333334,120,1.0,0.3762298881707153,34.90098827573786,-3.0127751401626384,-14.259725744700471,0.8416666666666667,0.4049338489387715,20.061520170614067,,,0.9166666666666666,0.9654394274300016,0.8727272727272727,-0.0139600398969983,,1.0447605550289152
dGPRMNAECKM,7.007000000000001,9.007000000000001,10.977633333333332,120,0.9083333333333332,0.5633623732533218,54.50087335496292,,,0.8416666666666667,0.4882082733323106,38.83869747860125,,,0.8666666666666667,0.7156184079019816,0.8653846153846154,-0.0450900388309657,,1.2347192347049714
dGPRMNAECKM,8.008000000000001,10.008,11.978633333333333,120,0.6583333333333333,0.7158315486064473,88.20991630205744,,,0.8416666666666667,0.5661772415020382,41.95516383070251,,,0.7083333333333334,0.5014604522815175,0.8690476190476191,-0.204212054522031,,1.4815206587314604
dGPRMNAECKM,9.009,11.009,12.979633333333334,120,0.4083333333333333,0.9795574154796484,175.92034085746397,,,0.8416666666666667,0.6330460055260596,57.55463788072874,,,0.5,0.3902944378905799,1.0,0.1779943720447673,,1.867410308122635
dGPRMNAECKM,10.01,12.01,13.980633333333332,120,0.1583333333333333,1.0065615714672422,90.18645098311342,,,1.0,0.5468696446132397,57.15840359047184,-2.8067626016468243,-13.866772990902207,0.3333333333333333,0.4347191806585795,1.0,0.4929937660332289,,3.0756658554077148
dGPRMNAECKM,11.011,13.011,14.981633333333331,120,0.0,,,,,1.0,0.5255363355474593,54.21157570502669,-2.832341999417661,-13.768946965904457,0.1333333333333333,0.5860409761014582,1.0,,,3.0756658554077148
dGPRMNAECKM,12.012,14.012,15.982633333333334,120,0.0,,,,,1.0,0.5042820765842715,67.39449952723969,-3.5594999230112885,-14.186013874792316,0.0416666666666666,0.7064893925728091,1.0,,,3.0756658554077148
dGPRMNAECKM,13.013,15.013,16.983633333333334,120,0.2,1.9279446613526108,296.3968368941332,,,1.0,0.6190916959103995,69.37657448037677,-3.130833058758995,-13.749367141190532,0.2333333333333333,0.3631107059523962,0.8620689655172413,0.0719440978288835,,3.0756658554077148
dGPRMNAECKM,14.014,16.014000000000003,17.984633333333335,120,0.45,1.600079188974805,163.27968808980796,,,1.0,0.8727888297965438,80.4742992630328,-3.1531306063398987,-14.224680489969138,0.475,0.3722828059081632,0.9322033898305084,0.2652900607691842,,2.821890425682068
dGPRMNAECKM,15.015,17.015,18.98563333333333,120,0.7,1.306324151806016,111.9775067787869,,,1.0,1.0145587311011823,111.42515849669164,-2.958847598351623,-14.359595852148695,0.725,0.4476323171458024,0.9550561797752808,0.2291121095277652,,3.3566844820976254
dGPRMNAECKM,16.016000000000002,18.016,19.986633333333334,120,0.95,1.1672175800618827,88.57238583099942,,,1.0,1.2139726118162268,105.87353382119014,-4.013764108264031,-14.297881930662657,0.975,0.6566396982655807,0.9663865546218487,0.1841519094840429,,3.3566844820976254
dGPRMNAECKM,17.017,19.017,20.98763333333333,120,1.0,1.145900103866314,70.25076101759782,-3.573032057554612,-13.421512529607124,1.0,1.3606364567938791,110.91115513989244,-6.102431879140102,-13.450609333711991,0.9833333333333332,0.8265890696518948,1.0,0.2796900074335263,-0.050304009563214,3.3566844820976254
dGPRMNAECKM,18.018,20.018,21.988633333333333,120,1.0,1.2356120945131186,62.96437610059594,-3.973325265223904,-13.104611895377449,0.8833333333333333,1.384859769879479,112.16531559330024,,,0.9416666666666668,0.9154557349921194,1.0,0.2230001839411148,,3.3566844820976254
dGPRMNAECKM,19.019,21.019,22.98963333333333,120,0.85,1.4399277593412725,68.11569746928939,,,0.775,1.5612045199533289,111.80747990606804,,,0.7916666666666666,0.9668402022885624,1.0,0.2543927236893442,,2.6861898064613343
dGPRMNAECKM,20.02,22.02,23.99063333333333,120,0.6,1.71584800107584,79.84868704343126,,,0.725,1.5902318102980075,167.60745934611757,,,0.6166666666666667,0.7612627129705283,1.0,0.365409350667301,,4.489429998397827
dGPRMNAECKM,21.021,23.021,24.991633333333333,120,0.3916666666666666,1.6076829903708678,125.3135780651415,,,0.6416666666666667,1.3411011799135446,165.00832875047783,,,0.4,0.5328279637411323,1.0,0.220458870723108,,4.489429998397827
dGPRMNAECKM,22.022,24.022,25.99263333333333,120,0.25,0.9900056706366148,107.2539542285284,,,0.5666666666666667,1.265542343724881,132.9310509982826,,,0.2083333333333333,0.3575610413511642,1.0,0.3423329267505323,,4.489429998397827
dGPRMNAECKM,23.023,25.023,26.99363333333333,120,0.4,0.7832203567350264,89.17403776096057,,,0.425,1.1889351828482728,133.26982391700366,,,0.1416666666666666,0.2351653665064753,1.0,,,4.489429998397827
dGPRMNAECKM,24.024,26.024,27.994633333333333,120,0.65,0.7230530474745994,60.99776789086635,,,0.3916666666666666,0.8010013244050501,76.5579488490114,,,0.275,0.5261054503143442,1.0,0.2067153023734864,,2.604711043834686
dGPRMNAECKM,25.025,27.025,28.99563333333333,120,0.8583333333333333,0.7376005352350482,59.18293881268671,,,0.475,0.5641806476542357,66.10121442909639,,,0.5,0.5725930545582896,1.0,-0.100801440970061,,2.604711043834686
dGPRMNAECKM,26.026,28.026,29.99663333333333,120,0.775,0.7830518321150035,61.13769748937305,,,0.6666666666666666,0.6279418897615335,64.34179936287546,,,0.5583333333333333,0.5773172661473688,1.0,-0.1135289102463966,,2.393366241455078
dGPRMNAECKM,27.027,29.027,30.997633333333333,120,0.5833333333333334,0.7539942711106375,53.80626457144865,,,0.9166666666666666,0.923303381757186,68.81404241358229,,,0.6166666666666667,0.640959158846904,1.0,-0.1606314683874852,,3.3313417434692383
dGPRMNAECKM,28.028,30.028,31.99863333333333,120,0.5833333333333334,0.8948158123048047,61.61104974354758,,,1.0,1.0958357825987872,70.68301464158381,-2.646893519691736,-13.109517075314074,0.6583333333333333,1.0718915415771442,0.8227848101265823,-0.1099444533515826,,3.3313417434692383
dGPRMNAECKM,29.029,31.029,32.999633333333335,120,0.5833333333333334,0.9571302800029357,59.92280190836614,,,1.0,1.061238496511178,63.16244178805442,-2.4744656850542284,-13.092144471178534,0.6583333333333333,1.474219116715814,0.620253164556962,-0.0521801537829344,,3.778796172142029
dGPRMNAECKM,30.03,32.03,34.00063333333333,120,0.7083333333333334,0.8762583752325859,68.40015124100847,,,1.0,1.1941377431005578,67.42493649971922,-4.850377727656364,-13.114952846556331,0.7833333333333333,1.3722916872302575,0.6808510638297872,-0.0447055237822637,,3.9690039992332458
dGPRMNAECKM,31.031,33.031,35.00163333333333,120,0.775,1.1363742005876902,75.32883412807487,,,0.8916666666666667,1.467918238322066,67.69814297472266,,,0.775,1.322799526720166,0.6739130434782609,0.0002762478695549,,9.210561990737917
dGPRMNAECKM,32.032000000000004,34.032000000000004,36.002633333333335,120,0.775,1.247214971805277,98.10318833330496,,,0.6416666666666667,1.559222415508462,70.18799707094385,,,0.5333333333333333,1.102087114298,0.746031746031746,-0.1210796517308733,,9.210561990737917
dGPRMNAECKM,33.033,35.033,37.00363333333333,120,0.6083333333333333,1.801207032419173,146.3375951182003,,,0.475,2.4807995214722776,136.69936786929938,,,0.2833333333333333,0.6363390199329427,1.0,-0.0461552730188129,,9.210561990737917
dGPRMNAECKM,34.034,36.034,38.00463333333333,120,0.4583333333333333,2.2202944187834346,212.44185146237504,,,0.475,2.427867781062877,183.2445898413228,,,0.1,0.3783266845882951,1.0,0.1006067454333611,,9.210561990737917
dGPRMNAECKM,35.035000000000004,37.035,39.005633333333336,120,0.3333333333333333,2.0284759004917485,173.74273341739732,,,0.5833333333333334,1.635609367969139,134.05200756499457,,,0.0166666666666666,0.2891319459383326,1.0,,,6.526516556739807
dGPRMNAECKM,36.036,38.036,40.00663333333333,120,0.1166666666666666,3.150039745916627,400.3253857501119,,,0.7166666666666667,1.6416283277353092,189.8075119843484,,,0.0083333333333333,0.086467254299579,,,,3.244788920879363
dGPRMNAECKM,37.037,39.037,41.00763333333333,120,0.0416666666666666,0.5558649218284518,102.09388356595744,,,0.7416666666666667,1.4099265387846445,179.889675014384,,,0.0083333333333333,0.086467254299579,,,,3.1230918169021606
dGPRMNAECKM,38.038,40.038,42.008633333333336,120,0.0416666666666666,0.5558649218284518,102.09388356595744,,,0.7416666666666667,1.264708117954121,202.82304032766396,,,0.0,,,,,3.1230918169021606
dGPRMNAECKM,39.039,41.039,43.00963333333333,120,0.0416666666666666,0.5558649218284518,102.09388356595744,,,0.7416666666666667,1.030910161296297,169.9138647562432,,,0.0,,,,,2.4986066222190857
dGPRMNAECKM,40.04,42.04,44.01063333333333,120,0.15,1.35290831238168,292.89763756050763,,,0.675,0.907316405123338,145.22268002500732,,,0.0666666666666666,0.922843516825616,1.0,-0.0262715292477283,,2.606163239479065
dGPRMNAECKM,41.041,43.041,45.011633333333336,120,0.3916666666666666,1.44636163443633,265.99920249854426,,,0.5916666666666667,0.8403124316074921,140.46476396706475,,,0.1333333333333333,0.8606531659123458,1.0,0.1082364962476281,,2.89102554321289
dGPRMNAECKM,42.042,44.042,46.01263333333333,120,0.6416666666666667,1.8154346087667097,296.1909648579317,,,0.3416666666666667,0.7842050625533015,140.6682298650955,,,0.1416666666666666,0.8136335239685816,1.0,0.1082364962476281,,4.3648881912231445
dGPRMNAECKM,43.043,45.043,47.01363333333333,120,0.8166666666666667,1.8939599497468484,299.1477419797547,,,0.0916666666666666,1.0688627572012828,214.73893448582083,,,0.1583333333333333,0.8581934402593449,1.0,0.1082364962476281,,5.580247569084167
dGPRMNAECKM,44.044,46.044,48.014633333333336,120,0.875,1.9339294385537096,281.2728510321642,,,0.2666666666666666,1.6000231188560217,244.72716846338864,,,0.325,1.3775694232147713,0.4054054054054054,-0.0812477838098243,,5.580247569084167
dGPRMNAECKM,45.045,47.045,49.01563333333333,120,0.875,2.5013438163992343,312.22731027996167,,,0.4916666666666666,2.1216124169223787,236.6217326774191,,,0.5,1.5489088963131052,0.6271186440677966,0.1741171012421947,,6.124630689620972
dGPRMNAECKM,46.046,48.046,50.01663333333333,120,0.875,3.4799121480965334,419.02835490764846,,,0.7416666666666667,1.9268642473664948,255.0964376585021,,,0.7416666666666667,1.5831646393140548,0.7078651685393258,0.1449316170841904,,13.060426998138428
dGPRMNAECKM,47.047,49.047,51.017633333333336,120,0.7416666666666667,4.006282909016464,454.46825523351134,,,0.9916666666666668,2.388289816509797,289.64657733590235,,,0.8333333333333334,1.4221260619907907,0.7475728155339806,0.126091617057302,,13.060426998138428
dGPRMNAECKM,48.048,50.048,52.01863333333333,120,0.6,4.476343530367127,521.0321777801607,,,1.0,2.4846734330126834,291.5325533962373,-3.2500167571231646,-14.534150133875356,0.7,1.3325066210950889,0.9534883720930232,0.276072245686737,,13.060426998138428
dGPRMNAECKM,49.049,51.049,53.01963333333333,120,0.45,4.371639177706277,609.30542030776,,,1.0,2.1708616750858054,265.00246769840885,-2.8323100322684804,-14.412101974428415,0.6333333333333333,1.1808929433124806,0.9487179487179488,0.2209862287036585,,13.060426998138428
dGPRMNAECKM,50.05,52.05,54.020633333333336,120,0.3416666666666667,2.2214514514907955,278.40849655391054,,,0.975,2.6554331985059365,257.79319856795576,,,0.5833333333333334,0.8678151336123154,1.0,0.3020039428997364,,5.6999123096466064
dGPRMNAECKM,51.051,53.051,55.02163333333333,120,0.3333333333333333,1.573590101284466,238.3269444887256,,,0.975,2.24592213226886,234.8056143939554,,,0.5666666666666667,1.0008124153458977,0.971830985915493,0.4328066927489306,,6.132487010955811
dGPRMNAECKM,52.052,54.052,56.02263333333333,120,0.5,1.273799883032532,193.3121030440334,,,0.975,2.037434413106365,219.55638183710911,,,0.7166666666666667,1.3511221757697385,0.9438202247191012,0.1519960154943521,,6.9091322183609005
dGPRMNAECKM,53.053,55.053,57.023633333333336,120,0.4666666666666667,1.2093906829007592,182.36022297635148,,,0.975,2.04140103620406,188.4637835895863,,,0.725,1.5892332352226637,0.9101123595505618,0.1136295134034294,,6.9091322183609005
dGPRMNAECKM,54.054,56.054,58.02463333333333,120,0.325,0.9783523446849568,158.17682167133432,,,1.0,1.5773972000537446,185.2665553455921,-4.328558722578405,-14.15124741835506,0.6,1.7623466923555506,0.8857142857142857,0.0950650862101503,,6.9091322183609005
dGPRMNAECKM,55.055,57.055,59.02563333333333,120,0.2916666666666667,0.8372466671421006,158.17682167133432,,,1.0,1.5833725341697322,172.942740722486,-2.984448187776607,-13.79540915731052,0.5083333333333333,1.898293741005752,0.8983050847457628,0.0034840707899292,,7.190392565727234
dGPRMNAECKM,56.056,58.056,60.026633333333336,120,0.0666666666666666,1.1404209423785514,245.9276091010613,,,0.9583333333333334,1.6068489557403105,155.74290107487104,,,0.2583333333333333,1.7140137122810513,0.896551724137931,0.2509886542399528,,7.135362219810486
exploration_video,0.0,2.0,3.970633333333333,120,0.8833333333333333,3.138728465035081,344.888398123886,,,0.6333333333333333,2.9431537709918625,320.9171735734493,,,0.7083333333333334,4.197385281744085,0.0617977528089887,0.0753856950566033,,36.09491176605223
exploration_video,1.001,3.0010000000000003,4.971633333333333,120,0.9333333333333332,2.953494798647864,239.31436791211516,,,0.75,2.5520138641329995,202.80278434733967,,,0.8666666666666667,4.195639714926562,0.0504587155963302,0.0215865004297504,,27.0884669303894
exploration_video,2.002,4.002000000000001,5.9726333333333335,120,0.8916666666666667,2.744820241763474,196.035051873712,,,0.7583333333333333,2.1973016610464104,143.51317442506542,,,0.875,3.2588346056954465,0.0504587155963302,0.1884885411596611,,27.023019886016844
exploration_video,3.003,5.003,6.973633333333334,120,0.8916666666666667,1.826281430830256,77.65537203413824,,,0.7583333333333333,1.4322307607779157,84.18029383130006,,,0.8916666666666667,2.798259244076432,0.0504587155963302,0.098162619342283,,18.50985374450683
exploration_video,4.004,6.004,7.974633333333333,120,0.8916666666666667,1.3977440494060211,70.76982598433898,,,0.8416666666666667,1.00968179845733,84.18029383130006,,,0.95,2.597963972651858,0.043859649122807,-0.0764353828873002,,14.242270183563232
exploration_video,5.005,7.005,8.975633333333333,120,0.9166666666666666,1.4713969276326169,78.8580396473969,,,0.975,1.222163558081932,105.12534482631524,,,1.0,2.017215306959537,0.05,0.1079408611640741,,19.374904823303225
exploration_video,6.006,8.006,9.976633333333334,120,0.9583333333333334,1.4234123509363965,119.11073470372752,,,0.975,1.3911068997610083,123.71926413922756,,,1.0,1.7901951140738224,0.1666666666666666,0.2253813878139619,,19.826771354675287
exploration_video,7.007000000000001,9.007000000000001,10.977633333333332,120,0.9583333333333334,1.6685979053878868,202.29927769567823,,,0.975,1.9754127383779196,189.26109335651864,,,1.0,1.598133535726737,0.3,0.4396797112101503,,21.534673976898187
exploration_video,8.008000000000001,10.008,11.978633333333333,120,0.9583333333333334,1.9476559926958992,230.70486101451584,,,1.0,1.9680258927255931,238.8295604031589,-3.492099895560918,-14.507025967228234,1.0,1.5689635945850864,0.2583333333333333,0.7498446469615594,,22.200036811828607
exploration_video,9.009,11.009,12.979633333333334,120,1.0,1.9476755392844551,170.02673904176436,-3.612805977625563,-13.547462310222963,1.0,2.7652479463268373,293.6982288906476,-3.455575764730723,-14.08383890320337,0.9916666666666668,1.4991307216424803,0.25,0.6819041034167125,0.7111387493686168,29.564281082153315
exploration_video,10.01,12.01,13.980633333333332,120,1.0,1.6953037266034812,119.91978167365286,-3.694052022989316,-13.52836525633814,1.0,2.8894521794514847,329.908208035083,-3.2564926758064145,-14.22561470842884,0.9833333333333332,1.59680146396612,0.2583333333333333,0.4111675373017842,0.6974527436591541,28.66287612915039
exploration_video,11.011,13.011,14.981633333333331,120,0.9416666666666668,2.034271699687385,90.00338953632993,,,1.0,3.1992527268459523,226.68114682690836,-4.724528379950431,-14.167589228951345,0.975,1.722552393482087,0.2083333333333333,0.2654810971402884,,28.753446197509763
exploration_video,12.012,14.012,15.982633333333334,120,0.8083333333333333,2.357435426734583,80.70562268901357,,,0.9166666666666666,3.9175367160873167,255.1547051574271,,,0.9583333333333334,2.01956937736661,0.2083333333333333,0.1171722190647889,,29.17031650543213
exploration_video,13.013,15.013,16.983633333333334,120,0.7333333333333333,2.9925321184128166,209.5209307416166,,,0.9166666666666666,3.9440276870649176,217.76755533270352,,,0.95,2.333943660958673,0.3083333333333333,0.0461459806889339,,28.308018684387207
exploration_video,14.014,16.014000000000003,17.984633333333335,120,0.675,4.31146672007422,1166.3489495102888,,,0.9166666666666666,4.424278994144128,273.1504510023966,,,0.9583333333333334,2.8305557383993496,0.1833333333333333,0.2020152794431901,,28.308018684387207
exploration_video,15.015,17.015,18.98563333333333,120,0.55,4.457816276262202,1238.3333000307243,,,0.8833333333333333,3.879049602500583,393.36140481520977,,,0.825,3.4348474696412383,0.1132075471698113,0.2616564157748015,,26.84418201446533
exploration_video,16.016000000000002,18.016,19.986633333333334,120,0.5416666666666666,4.216757693651103,980.1604688846392,,,0.7833333333333333,3.967984082996448,348.17034205743096,,,0.7583333333333333,3.382231126084118,0.2295918367346938,0.1739285138352575,,22.43667888641357
exploration_video,17.017,19.017,20.98763333333333,120,0.6166666666666667,3.290930255536161,428.7176088290047,,,0.7416666666666667,3.3929855382154126,469.3602447704302,,,0.775,4.200717848279886,0.1071428571428571,0.3184741045302636,,17.706936836242676
exploration_video,18.018,20.018,21.988633333333333,120,0.675,2.523172037023666,328.3600188134745,,,0.7416666666666667,2.572434226736679,300.8948687608545,,,0.775,5.466227222069107,0.1071428571428571,0.3283528216880328,,17.74895715713501
exploration_video,19.019,21.019,22.98963333333333,120,0.8583333333333333,2.3407170698952715,362.0244315404391,,,0.775,2.1714876998698203,174.66904119807134,,,0.9166666666666666,6.08816169096387,0.09375,0.3504750767143279,,18.514739990234368
exploration_video,20.02,22.02,23.99063333333333,120,0.975,2.555604662892285,416.0128476837522,,,0.9583333333333334,1.3653689663224344,127.18835866733238,,,1.0,7.150071252473003,0.0,0.3086390111541773,,11.212717819213866
exploration_video,21.021,23.021,24.991633333333333,120,0.975,2.829197791394072,340.0399191109876,,,0.95,1.1118310718311788,124.910382130372,,,1.0,6.985897178803746,0.0,0.2052984018320421,,14.284162998199458
exploration_video,22.022,24.022,25.99263333333333,120,0.975,3.3639194004230104,347.90521002111973,,,0.8583333333333333,1.781612038999451,127.27428939462436,,,1.0,6.324791191611284,0.0,0.2082819509805598,,16.90211944580078
exploration_video,23.023,25.023,26.99363333333333,120,0.975,3.3420329442661783,302.12632553779736,,,0.7583333333333333,2.348780805087069,177.69039962604754,,,1.0,5.316804793498777,0.0,0.1850745276554583,,16.821225357055663
exploration_video,24.024,26.024,27.994633333333333,120,1.0,2.921013184298886,205.38081448184047,-2.934455728419858,-13.821373521702611,0.7333333333333333,2.2574140485302925,157.7179605981435,,,1.0,4.272709119456882,0.0,0.3156343186754968,,16.79878692626953
exploration_video,25.025,27.025,28.99563333333333,120,0.9416666666666668,2.9748707007635486,315.3783893774755,,,0.6916666666666667,3.200438092989081,525.3223624689582,,,0.95,4.550021763922194,0.0,0.4072728362189277,,16.129126644134516
exploration_video,26.026,28.026,29.99663333333333,120,0.9416666666666668,2.3389800555455875,285.68660841815984,,,0.725,2.796683697579059,241.46930749154745,,,0.9416666666666668,4.975798612133684,0.0,0.392781632872026,,12.687776279449462
exploration_video,27.027,29.027,30.997633333333333,120,0.9416666666666668,2.155342838133692,303.75434651164386,,,0.7916666666666666,3.0281729819146794,326.21199614248087,,,0.9083333333333332,5.506869561042159,0.0,0.3133615518819188,,13.637490272521973
exploration_video,28.028,30.028,31.99863333333333,120,0.9416666666666668,1.923175489188335,296.09978786087567,,,0.8166666666666667,3.91798946483929,563.3348776508738,,,0.8833333333333333,6.276323840981248,0.0,0.3278643302450025,,15.055916118621823
exploration_video,29.029,31.029,32.999633333333335,120,0.8833333333333333,1.530103386058909,252.48406002392585,,,0.9083333333333332,2.916673855950055,283.8972495428864,,,0.85,6.487320481233045,0.0,0.3545045856307584,,14.760079002380367
exploration_video,30.03,32.03,34.00063333333333,120,0.6833333333333333,1.5417653673620275,238.25056450004791,,,0.925,2.67868955966589,262.8577932700163,,,0.7666666666666667,5.886930888653635,0.0,0.2642000754310016,,14.63049087524414
exploration_video,31.031,33.031,35.00163333333333,120,0.6833333333333333,1.1123199353210351,68.87913004109427,,,0.9583333333333334,2.0809031254534007,163.55621058378352,,,0.8,5.117398661322809,0.0,0.2541905552918916,,14.400398874282835
exploration_video,32.032000000000004,34.032000000000004,36.002633333333335,120,0.6833333333333333,0.754669971287933,60.76954540163919,,,0.9583333333333334,1.3054595199019243,81.89910437778778,,,0.825,3.9645716697032127,0.0,0.0974622843627899,,9.365022993087768
exploration_video,33.033,35.033,37.00363333333333,120,0.775,0.8985846643818908,62.23627941639333,,,0.9166666666666666,1.3437868285899193,65.85011303768741,,,0.9083333333333332,2.846648434977245,0.0,-0.0062466535416382,,8.47333087921142
exploration_video,34.034,36.034,38.00463333333333,120,0.975,0.8479428336938031,62.78398116947645,,,0.9583333333333334,0.9564084165419036,48.84754900004135,,,1.0,2.4789952436453957,0.0,-0.0661257290356032,,6.388132858276366
exploration_video,35.035000000000004,37.035,39.005633333333336,120,0.975,1.0449630778346293,93.00825067473208,,,0.9583333333333334,0.7499043147818684,40.66215019776093,,,1.0,2.278565716570991,0.0,0.0450390455568214,,5.399394702911376
exploration_video,36.036,38.036,40.00663333333333,120,0.975,1.007723475905299,80.17404167086228,,,0.9583333333333334,0.8028472971068215,46.43763494871676,,,1.0,2.292074517173923,0.0,0.1286912455612149,,5.20089769363403
exploration_video,37.037,39.037,41.00763333333333,120,1.0,0.6044276830361973,60.9281581337788,-3.195654810708276,-13.653401235403422,0.95,0.7096237770383929,47.40401626719621,,,1.0,2.7121046903834283,0.0,0.1078342925267725,,3.4907087802886965
exploration_video,38.038,40.038,42.008633333333336,120,1.0,0.7835386478111573,71.13010763991272,-7.917224839289703,-13.325548147351489,0.95,1.2656697065004716,60.452191388454494,,,1.0,3.067551902309508,0.0,0.198210707731878,,4.06921763420105
exploration_video,39.039,41.039,43.00963333333333,120,1.0,1.2353722452403326,73.35806588896413,-2.2284970788073104,-13.464104853790712,0.95,1.6115233395503838,80.5108622924613,,,1.0,3.2705152186956434,0.0,0.1923600850750293,,4.14590845108032
exploration_video,40.04,42.04,44.01063333333333,120,1.0,1.9456330307459972,121.02194715978774,-2.2888132961482426,-13.718610266134892,0.9166666666666666,2.051693797576592,127.39197814269396,,,1.0,3.2302266091692924,0.0,0.2176329343377635,,8.350896406173705
exploration_video,41.041,43.041,45.011633333333336,120,1.0,2.204629928621125,162.0718208416627,-2.7702335067578536,-13.812231756681022,0.9666666666666668,1.746403768118329,85.91290841955384,,,1.0,3.104331034618576,0.0,0.2458417844041852,,8.350896406173705
exploration_video,42.042,44.042,46.01263333333333,120,0.975,2.794896871495688,181.91833739446844,,,0.9666666666666668,1.209366817327233,72.42245790460771,,,1.0,2.727580964674824,0.15,0.3761656513049067,,12.64807891845703
exploration_video,43.043,45.043,47.01363333333333,120,0.975,2.718885329155315,152.9552590108321,,,0.9666666666666668,0.8467314597842688,56.188169365729976,,,1.0,2.4935756761340406,0.2333333333333333,0.3351653910560634,,12.130006980895995
exploration_video,44.044,46.044,48.014633333333336,120,0.975,2.567535826500079,139.22556933610986,,,1.0,0.3135227440382054,53.21957940573312,-3.3119441776174146,-15.064132958972978,1.0,2.891475034373674,0.2333333333333333,0.3169398131487506,,12.062202501296998
exploration_video,45.045,47.045,49.01563333333333,120,0.975,2.3095297190299138,114.97103173579438,,,1.0,0.3303882825829115,49.95711464846177,-3.5633797575382533,-15.07718643764283,1.0,3.278124271172168,0.2333333333333333,0.2163297606947732,,12.062202501296998
exploration_video,46.046,48.046,50.01663333333333,120,1.0,1.4341354235737545,79.93878284135667,-2.7532997761308198,-13.225800217258906,1.0,0.3381170392117957,53.21957940573312,-3.3900009236488087,-15.398555322658035,1.0,4.119212975153222,0.0833333333333333,0.1083671640018234,0.0638167206622318,8.130879640579222
exploration_video,47.047,49.047,51.017633333333336,120,1.0,0.8919967544141071,60.53731370033398,-2.1029510600385235,-13.14474511016367,1.0,0.3614745458776648,57.00550374299888,-2.941570792226085,-15.099103179113394,1.0,4.830283424239789,0.0,-0.0201267882297564,0.0558988210592522,5.273240733146667
exploration_video,48.048,50.048,52.01863333333333,120,1.0,0.4612997727994706,59.50610589031814,-4.149682285022499,-13.964447223093462,1.0,0.3478508767892058,50.66895685886847,-2.898935128817701,-15.006783307006282,1.0,5.0646961954047365,0.0,-0.1345517702009306,-0.0267191371530758,5.640966820716856
exploration_video,49.049,51.049,53.01963333333333,120,1.0,0.5015561067569617,57.82022711332103,-2.2064137349376702,-14.051220613254053,1.0,0.5908233396937791,63.60322332282905,-3.0727032829738814,-13.921544939106353,1.0,5.159555663946579,0.0,-0.1315350383263373,0.1178028752252654,5.640966820716856
exploration_video,50.05,52.05,54.020633333333336,120,1.0,0.6408197311163858,79.24800336464226,-3.7545276663170153,-13.86369590959464,1.0,0.7913455370690589,69.85284425530185,-3.1151482296465223,-14.538231600436466,1.0,5.102694684611027,0.0,-0.1578586727881734,-0.0767560102419521,4.92992353439331
exploration_video,51.051,53.051,55.02163333333333,120,1.0,0.9606090063304388,105.3122746172558,-4.732754798793408,-13.557123341720477,1.0,0.8281939232135441,71.95368935449018,-3.099735038374372,-14.541127722794409,1.0,4.881909837327604,0.0,-0.1988203501260869,-0.0329011954221581,4.92992353439331
exploration_video,52.052,54.052,56.02263333333333,120,1.0,0.9604414104282928,106.05206577141206,-3.911465607891024,-13.796371883516557,1.0,0.8585933535140775,76.52029890665027,-3.0996191372478736,-14.541842061782404,1.0,4.362733474339836,0.0,-0.2211041649458686,-0.0354383286149537,3.611366546154022
exploration_video,53.053,55.053,57.023633333333336,120,1.0,1.0236519791978749,125.0978767302154,-3.909750315770872,-13.873614858595584,1.0,0.7331864561195298,65.16690253342978,-6.915495071874642,-14.035743021953008,1.0,3.825378339083677,0.0,-0.1031215236920612,-0.0348328830077268,12.003308296203612
exploration_video,54.054,56.054,58.02463333333333,120,1.0,1.089875444141355,114.42086860507472,-5.0364847859923225,-13.733958872864992,1.0,0.7269935782385369,68.80274681061056,-3.405578131260273,-14.03842340534997,1.0,3.4046666303322883,0.0,-0.0074148313945817,0.1752721801068271,12.0130615234375
exploration_video,55.055,57.055,59.02563333333333,120,0.925,0.9307517314976425,97.53616224941584,,,0.975,0.9736617050149012,64.63246285393495,,,0.9833333333333332,3.1404180683329947,0.0,0.0934373779916934,,15.805819702148437
exploration_video,56.056,58.056,60.026633333333336,120,0.7916666666666666,1.07151292496067,102.97301513394105,,,0.975,1.3420713235716482,166.47648506759836,,,0.95,3.185075834880112,0.2136752136752136,0.2192794792313277,,16.751399230957027
exploration_video,57.057,59.057,61.02763333333333,120,0.7916666666666666,1.2914348789312036,136.97577128772224,,,0.85,1.4356116951048608,185.08279590836528,,,0.8833333333333333,3.299759950077226,0.3454545454545454,0.2422779288173183,,22.22765617370602
exploration_video,58.058,60.058,62.02863333333333,120,0.7916666666666666,1.793641560674825,201.7639643544141,,,0.85,1.6324137857310952,181.9523477021968,,,0.875,3.495199942186673,0.3454545454545454,0.247738964403741,,26.86761646270752
exploration_video,59.059000000000005,61.059000000000005,63.02963333333334,120,0.775,2.3337716938986928,272.0158409743247,,,0.875,1.515609821825503,180.07329242625252,,,0.8916666666666667,3.8127568194911343,0.3454545454545454,0.318802455853414,,28.761857986450195
exploration_video,60.06,62.06,64.03063333333334,120,0.8583333333333333,2.280154928084397,271.89259289578683,,,0.875,1.1488160646669892,107.26017096227548,,,0.925,3.86044883870232,0.1150442477876106,0.317139839296351,,24.746263122558585
exploration_video,61.061,63.061,65.03163333333333,120,0.8333333333333334,2.602279871847332,271.2295576238214,,,0.9666666666666668,1.3205037289677188,98.33075272691484,,,0.9833333333333332,3.955440363735861,0.0,0.2582642561562652,,21.37809371948241
exploration_video,62.062,64.062,66.03263333333334,120,0.8333333333333334,1.9754251931229936,141.02616613801524,,,0.8583333333333333,1.0620499017272236,85.749604878005,,,0.9916666666666668,4.118987301899589,0.0,0.161393173165706,,15.073455047607414
exploration_video,63.063,65.063,67.03363333333334,120,0.925,2.2734757199521383,153.61360688741468,,,0.8583333333333333,1.0665889480595387,74.70416565119564,,,0.9916666666666668,3.8618861199917367,0.0,0.0465072787589945,,11.160324668884272
exploration_video,64.06400000000001,66.06400000000001,68.03463333333333,120,0.975,2.7816035213619394,139.42404017014783,,,0.7666666666666667,1.3327232813118643,100.19647494811046,,,0.9666666666666668,3.8333169807969982,0.0,-0.067860590577535,,12.280554103851316
exploration_video,65.065,67.065,69.03563333333334,120,0.9916666666666668,2.893450607945537,157.90819463735338,,,0.775,1.3233149394828874,109.99604012736371,,,0.975,3.218473301421194,0.1481481481481481,0.117660899633167,,13.565635585784907
exploration_video,66.066,68.066,70.03663333333334,120,0.9916666666666668,2.8461998575889247,134.11324231954208,,,0.7916666666666666,1.343857404896739,90.8789973036518,,,0.925,2.367738537222332,0.392156862745098,0.1156277876512695,,13.565635585784907
exploration_video,67.06700000000001,69.06700000000001,71.03763333333333,120,0.9916666666666668,2.112838073220109,111.26230683775722,,,0.5916666666666667,1.3568029348868769,105.5307083041666,,,0.775,2.1756359313581024,0.4819277108433735,0.1245346207562237,,12.28365955352783
exploration_video,68.068,70.068,72.03863333333334,120,0.9916666666666668,1.376862569203574,108.24629336235076,,,0.6833333333333333,1.2302181814754654,94.4249314731594,,,0.7916666666666666,2.300773817518724,0.4210526315789473,0.0594031876808265,,8.819700050354
exploration_video,69.069,71.069,73.03963333333334,120,1.0,1.0116812290437711,109.12231182183471,-3.397796412937897,-14.68982587047131,0.7083333333333334,1.2129520570640284,128.28831799884114,,,0.7916666666666666,2.714003890145675,0.2526315789473684,-0.0563725964594174,,5.865359663963316
exploration_video,70.07000000000001,72.07000000000001,74.04063333333333,120,1.0,1.2727606688626667,150.8795896788635,-3.3900098743214597,-14.971786386143402,0.8,1.1437270085131894,123.4245685948036,,,0.8416666666666667,3.0599453205791565,0.0,0.0519151757727537,,7.791310930252075
exploration_video,71.071,73.071,75.04163333333334,120,1.0,1.4200074343123357,161.94322084429643,-2.961857555729781,-14.799565891741334,1.0,0.9935981817876356,105.90920741146198,-2.8954359906556726,-14.765660548596774,0.9916666666666668,3.082885113532018,0.0,-0.0248513099280074,0.0638554477282136,7.791310930252075
exploration_video,72.072,74.072,76.04263333333334,120,0.9,2.0578918137929856,206.255589465143,,,1.0,0.8408561886926413,93.58571001036438,-3.26772242229182,-14.552183537604142,0.9333333333333332,3.314296682287964,0.0,-0.0268877931837565,,7.791310930252075
exploration_video,73.07300000000001,75.07300000000001,77.04363333333333,120,0.85,2.8651077103469937,293.3995236012408,,,0.8833333333333333,0.8397304333153316,89.50114624267152,,,0.825,4.136866130441297,0.0,-0.1111545307957306,,15.02179336547851
exploration_video,74.074,76.074,78.04463333333334,120,0.8166666666666667,3.594978981010295,300.10618307205027,,,0.75,1.1945924974255269,90.69631038669776,,,0.7833333333333333,4.644449162925126,0.0,-0.2186493802569285,,16.689654159545878
exploration_video,75.075,77.075,79.04563333333334,120,0.8,3.979056636458596,389.0409040972792,,,0.75,1.501836739121008,113.91537255578106,,,0.7833333333333333,4.895056860046131,0.0,0.1901289811150912,,16.856305313110347
exploration_video,76.07600000000001,78.07600000000001,80.04663333333333,120,0.825,3.636711527470336,334.5120962821299,,,0.75,1.8522212801565696,195.6711584844412,,,0.85,4.8697169011857095,0.0,0.2875938977220094,,17.022956466674792
exploration_video,77.077,79.077,81.04763333333334,120,0.875,2.5090446426629125,185.1799646717652,,,0.7333333333333333,1.894342058956421,191.7565348726028,,,0.9,4.52740860248624,0.0,0.3247580143228059,,7.851216483116149
exploration_video,78.078,80.078,82.04863333333333,120,0.9083333333333332,1.587030192694741,95.47863536946824,,,0.8666666666666667,1.5257480526966525,166.10728788983874,,,0.9416666666666668,4.338901025547253,0.0,0.0971733719400676,,5.7685651779174805
exploration_video,79.07900000000001,81.07900000000001,83.04963333333333,120,0.925,1.0877366077083042,94.5317468542748,,,0.825,1.7043665788083406,203.1532404014031,,,0.9416666666666668,3.9999648788847626,0.0884955752212389,-0.0584594649682199,,3.0484528541564937
exploration_video,80.08,82.08,84.05063333333334,120,1.0,0.7392223734883,95.00519111187153,-3.5904181480458126,-14.892880821329069,0.7416666666666667,1.4937701917366468,180.49416535883805,,,0.8916666666666667,3.550410741350173,0.2803738317757009,-0.1214699270323438,,2.777247154712677
exploration_video,81.081,83.081,85.05163333333333,120,1.0,1.0785429486031135,138.54913616496896,-3.3194927493995574,-13.643040908328722,0.65,1.2477007456122726,163.2997020162871,,,0.8166666666666667,3.0761624058031063,0.3229166666666667,-0.1804888859878966,,2.889599049091338
exploration_video,82.08200000000001,84.08200000000001,86.05263333333333,120,1.0,1.168176925315258,161.95105146778843,-3.0408434061164065,-13.864357775847015,0.45,1.236514952627647,128.15315853656352,,,0.7,2.8033166546476305,0.4573170731707317,-0.1238290261609063,,2.4754502296447742
exploration_video,83.083,85.083,87.05363333333334,120,1.0,1.1664790259490634,188.8045900883085,-2.8156667632029557,-13.944599683933122,0.3833333333333333,0.5907630117034559,100.51906631449708,,,0.65,2.785624311226992,0.5,-0.1948698361833413,,5.018431949615475
exploration_video,84.084,86.084,88.05463333333333,120,0.8833333333333333,1.265770701968287,201.37422662193197,,,0.3333333333333333,0.6883981558245789,115.54274828083344,,,0.6,2.675346550980231,0.2638888888888889,-0.2213172068346128,,18.52115154266357
exploration_video,85.08500000000001,87.08500000000001,89.05563333333333,120,0.8833333333333333,0.9923638028113752,191.5545776114789,,,0.4,0.968622718269243,112.26120869996905,,,0.6416666666666667,2.494704363150076,0.2531645569620253,-0.2068676332849002,,19.71921405792233
exploration_video,86.086,88.086,90.05663333333334,120,0.8833333333333333,1.461939221808887,227.9916962084808,,,0.425,2.04558569395248,144.60346955125442,,,0.7,2.270756978267681,0.2528735632183908,-0.0785701080103753,,24.881998443603507
exploration_video,87.087,89.087,91.05763333333331,120,0.8583333333333333,1.638515071772908,169.32290031141275,,,0.5333333333333333,1.839846427648348,109.18367989281676,,,0.7416666666666667,2.428294934089085,0.1153846153846153,0.049217075845603,,25.629038238525386
exploration_video,88.08800000000001,90.088,92.05863333333332,120,0.975,1.541153277483333,133.11676828926062,,,0.6666666666666666,1.6242929366834278,102.16786887519768,,,0.8416666666666667,2.631329717812737,0.1019417475728155,0.2240447442079923,,23.10638723373412
exploration_video,89.089,91.089,93.05963333333334,120,0.975,1.551568187912519,110.19368985417664,,,0.7833333333333333,1.903713079556954,143.89506528026942,,,0.9333333333333332,2.9909356895236763,0.0745614035087719,0.1748572639950926,,23.10638723373412
exploration_video,90.09,92.09,94.06063333333331,120,0.8833333333333333,1.7110288728080814,106.00342597652804,,,0.9583333333333334,1.1951167492032977,119.84703487385252,,,0.9666666666666668,3.735322018326493,0.0,0.095134131507928,,18.726714515686037
exploration_video,91.091,93.091,95.06163333333332,120,0.85,1.855875402105475,110.4852147166605,,,0.9583333333333334,1.200541301677052,134.72459152687256,,,0.9666666666666668,4.101252858549718,0.0,0.0084577659217211,,9.853239393234247
exploration_video,92.092,94.092,96.06263333333334,120,0.85,3.213127938320639,170.05985670129775,,,0.9083333333333332,1.691653740760204,176.08395305186025,,,0.9666666666666668,4.216806619909352,0.0256410256410256,-0.1356976239497611,,6.587732791900635
exploration_video,93.093,95.093,97.06363333333331,120,0.85,3.388397322311535,208.99639837353104,,,0.95,1.2917082324486937,107.87903236394295,,,0.9666666666666668,4.273986558391236,0.0256410256410256,-0.0716256792933536,,12.047298145294183
exploration_video,94.094,96.094,98.06463333333332,120,0.9416666666666668,3.4643596279338214,255.39916500905653,,,0.9416666666666668,1.7937049331728394,108.13097367414338,,,0.9916666666666668,4.737562494704843,0.025,0.0372540634447609,,17.079861640930176
exploration_video,95.095,97.095,99.06563333333334,120,0.9916666666666668,4.005287759832631,366.21789632870326,,,0.7583333333333333,2.2506830090129024,103.80778457722772,,,0.8583333333333333,5.229147944538432,0.029126213592233,0.1694627351543055,,17.085758209228516
exploration_video,96.096,98.096,100.06663333333331,120,0.9,4.116265981596479,327.0387214264914,,,0.5583333333333333,2.02010636042313,83.59283814914549,,,0.6083333333333333,5.888053648769128,0.0,0.244879803860905,,17.085758209228516
exploration_video,97.097,99.097,101.06763333333332,120,0.7083333333333334,4.789316493273797,395.6417385685182,,,0.3083333333333333,2.779742808876854,130.36855346433015,,,0.3916666666666666,7.150958798230288,0.0,0.3505522165863663,,22.217991924285887
exploration_video,98.098,100.098,102.06863333333334,120,0.7083333333333334,4.607967616973658,655.6506756258564,,,0.2,2.1946914050944857,331.78812183769344,,,0.3333333333333333,5.832142294701294,0.0,0.4342438706833583,,22.76261749267577
exploration_video,99.099,101.099,103.06963333333331,120,0.7166666666666667,3.315462521282583,316.13431095347744,,,0.3833333333333333,1.3089085041762951,247.0041872944089,,,0.475,4.144399438151233,0.0,-0.0152367369064463,,22.58274040222168
exploration_video,100.1,102.1,104.07063333333332,120,0.8083333333333333,2.4611197295865983,267.8004696321642,,,0.6333333333333333,1.6585877796170363,210.90433161075956,,,0.725,4.287877097569663,0.0,0.0640796903057988,,23.00245361328124
exploration_video,101.101,103.101,105.07163333333334,120,1.0,2.4926146482482774,235.90901415923656,-4.9415697251989545,-13.9669144316141,0.8833333333333333,1.3144280892986255,136.74998769463832,,,0.9416666666666668,4.659709391952302,0.0,0.0214680044819587,,16.42795362472534
exploration_video,102.102,104.102,106.07263333333331,120,0.975,2.3268946358655787,192.3113753865884,,,0.975,1.4556106516092504,99.77186249146372,,,1.0,4.801419720208232,0.0,-0.0060148366026758,,16.463654708862304
exploration_video,103.103,105.103,107.07363333333332,120,0.975,2.9711670596918687,207.11665384769717,,,0.975,1.9678253395860867,97.40257117667548,,,1.0,4.647818817076269,0.0583333333333333,0.0667813849323685,,17.037489318847655
exploration_video,104.104,106.104,108.07463333333334,120,0.8333333333333334,3.165157615373725,218.34395640847376,,,0.8583333333333333,2.368929523911396,143.46225934446562,,,0.925,4.47886235586921,0.0625,0.0704926665637653,,17.08638877868652
exploration_video,105.105,107.105,109.07563333333331,120,0.8333333333333334,3.1073527682732784,247.22200261077165,,,0.8416666666666667,2.8481134277998077,264.68482374623767,,,0.9083333333333332,3.713794335865307,0.0625,0.3367094781429163,,17.4904203414917
exploration_video,106.106,108.106,110.07663333333332,120,0.8583333333333333,3.0250653465112327,195.7790815851811,,,0.6666666666666666,3.021623996585526,244.6865780656558,,,0.7666666666666667,3.0946559636185844,0.0736842105263157,0.3757531168865732,,14.589596033096312
exploration_video,107.107,109.107,111.07763333333334,120,0.8416666666666667,3.5173377819669778,237.977482980272,,,0.6166666666666667,3.602902110099916,404.7496968773919,,,0.7583333333333333,3.275041195345885,0.0421052631578947,0.3745971319207395,,15.466517066955571
exploration_video,108.108,110.108,112.07863333333331,120,0.975,3.149394248533224,255.96426064710008,,,0.7333333333333333,2.762919730350077,252.8047208218787,,,0.8333333333333334,3.850447384981402,0.0388349514563106,0.3289221764317981,,15.14402999877929
exploration_video,109.109,111.109,113.07963333333332,120,0.975,2.916765845517375,263.840311780412,,,0.75,2.7191136412843075,267.00860106892435,,,0.85,4.646035105241516,0.0388349514563106,0.1211703667119762,,14.275361251831052
exploration_video,110.11,112.11,114.08063333333334,120,0.975,2.4154873183908947,263.840311780412,,,0.8916666666666667,3.56810167584833,422.1300002563955,,,0.9916666666666668,5.445161103561377,0.0333333333333333,0.2437633999782425,,14.60655155181884
exploration_video,111.111,113.111,115.08163333333331,120,0.9916666666666668,1.22421702455833,119.334589396408,,,0.9416666666666668,2.6915022124763315,252.65653889428148,,,1.0,5.904769741168345,0.0,0.3120882822194253,,7.285401463508606
exploration_video,112.112,114.112,116.08263333333332,120,1.0,0.7127876200706255,79.50058917620197,-3.012080919813813,-13.82744704936562,0.9416666666666668,2.600874645840513,256.1558576278565,,,0.9916666666666668,5.909948237548092,0.0,0.2485941678449507,,4.955003166198728
exploration_video,113.113,115.113,117.08363333333334,120,0.9916666666666668,0.5744393529358653,73.84618847630652,,,0.8,2.704828612578641,253.4799199886007,,,0.9916666666666668,5.806769289792411,0.0,0.2445934602476767,,3.778221821784973
exploration_video,114.114,116.114,118.08463333333331,120,0.8666666666666667,0.6960321698773588,77.18325714502109,,,0.6083333333333333,1.5532009925571728,195.60464447936667,,,0.8333333333333334,5.366664588187195,0.0,0.1749848813045398,,3.7339366674423218
exploration_video,115.115,117.115,119.08563333333332,120,0.6666666666666666,0.8542549562591926,104.97261299147677,,,0.55,2.439048417006436,395.2785435528606,,,0.6666666666666666,5.100071720556194,0.0,0.0356711671029383,,10.547620296478271
exploration_video,116.116,118.116,120.08663333333334,120,0.4166666666666667,1.1564372129821043,155.71817637782829,,,0.55,2.7700648964064944,447.4423900576654,,,0.425,4.902907326049777,0.0,0.0201703916689382,,10.547620296478271
exploration_video,117.117,119.117,121.08763333333332,120,0.175,1.4967940014353938,180.1730109245142,,,0.65,3.044333874437076,447.4423900576654,,,0.175,4.356038171728111,0.0,,,16.229973030090328
exploration_video,118.118,120.118,122.08863333333332,120,0.05,1.2275905372972864,121.93443292333056,,,0.725,2.9877986774242427,424.08475304117854,,,0.0833333333333333,3.952034336075045,0.0,,,16.510820770263667
exploration_video,119.119,121.119,123.08963333333334,120,0.0,,,,,0.7833333333333333,2.675701796739171,388.27858934807705,,,0.0083333333333333,0.657968279567724,,,,16.56318759918213
exploration_video,120.12,122.12,124.09063333333332,120,0.15,3.086542834686116,389.4229615391925,,,0.55,2.8760588553797777,441.86469663622097,,,0.0083333333333333,0.657968279567724,,,,16.56318759918213
exploration_video,121.121,123.121,125.09163333333332,120,0.35,2.4602110072107566,339.3411364189567,,,0.3416666666666667,2.704919528775202,465.3902219552422,,,0.0083333333333333,0.657968279567724,,,,11.602561092376709
exploration_video,122.122,124.122,126.09263333333334,120,0.35,2.4602110072107566,339.3411364189567,,,0.2666666666666666,2.7631643109364408,553.6541670043284,,,0.0083333333333333,0.657968279567724,,,,12.12216243743896
exploration_video,123.123,125.123,127.09363333333332,120,0.35,2.4602110072107566,339.3411364189567,,,0.0166666666666666,3.0196622928197003,710.9390040604765,,,0.0166666666666666,0.9559833799924784,1.0,,,12.06826009750366
exploration_video,124.124,126.124,128.09463333333335,120,0.225,1.9559787839331904,219.18576044165744,,,0.125,2.6954910192818025,373.2716511514376,,,0.0333333333333333,0.7448847351157164,1.0,,,12.373660564422607
exploration_video,125.125,127.125,129.09563333333332,120,0.0583333333333333,2.166915647258004,307.0934452161538,,,0.3,2.1314693171086643,435.5783982129781,,,0.0666666666666666,0.4376255952972693,1.0,,,11.931343364715577
exploration_video,126.126,128.126,130.09663333333333,120,0.0583333333333333,2.166915647258004,307.0934452161538,,,0.55,1.9335930677051447,380.49048157611776,,,0.1,0.3336441176264547,1.0,,,10.442541980743409
exploration_video,127.127,129.127,131.0976333333333,120,0.1,3.17079764223376,339.63568681553943,,,0.675,2.1508063519690555,382.06435234446514,,,0.1666666666666666,1.5376676947035093,0.6111111111111112,-0.6492908469341413,,10.529963779449458
exploration_video,128.128,130.128,132.09863333333334,120,0.0916666666666666,3.57966706369508,396.039454493225,,,0.75,2.5975012149308245,440.8812827131254,,,0.2166666666666666,1.5716405318400424,0.7083333333333334,-0.4133846245682622,,9.18115916252136
exploration_video,129.129,131.129,133.09963333333334,120,0.1083333333333333,2.962798282585583,342.8089128927619,,,0.625,3.143026099702179,482.8121394673871,,,0.3166666666666666,3.4316990001099548,0.358974358974359,-0.4034410145443272,,9.236470460891724
exploration_video,130.13,132.13,134.10063333333335,120,0.2333333333333333,2.8098012517279445,376.7602166378523,,,0.6,4.600353171140977,756.4820842742072,,,0.5,3.830497011106907,0.1639344262295081,0.0096944819619627,,23.351992034912104
exploration_video,131.131,133.131,135.10163333333333,120,0.4416666666666666,2.660326239942214,330.6588023334121,,,0.725,4.929203676489891,703.7440046264323,,,0.6416666666666667,3.83723525773292,0.0864197530864197,0.4290467962685092,,23.809835624694813
exploration_video,132.132,134.132,136.10263333333333,120,0.675,2.050359771519242,237.5717568798676,,,0.775,4.473539744929988,619.0589378387392,,,0.7916666666666666,3.8764050169762094,0.0,0.4056987740204345,,23.548210716247564
exploration_video,133.133,135.133,137.1036333333333,120,0.875,1.878041315265382,200.23764869596224,,,0.9166666666666666,3.976714513318366,409.7610647346036,,,0.9083333333333332,3.3110572142975045,0.0,0.4284308724740394,,23.41739826202392
exploration_video,134.134,136.134,138.10463333333334,120,1.0,1.5237909741461044,147.18083463497095,-5.095462641531759,-13.580641756624468,0.9333333333333332,3.1744380651787423,343.89022406050185,,,0.9416666666666668,2.5390657051502514,0.1932773109243697,0.3749020527244512,,15.315996551513669
exploration_video,135.135,137.135,139.10563333333334,120,1.0,1.033117720979042,118.3733040309379,-3.7701167126621,-13.463208278052344,0.9333333333333332,2.2418752340969577,252.4808936241912,,,0.9666666666666668,1.8524785379357025,0.2941176470588235,0.2710113308269182,,8.479490137100218
exploration_video,136.136,138.136,140.10663333333335,120,1.0,1.03415658110375,114.042379135365,-5.742939193706102,-13.689348037117444,0.9333333333333332,1.798240072474193,203.7942860829677,,,1.0,1.2298268932492458,0.5166666666666667,0.1480061417926235,,10.370154857635498
exploration_video,137.137,139.137,141.10763333333333,120,1.0,1.0682997780400152,110.70639521759972,-3.773843782077122,-13.447621342975967,0.9916666666666668,2.343773421134548,275.2345072698419,,,1.0,0.8920309656149229,0.55,0.1044222929001585,,10.28000793457031
exploration_video,138.138,140.138,142.10863333333333,120,0.9666666666666668,1.2530141324694362,121.67555725698617,,,1.0,2.163480931053848,215.0531415718939,-3.240970595011236,-14.12952872214835,1.0,1.038537066799278,0.3583333333333333,0.0822226804318002,,10.34768295288086
exploration_video,139.139,141.139,143.1096333333333,120,0.9333333333333332,1.696409968302367,191.7761649614348,,,1.0,2.3756232059040703,312.7367295856634,-4.261349651391898,-14.343662992072602,1.0,1.2019531931422651,0.2583333333333333,0.1546711352015957,,11.725454473495482
exploration_video,140.14,142.14,144.11063333333334,120,0.9333333333333332,2.164183466037892,217.01505531919537,,,1.0,2.9108673890778163,362.9062678933024,-6.1910080629092565,-14.469737160852477,1.0,1.6886506758758597,0.0333333333333333,0.2097540543453894,,13.21543312072754
exploration_video,141.141,143.141,145.11163333333334,120,0.9333333333333332,2.062531606911824,197.0613849593018,,,1.0,2.0022678933650515,270.24500827393604,-3.4842366704686105,-14.35766395965239,1.0,1.8204240883659824,0.0,0.2382089095845139,,13.202842521667478
exploration_video,142.142,144.142,146.11263333333335,120,0.8416666666666667,2.7734435270643933,246.20638455895545,,,0.9333333333333332,2.7233808254158256,340.73756978136487,,,0.975,3.118495687118477,0.0,0.2946781613286468,,13.240614318847657
exploration_video,143.143,145.143,147.11363333333333,120,0.875,2.164503008131668,130.28635716152314,,,0.8583333333333333,2.989444169595477,308.04379744623003,,,0.975,3.419523231835238,0.0,0.254353115138082,,10.589701175689695
exploration_video,144.144,146.144,148.11463333333333,120,0.85,1.9543995602594717,131.29852845008654,,,0.7916666666666666,2.535456827212838,224.0152634017488,,,0.9583333333333334,3.704775335463204,0.0,0.2562318453022763,,8.40664529800415
exploration_video,145.145,147.145,149.11563333333334,120,0.8083333333333333,2.0090239149168947,128.90666279883294,,,0.75,2.7177330219285016,290.1011422307362,,,0.9166666666666666,4.862994562923618,0.0,0.1498509873167917,,8.271069431304932
exploration_video,146.14600000000002,148.14600000000002,150.11663333333334,120,0.9166666666666666,2.1146150705433966,133.76718188952776,,,0.8166666666666667,1.8725928885309144,238.15086305584447,,,0.9333333333333332,5.005268620849495,0.0,-0.0042615198374679,,3.0888601541519165
exploration_video,147.147,149.147,151.11763333333334,120,0.9166666666666666,2.190128515941087,130.57273412855213,,,0.8583333333333333,2.0415253127491524,257.42422804447153,,,0.925,5.226379256796296,0.0,-0.1526333924282658,,1.8557010054588317
exploration_video,148.148,150.148,152.11863333333335,120,0.9166666666666666,2.127321628746725,107.099539363777,,,0.925,1.6578454357005508,168.28762436280036,,,0.9416666666666668,5.700844731108735,0.0,-0.0982988757818883,,2.218575143814087
exploration_video,149.149,151.149,153.11963333333333,120,0.875,2.1948596508553706,116.39953299155012,,,0.8666666666666667,1.5477685110721775,70.17730721018015,,,0.9833333333333332,5.428664944313378,0.0,-0.0673114830952802,,2.5415136814117427
exploration_video,150.15,152.15,154.12063333333333,120,0.8333333333333334,1.6694475099999402,88.2374462329575,,,0.8583333333333333,2.164282335276305,87.99522473439062,,,0.9916666666666668,5.660033407651962,0.0,0.0372273961751768,,4.7564110279083245
exploration_video,151.151,153.151,155.12163333333334,120,0.8333333333333334,2.2004748163949195,154.03025512514083,,,0.8916666666666667,1.9226319186223075,126.42367798958182,,,1.0,6.678733123832142,0.0,0.0600354217274595,,4.80416042804718
exploration_video,152.15200000000002,154.15200000000002,156.12263333333334,120,0.8583333333333333,2.15983291437879,214.09636141043035,,,0.8916666666666667,2.0705071758260347,199.8160224407452,,,1.0,7.261339173316344,0.0,0.048933594412613,,4.982018852233886
exploration_video,153.153,155.153,157.12363333333334,120,0.9,2.308096342859773,222.2885017032193,,,0.9916666666666668,2.1127263432461283,212.9507878425215,,,1.0,7.812559680440921,0.0,0.0969179812932557,,6.406440663337705
exploration_video,154.154,156.154,158.12463333333335,120,0.9583333333333334,1.7354278119708026,166.54883092572155,,,1.0,1.301484479973967,131.40730936515286,-3.642078445778145,-12.871162924325322,1.0,6.90772206751557,0.0,0.0054473869006385,,6.3927870035171495
exploration_video,155.155,157.155,159.12563333333333,120,0.9583333333333334,1.276188479396156,107.56517153526951,,,1.0,0.7859152367482072,94.88899478955544,-2.568277748887534,-14.268501712622394,1.0,6.175221293719845,0.0,0.1386706717288333,,7.038432097434996
exploration_video,156.156,158.156,160.12663333333333,120,0.9333333333333332,1.5143687509575052,103.18538253732515,,,1.0,0.7178648246274554,80.68482285266438,-4.419286544910121,-13.798376411457255,1.0,5.41349409692118,0.0,0.0497913062841789,,7.364240813255309
exploration_video,157.157,159.157,161.12763333333334,120,0.8666666666666667,1.2619892338750074,86.23420020402617,,,0.9583333333333334,1.4666566123625815,83.669059126086,,,0.9916666666666668,4.097183305192412,0.0,-0.0085433865364168,,8.328133153915404
exploration_video,158.15800000000002,160.15800000000002,162.12863333333334,120,0.8666666666666667,2.083732786293376,147.48868789908784,,,0.8,2.656609372534173,101.180473891957,,,0.95,3.589598482528592,0.0,0.1154780067477567,,19.29778347015381
exploration_video,159.159,161.159,163.12963333333337,120,0.825,2.66832732850397,337.55796177367137,,,0.775,4.145351071495783,562.4174134690992,,,0.9416666666666668,3.086261638682044,0.1130434782608695,0.104556049980307,,19.70740127563477
exploration_video,160.16,162.16,164.13063333333335,120,0.75,2.734650910970329,346.35603131395067,,,0.775,4.233785934296909,562.4174134690992,,,0.9166666666666666,3.0431109376304915,0.1160714285714285,0.3245050305339762,,19.731689834594725
exploration_video,161.161,163.161,165.13163333333333,120,0.75,3.305359722306632,434.0035405302531,,,0.775,3.405349202848277,200.5367680109925,,,0.9166666666666666,3.8336834049286175,0.1160714285714285,0.3281068394075553,,19.804555511474604
exploration_video,162.162,164.162,166.13263333333333,120,0.75,2.613523987061911,302.47710366830705,,,0.9333333333333332,2.228045643374574,105.94123322494066,,,0.95,3.84836158830308,0.1120689655172413,0.3689994507224154,,12.939283561706542
exploration_video,163.163,165.163,167.13363333333334,120,0.7916666666666666,2.2577659037481386,230.38695603009444,,,0.9583333333333334,1.082896565247207,53.45108333164926,,,0.9583333333333334,3.8741136714936766,0.0,0.3490113902367973,,11.573240756988524
exploration_video,164.16400000000002,166.16400000000002,168.13463333333334,120,0.8916666666666667,1.8674536364575176,188.2490355951954,,,0.9583333333333334,1.5447891290213924,82.92921338056044,,,0.9833333333333332,3.636202808216076,0.0,0.3202805823881632,,11.621175336837766
exploration_video,165.165,167.165,169.13563333333337,120,1.0,1.261988732138326,149.26572416356788,-4.29762420495431,-13.88869307182137,1.0,1.4791038082462498,87.66097246719815,-5.202230027202774,-13.662134247444586,0.9916666666666668,3.04303630246676,0.0,0.3906434252926776,0.2942137557332243,11.35966796875
exploration_video,166.166,168.166,170.13663333333335,120,1.0,1.1803772516145905,155.27999893503377,-3.934605775166579,-13.688785400203402,1.0,1.4468890646002237,94.22936214349616,-2.8452253716720826,-13.428126712405255,1.0,2.855158824018696,0.0,0.3534914208138539,0.21924998658079,9.237455558776844
exploration_video,167.167,169.167,171.13763333333333,120,1.0,1.2746856580830916,192.8321204410153,-4.493664467653679,-14.847890274161273,1.0,1.4421833376755475,94.22936214349616,-4.528986747581693,-13.345379029898895,1.0,2.6785799485805524,0.0,0.3766695266159006,0.1698239652799077,3.156613492965698
exploration_video,168.168,170.168,172.13863333333333,120,1.0,1.1614797014571745,132.0121849233733,-2.6559963701586007,-14.703094052228291,1.0,0.9069373889723884,63.86325525731071,-3.330938702032112,-13.856925566113503,1.0,2.3633897025638677,0.0,0.3338733202570852,0.368254797725041,3.0926211357116693
exploration_video,169.169,171.169,173.13963333333334,120,1.0,1.8465512078054451,196.2891867436152,-3.982580475442754,-13.18172088498638,1.0,0.7000180886577839,50.08986420933816,-4.636878186310917,-13.66472136475936,1.0,2.3245244766894544,0.0,0.4014204000820872,0.3030130149612787,4.85328452587127
exploration_video,170.17000000000002,172.17000000000002,174.14063333333334,120,1.0,2.2524286562784126,244.10804530800527,-3.801261061584204,-13.63895932930667,1.0,0.8156933220203572,48.88690922085196,-4.057187718399717,-13.612026418765772,1.0,2.314351882391791,0.0,0.4638885545413779,0.4586359533278479,5.851557016372681
exploration_video,171.171,173.171,175.14163333333337,120,1.0,2.165342021475704,145.8689809135199,-3.3562717191762275,-13.673800630444552,1.0,0.9753131382130024,58.71346808853279,-2.781079647863576,-13.888279574976744,1.0,2.4161023619812947,0.0,0.385096334787139,0.5035178518097124,6.643945789337154
exploration_video,172.172,174.172,176.14263333333335,120,0.9666666666666668,2.803762291370484,300.4719484411563,,,1.0,1.3230232202983745,98.14411420222643,-2.8699145258016707,-13.284204472422964,0.9916666666666668,3.085844095426142,0.0,0.3537179328900807,,6.643945789337154
exploration_video,173.173,175.173,177.14363333333333,120,0.9666666666666668,3.009621214174361,433.8899060553652,,,1.0,1.8317148114437292,128.4331227110309,-3.5536879191778854,-13.953041120232836,0.9916666666666668,3.415859188451273,0.0,0.1944269817248307,,6.918311595916748
exploration_video,174.174,176.174,178.14463333333333,120,0.85,2.9970328098436667,440.2396303178504,,,1.0,2.5597561942162,227.9655411743545,-3.035369730530564,-14.53386167304168,0.9666666666666668,4.621580256326828,0.0,0.0623388671589524,,8.112304067611692
exploration_video,175.175,177.175,179.14563333333334,120,0.85,3.0065861680254264,459.4143157291488,,,1.0,2.5140968490026885,287.5022171167624,-3.5633159720631293,-14.5749966354251,0.9666666666666668,6.029534278421402,0.0,0.1081615838728901,,8.6712899684906
exploration_video,176.17600000000002,178.17600000000002,180.1466333333333,120,0.8833333333333333,2.3837528015506693,250.1751878821333,,,0.9666666666666668,2.7452108725959983,304.9167966665419,,,0.975,6.195313592703717,0.0,0.1920264346638887,,9.925891017913818
exploration_video,177.177,179.177,181.14763333333332,120,0.8833333333333333,1.3159215080408029,68.98585483958303,,,0.9666666666666668,2.5457437824694726,160.07407746957972,,,0.975,6.233630252618477,0.0,0.3472259564015384,,9.925891017913818
exploration_video,178.178,180.178,182.14863333333332,120,1.0,1.2951574795717389,62.601934351820304,-8.12678472131187,-13.513065830236055,0.9416666666666668,2.0722848205293785,122.09281025081538,,,1.0,4.746839848404362,0.2327586206896551,0.441790457608561,,9.726241540908813
exploration_video,179.179,181.179,183.14963333333333,120,1.0,0.8842127608508012,56.77297477805129,-11.359856826250097,-12.895923301659192,0.9416666666666668,1.863461718368923,103.93449386098126,,,1.0,2.919396086138283,0.4913793103448275,0.4491247754441166,,9.726241540908813
exploration_video,180.18,182.18,184.15063333333333,120,1.0,1.0505165960120857,60.21654269106666,-7.298918611885312,-13.677846838916684,0.975,1.7112139604432648,122.09281025081538,,,1.0,1.595029004416615,0.725,0.6013862709016758,,5.611144614219665
exploration_video,181.181,183.181,185.1516333333333,120,1.0,1.1873992346055589,82.84585990820051,-6.813614283109751,-13.752384812313592,0.9583333333333334,1.8077278045455372,117.08368165846214,,,1.0,0.896983654620552,0.7333333333333333,0.5365767823207678,,6.75981867313385
exploration_video,182.182,184.182,186.1526333333333,120,0.8083333333333333,0.9731645099578832,86.81216455127998,,,0.8,1.4679019955278771,89.15856374788822,,,0.8583333333333333,0.9194737328387064,0.5922330097087378,0.4796816020590836,,13.404797029495237
exploration_video,183.183,185.183,187.15363333333332,120,0.6916666666666667,1.6887711452351837,168.7628310577979,,,0.675,2.285154819031205,161.0838192264319,,,0.7833333333333333,1.5365346775029631,0.3297872340425531,0.4663645074242638,,13.404797029495237
exploration_video,184.184,186.184,188.15463333333332,120,0.6916666666666667,1.4486502117705993,152.98414568445543,,,0.675,2.6939273499389143,172.17665553498983,,,0.7833333333333333,2.677433958942389,0.0106382978723404,0.3073979148604335,,13.47401418685913
exploration_video,185.185,187.185,189.15563333333333,120,0.6916666666666667,1.4665279383911396,138.4067573595295,,,0.6916666666666667,2.245113428849729,113.43938222684363,,,0.7833333333333333,3.106848719975345,0.0,0.1411342338975697,,13.918204355239869
exploration_video,186.186,188.186,190.15663333333333,120,0.8833333333333333,1.3870077033544468,144.99957958577147,,,0.875,1.9693755135277868,116.45742293082536,,,0.925,3.106542687901356,0.0,0.1613909222118854,,11.74229097366333
exploration_video,187.187,189.187,191.1576333333333,120,1.0,0.9443712324748428,96.6003555384082,-4.170533993501332,-14.237316015862955,1.0,1.5186339536063265,93.86371331667216,-3.2445435486572123,-13.268536683379374,1.0,2.829177127314373,0.0,0.2044673781421538,0.8124471394183544,10.977747917175291
exploration_video,188.188,190.188,192.1586333333333,120,1.0,1.057637811512099,83.51979495074067,-6.522254656676196,-12.564051685534288,1.0,0.8732020294114016,74.98140635797697,-3.2365860025403634,-14.37220999414932,1.0,2.2875520140129653,0.0,0.0779040323946692,0.0322465272892463,10.869023895263668
exploration_video,189.189,191.189,193.15963333333332,120,1.0,1.671160894601732,81.23572999302979,-3.230849237919237,-13.08969033487522,1.0,0.7502112175373479,66.28721638600675,-2.884560032136001,-14.219880544186482,1.0,2.4769474818956647,0.0,-0.0167349177484475,0.0033149959736598,7.881065845489502
exploration_video,190.19,192.19,194.16063333333332,120,1.0,2.1669549033203737,81.67137628974001,-4.1961361955542085,-13.216800332467846,1.0,0.7882364341043434,63.81310209199228,-4.51421467894706,-13.742240224395193,1.0,3.4980545927966964,0.0,-0.2626858955456969,-0.0485428925917843,9.49042763710022
exploration_video,191.191,193.191,195.16163333333333,120,1.0,2.158576973984744,80.62113077980197,-4.012287327460377,-13.329835755166316,1.0,1.2098176971490886,79.8325650854978,-2.666034979363274,-13.760137311609576,1.0,4.840551242441824,0.0,-0.328823894601683,-0.0004902602544929,10.35022530555725
exploration_video,192.192,194.192,196.16263333333333,120,1.0,1.7732970818171323,61.6642332220444,-3.639373630313205,-13.156416069217238,0.9166666666666666,1.690472493134608,94.13615548226711,,,0.95,5.954251444351067,0.0,-0.3111311686161769,,10.35022530555725
exploration_video,193.193,195.193,197.1636333333333,120,0.9833333333333332,1.232719100489287,45.65094661917563,,,0.675,2.126447172007317,119.57580513981652,,,0.825,6.581397734385353,0.0,-0.2179182992151096,,10.611542749404906
exploration_video,194.194,196.194,198.1646333333333,120,0.9583333333333334,0.7897881878351978,41.88542480361501,,,0.425,2.807513265935295,335.91787650653646,,,0.575,6.686464068558257,0.0,0.138384047321203,,10.340892505645751
exploration_video,195.195,197.195,199.16563333333332,120,0.9583333333333334,0.7060065734132117,40.98998535636644,,,0.175,2.960062044533736,415.040682834663,,,0.325,6.098094775541745,0.0,0.2048772703766095,,8.91477689743042
exploration_video,196.196,198.196,200.16663333333327,120,0.9333333333333332,1.1320913327492133,48.94345515644485,,,0.0083333333333333,4.408437871501662,415.040682834663,,,0.125,5.236716838900935,0.0,0.9902942963414458,,8.91477689743042
exploration_video,197.197,199.197,201.16763333333333,120,0.8583333333333333,1.3295286756425848,63.09041408328839,,,0.0,,,,,0.0,,,,,5.411827468872069
exploration_video,198.198,200.198,202.16863333333333,120,0.8416666666666667,2.6415761030091525,97.31185992330082,,,0.0,,,,,0.0,,,,,5.411827468872069
exploration_video,199.199,201.199,203.1696333333333,120,0.5916666666666667,3.6533654569226734,220.98215334403568,,,0.0,,,,,0.0,,,,,4.875539398193359
exploration_video,200.2,202.2,204.1706333333333,120,0.3666666666666666,4.702401253377773,426.6552602632165,,,0.0,,,,,0.0,,,,,4.479434013366699
exploration_video,201.201,203.201,205.17163333333332,120,0.2083333333333333,6.526062357016706,589.836343263378,,,0.0,,,,,0.0,,,,,4.552942657470703
exploration_video,202.202,204.202,206.17263333333327,120,0.1416666666666666,1.192250022769127,189.04277535891336,,,0.0,,,,,0.0,,,,,3.9043769836425777
exploration_video,203.203,205.203,207.17363333333333,120,0.3916666666666666,1.2400320796715767,188.8113685982362,,,0.0,,,,,0.0,,,,,3.2647434592247
exploration_video,204.204,206.204,208.17463333333333,120,0.6416666666666667,1.033490019672296,130.10688729236333,,,0.025,4.058163870378697,607.5444687564934,,,0.0666666666666666,4.501371156932691,0.0,0.6646260688922109,,3.2647434592247
exploration_video,205.205,207.205,209.1756333333333,120,0.8916666666666667,0.8863466741371405,99.72069987632884,,,0.1,2.0931254956709977,324.7807325481424,,,0.2416666666666666,4.414773393405098,0.0,0.3878435048940513,,2.622370254993439
exploration_video,206.206,208.206,210.1766333333333,120,0.975,1.0666530408752803,76.34022018570202,,,0.1666666666666666,1.48258584552351,135.40033748295758,,,0.4166666666666667,3.361624282965997,0.0769230769230769,0.2138843680552316,,2.3109397768974302
exploration_video,207.207,209.207,211.17763333333332,120,0.9666666666666668,1.3899256073702893,76.20464763004043,,,0.3583333333333333,1.920865738819299,130.6150577398386,,,0.625,2.823108126275298,0.050632911392405,-0.1608708809709847,,1.1808345675468443
exploration_video,208.208,210.208,212.17863333333327,120,0.9416666666666668,1.7309322038892443,117.17034151846408,,,0.4916666666666666,2.280365692242368,138.00652209777132,,,0.7416666666666667,2.5099054720855043,0.0421052631578947,-0.100546673252572,,1.023550397157669
exploration_video,209.209,211.209,213.17963333333333,120,0.8083333333333333,2.2032605383687844,202.35645669380165,,,0.65,2.073762121403415,140.83527505262697,,,0.7916666666666666,2.3973059376686567,0.0404040404040404,-0.1492386614644408,,1.3521438241004942
exploration_video,210.21,212.21,214.18063333333333,120,0.7083333333333334,2.2416625026776678,247.636454165862,,,0.725,2.311137857379218,221.5409110366882,,,0.7583333333333333,2.734967824325913,0.0,-0.1202699136382549,,1.3284094274044036
exploration_video,211.211,213.211,215.1816333333333,120,0.7166666666666667,1.6478624301366187,154.25410353962246,,,0.725,1.887493319044966,138.13392444681787,,,0.7666666666666667,2.6598158411533315,0.0,-0.052506186700129,,1.3451365053653717
exploration_video,212.212,214.212,216.1826333333333,120,0.6666666666666666,1.4052013284518057,133.29421998814422,,,0.8166666666666667,1.8839362429696584,102.3330407093056,,,0.775,2.6906345594011056,0.0765306122448979,-0.1488251595920564,,1.3451365053653717
exploration_video,213.213,215.213,217.18363333333332,120,0.6,1.4989794713983122,139.4294599563565,,,0.8333333333333334,2.1066888196018634,133.1658617563357,,,0.6583333333333333,2.1861302664158235,0.2209302325581395,-0.1957921631962854,,1.3036976933479307
exploration_video,214.214,216.214,218.18463333333327,120,0.475,1.4188406911936835,143.6761461766771,,,0.75,2.016898593339792,109.7452763770282,,,0.525,1.793384719196382,0.2753623188405797,-0.2304755110277699,,1.1616519689559934
exploration_video,215.215,217.215,219.18563333333333,120,0.4333333333333333,1.5423577280994965,109.72129988206568,,,0.625,2.4530910429420176,266.3870977855438,,,0.425,1.8447411985278812,0.3333333333333333,-0.2023568705480318,,5.1176200866699215
exploration_video,216.216,218.216,220.18663333333333,120,0.5083333333333333,2.043107442091552,92.61849291924196,,,0.55,1.740336311461031,226.41070550918928,,,0.45,1.620521192374139,0.2017543859649122,-0.1131743502900284,,6.350554227828978
exploration_video,217.217,219.217,221.1876333333333,120,0.7083333333333334,1.6629418125166862,96.95864971355292,,,0.55,1.284700127474394,99.52375918071895,,,0.5916666666666667,1.335356163292136,0.0,-0.0506649912527443,,6.350554227828978
f1o6FJL8bxM,0.0,2.0,3.970633333333333,120,0.9583333333333334,1.3065330239884474,122.25762041218314,,,0.4916666666666666,0.7788356292576077,62.88878386348587,,,0.6333333333333333,1.373640655676151,0.5608108108108109,0.0086605417068557,,2.6156118512153625
f1o6FJL8bxM,1.001,3.0010000000000003,4.971633333333333,120,0.975,1.5535487907320642,193.01510099290425,,,0.5333333333333333,0.7967609524481155,62.966042471894966,,,0.6,1.4282686629087264,0.4864864864864865,0.0204464035904696,,2.1885786056518555
f1o6FJL8bxM,2.002,4.002000000000001,5.9726333333333335,120,0.7666666666666667,1.824007920011369,287.836011265588,,,0.6333333333333333,0.6257208485403468,55.57644187772031,,,0.5,1.4817322571042075,0.2580645161290322,-0.0550550725507157,,3.8683155179023743
f1o6FJL8bxM,3.003,5.003,6.973633333333334,120,0.5583333333333333,2.146508064459731,342.64439281878566,,,0.8833333333333333,0.5280520571922411,50.50473700944048,,,0.5833333333333334,1.488529540123815,0.2733333333333333,-0.0276216173324314,,5.13820719718933
f1o6FJL8bxM,4.004,6.004,7.974633333333333,120,0.4916666666666666,1.284493985163278,204.210266046036,,,1.0,0.3220813738250902,48.09956559853298,-4.134969819951073,-14.46019242291922,0.625,1.4966170316969094,0.4012345679012346,0.1700318398755733,,5.739019966125488
f1o6FJL8bxM,5.005,7.005,8.975633333333333,120,0.5166666666666667,0.9200751209131538,90.85042578397412,,,1.0,0.4678286780263846,45.82049386544085,-3.4038161551798467,-13.106377454748356,0.65,1.2991726553973009,0.7716049382716049,0.3566165061248488,,5.737898731231689
f1o6FJL8bxM,6.006,8.006,9.976633333333334,120,0.725,0.6004017889524371,57.15827786949846,,,1.0,0.4482924691286335,38.04418986469543,-2.259304198108468,-13.077629716071009,0.8083333333333333,1.234701364804318,0.915,0.2533396940394404,,5.736777496337891
f1o6FJL8bxM,7.007000000000001,9.007000000000001,10.977633333333332,120,0.9333333333333332,0.4346137612832207,38.013850248657874,,,1.0,0.4492942592481598,37.55152973380983,-2.6694914936548697,-13.064584543865584,0.9583333333333334,1.2190184967741664,1.0,0.1735048228729887,,5.736777496337891
f1o6FJL8bxM,8.008000000000001,10.008,11.978633333333333,120,1.0,0.2895411604510895,28.925836803675807,-2.358285446441507,-13.751278732091029,1.0,0.4496334446207252,34.22832778512162,-3.3434274646517133,-13.057573726004698,0.9916666666666668,1.2050629696042408,1.0,0.1888298039846612,0.1153100569940602,2.4445362448692314
f1o6FJL8bxM,9.009,11.009,12.979633333333334,120,1.0,0.1493868386670823,20.156337440365856,-4.31222256629553,-13.840043515208006,1.0,0.2503389654645225,33.65290852801874,-3.805565557067864,-15.12074649455948,1.0,1.2396649329808098,1.0,0.193713190306637,0.0703151996525392,2.225450909137726
f1o6FJL8bxM,10.01,12.01,13.980633333333332,120,1.0,0.1586677951401514,21.796750956784727,-3.939708286496031,-14.809762085118688,1.0,0.2746467007752501,37.35433511642887,-3.8953967263753353,-15.057263103884909,1.0,1.2496457985268077,1.0,0.2323346108774811,-0.0318120204735862,2.7298508405685427
f1o6FJL8bxM,11.011,13.011,14.981633333333331,120,1.0,0.1877392256329968,20.87568214296882,-2.8180039864082262,-14.798042447339489,1.0,0.2759806083566813,32.16491864340212,-2.8537403600014004,-14.949848692937046,1.0,1.223434244931852,1.0,0.4701760998565633,-0.0868208722151113,3.885834848880768
f1o6FJL8bxM,12.012,14.012,15.982633333333334,120,1.0,0.2223407546624298,19.684771103169027,-2.6244444903202613,-14.670360239513965,1.0,0.2852777310709272,28.121771493183815,-3.2517566032602057,-14.822498036691176,1.0,1.1716581323567823,1.0,0.5860959529912909,-0.0298030759241971,4.492586612701415
f1o6FJL8bxM,13.013,15.013,16.983633333333334,120,1.0,0.2392106838501203,19.995098014380417,-2.453537347399184,-14.735794817870367,1.0,0.2696833337338631,24.820750824544795,-2.6666186912041425,-14.613723197083193,1.0,1.1184205581106474,1.0,0.7010540755523353,-0.0094185685647417,5.605279803276061
f1o6FJL8bxM,14.014,16.014000000000003,17.984633333333335,120,1.0,0.203334125188806,15.852393713248755,-2.41432910451093,-14.118525318034408,1.0,0.2574375422304354,24.820750824544795,-3.586753711690073,-14.67705642505837,1.0,1.0828525331786791,1.0,0.6662471294676869,0.1436530440682321,5.605279803276061
f1o6FJL8bxM,15.015,17.015,18.98563333333333,120,1.0,0.1748902142260004,15.852393713248755,-2.676735872849974,-14.12414202843752,1.0,0.2237975973654152,27.30564649950008,-3.2723084442794903,-14.698950199465838,1.0,1.081059028796424,1.0,0.4539895359137491,0.1065842366766955,5.387330245971679
f1o6FJL8bxM,16.016000000000002,18.016,19.986633333333334,120,1.0,0.1347044961112659,15.852393713248755,-3.47399922778784,-14.642258439119576,1.0,0.2377131602360616,30.15809462915748,-3.3255921411639706,-14.31988414135642,1.0,1.0749381501990638,1.0,0.1844075385262383,-0.0933952643047492,5.199197196960449
f1o6FJL8bxM,17.017,19.017,20.98763333333333,120,1.0,0.1780530215579462,17.747491506040337,-3.009963263091369,-13.90409392477127,0.85,0.2675601053469885,35.594025723773896,,,0.8916666666666667,1.0625561115375564,1.0,0.0596064671942052,,2.45863174200058
f1o6FJL8bxM,18.018,20.018,21.988633333333333,120,1.0,0.3459738022632923,24.82152468753976,-2.474438324517101,-13.980930841585906,0.6,0.2735454701429722,35.22372249043992,,,0.6416666666666667,1.0645560004211196,1.0,0.0355084184689922,,4.228412914276123
f1o6FJL8bxM,19.019,21.019,22.98963333333333,120,1.0,0.7347819669975738,47.44865996966044,-2.329786320835513,-14.196747906669986,0.5083333333333333,0.5151717974774865,66.32191968018881,,,0.5833333333333334,0.9250289322669208,1.0,0.0259664017175238,,5.095685029029846
f1o6FJL8bxM,20.02,22.02,23.99063333333333,120,1.0,1.376249042800267,192.33163768382423,-3.084975369211172,-14.475949548613537,0.2833333333333333,0.6694885509249608,95.7311973523898,,,0.425,0.7716467736446027,0.9629629629629628,0.2697616821771763,,5.095685029029846
f1o6FJL8bxM,21.021,23.021,24.991633333333333,120,1.0,1.7563448592223356,294.0457892122631,-3.0203668196416755,-14.728586402975168,0.2416666666666666,0.8386575283076829,214.0239795894965,,,0.4333333333333333,0.5178514462679206,0.9545454545454546,0.0230192597354642,,5.095685029029846
f1o6FJL8bxM,22.022,24.022,25.99263333333333,120,1.0,2.123413570639017,398.4880229178008,-4.263499984634716,-15.038428440355986,0.3666666666666666,1.2360283524275928,242.117796463846,,,0.5666666666666667,0.5243820494131329,0.9657534246575342,-0.0506624844980643,,5.095685029029846
f1o6FJL8bxM,23.023,25.023,26.99363333333333,120,1.0,2.382831238434341,466.0401156629852,-4.243661832987005,-15.199833902051228,0.3916666666666666,1.809421266237928,393.8669914330134,,,0.5333333333333333,0.4475771634734176,0.9652777777777778,-0.0306451157918352,,2.637999582290649
f1o6FJL8bxM,24.024,26.024,27.994633333333333,120,1.0,2.151058841171755,424.127131651393,-3.80258146825614,-15.19048975938512,0.4583333333333333,1.698410197046187,301.2443291569687,,,0.6083333333333333,0.4622343379593666,0.9935064935064936,-0.0065842239432389,,5.636535835266112
f1o6FJL8bxM,25.025,27.025,28.99563333333333,120,1.0,1.9579914251114725,392.558670211472,-2.8503218265765167,-15.414548326207834,0.5916666666666667,1.3975606856997982,178.8793070129052,,,0.6916666666666667,0.548043841485151,1.0,0.0276786129654813,,6.283351755142212
f1o6FJL8bxM,26.026,28.026,29.99663333333333,120,0.7833333333333333,1.8382015797592817,309.17057220474567,,,0.7166666666666667,1.1743212191792942,98.05066061785487,,,0.6333333333333333,0.576654841531152,1.0,0.0821020440812283,,10.346093559265135
f1o6FJL8bxM,27.027,29.027,30.997633333333333,120,0.65,1.2538904233273358,194.18900895551923,,,0.7833333333333333,0.9045924160483724,81.74839801710345,,,0.6666666666666666,0.866962749643694,1.0,0.0254174139245395,,10.767117309570308
f1o6FJL8bxM,28.028,30.028,31.99863333333333,120,0.65,0.9019521591637152,147.0131678994676,,,0.9416666666666668,0.851327034432303,69.4725465985842,,,0.7416666666666667,1.163200802162787,1.0,-0.1287375062099281,,12.974400091171264
f1o6FJL8bxM,29.029,31.029,32.999633333333335,120,0.4333333333333333,0.7624266728455275,123.51024000233107,,,1.0,0.833857361256267,69.55806633811743,-2.7002229511570968,-12.93945987119903,0.5916666666666667,1.3960381343319603,1.0,-0.1412515176593034,,13.901013565063472
f1o6FJL8bxM,30.03,32.03,34.00063333333333,120,0.4,0.712749529840202,120.30037609393152,,,1.0,0.6682535484359275,55.47942168111142,-3.4073518817886645,-13.871023307575465,0.5333333333333333,1.4559704679118344,1.0,-0.154360670674271,,14.089080619812009
f1o6FJL8bxM,31.031,33.031,35.00163333333333,120,0.525,1.4056748109795212,119.99321344728604,,,1.0,0.5306462794574095,48.58161717860639,-4.308856195103746,-14.178816886074475,0.5833333333333334,1.474729196502178,0.7,-0.100210656806993,,15.418870067596432
f1o6FJL8bxM,32.032000000000004,34.032000000000004,36.002633333333335,120,0.475,1.4890621487254776,99.55047525536024,,,1.0,0.7160804108376654,63.65126935974136,-3.5257195431432478,-14.694486754874864,0.5833333333333334,1.813306044484181,0.2753623188405797,0.1141152373410719,,12.97146005630492
f1o6FJL8bxM,33.033,35.033,37.00363333333333,120,0.4916666666666666,1.7481657444461265,125.6943793068882,,,1.0,0.7989596072099376,90.4360029136671,-2.912180714268027,-14.76669942257801,0.5916666666666667,1.879774227354948,0.176056338028169,0.0367213622981555,,9.895301914215088
f1o6FJL8bxM,34.034,36.034,38.00463333333333,120,0.6166666666666667,1.6194966841077223,171.73323370747255,,,0.8583333333333333,1.0239345508870272,156.93744830521263,,,0.7,1.8517530775512152,0.2202380952380952,0.0299682108170683,,11.01899242401123
f1o6FJL8bxM,35.035000000000004,37.035,39.005633333333336,120,0.375,1.2939430690399532,207.6526070495117,,,0.7416666666666667,1.2632555928529872,183.73636920041295,,,0.5166666666666667,1.849814768032634,0.2704918032786885,0.0881660646077308,,10.956334400177
f1o6FJL8bxM,36.036,38.036,40.00663333333333,120,0.175,1.7869339099691577,369.2722384556233,,,0.7416666666666667,1.012977630254113,116.21261698398315,,,0.3833333333333333,1.1096927171074753,0.6395348837209303,-0.1688120327769763,,10.670433521270752
f1o6FJL8bxM,37.037,39.037,41.00763333333333,120,0.3666666666666666,0.7233251864912447,106.83014929945772,,,0.7416666666666667,0.8564864949626586,103.86884410989964,,,0.5333333333333333,0.874328244462481,0.8852459016393442,-0.1131611843819817,,10.437784671783447
f1o6FJL8bxM,38.038,40.038,42.008633333333336,120,0.4916666666666666,1.1109371760192082,113.8545859836506,,,0.8833333333333333,0.6049352244906853,76.47106425086331,,,0.6416666666666667,0.6511111101350245,1.0,-0.0703280084611632,,7.739618110656736
f1o6FJL8bxM,39.039,41.039,43.00963333333333,120,0.5833333333333334,1.3487583454836891,144.55574003625645,,,1.0,0.4732357876499524,64.87738100719017,-3.499170022698433,-14.35032123943964,0.7166666666666667,0.6623980794240022,1.0,-0.0919894588027188,,6.361208486557003
f1o6FJL8bxM,40.04,42.04,44.01063333333333,120,0.65,1.3305822151544175,158.64130557836165,,,1.0,0.3568047887560546,54.3861994908432,-3.513754463769005,-14.403759914637796,0.7916666666666666,0.6704909550069438,1.0,-0.0823347603297768,,3.285873770713806
f1o6FJL8bxM,41.041,43.041,45.011633333333336,120,0.6583333333333333,1.3378546044475197,162.29611507247927,,,1.0,0.3381254913783479,48.93847864214362,-3.8589517613413777,-14.255247220034256,0.7916666666666666,0.6385642323408582,1.0,0.0879996253207237,,4.278681993484495
f1o6FJL8bxM,42.042,44.042,46.01263333333333,120,0.5333333333333333,1.041634350401918,116.84072247918512,,,1.0,0.3932919512960598,50.06060153556174,-4.805528340672189,-14.349294830119405,0.7416666666666667,0.6578256787216716,1.0,0.1697068932672033,,4.359753513336181
f1o6FJL8bxM,43.043,45.043,47.01363333333333,120,0.5916666666666667,2.1805328869044933,142.30148999999008,,,1.0,0.4152719348234211,57.2051015402476,-3.51774521765958,-14.748996282102611,0.7833333333333333,0.8893134601809721,0.8522727272727273,0.165631726485036,,6.117198657989503
f1o6FJL8bxM,44.044,46.044,48.014633333333336,120,0.525,2.308658831302106,126.30755270962102,,,1.0,0.5390581548590134,79.83831767289568,-3.4552872742055896,-14.639012214011718,0.7416666666666667,0.945289131458567,0.8354430379746836,0.1863920915868227,,6.262918186187743
f1o6FJL8bxM,45.045,47.045,49.01563333333333,120,0.4083333333333333,2.7782682426718197,104.2859219062036,,,1.0,0.5294967521358153,72.58580506648264,-3.0068786142106334,-14.557131135460851,0.725,0.9754830593098331,0.8289473684210527,0.0645723862659973,,7.100804996490474
f1o6FJL8bxM,46.046,48.046,50.01663333333333,120,0.4666666666666667,2.4884777818400834,90.363477119784,,,1.0,0.4585984703537225,56.82923350957035,-2.639686563651966,-14.396471362887024,0.775,0.983932977605601,0.8488372093023255,0.1714650583245791,,7.884768962860106
f1o6FJL8bxM,47.047,49.047,51.017633333333336,120,0.525,0.8079485740229339,84.75605183042573,,,1.0,0.3884760513666697,50.66799051548702,-3.792985039253084,-14.237687704667128,0.85,0.7556061357542185,1.0,0.2781774216866665,,5.745929670333863
f1o6FJL8bxM,48.048,50.048,52.01863333333333,120,0.775,0.6897940757277702,82.35824974047567,,,1.0,0.2414278816407985,40.574949798990005,-3.470374716887653,-15.008257094222092,0.9416666666666668,0.7438039497092829,1.0,0.1132765659227628,,
f1o6FJL8bxM,49.049,51.049,53.01963333333333,120,0.85,1.060468914244009,110.07949081054568,,,1.0,0.2520305741320524,33.81916567625993,-3.4521369232008787,-14.976494389565476,0.9416666666666668,1.2164193034916484,0.8083333333333333,0.0847023045363694,,
f1o6FJL8bxM,50.05,52.05,54.020633333333336,120,0.6666666666666666,1.1694271475653275,119.26969803713617,,,1.0,0.2953580757224628,43.71354998230949,-4.277983878719818,-14.338864354811044,0.7666666666666667,1.4758994638255647,0.7127659574468085,-0.0108863267659819,,
f1o6FJL8bxM,51.051,53.051,55.02163333333333,120,0.4583333333333333,1.1815843651200877,113.82666986246534,,,1.0,0.3817806645171218,49.55508871034802,-2.501967398585644,-14.415482582819886,0.5666666666666667,1.7465642127338432,0.6142857142857143,-0.134595313376672,,
f1o6FJL8bxM,52.052,54.052,56.02263333333333,120,0.2083333333333333,2.0694820480946805,339.19791484158105,,,1.0,0.4956359577753132,59.69977080098322,-2.989619942990114,-14.6129994389073,0.3333333333333333,2.4657776137117478,0.325,-0.0164914120109568,,
f1o6FJL8bxM,53.053,55.053,57.023633333333336,120,0.0166666666666666,0.2977645809736788,15.019437013565463,,,1.0,0.5249471710450785,81.9392173116843,-3.0878010059475827,-14.82958060331688,0.1666666666666666,2.1139254661178315,0.3529411764705882,0.0207188688491597,,8.139732241630554
f1o6FJL8bxM,54.054,56.054,58.02463333333333,120,0.2666666666666666,0.2212147346265813,16.138445773840175,,,1.0,0.5265290873909068,86.59464507656219,-3.5039239632543566,-14.939725406650924,0.3583333333333333,2.276967090664332,0.1395348837209302,0.1000042824512574,,8.060172486305236
f1o6FJL8bxM,55.055,57.055,59.02563333333333,120,0.5166666666666667,0.2357156964709486,17.629939001448484,,,1.0,0.4988496882974824,84.60058539632956,-4.177284348379295,-15.164085360075418,0.5583333333333333,2.4465475720974266,0.0,0.0190151555496971,,7.781713342666625
f1o6FJL8bxM,56.056,58.056,60.026633333333336,120,0.7166666666666667,0.1983907799369557,17.2343357206012,,,0.95,0.4604831320025397,78.4163927553723,,,0.8,2.35970094159157,0.0,0.0997584402802214,,7.309073066711423
hJQgFDsAms4,0.0,2.0,3.970633333333333,120,0.9583333333333334,0.4767281211712006,40.24672947577428,,,0.9583333333333334,0.2917559826306383,21.46248055622779,,,1.0,0.6259891554643213,0.85,0.2479125828684145,,3.922153174877166
hJQgFDsAms4,1.001,3.0010000000000003,4.971633333333333,120,1.0,0.8029390391013365,60.25987610382873,-3.607367796208837,-13.98013951315548,1.0,0.5846583287124599,35.20825832944255,-3.7872794063110766,-13.477916362083846,1.0,0.4888246052970053,1.0,0.4763826707026647,0.6664696140254095,4.300444412231445
hJQgFDsAms4,2.002,4.002000000000001,5.9726333333333335,120,1.0,1.6490947221095174,109.31073161422506,-3.236889355769073,-13.431433196119327,1.0,0.7022330932715766,49.90704220416289,-4.30507742299237,-13.632521516193354,0.9666666666666668,0.4406367889063162,1.0,0.506951388037431,0.0675998633751065,4.145938730239868
hJQgFDsAms4,3.003,5.003,6.973633333333334,120,0.8083333333333333,1.8679766432008744,117.53436102230236,,,1.0,0.8961855193204101,60.87538887903091,-4.131279051086183,-12.885131379779152,0.8166666666666667,0.3824226897566663,1.0,0.4980744807391422,,4.308418083190915
hJQgFDsAms4,4.004,6.004,7.974633333333333,120,0.5583333333333333,2.4971243299946035,196.3724053801635,,,1.0,1.1709445281415247,80.7466864690375,-4.3001166087262845,-14.084495524067002,0.5833333333333334,0.3293072878093091,1.0,0.4716115600791515,,4.111750817298889
hJQgFDsAms4,5.005,7.005,8.975633333333333,120,0.5,2.6526206498064635,256.54919337561955,,,1.0,1.2197175636910431,96.58157333084816,-2.9981079759897598,-14.370069758608008,0.5083333333333333,0.4769212157655949,0.953125,0.3023496704425438,,3.5074930310249326
hJQgFDsAms4,6.006,8.006,9.976633333333334,120,0.3,1.3585398067643242,105.34753897230765,,,1.0,1.2418894324087604,133.23018354552957,-3.23123033830666,-14.386361404791357,0.4083333333333333,0.5983456520477229,0.9375,0.3158497796001419,,2.489375376701352
hJQgFDsAms4,7.007000000000001,9.007000000000001,10.977633333333332,120,0.475,1.036519554631251,83.62067921136472,,,1.0,1.2071100970103268,146.60360510155033,-3.830586749714689,-14.924125307133147,0.55,0.7647341083292292,0.9545454545454546,0.1439439146643235,,1.886838537454605
hJQgFDsAms4,8.008000000000001,10.008,11.978633333333333,120,0.725,0.8667885876918204,75.92198597815016,,,0.8416666666666667,1.0988014941706468,152.38161995364672,,,0.7083333333333334,0.806571089964115,0.9655172413793104,0.1989316906137584,,2.082142555713653
hJQgFDsAms4,9.009,11.009,12.979633333333334,120,0.7833333333333333,0.7741487129080938,96.0411179302267,,,0.8416666666666667,0.9735007402349176,132.88936833077412,,,0.775,0.7189199355461683,1.0,-0.0153489008488998,,2.132718157768249
hJQgFDsAms4,10.01,12.01,13.980633333333332,120,0.9833333333333332,0.7181920638396437,79.9814936789948,,,0.8416666666666667,0.9588553723241396,140.96747178361252,,,0.8833333333333333,0.7410793288075744,1.0,0.0128088525002302,,2.082142555713653
hJQgFDsAms4,11.011,13.011,14.981633333333331,120,1.0,0.8550434362367894,95.08084017492683,-4.448111781005189,-14.580942947989756,0.8416666666666667,0.925430984736766,140.4618937502207,,,0.8833333333333333,0.7929390663297867,1.0,0.124721499186101,,1.6287822902202598
hJQgFDsAms4,12.012,14.012,15.982633333333334,120,0.9333333333333332,0.9243167223414718,120.88697322117484,,,1.0,0.997261553075136,140.97452210695832,-4.359330271139923,-14.424641090773177,0.9333333333333332,0.7802476886960432,1.0,0.1511537284773892,,1.0905802071094512
hJQgFDsAms4,13.013,15.013,16.983633333333334,120,0.775,0.8039082094900538,97.4699777286517,,,1.0,0.9735783419285616,135.45110067933788,-2.806503045589067,-14.805156859556122,0.8666666666666667,0.9107157626881434,0.9150943396226416,0.2822304110269523,,0.6781499594449997
hJQgFDsAms4,14.014,16.014000000000003,17.984633333333335,120,0.6666666666666666,1.0627433873479302,129.57039672231693,,,1.0,1.072650018081092,109.9207722738688,-2.934822343633641,-14.643068036899324,0.8416666666666667,1.038990476197898,0.78,0.2579318624909043,,1.9773804187774655
hJQgFDsAms4,15.015,17.015,18.98563333333333,120,0.6666666666666666,1.1380479756710753,102.03112657304696,,,0.9666666666666668,1.2046483956888376,112.88134535966282,,,0.85,1.187382291322397,0.75,0.0735070213209329,,2.236130487918853
hJQgFDsAms4,16.016000000000002,18.016,19.986633333333334,120,0.7333333333333333,1.4395415670442318,97.1084600194412,,,0.8416666666666667,1.1648264941857145,112.89910671834517,,,0.8,1.277231152566971,0.6595744680851063,-0.009477646642478,,2.6129110217094413
hJQgFDsAms4,17.017,19.017,20.98763333333333,120,0.6666666666666666,1.5045036248150272,96.1221976163188,,,0.8416666666666667,1.2107466417087798,114.90236091071304,,,0.6916666666666667,1.320759573092318,0.7228915662650602,-0.0363762229010682,,3.460895836353302
hJQgFDsAms4,18.018,20.018,21.988633333333333,120,0.7166666666666667,1.290757628216517,96.1221976163188,,,0.775,1.2589320439165868,116.64346972383922,,,0.7,1.1386279531994012,0.8809523809523809,-0.0005312660323094,,3.340855956077576
hJQgFDsAms4,19.019,21.019,22.98963333333333,120,0.7166666666666667,1.2354186975586847,141.0796202953705,,,0.7,1.031447967927979,113.69923671408124,,,0.6416666666666667,0.9161314492745986,0.9078947368421052,0.1594653690309709,,3.342546808719635
hJQgFDsAms4,20.02,22.02,23.99063333333333,120,0.5833333333333334,1.1130744828930903,166.82548160308755,,,0.825,1.195201973510554,102.08158357343784,,,0.6416666666666667,0.8122299650859057,1.0,0.2681107079653113,,3.3331703782081603
hJQgFDsAms4,21.021,23.021,24.991633333333333,120,0.8,1.0208957858538257,146.8187958746916,,,0.825,1.082413410935188,96.37428531409002,,,0.8083333333333333,0.7237634088588949,1.0,0.1029266649618259,,2.6850610852241514
hJQgFDsAms4,22.022,24.022,25.99263333333333,120,0.8583333333333333,0.9172979720636584,118.04211698033627,,,0.8083333333333333,0.9658587616065908,82.49282747228399,,,0.8083333333333333,0.7219643967593095,1.0,0.2350928271429452,,2.6850610852241514
hJQgFDsAms4,23.023,25.023,26.99363333333333,120,0.8583333333333333,0.9044826150754484,111.12255208711665,,,0.7833333333333333,1.2730839378979613,87.70702456193993,,,0.7916666666666666,0.632233814643448,1.0,0.0317174656505679,,1.5351993501186367
hJQgFDsAms4,24.024,26.024,27.994633333333333,120,0.8333333333333334,0.7643340522249578,101.22912264776808,,,0.6083333333333333,1.2090333738574277,110.92952213163764,,,0.675,0.6197436840327502,0.9878048780487804,-0.0974018752774063,,1.8036780297756196
hJQgFDsAms4,25.025,27.025,28.99563333333333,120,0.7666666666666667,0.8338338665922294,103.33693686754812,,,0.3833333333333333,1.767756623364648,136.7008965596553,,,0.5,0.7402702448579265,0.9827586206896552,-0.0343734945828481,,1.946900862455368
hJQgFDsAms4,26.026,28.026,29.99663333333333,120,0.7666666666666667,1.337172065988468,142.82523612045313,,,0.2166666666666666,2.6796943995550384,367.582175014914,,,0.3833333333333333,0.8691045347314423,0.9767441860465116,-0.7631128561877387,,2.27843154668808
hJQgFDsAms4,27.027,29.027,30.997633333333333,120,0.7666666666666667,1.3275099838357731,143.82184527976034,,,0.1,2.504477818004027,275.2070618451376,,,0.2083333333333333,1.2269058540002542,0.9565217391304348,,,7.362149858474731
hJQgFDsAms4,28.028,30.028,31.99863333333333,120,0.85,1.7512535879537168,185.41743327904663,,,0.025,5.3231481538254,446.2794338100717,,,0.1666666666666666,1.2596032732257585,1.0,,,7.362149858474731
hJQgFDsAms4,29.029,31.029,32.999633333333335,120,0.675,1.9196975558555665,213.42754347231067,,,0.075,2.881823427162621,469.9604930126199,,,0.1333333333333333,0.9534391540875417,1.0,,,7.362149858474731
hJQgFDsAms4,30.03,32.03,34.00063333333333,120,0.425,1.908788146405175,230.39685558576036,,,0.1916666666666666,2.3118508542773037,359.6720783327084,,,0.05,0.1289691793969662,1.0,,,7.505067157745361
hJQgFDsAms4,31.031,33.031,35.00163333333333,120,0.2666666666666666,3.590303435801244,619.9452014331188,,,0.325,3.232154856688055,353.6296099229327,,,0.1833333333333333,1.364779112907211,0.6,-0.3716654493117747,,5.147355842590332
hJQgFDsAms4,32.032000000000004,34.032000000000004,36.002633333333335,120,0.15,4.099286229217591,938.9023106227584,,,0.325,3.232154856688055,353.6296099229327,,,0.1916666666666666,1.6046194976067287,0.5833333333333334,-0.3716654493117747,,6.048859739303588
hJQgFDsAms4,33.033,35.033,37.00363333333333,120,0.1583333333333333,3.980108910436559,922.6456444531292,,,0.3416666666666667,2.8917644018980178,345.07337705082074,,,0.2083333333333333,2.2378829320816327,0.375,-0.3716654493117747,,6.185607433319092
hJQgFDsAms4,34.034,36.034,38.00463333333333,120,0.275,6.269353464200932,907.638594063298,,,0.35,2.793294616074026,284.49081532506966,,,0.3416666666666667,3.645675202876889,0.1923076923076923,-0.1371355837651113,,6.177718973159791
hJQgFDsAms4,35.035000000000004,37.035,39.005633333333336,120,0.225,6.1043752502291895,820.98834788461,,,0.4666666666666667,1.7893634179160116,204.0348115942141,,,0.3583333333333333,5.165092868511624,0.0326086956521739,0.179400516897393,,7.8227007389068595
hJQgFDsAms4,36.036,38.036,40.00663333333333,120,0.4166666666666667,3.4980175623615044,221.4391033514806,,,0.7166666666666667,1.6907830087824378,150.4458905397518,,,0.5833333333333334,5.53936211663713,0.0,-0.2224779789604532,,7.768377113342285
hJQgFDsAms4,37.037,39.037,41.00763333333333,120,0.6166666666666667,3.112590354535072,193.109573657944,,,0.6333333333333333,1.6780176786541012,128.32900106798792,,,0.5916666666666667,5.654220201684248,0.0,-0.2372146525468184,,7.75781328678131
hJQgFDsAms4,38.038,40.038,42.008633333333336,120,0.5833333333333334,1.5000251048804012,106.98388975878066,,,0.5916666666666667,1.491584703224041,90.29135659529038,,,0.4833333333333333,5.5191452440206605,0.0,-0.2957627824010387,,7.485419869422913
hJQgFDsAms4,39.039,41.039,43.00963333333333,120,0.725,1.351614720162855,119.42309399691592,,,0.5916666666666667,0.9417095596622314,56.20497525448792,,,0.5583333333333333,4.343011708194497,0.0,-0.2996420289523335,,5.328449916839599
hJQgFDsAms4,40.04,42.04,44.01063333333333,120,0.5916666666666667,1.271521103527104,92.26556355351642,,,0.5916666666666667,0.4915179010540447,49.00412101937075,,,0.475,3.0995040580188924,0.0943396226415094,-0.1186976877241791,,4.285574817657468
hJQgFDsAms4,41.041,43.041,45.011633333333336,120,0.4833333333333333,0.637007017585021,99.13443053625468,,,0.6833333333333333,0.4904345794747177,48.9912802225337,,,0.5,2.866580753579042,0.0892857142857142,-0.1788890509487046,,2.784932231903076
hJQgFDsAms4,42.042,44.042,46.01263333333333,120,0.4,0.6460362686158825,114.74133848353507,,,0.7583333333333333,0.7087926550962147,52.19936232825332,,,0.5666666666666667,2.6769924482580385,0.1692307692307692,-0.1788890509487046,,2.371332037448883
hJQgFDsAms4,43.043,45.043,47.01363333333333,120,0.2666666666666666,0.6436573221558382,75.53679721752127,,,0.6916666666666667,0.8432497496277623,81.1986572199485,,,0.4333333333333333,2.841057977185138,0.2444444444444444,-0.2015317092086901,,1.521319884061813
hJQgFDsAms4,44.044,46.044,48.014633333333336,120,0.15,0.8115781119300711,70.28077873954271,,,0.6916666666666667,1.0720371828548363,85.5016634950742,,,0.2916666666666667,2.7396261145177028,0.2307692307692307,-0.9049756338319296,,1.521319884061813
hJQgFDsAms4,45.045,47.045,49.01563333333333,120,0.05,1.779045342556059,173.02705182839298,,,0.8416666666666667,1.185722324000099,93.46495074194326,,,0.2166666666666666,2.5893428745450007,0.3529411764705882,,,1.561586022377014
hJQgFDsAms4,46.046,48.046,50.01663333333333,120,0.05,1.779045342556059,173.02705182839298,,,0.9333333333333332,1.1281942722981049,93.86505672019524,,,0.1166666666666666,3.214551904529243,0.0,,,1.5177241027355193
hJQgFDsAms4,47.047,49.047,51.017633333333336,120,0.05,2.004792717483873,432.0959021666922,,,0.8,1.3084421582354735,92.54224990860396,,,0.0833333333333333,1.0176110770774298,1.0,,,1.41095632314682
hJQgFDsAms4,48.048,50.048,52.01863333333333,120,0.3,0.9899010584670728,171.3337920438668,,,0.625,1.3503747354565376,124.47134394648242,,,0.1666666666666666,0.2230427491408336,1.0,0.4351818070653737,,1.7419311165809628
hJQgFDsAms4,49.049,51.049,53.01963333333333,120,0.55,0.9276426793147716,125.7103584787066,,,0.4,1.3656415052872914,157.38176299084188,,,0.2333333333333333,0.1911381225260278,1.0,0.1125492780585813,,1.5880238115787495
hJQgFDsAms4,50.05,52.05,54.020633333333336,120,0.8,0.9474371550089552,114.58639053245622,,,0.2166666666666666,1.3226811986565268,172.90616310136448,,,0.325,0.1578620665698595,1.0,0.108251806776108,,1.5880238115787495
hJQgFDsAms4,51.051,53.051,55.02163333333333,120,1.0,0.9474937224943534,148.03449697310157,-3.6664055855399487,-14.499758294711189,0.1666666666666666,0.6460556384373991,161.10155924726598,,,0.2833333333333333,0.0779751986695641,1.0,0.108251806776108,,1.4087025701999665
hJQgFDsAms4,52.052,54.052,56.02263333333333,120,1.0,1.2792975773454496,184.82912291519085,-4.044858232862342,-15.151469058502055,0.0916666666666666,0.456792568314019,136.97693581170043,,,0.2166666666666666,0.2418925270853211,0.8461538461538461,-0.1592363752787456,,2.590372121334076
hJQgFDsAms4,53.053,55.053,57.023633333333336,120,1.0,1.5659381152453935,251.16833945616168,-3.954402337597565,-14.715741218331845,0.1416666666666666,0.9798867553671576,204.75445602375743,,,0.2333333333333333,0.3917034960108863,0.8518518518518519,0.2828975247576868,,4.762479925155639
hJQgFDsAms4,54.054,56.054,58.02463333333333,120,0.9,1.9658713848986027,323.35296421802093,,,0.15,1.6091730676137803,334.6008726059948,,,0.2416666666666666,0.5806438472667227,0.8709677419354839,0.4649917927841038,,5.159226393699646
hJQgFDsAms4,55.055,57.055,59.02563333333333,120,0.65,2.2761547877651687,383.6615431890672,,,0.15,1.6091730676137803,334.6008726059948,,,0.2416666666666666,0.6486173519043039,0.8620689655172413,0.4649917927841038,,5.428959274291992
hJQgFDsAms4,56.056,58.056,60.026633333333336,120,0.5833333333333334,2.7459873054755493,457.3595714656344,,,0.15,1.6091730676137803,334.6008726059948,,,0.225,0.6338894898410398,1.0,0.4649917927841038,,5.728491497039794
iOEZ3i9rgYM,0.0,2.0,3.970633333333333,120,0.8166666666666667,0.7271132620287443,131.15398952011597,,,0.2583333333333333,3.798724729437185,535.160661473111,,,0.4083333333333333,0.8662480909855481,0.7159090909090909,-0.0518849102856985,,12.832990646362305
iOEZ3i9rgYM,1.001,3.0010000000000003,4.971633333333333,120,0.8583333333333333,0.7753326841157245,125.28414824588089,,,0.3916666666666666,1.4525676028857315,173.24335335257237,,,0.475,0.9176248153825726,0.8363636363636363,0.0872561987648997,,3.4686072230339047
iOEZ3i9rgYM,2.002,4.002000000000001,5.9726333333333335,120,1.0,0.7054016499565635,114.164331004051,-3.595155355592759,-15.053587607565502,0.6166666666666667,1.1784121614496743,158.29069755053268,,,0.6916666666666667,0.9314767091953556,0.8536585365853658,0.0487002894452575,,2.449685740470886
iOEZ3i9rgYM,3.003,5.003,6.973633333333334,120,1.0,0.7826685903122237,109.9933230198155,-4.691372564311206,-14.476143012220046,0.85,1.2867492032940482,161.5611729973283,,,0.8833333333333333,0.8511787184184787,0.8899082568807339,0.2022860138641259,,1.2534240186214447
iOEZ3i9rgYM,4.004,6.004,7.974633333333333,120,0.9833333333333332,0.8108352038542611,96.71870278581386,,,0.7666666666666667,1.1011276941082726,153.9032387510057,,,0.825,0.7803107550605969,0.8811881188118812,0.2660202444916685,,1.1186108887195585
iOEZ3i9rgYM,5.005,7.005,8.975633333333333,120,0.7333333333333333,0.8283280686796684,96.77785337832688,,,0.7083333333333334,1.0980808861693698,132.71186701658877,,,0.5833333333333334,0.6861877023560811,0.9577464788732394,0.3273221143534759,,1.2711495637893675
iOEZ3i9rgYM,6.006,8.006,9.976633333333334,120,0.5083333333333333,0.9998299356913884,121.3891076295433,,,0.7083333333333334,1.465828754835678,161.3697292543506,,,0.4,0.5644075418543297,1.0,0.6088003442918025,,1.4626104593276972
iOEZ3i9rgYM,7.007000000000001,9.007000000000001,10.977633333333332,120,0.5083333333333333,0.7948782549217418,112.36477862638873,,,0.725,1.3695578961110275,150.2110923275517,,,0.4083333333333333,0.7035074255324729,1.0,0.1965445036059801,,1.8259315192699428
iOEZ3i9rgYM,8.008000000000001,10.008,11.978633333333333,120,0.525,0.7506164369827621,106.24437769415046,,,0.8333333333333334,1.3185079724811322,157.65176456458727,,,0.5083333333333333,0.7625995615926842,1.0,0.2288572628097108,,1.8259315192699428
iOEZ3i9rgYM,9.009,11.009,12.979633333333334,120,0.775,0.6404784517644624,64.94177108055396,,,0.6416666666666667,1.4270340245680595,168.52103108220882,,,0.5583333333333333,0.7464510926692656,1.0,0.2288572628097108,,1.7317167162895202
iOEZ3i9rgYM,10.01,12.01,13.980633333333332,120,1.0,0.5816767026464859,57.11156739587031,-2.6274925478288798,-13.823854998757758,0.55,0.9732359697640268,109.29848528710328,,,0.6916666666666667,0.7175631056638175,1.0,0.3007950568483847,,1.480541294813156
iOEZ3i9rgYM,11.011,13.011,14.981633333333331,120,1.0,0.5282973793678029,51.692630787518624,-3.713112840146039,-13.620811208087405,0.4333333333333333,0.7042730194213142,114.751931291467,,,0.6083333333333333,0.6315171836741342,1.0,0.4667492906954356,,1.1093965768814087
iOEZ3i9rgYM,12.012,14.012,15.982633333333334,120,1.0,0.4484627417974999,49.94606309436941,-3.722167059725502,-14.594291092975064,0.2916666666666667,0.5795252007993363,101.32382314891724,,,0.4666666666666667,0.6665713933206642,1.0,0.4742907482190893,,0.9916361778974532
iOEZ3i9rgYM,13.013,15.013,16.983633333333334,120,1.0,0.5357031706728329,49.35964434585459,-3.3934452624999745,-14.200065128826989,0.5166666666666667,0.6698362285288765,97.342857343375,,,0.6583333333333333,0.7662062337880031,1.0,0.523769431991375,,12.048194169998167
iOEZ3i9rgYM,14.014,16.014000000000003,17.984633333333335,120,1.0,0.6651113378201517,60.21105726742957,-3.2214300490121017,-14.489429949954747,0.5,0.7457976556624621,98.8043289657477,,,0.6166666666666667,0.7072787394932346,1.0,0.3745402413312629,,12.867160034179689
iOEZ3i9rgYM,15.015,17.015,18.98563333333333,120,1.0,0.6847292244044697,57.89714939153112,-2.91892522022383,-14.48063392043309,0.6166666666666667,0.7576690347680061,89.7385220815471,,,0.7,0.7048406889575133,1.0,0.2431557292559328,,13.905976724624631
iOEZ3i9rgYM,16.016000000000002,18.016,19.986633333333334,120,1.0,0.6408500500360498,54.6110298191908,-2.7807761396146367,-14.412449649509892,0.8666666666666667,0.684713150577463,72.45945281476725,,,0.9083333333333332,0.7427644115151981,0.8440366972477065,0.223247615406337,,13.905976724624631
iOEZ3i9rgYM,17.017,19.017,20.98763333333333,120,1.0,0.5366601790755429,59.541836373009374,-3.3673522739766257,-14.452595503816886,0.8916666666666667,0.5937437676411563,55.57278810278977,,,0.9083333333333332,0.7836746876355094,0.8440366972477065,0.1404316682569334,,8.79805493354797
iOEZ3i9rgYM,18.018,20.018,21.988633333333333,120,1.0,0.3683712431618025,52.14638865025493,-3.3541132433548926,-14.82817063503157,1.0,0.490498315876693,45.56489156982876,-2.582112504043338,-14.794798569699696,1.0,0.8776270876980727,0.8583333333333333,0.0592222165367151,0.2644741743421858,7.388318419456482
iOEZ3i9rgYM,19.019,21.019,22.98963333333333,120,1.0,0.3649613012739685,46.75191340848174,-4.049987371178675,-14.6411687425578,1.0,0.435079977796045,44.843156697966485,-4.596089478747505,-13.73523931020068,1.0,0.9558330553492108,0.8583333333333333,0.1590302635105231,0.2666804270579564,0.9208383828401564
iOEZ3i9rgYM,20.02,22.02,23.99063333333333,120,1.0,0.5581612816007119,43.73165632115658,-2.533871877841152,-13.362454421311789,0.9,0.4762151230898587,46.04964354431587,,,0.9416666666666668,0.950880545252772,1.0,0.198658024228186,,0.4543146550655364
iOEZ3i9rgYM,21.021,23.021,24.991633333333333,120,1.0,0.5695843082233101,38.08228443755874,-2.1733308219083654,-13.165701498689184,0.775,0.521975201206446,54.70245896321746,,,0.8583333333333333,0.8425536055403183,1.0,0.2065342182524379,,0.4078211665153503
iOEZ3i9rgYM,22.022,24.022,25.99263333333333,120,0.7666666666666667,0.6683945977529959,35.285350124543854,,,0.775,0.838505379075137,101.2648759326379,,,0.6666666666666666,0.737864919809277,1.0,0.4450207879029322,,0.4090866938233375
iOEZ3i9rgYM,23.023,25.023,26.99363333333333,120,0.5166666666666667,0.7475008809553079,33.76465397525708,,,0.775,0.8918466496181989,122.48492976158252,,,0.4166666666666667,0.6230992006745045,1.0,0.400465718548605,,0.4055336833000183
iOEZ3i9rgYM,24.024,26.024,27.994633333333333,120,0.2666666666666666,0.3845758861138813,28.4574694203739,,,0.875,0.7646158504033367,101.3370572152028,,,0.225,0.4662779637016661,1.0,0.3776845362646951,,0.4061789959669113
iOEZ3i9rgYM,25.025,27.025,28.99563333333333,120,0.0166666666666666,0.3469688634861453,29.03666634154936,,,1.0,0.7897739696000854,103.4789450097544,-8.259846350069619,-13.444769736871564,0.0583333333333333,0.1848464903352083,1.0,0.4930281693186205,,0.4131580024957656
iOEZ3i9rgYM,26.026,28.026,29.99663333333333,120,0.0833333333333333,0.2217939293459066,46.15013938673573,,,0.875,0.5966325565226092,93.65465020027416,,,0.125,0.3108308356869529,1.0,0.0349782540916802,,0.407205456495285
iOEZ3i9rgYM,27.027,29.027,30.997633333333333,120,0.2583333333333333,0.2920787914314171,38.32646873466855,,,0.625,0.5603412935484782,74.05241000177274,,,0.125,0.3108308356869528,1.0,0.0349782540916802,,0.400935560464859
iOEZ3i9rgYM,28.028,30.028,31.99863333333333,120,0.2583333333333333,0.2920787914314171,38.32646873466855,,,0.6166666666666667,0.5835334452919472,90.27008056716122,,,0.125,0.3108308356869529,1.0,0.0349782540916802,,0.4120311453938484
iOEZ3i9rgYM,29.029,31.029,32.999633333333335,120,0.2583333333333333,0.2920787914314171,38.32646873466855,,,0.4833333333333333,0.3958028282376931,79.27166348400314,,,0.125,0.3108308356869528,1.0,0.0349782540916802,,0.4070804968476295
iOEZ3i9rgYM,30.03,32.03,34.00063333333333,120,0.4083333333333333,0.4190715099857994,51.49877271268281,,,0.3583333333333333,0.4140869777076046,90.92035145558432,,,0.0333333333333333,0.3047835250725482,,,,0.3915250837802887
iOEZ3i9rgYM,31.031,33.031,35.00163333333333,120,0.4833333333333333,0.5754016767422686,83.56818408105045,,,0.4666666666666667,0.3976321125909325,85.87535647953604,,,0.2,0.411316652577933,1.0,0.7643384434538086,,0.4329734921455383
iOEZ3i9rgYM,32.032000000000004,34.032000000000004,36.002633333333335,120,0.7333333333333333,0.7551823347785152,89.60500933169487,,,0.2916666666666667,0.4592141952535984,95.26052574361572,,,0.3166666666666666,0.4084255230590098,1.0,0.393562934961993,,0.5841497629880904
iOEZ3i9rgYM,33.033,35.033,37.00363333333333,120,0.9833333333333332,0.913236445614226,75.19984159319637,,,0.375,0.4168949674786562,47.653521027653234,,,0.5583333333333333,0.7142554813263713,1.0,0.1859401863024839,,0.7432169020175934
iOEZ3i9rgYM,34.034,36.034,38.00463333333333,120,1.0,0.9973033225523816,69.06736073645428,-2.764454935693447,-14.636262896877382,0.625,0.3868431678672946,59.83637004112354,,,0.775,0.9514796578184904,1.0,-0.0227159555874208,,0.8754386126995086
iOEZ3i9rgYM,35.035000000000004,37.035,39.005633333333336,120,0.8416666666666667,1.0824718449510304,63.67779098316654,,,0.7666666666666667,0.4143591943757385,59.43566281725775,,,0.7833333333333333,0.9628824406811984,1.0,-0.2732291359951607,,0.8754386126995086
iOEZ3i9rgYM,36.036,38.036,40.00663333333333,120,0.8416666666666667,0.8427210574669531,51.64693681681583,,,0.95,0.3347853008629212,41.300289588421805,,,0.9166666666666666,0.9934558198437772,1.0,-0.1409541157507904,,0.8754386126995086
iOEZ3i9rgYM,37.037,39.037,41.00763333333333,120,0.8416666666666667,0.479418357570863,39.82151754062392,,,1.0,0.3742968810272558,37.70649206237002,-4.49170218667341,-13.720642705537989,0.925,0.9330032879334748,1.0,-0.0262435149406792,,0.6096520572900771
iOEZ3i9rgYM,38.038,40.038,42.008633333333336,120,0.8416666666666667,0.2923508113059984,35.288245698603546,,,1.0,0.3847725202452686,35.24181107337141,-3.797828045158864,-13.666242717572798,0.925,0.6843674106571341,1.0,0.1978320208338184,,0.4868787631392479
iOEZ3i9rgYM,39.039,41.039,43.00963333333333,120,1.0,0.2414720895880795,34.060086002678524,-4.796889248339198,-14.545969223156709,1.0,0.4064024073274425,32.79242231306552,-2.7627773173938497,-13.510566519218449,1.0,0.7024827142992589,1.0,0.314735945947362,0.0114650732278906,0.4072364062070846
iOEZ3i9rgYM,40.04,42.04,44.01063333333333,120,1.0,0.2859273865442541,36.83165578960707,-2.8895670024475155,-14.302724103731494,1.0,0.4394831602047048,42.88993082296152,-2.950350934292928,-13.821272242703884,0.9916666666666668,0.6685406825711235,1.0,0.271001919295551,0.0129828027593901,0.4438858851790427
iOEZ3i9rgYM,41.041,43.041,45.011633333333336,120,1.0,0.3140713704097738,38.09975525910236,-2.633501750310044,-14.270033577753674,0.7833333333333333,0.4275119487068143,48.15806978391154,,,0.825,0.5846386605831714,1.0,0.234134283667086,,0.4611256122589111
iOEZ3i9rgYM,42.042,44.042,46.01263333333333,120,1.0,0.4274422451580206,47.952093455641545,-3.9603956343800784,-14.420379460944162,0.5916666666666667,0.6217724957793835,49.78420798335961,,,0.6666666666666666,0.5938341626650679,1.0,0.1174876125173354,,0.4611256122589111
iOEZ3i9rgYM,43.043,45.043,47.01363333333333,120,1.0,0.5541436496123573,65.57199007551031,-3.9062931345179432,-14.229649804660614,0.5916666666666667,0.6826278964321805,82.91553803723804,,,0.65,0.5606873631420493,1.0,0.0609842316980563,,0.4608939319849014
iOEZ3i9rgYM,44.044,46.044,48.014633333333336,120,1.0,0.6734957205444311,95.32763934935934,-2.269979790707879,-14.52544541855736,0.5916666666666667,0.9047607415123072,104.77660111653204,,,0.625,0.5248794859854891,1.0,0.2019889376683468,,0.4267585411667823
iOEZ3i9rgYM,45.045,47.045,49.01563333333333,120,1.0,0.7925521327771008,127.096299165438,-3.533858317481624,-14.683526602688229,0.8083333333333333,0.854758539575075,97.03612242036982,,,0.7833333333333333,0.6115988639800597,1.0,0.1945793703955949,,0.4080675199627876
iOEZ3i9rgYM,46.046,48.046,50.01663333333333,120,0.9583333333333334,0.876195711897241,147.39614551028723,,,1.0,0.8948120632360544,103.98914445016317,-4.116851650208746,-13.944230136692472,0.925,0.6234592379616877,1.0,0.229351420094918,,0.4080675199627876
iOEZ3i9rgYM,47.047,49.047,51.017633333333336,120,0.7333333333333333,0.8831715690406405,148.06795761218677,,,1.0,0.8610123422663899,90.14510981799228,-3.464125356089683,-13.838383319345445,0.7916666666666666,0.5837015983849853,1.0,0.2703339038379451,,0.4098375782370567
iOEZ3i9rgYM,48.048,50.048,52.01863333333333,120,0.4833333333333333,0.8481775044038037,139.59247031154032,,,1.0,0.7637943122277548,88.10516853540511,-2.761809354472128,-13.741204861192571,0.575,0.5817844672396274,1.0,0.2438383588179633,,0.3862629994750022
iOEZ3i9rgYM,49.049,51.049,53.01963333333333,120,0.2333333333333333,0.9613559032562023,209.26262946018488,,,0.9666666666666668,0.6901279315711225,73.82658206857968,,,0.3333333333333333,0.4269434538031344,1.0,0.3313826918412648,,0.4196136593818664
iOEZ3i9rgYM,50.05,52.05,54.020633333333336,120,0.225,0.658747323609171,68.57617467446308,,,0.7166666666666667,0.4665023957109439,55.45686408956641,,,0.1,0.1236256405135919,1.0,0.9612930348106348,,0.4201562643051147
iOEZ3i9rgYM,51.051,53.051,55.02163333333333,120,0.2333333333333333,0.7890531873004429,78.99309448225253,,,0.6333333333333333,0.4889916856031924,57.34728685758425,,,0.1083333333333333,0.2040634345010135,1.0,0.8400207161887084,,0.4350754618644714
iOEZ3i9rgYM,52.052,54.052,56.02263333333333,120,0.4833333333333333,0.8629728212574312,119.72831377129653,,,0.3833333333333333,0.4864289904608788,43.279948809864,,,0.225,0.2847976395361019,1.0,0.8400207161887084,,0.4593339651823044
iOEZ3i9rgYM,53.053,55.053,57.023633333333336,120,0.725,0.6546220142285284,83.40027630259841,,,0.1666666666666666,0.6736991005368604,95.89600129230296,,,0.225,0.2847976395361019,1.0,0.8400207161887084,,0.4580530345439911
iOEZ3i9rgYM,54.054,56.054,58.02463333333333,120,0.675,0.7583772184481559,93.37883096798984,,,0.35,0.8663920608584209,138.16385060002506,,,0.4166666666666667,0.2648223637452678,1.0,0.2849634258076373,,0.459412732720375
iOEZ3i9rgYM,55.055,57.055,59.02563333333333,120,0.8916666666666667,0.6837477155592782,96.45567201148457,,,0.4333333333333333,0.9771756145010444,218.1718395015479,,,0.5583333333333333,0.2956880803019202,1.0,0.1408485588918435,,0.4593668416142463
iOEZ3i9rgYM,56.056,58.056,60.026633333333336,120,0.85,0.5826956676345193,83.3144010461204,,,0.5083333333333333,1.0140369581491124,203.6688142415942,,,0.55,0.2703753875231973,1.0,0.254203433241169,,0.4580507174134254
iYdwYBTa4Kk,0.0,2.0,3.96,100,0.0,,,,,0.0,,,,,0.0,,,,,0.0423299968242644
iYdwYBTa4Kk,1.0,3.0,4.96,100,0.0,,,,,0.0,,,,,0.0,,,,,0.0011803909088484
iYdwYBTa4Kk,2.0,4.0,5.96,100,0.0,,,,,0.0,,,,,0.0,,,,,0.0009390963881742
iYdwYBTa4Kk,3.0,5.0,6.96,100,0.0,,,,,0.0,,,,,0.0,,,,,0.0009261950064683
iYdwYBTa4Kk,4.0,6.0,7.96,100,0.0,,,,,0.0,,,,,0.0,,,,,0.0007714258565101
iYdwYBTa4Kk,5.0,7.0,8.96,100,0.0,,,,,0.0,,,,,0.0,,,,,0.000756293645827
iYdwYBTa4Kk,6.0,8.0,9.96,100,0.0,,,,,0.0,,,,,0.0,,,,,0.0006320234620943
iYdwYBTa4Kk,7.0,9.0,10.96,100,0.0,,,,,0.0,,,,,0.0,,,,,0.0007257641118485
iYdwYBTa4Kk,8.0,10.0,11.96,100,0.0,,,,,0.0,,,,,0.0,,,,,0.0087057180702686
iYdwYBTa4Kk,9.0,11.0,12.96,100,0.02,0.5931995123210269,37.81026672819998,,,0.02,0.4938003956496378,31.44567019971153,,,0.07,9.202558404940508,0.0,-0.6701892654871082,,0.080624560266733
iYdwYBTa4Kk,10.0,12.0,13.96,100,0.27,0.1650868454666572,17.97185379373972,,,0.27,0.3099065983062533,40.78243082416695,,,0.32,9.343983222030024,0.0,-0.0547494081564399,,2.8926798343658446
iYdwYBTa4Kk,11.0,13.0,14.96,100,0.52,0.1231390947816802,9.171693465816825,,,0.52,0.2543177892751638,31.054397777893357,,,0.57,9.38178820056642,0.0,0.0806967416029324,,2.8926798343658446
iYdwYBTa4Kk,12.0,14.0,15.96,100,0.77,0.1220015497628674,9.370108138571258,,,0.77,0.2501005789265451,31.973650819533148,,,0.82,9.384775286748472,0.0,0.0192958646811171,,2.8926798343658446
iYdwYBTa4Kk,13.0,15.0,16.96,100,1.0,0.1558293512862021,10.639807794909718,-4.54686278662563,-13.673439479100052,1.0,0.2516420846050136,32.097692202753734,-4.270619598034292,-14.366396239157933,1.0,9.3704010500314,0.0,-0.0526294635854919,-0.05383216958614,2.1659575581550583
iYdwYBTa4Kk,14.0,16.0,17.96,100,1.0,0.1419705946638464,8.692212016025906,-2.620191309587679,-13.512791060459088,1.0,0.2424023288052123,31.165238724949965,-3.1753990710280258,-14.818441257972989,1.0,9.32397678174862,0.0,0.0135968948062542,0.0081692958249643,1.211370152235031
iYdwYBTa4Kk,15.0,17.0,18.96,100,1.0,0.1480054456337155,9.881817655242727,-2.2754933934744086,-13.549209180462077,1.0,0.2516413206986978,32.19174341593978,-3.246640839688576,-14.886846597124592,1.0,9.280084831641563,0.0,-0.0831246012156595,-0.0030675911170952,1.207158869504929
iYdwYBTa4Kk,16.0,18.0,19.96,100,1.0,0.1329825623375151,8.773883628066072,-2.900703662728228,-13.495537525125584,1.0,0.261792113543376,32.83765868784391,-4.307624761137297,-15.023452882211926,1.0,9.262509132933005,0.0,-0.1225222771220732,0.0050227948100267,0.9477520704269404
iYdwYBTa4Kk,17.0,19.0,20.96,100,1.0,0.1034954349120665,8.825652679712174,-4.179596711364963,-13.49525508881573,1.0,0.4378366391639328,41.7601771773411,-3.286567054898585,-11.368820867802588,1.0,9.2660673871387,0.0,-0.015918213487867,-0.3747289473554035,0.8267070859670639
iYdwYBTa4Kk,18.0,20.0,21.96,100,0.87,0.2459759354000152,11.092886021408953,,,0.75,0.4977034951120511,43.85362663987996,,,0.87,9.274980505548156,0.0,-0.107688022649489,,1.5747475743293773
iYdwYBTa4Kk,19.0,21.0,22.96,100,0.87,0.3010374381166362,16.405150197339303,,,0.5,0.6309363211203123,50.64344856489467,,,0.62,9.283194107517266,0.0,-0.081578333601933,,2.7239350080490112
iYdwYBTa4Kk,20.0,22.0,23.96,100,0.87,0.6399335261509819,26.643035871419208,,,0.25,0.9799406894604934,55.44460474228241,,,0.37,9.25745833664426,0.0,0.1028519957380471,,2.7239350080490112
iYdwYBTa4Kk,21.0,23.0,24.96,100,0.87,1.5022334378885116,46.60903999058208,,,0.0,,,,,0.12,9.188641059243263,0.0,,,2.8362101078033453
iYdwYBTa4Kk,22.0,24.0,25.96,100,0.96,1.369847381687192,40.34353375455746,,,0.0,,,,,0.0,,,,,3.684242820739746
iYdwYBTa4Kk,23.0,25.0,26.96,100,0.71,1.7488116155998572,61.857667557582026,,,0.16,0.700550709496541,50.67388526663279,,,0.0,,,,,15.02890625
iYdwYBTa4Kk,24.0,26.0,27.96,100,0.54,1.8644060851220776,93.90673211111498,,,0.41,0.720933072313424,43.79651049262315,,,0.13,1.8404641670817428,0.7692307692307693,0.6230024773764162,,18.38199005126953
iYdwYBTa4Kk,25.0,27.0,28.96,100,0.54,0.7033948370373962,68.59050139800365,,,0.66,0.7177565620541861,41.5240425123404,,,0.38,1.874509226728942,0.9210526315789472,0.5772891121578024,,19.58710212707519
iYdwYBTa4Kk,26.0,28.0,29.96,100,0.58,0.5809912866220275,68.21106863099084,,,0.91,0.6433059163632123,37.55693677601575,,,0.63,1.91626002844154,0.6666666666666666,0.5839641856365919,,19.05122718811034
iYdwYBTa4Kk,27.0,29.0,30.96,100,0.69,1.0935919045487892,68.82068246058091,,,0.84,0.9393265026494934,37.36785997634525,,,0.85,1.9328229503595693,0.6647727272727273,0.6109165297377301,,19.52011775970459
iYdwYBTa4Kk,28.0,30.0,31.96,100,0.84,1.6549695532826572,75.22480074859772,,,0.82,0.8346603782259323,35.94536322923025,,,0.97,1.7913288010604411,0.735,0.4249486536597102,,15.05771803855896
iYdwYBTa4Kk,29.0,31.0,32.96,100,0.84,1.6732115437711237,83.19881881666646,,,0.82,0.7643384265548382,37.08080435352399,,,0.97,1.845119177033807,0.695,0.2462363206424889,,9.52538766860962
iYdwYBTa4Kk,30.0,32.0,33.96,100,0.76,2.038345953811717,91.77549191938992,,,0.74,1.0214085718998849,48.7792411318605,,,0.94,2.0048056697724803,0.8298969072164949,0.1338526625175375,,9.79186573028564
iYdwYBTa4Kk,31.0,33.0,34.96,100,0.65,1.7408299338446402,86.55441234981245,,,0.65,0.6771205405406412,47.59684459861387,,,0.72,2.012307832914816,0.8888888888888888,0.0437478815506489,,11.852758932113645
iYdwYBTa4Kk,32.0,34.0,35.96,100,0.42,1.002606738489549,81.42092293088788,,,0.42,0.8601110888158798,66.99277272770458,,,0.47,2.37215291224478,0.8297872340425532,0.0939335803360127,,12.176075410842891
iYdwYBTa4Kk,33.0,35.0,36.96,100,0.4,1.9854447225461156,103.29953776898688,,,0.17,1.4163169786218084,98.99034077443464,,,0.26,2.418458179285784,0.84,0.2666529881957959,,12.176075410842891
iYdwYBTa4Kk,34.0,36.0,37.96,100,0.48,2.351287824216803,128.708850806976,,,0.0,,,,,0.08,1.160575701083428,1.0,,,11.607841062545775
iYdwYBTa4Kk,35.0,37.0,38.96,100,0.68,2.2015874523230066,100.72443814803388,,,0.01,0.9942248568005688,34.87671230874981,,,0.19,1.6149457909995806,1.0,-0.304464714064794,,7.829083275794982
iYdwYBTa4Kk,36.0,38.0,39.96,100,0.68,2.201587452323007,100.72443814803388,,,0.01,0.9942248568005688,34.87671230874981,,,0.24,1.5700057900969524,1.0,-0.304464714064794,,7.035247159004211
iYdwYBTa4Kk,37.0,39.0,40.96,100,0.54,2.6587284222091707,117.39736931840932,,,0.12,3.647209129897366,367.390563880072,,,0.31,1.46171453070593,1.0,-0.5749906606421018,,9.562455558776856
iYdwYBTa4Kk,38.0,40.0,41.96,100,0.29,2.975935838854219,87.1441579169931,,,0.13,3.4242589190506227,349.39606025327544,,,0.34,1.4140708296547757,1.0,-0.5749906606421018,,9.610125541687012
iYdwYBTa4Kk,39.0,41.0,42.96,100,0.12,4.2188568080255004,417.5267291593332,,,0.12,3.626761757571461,367.390563880072,,,0.32,1.288003774016514,0.9558823529411764,-0.6050490991506915,,9.610125541687012
iYdwYBTa4Kk,40.0,42.0,43.96,100,0.37,1.6908215319418445,57.61762101814566,,,0.12,3.626761757571461,367.390563880072,,,0.3,1.7883573487177995,0.859375,-0.6050490991506915,,9.610125541687012
iYdwYBTa4Kk,41.0,43.0,44.96,100,0.53,0.4775749765341938,53.07855339208515,,,0.25,0.6094635437579085,55.01981530702173,,,0.44,5.660477542992766,0.2976190476190476,0.0208038310205096,,2.739502191543579
iYdwYBTa4Kk,42.0,44.0,45.96,100,0.69,0.5138774127398484,59.00845639987487,,,0.44,0.8517412854500662,53.375245826900006,,,0.58,7.253387229168852,0.0982142857142857,-0.054202828678996,,2.7844339132308957
iYdwYBTa4Kk,43.0,45.0,46.96,100,0.78,1.0077372819978505,69.70689772123875,,,0.65,1.6823474581212918,63.179015533426686,,,0.63,6.736845163994462,0.2222222222222222,-0.1061120032308574,,7.278951549530029
iYdwYBTa4Kk,44.0,46.0,47.96,100,0.78,1.1733661970630584,86.1673061437529,,,0.9,1.2856099900375433,53.375245826900006,,,0.85,5.123723080438006,0.4588235294117647,-0.0480699391001001,,7.278951549530029
iYdwYBTa4Kk,45.0,47.0,48.96,100,0.78,1.4850795244160928,130.31412835626023,,,0.91,2.315621697707825,68.17572074413127,,,0.85,2.9790897748152965,0.7529411764705882,0.0128681742073475,,9.212520122528076
iYdwYBTa4Kk,46.0,48.0,49.96,100,0.87,2.241137274890717,214.14164278900688,,,0.75,2.661814898681806,111.0970972153369,,,0.75,1.1311100970029986,0.9545454545454546,0.0504834203913303,,9.137628650665285
iYdwYBTa4Kk,47.0,49.0,50.96,100,0.95,1.860727624316247,61.10419119020042,,,0.79,1.7918917840754591,47.2194668001824,,,0.86,2.2490989190901285,0.7329545454545454,0.2145747731071671,,9.057517433166504
iYdwYBTa4Kk,48.0,50.0,51.96,100,0.95,1.6535823976950934,51.96386436757184,,,0.79,1.8452282119357208,34.229187081359335,,,0.86,3.7064586792861935,0.4488636363636363,0.2668002734864518,,9.057517433166504
iYdwYBTa4Kk,49.0,51.0,52.96,100,0.93,1.7972172905829316,52.50969213867825,,,0.76,1.1244942285696031,32.57355506310796,,,0.85,5.076367184391301,0.1647727272727272,0.2744729826765724,,6.042851138114929
iYdwYBTa4Kk,50.0,52.0,53.96,100,0.93,0.9787904589353884,36.65726980888821,,,0.97,0.911986712077706,25.43779925485013,,,0.99,5.671825645812668,0.05,0.2910842537081228,,3.707135558128356
iYdwYBTa4Kk,51.0,53.0,54.96,100,0.98,0.7265559229000051,34.51036357313937,,,0.97,0.8080552321033243,22.35621494897132,,,0.99,5.79019218675908,0.0,0.2386007305067718,,3.405784225463867
iYdwYBTa4Kk,52.0,54.0,55.96,100,0.98,0.7536395911618244,36.41344646608482,,,0.97,0.7650163849352379,26.270041788013486,,,0.99,5.618398071644807,0.0,0.0814668545252515,,3.4706314086914056
iYdwYBTa4Kk,53.0,55.0,56.96,100,1.0,0.3155462835423987,29.89294104321919,-4.551824656420553,-13.295677174962425,1.0,0.3136393893364935,21.261263102591325,-6.399790051617621,-14.56262151915308,1.0,5.590360342900426,0.0,0.0364375074827795,0.8773096926065611,9.208306932449338
iYdwYBTa4Kk,54.0,56.0,57.96,100,1.0,1.1161357819261857,36.10124263383645,-3.7125461146326986,-11.780605544696051,1.0,0.8887385968882926,29.31991324567518,-1.93605740038429,-12.382813906549964,1.0,5.618306453186568,0.0,0.1568699766017478,0.4738997613678651,15.839045381546022
iYdwYBTa4Kk,55.0,57.0,58.96,100,0.99,2.0664816867557443,57.56159748412328,,,1.0,1.5025809331021578,67.92990462842215,-3.9190882133054776,-12.987232087912671,1.0,4.925052038975804,0.0,0.2486473168445354,,16.571393203735347
iYdwYBTa4Kk,56.0,58.0,59.96,100,0.94,2.3160290283305707,157.37573015844129,,,0.95,1.6393509591856914,88.00942422838772,,,1.0,4.539015900254639,0.0,0.4551654495830272,,16.7097183227539
ibiza_ci,0.0,2.0,3.959445745511319,96,0.9479166666666666,2.3417243389105,84.34054424498049,,,0.8020833333333334,1.800515901021878,69.99852079882419,,,0.8854166666666666,2.5108548109275035,0.5444444444444444,0.3821579172407198,,107.21571197509763
ibiza_ci,1.0002810304449647,3.000281030444965,4.959726775956284,96,1.0,1.5234801833616487,79.3448189970376,-3.843018088361441,-12.92011664420055,0.8541666666666666,2.312026628948923,78.00121193146754,,,0.8854166666666666,3.1604263955363567,0.4555555555555555,0.1273287506418043,,32.48562011718748
ibiza_ci,2.000562060889929,4.00056206088993,5.960007806401249,96,1.0,1.3272313966672682,77.560936045242,-2.859432856921532,-13.711556396532554,0.8541666666666666,2.638761391263655,86.5411037157466,,,0.8854166666666666,3.97623470351645,0.1888888888888888,-0.2297378560531578,,38.76822509765622
ibiza_ci,3.0008430913348945,5.000843091334895,6.960288836846214,96,1.0,1.4439628067675532,68.83017824617946,-4.399331082097163,-12.6291836624223,1.0,2.164595398422115,73.82273054205072,-2.8111357632598284,-12.973512983300706,0.96875,3.820271619069497,0.1979166666666666,-0.2511033350293495,0.0093447327729671,27.77095336914062
ibiza_ci,4.001124121779859,6.001124121779859,7.960569867291179,96,1.0,1.1908943568786985,57.033095623989794,-2.608974202718937,-12.369561497545844,1.0,1.738072007082027,65.41844554347657,-2.9175472507250566,-12.491720171542571,1.0,3.591418221616328,0.1770833333333333,-0.1553275694582672,-0.0322587747946526,26.396937656402585
ibiza_ci,5.001405152224824,7.001405152224824,8.960850897736144,96,1.0,1.1267619660253547,54.49490885752604,-2.273050165700557,-12.329768392491117,1.0,1.056593146712384,43.66186632678689,-2.505102605829148,-12.44966542299484,1.0,2.721492613781276,0.1770833333333333,-0.1413960064224856,-0.1391019300729504,21.28805770874021
ibiza_ci,6.001686182669789,8.00168618266979,9.961131928181109,96,1.0,1.2066114025456045,65.28846915535257,-5.924710406619037,-13.06917454293484,1.0,0.5930689503180723,27.62064146053488,-3.08816130363516,-12.95366024924038,1.0,2.1813934885751345,0.2083333333333333,0.0195418443418973,-0.2400750811172166,15.487560176849366
ibiza_ci,7.001967213114754,9.001967213114753,10.961412958626074,96,1.0,0.9964068059840476,76.44217678848989,-2.9751047571016613,-13.827854037438907,1.0,0.5108533152518998,24.19559069168521,-3.73439291284386,-12.778224734648637,1.0,2.2903798753030364,0.03125,0.0987023911715231,0.0189482832638689,12.091381740570068
ibiza_ci,8.002248243559718,10.002248243559718,11.96169398907104,96,1.0,0.9059305392675058,74.88094241440555,-2.9750365622862662,-13.844483405424352,1.0,0.447928861549444,28.55884522477449,-3.900838715405365,-13.227805567549238,1.0,2.1076853148819907,0.03125,-0.0134517842985038,-0.0043553231078465,10.232222318649292
ibiza_ci,9.002529274004683,11.002529274004685,12.961975019516004,96,1.0,1.5481038777991216,91.75844427895136,-5.262002935800801,-12.67438000434491,1.0,0.5936728599898947,41.33751697261918,-3.3086556863943986,-13.156922268175038,1.0,1.7429093320821398,0.21875,-0.005822424600713,0.3287878466739077,7.7550764083862305
ibiza_ci,10.002810304449648,12.002810304449648,13.962256049960969,96,1.0,1.3254708600534348,41.71994051978624,-2.521107524312476,-12.313511184762149,1.0,0.5891344269263655,43.32698397558413,-2.887642154861134,-13.15925982396979,1.0,1.6725538883632038,0.40625,-0.1536514749129192,0.3323996514355043,8.054341316223145
ibiza_ci,11.003091334894613,13.003091334894613,14.962537080405932,96,1.0,1.427617623753087,36.955435356577325,-2.3904054785552584,-12.272248999888529,1.0,0.8264161479402926,39.14778645781557,-3.9520850727241945,-12.565648579627943,0.9895833333333334,1.611525978735676,0.4270833333333333,-0.157061249773129,0.0497313817605252,9.569832563400269
ibiza_ci,12.003372365339578,14.003372365339578,15.962818110850897,96,1.0,1.8869483876509736,35.48160662322617,-8.117818203250213,-12.78026994808052,1.0,0.8880973423098254,40.08971792380664,-4.162204334187834,-12.783367786851764,0.9895833333333334,1.608588925076525,0.4791666666666667,0.0934034205401519,0.2180114876128882,14.982214355468743
ibiza_ci,13.003653395784545,15.003653395784545,16.963099141295864,96,1.0,1.2306980888852623,33.10309051803302,-2.178075859785228,-12.340974519470908,1.0,0.7892814082662833,33.03673672916484,-4.111150645509834,-12.597109789889918,0.9895833333333334,1.9175494432849425,0.2916666666666667,0.069753998111715,0.3197412811030699,17.60946483612061
ibiza_ci,14.003934426229508,16.003934426229506,17.963380171740827,96,1.0,1.5270532631656792,42.18621589093048,-3.147024239054301,-12.355440702016155,1.0,1.001711905565711,39.53338372463425,-4.971692074789696,-12.61471535596608,0.9895833333333334,2.1266359640959944,0.0729166666666666,0.3348742736297598,0.3185843736202984,17.848406314849854
ibiza_ci,15.004215456674473,17.004215456674473,18.963661202185797,96,1.0,1.4972856952410325,40.00337483298332,-2.867465715007347,-12.353823432042203,1.0,0.8549195147337793,41.29498356476996,-3.8056790036696646,-12.61769860574626,1.0,2.113856715250773,0.1979166666666666,0.1595721234673846,0.925957279586964,17.912699508666993
ibiza_ci,16.004496487119436,18.004496487119436,19.96394223263076,96,1.0,0.9893341120704372,28.294690211224072,-2.131775412581522,-11.271310494556152,1.0,0.9003513940015742,40.99301465694776,-3.1667964647160045,-12.1940007205328,1.0,2.1082347454597703,0.2708333333333333,0.1094522471234898,0.1372764131627771,15.972292518615715
ibiza_ci,17.004777517564403,19.004777517564403,20.96422326307572,96,1.0,1.0183265852633665,21.65836900225712,-3.2989275790036485,-10.97374479001303,1.0,1.36344336517654,50.054580295320434,-4.442985500098906,-12.17520472451864,1.0,2.022656294564652,0.3020833333333333,0.2158522807499198,0.1932166020846693,6.638505315780638
ibiza_ci,18.005058548009366,20.00505854800937,21.964504293520687,96,1.0,0.8102833719875249,22.597944024738982,-4.39676715699368,-12.331168660066435,1.0,1.4905297382393865,62.076644876327634,-3.3979131329706664,-12.80301947637178,1.0,1.5871773167239116,0.40625,0.165757946910822,0.042914654118243,12.079454898834229
ibiza_ci,19.005339578454333,21.005339578454333,22.96478532396565,96,1.0,1.3234661899305789,33.113927352561944,-3.198134925179864,-13.221839807373868,1.0,1.5223632838007244,72.2587435591271,-3.125460774460998,-12.991436222899472,1.0,1.3716210111322862,0.4895833333333333,0.2606762772687955,-0.0131714641771036,12.205995750427244
ibiza_ci,20.005620608899296,22.005620608899296,23.965066354410617,96,1.0,1.356659386466223,48.65643522019553,-2.94345974689348,-13.529025623457558,1.0,1.3147911589545356,63.87057342119331,-2.8296671331146874,-12.990630870352506,1.0,1.3288538952208115,0.4375,0.1600054756177406,-0.0121377877024279,12.184520483016968
ibiza_ci,21.005901639344263,23.005901639344263,24.96534738485558,96,1.0,1.7018873059929145,83.27105262802223,-3.8723326205568496,-13.733577979532395,1.0,0.9472937155956244,50.642627484694295,-5.139251250165982,-13.293682502863426,1.0,1.161526725668011,0.6145833333333334,0.2048869954599287,-0.0698989017090259,12.184520483016968
ibiza_ci,22.006182669789226,24.006182669789226,25.965628415300547,96,1.0,2.014201464441022,157.61158854538826,-5.114417883175758,-13.841255395943278,1.0,0.9978455934422183,51.83070278256908,-3.54549080291506,-13.209425861294829,1.0,1.200488009150769,0.7291666666666666,-0.0380204983897328,-0.2781246574072251,9.052150964736938
ibiza_ci,23.006463700234196,25.006463700234196,26.96590944574551,96,1.0,2.391572820949292,81.12746771439461,-4.007220264654027,-12.53577202846634,1.0,1.3177325428067652,49.8114484849116,-2.8369208634061804,-12.009965888399432,1.0,1.7465711830506483,0.5,0.0429718174564957,0.9396885516071102,10.01210503578186
ibiza_ci,24.00674473067916,26.00674473067916,27.96619047619048,96,1.0,2.583364422190225,81.12746771439461,-3.7349172362527208,-12.548311501556158,1.0,1.806498528916787,59.985623989982514,-3.552509115658051,-12.249677883269172,1.0,2.5459346672420757,0.4270833333333333,0.1696776453167461,0.6796904392996621,33.320505142211914
ibiza_ci,25.00702576112412,27.00702576112412,28.96647150663544,96,1.0,2.421267432785856,53.45083325113175,-3.08632334359635,-12.527130691061824,1.0,2.2414464585990435,83.00852079437934,-3.7146575633912176,-12.768029395546176,1.0,3.120889746880221,0.21875,0.1523295186715033,0.6635325320077629,35.3915714263916
ibiza_ci,26.00730679156909,28.00730679156909,29.966752537080406,96,1.0,2.544147033851284,43.51218115051839,-4.582236921679299,-12.568697853076277,1.0,2.449068335612191,89.27534121018058,-4.201218280835708,-12.985888189615228,1.0,3.555445531659261,0.0,0.3303179872798805,0.6932730189343669,35.43302593231201
ibiza_ci,27.00758782201405,29.00758782201405,30.96703356752537,96,1.0,2.188525120893861,45.16662434483304,-4.849124334232885,-13.158137569263925,1.0,2.1217478351894274,109.35369381526326,-3.819030044591225,-12.884019482294798,0.9895833333333334,3.4766117852666105,0.0,0.2355918888355388,0.4651929662902133,36.35080947875976
ibiza_ci,28.007868852459016,30.007868852459016,31.967314597970336,96,0.96875,3.1809997574566755,71.53213407175025,,,1.0,1.9871424465668832,99.36973813999404,-6.828639931912642,-12.494564477907774,0.9895833333333334,3.012254422833273,0.0,0.2007068725086438,,32.76233673095703
ibiza_ci,29.008149882903982,31.008149882903982,32.9675956284153,96,0.96875,3.993642072583991,308.8635133802431,,,1.0,1.6706353591660277,112.48165434476245,-4.504402291145319,-13.595158969592733,0.9895833333333334,2.727496630298724,0.1041666666666666,0.2111050217861564,,31.812131690979
ibiza_ci,30.008430913348946,32.008430913348946,33.96787665886026,96,0.96875,3.546036938240447,254.23902151689356,,,1.0,1.3152785690981037,99.69127527052711,-3.4174518666299245,-13.290669559098898,0.9895833333333334,2.3835735216568144,0.3541666666666667,0.2315866274294523,,31.67684392929077
ibiza_ci,31.00871194379391,33.00871194379391,34.96815768930523,96,0.96875,2.8838473168323846,108.34093269801924,,,1.0,1.5924852269611318,80.62447826772302,-3.4403753435617004,-12.936103820472225,1.0,2.2775190756710697,0.40625,0.2935821507521593,,18.032915115356445
ibiza_ci,32.00899297423887,34.00899297423887,35.9684387197502,96,1.0,1.783126438160355,68.73187302929969,-2.3485209539988507,-13.23113443789564,1.0,1.7753998772598365,80.07404663888377,-2.9455612389376693,-13.517057463031255,1.0,2.4214113892615083,0.40625,0.3841053255362474,-0.1867537090236475,16.428959226608278
ibiza_ci,33.00927400468384,35.00927400468384,36.96871975019516,96,1.0,0.7409228710103971,46.98271357702432,-3.282882445297512,-14.76481802208787,1.0,1.7284496300804333,69.3734380513967,-2.121329306498507,-12.899747821784446,1.0,3.0573545005213574,0.3020833333333333,0.3631818800962453,0.2777939180180666,16.75154328346251
ibiza_ci,34.009555035128805,36.009555035128805,37.96900078064012,96,1.0,0.6932547984334135,35.579758200097615,-3.2030734284925817,-13.131211020543194,1.0,1.6785387797404916,47.423629722463765,-2.6452564564470284,-12.359443236674032,1.0,3.803163892015194,0.0520833333333333,0.1018615827289667,0.4527034279293869,16.75154328346251
ibiza_ci,35.00983606557377,37.00983606557377,38.96928181108509,96,1.0,0.7273825690027088,33.915195227121444,-3.7855181521273753,-13.232724897297626,1.0,1.5741038786633377,45.59664260464923,-4.405984386809811,-12.666200275639635,1.0,3.8657304682732025,0.0,-0.0407111734618091,0.1086373540959495,18.9622537612915
ibiza_ci,36.01011709601873,38.01011709601873,39.969562841530056,96,1.0,1.2714594543064983,38.65892377459947,-2.861941267309505,-12.267153840796803,1.0,1.4653048339220984,42.21260714918155,-4.653537320977038,-12.519472910184628,1.0,3.483198011185712,0.0833333333333333,-0.115420701949491,0.0527176231804653,26.870534896850582
ibiza_ci,37.0103981264637,39.0103981264637,40.969843871975016,96,1.0,1.8038901773153444,46.9162074856432,-1.6652924830173983,-12.547006627214028,0.96875,1.6523096982365946,32.08730772697222,,,1.0,3.2197344646393398,0.09375,-0.0154020902409088,,27.013288497924805
ibiza_ci,38.010679156908665,40.010679156908665,41.97012490241998,96,1.0,1.7416676343139537,44.80212442160215,-1.635877123779201,-12.538408525625451,0.96875,1.7531986110815976,33.49098742763366,,,1.0,2.976372697523807,0.09375,0.1385793268455233,,27.013288497924805
ibiza_ci,39.01096018735363,41.01096018735363,42.97040593286495,96,1.0,1.6681542766499422,43.99208028600677,-1.6495860281989316,-12.37853647485978,0.96875,1.6914952048976786,31.7153927677786,,,1.0,2.809400757550995,0.09375,0.4389925056458,,27.013288497924805
ibiza_ci,40.01124121779859,42.01124121779859,43.97068696330992,96,1.0,1.0210180129881483,26.098942723622795,-2.361760672220094,-11.46637098805055,0.96875,1.7764662429006453,34.27655981321517,,,1.0,2.6327301936940746,0.1666666666666666,0.2952507712095231,,25.385369777679443
ibiza_ci,41.01152224824356,43.01152224824356,44.97096799375488,96,1.0,0.5143622737704461,25.320934740771293,-3.634780122337885,-12.793888322100855,1.0,1.3764935069732935,38.18590412084914,-2.4312121822809205,-12.218679679887822,1.0,1.9400308134711128,0.40625,0.1536020250421913,0.0602021645735223,15.183399438858032
ibiza_ci,42.011803278688525,44.011803278688525,45.97124902419984,96,1.0,0.6606530118646541,32.22135820893469,-3.578086581051346,-12.798024151423252,1.0,1.4732304511985248,47.3345839711356,-5.9037670624554135,-12.830532164396052,1.0,1.3938029510106933,0.5729166666666666,0.2245267046359402,0.2727556715436486,8.640626907348633
ibiza_ci,43.01208430913349,45.01208430913349,46.97153005464481,96,1.0,0.726786885480804,40.119804368171984,-3.1937433223429648,-13.09190604397389,1.0,1.3075783174914464,46.86774176262969,-6.895138614571411,-12.827048678506332,1.0,1.471151444537151,0.5729166666666666,0.0296217479478285,0.2208664861207159,6.11938214302063
ibiza_ci,44.01236533957845,46.01236533957845,47.971811085089776,96,0.9479166666666666,1.2026728084030769,51.66925712802496,,,0.9479166666666666,1.1669321500488896,44.22379802914784,,,1.0,2.077936026689013,0.4166666666666667,0.1318731648650304,,6.0238800048828125
ibiza_ci,45.01264637002342,47.01264637002342,48.972092115534736,96,0.9479166666666666,2.1312139363636664,95.17097137824145,,,0.9479166666666666,2.274863620919078,84.02659285036212,,,1.0,2.7593484311395904,0.1666666666666666,0.0487753962563469,,32.126970481872505
ibiza_ci,46.01292740046839,48.01292740046839,49.9723731459797,96,0.9479166666666666,2.3384241058213124,134.77076099964793,,,0.9479166666666666,2.8928489272298736,92.9894680004788,,,0.9791666666666666,3.6002496500728247,0.0,0.0294343309630453,,34.49471931457519
ibiza_ci,47.01320843091335,49.01320843091335,50.97265417642467,96,0.9479166666666666,2.6671594674720227,177.6398391028569,,,0.9479166666666666,3.9857832016619055,134.6930335354315,,,0.9791666666666666,4.256526953548101,0.0104166666666666,0.0893613523804573,,35.21942710876465
ibiza_ci,48.01348946135831,50.01348946135831,51.97293520686963,96,1.0,2.488987567057624,177.97755520856913,-2.85659242893343,-12.614181447090235,1.0,3.9393951287450726,185.6086622469737,-2.813841995796337,-13.606308087676531,0.9791666666666666,3.6963981783423554,0.1666666666666666,0.0358528754514275,0.1238767506879653,35.2633934020996
ibiza_ci,49.01377049180328,51.01377049180328,52.9732162373146,96,1.0,1.7694010764110015,130.99276545969184,-4.751086534772663,-13.294003604551582,1.0,3.233166192967992,130.9587906856025,-2.977911335555799,-12.59484558714509,0.9791666666666666,3.310637220620169,0.2395833333333333,0.1555438673917078,-0.1988506467744321,29.748395919799805
ibiza_ci,50.014051522248245,52.014051522248245,53.97349726775956,96,1.0,1.611361231306235,80.00659502339695,-3.849925017657391,-13.954948600966617,1.0,2.706375504104211,102.20592407959566,-2.755446035377344,-12.967115649902926,1.0,3.174489351116044,0.2395833333333333,0.2953198256565651,-0.074080223960495,43.69507904052734
ibiza_ci,51.014332552693205,53.014332552693205,54.97377829820453,96,1.0,1.764313826559823,76.76167356470435,-4.649664865682814,-13.205886294200695,1.0,2.696132529967833,171.37375899463962,-4.330866006559907,-13.252970169796708,1.0,3.110873117425133,0.2291666666666666,0.3726445390830705,0.8533242106082647,51.731209182739256
ibiza_ci,52.01461358313817,54.01461358313817,55.97405932864949,96,1.0,1.5282318358145368,80.45901621534514,-3.2098002052688206,-12.959042458109622,1.0,2.435877178776668,120.24430038509831,-2.3531601539206086,-13.202731315921138,1.0,4.008842196639082,0.0729166666666666,0.3861311043577848,0.9113426261494254,51.690064430236816
ibiza_ci,53.01489461358314,55.01489461358314,56.974340359094455,96,1.0,1.8153270064749825,112.16322885172042,-4.659909812062345,-13.2294737294473,1.0,2.4047285789891357,117.80501604964438,-2.578091815196712,-13.188336127540754,1.0,4.610712800134931,0.0,0.4592797616689666,0.8850093598696627,51.67434310913086
ibiza_ci,54.015175644028105,56.015175644028105,57.97462138953942,96,1.0,1.8965395219728935,139.99188582956583,-4.481447317169057,-13.343013403643624,1.0,2.0362864672472827,89.70184240978733,-2.771325044412002,-13.17777422085652,1.0,4.8661749208785805,0.0,0.264820540202938,0.8789420015834766,51.64290046691895
ibiza_ci,55.01545667447306,57.01545667447306,58.97490241998439,96,1.0,1.925011898829733,113.71467802388057,-2.775301976191072,-13.62647195499854,1.0,1.0922017577385497,72.68439621929735,-3.4724057991542745,-13.599484410060104,1.0,4.641162962582732,0.0,0.2350261473605541,0.0021130584585343,33.94540176391599
ibiza_ci,56.01573770491803,58.01573770491803,59.97518345042935,96,1.0,2.0386874253009477,95.37364320771462,-2.838796021482324,-13.563359541915524,1.0,1.212768930196649,75.43436748408745,-3.642357174761416,-13.676194151272808,1.0,3.900613856462088,0.0833333333333333,0.3758468168528797,0.0071810663373766,25.209700107574463
ibiza_ci,57.016018735363,59.016018735363,60.97546448087432,96,1.0,1.6977776141645369,67.54453845413298,-2.144268393823812,-12.918726184055048,1.0,1.0167398032526411,58.60411045322502,-2.268404745910498,-13.831305653049652,1.0,3.2786695841582727,0.1875,0.3285238009961719,-0.031956356832173,14.54448938369751
ibiza_ci,58.016299765807965,60.016299765807965,61.97574551131928,96,1.0,2.1037682833882085,63.26674397463101,-4.121365950587708,-12.070907849650943,0.96875,1.4289461442492457,62.72519292001882,,,1.0,2.383943683972528,0.3541666666666667,0.5510690834890948,,13.690026903152466
ibiza_ci,59.01658079625293,61.01658079625293,62.97602654176425,96,1.0,2.225098679686479,75.45596534116586,-4.793942080143333,-12.703438700889562,0.96875,1.8279454373756092,70.87125412351735,,,1.0,1.8734100391616,0.5625,0.5577880334155216,,15.234610271453851
ibiza_ci,60.01686182669789,62.01686182669789,63.97630757220921,96,1.0,2.6477053283916097,123.15285675477143,-3.6163398952892423,-13.159085008519124,0.96875,1.7459104941681782,67.0591470913403,,,1.0,1.9803554588556735,0.53125,0.3376477660207502,,15.250764179229732
ibiza_ci,61.01714285714286,63.01714285714286,64.97658860265418,96,1.0,2.5283690374940044,128.29548512092754,-3.8812383805137016,-13.157231087778587,0.96875,2.024360886464011,135.72398575179074,,,1.0,2.121156846286688,0.4270833333333333,0.2028262125618523,,15.318195724487303
ibiza_ci,62.01742388758782,64.01742388758782,65.97686963309914,96,1.0,2.188511714830037,91.16913930839814,-5.042711093790728,-13.048144786536742,0.8645833333333334,2.1180909391798006,169.15499990779216,,,1.0,2.6562012901058734,0.2604166666666667,0.0793290663613484,,22.978107833862303
ibiza_ci,63.017704918032784,65.01770491803279,66.97715066354411,96,1.0,1.9358608536658632,82.808294087441,-4.933716518363033,-13.76256741845698,0.8645833333333334,2.170797076211016,110.71942718188971,,,1.0,4.126463809041575,0.0520833333333333,-0.0248068642645073,,24.542181205749504
ibiza_ci,64.01798594847774,66.01798594847774,67.97743169398908,96,0.8645833333333334,1.5248817244003832,60.06545154426266,,,0.8645833333333334,3.7350911205897153,159.78648242080848,,,0.9791666666666666,4.463850733691291,0.015625,-0.0738978775672996,,29.71295127868652
ibiza_ci,65.01826697892271,67.01826697892271,68.97771272443403,96,0.8645833333333334,2.070056789872882,121.4150168102606,,,0.8645833333333334,3.511899421332012,120.35645936405724,,,0.9791666666666666,4.456762228187837,0.015625,0.0352118089078665,,71.13500366210936
ibiza_ci,66.01854800936768,68.01854800936768,69.977993754879,96,0.8645833333333334,3.1888352164253244,232.8610081658981,,,1.0,2.9694248693176206,98.8987850348912,-1.73307568714465,-11.597529416007294,0.96875,4.56518482996442,0.015625,0.1373386003954365,,81.21457977294921
ibiza_ci,67.01882903981264,69.01882903981264,70.97827478532396,96,0.8645833333333334,3.0727915410788844,177.14184631632062,,,1.0,2.536585476887629,89.94213184396611,-2.1396411871267933,-11.452118326621536,0.96875,3.591545156392409,0.015625,-0.1391075830866483,,80.10789337158202
ibiza_ci,68.01911007025761,70.01911007025761,71.97855581576893,96,1.0,2.86628198292078,87.78155208175873,-1.9262258087350796,-12.872589031058933,1.0,1.155526616951762,61.4738197940617,-3.857538092980092,-13.441231089058032,0.9895833333333334,3.007288288662535,0.2395833333333333,-0.0237730786873933,0.0565199633446223,78.15129241943357
ibiza_ci,69.01939110070258,71.01939110070258,72.9788368462139,96,1.0,2.805111444193209,67.5682921070681,-4.913932016284641,-12.632787225944956,1.0,1.054551161257134,48.99394059862794,-2.9082812124443915,-13.037771709384444,0.9895833333333334,2.8521529790178364,0.4479166666666667,-0.0421846750086147,0.0707218627700595,27.60158920288085
ibiza_ci,70.01967213114754,72.01967213114754,73.97911787665886,96,1.0,1.9016922558573632,66.97787030187217,-3.054776350133918,-12.611210549150131,1.0,1.140976116721068,54.87357396662085,-4.176206247087214,-12.58438603254821,0.9895833333333334,2.860005959766464,0.4739583333333333,-0.0415152090883001,0.1064609779850364,30.55432872772217
ibiza_ci,71.01995316159251,73.01995316159251,74.97939890710383,96,1.0,1.8658705577423031,101.12707183797158,-4.22618039013604,-12.86246684526285,1.0,1.843858432239337,66.92185090040377,-2.7784881397760515,-12.787332120379832,0.9895833333333334,2.5809954300010998,0.515625,0.289796455730133,-0.0029662369776999,29.239885330200195
ibiza_ci,72.02023419203746,74.02023419203746,75.9796799375488,96,0.96875,2.719536319326185,187.64172629117485,,,1.0,2.546679777694902,94.08146714650977,-2.1905346863749244,-12.631774847011984,0.9895833333333334,2.88605290309656,0.359375,0.3824472355508835,,29.917186737060547
ibiza_ci,73.02051522248243,75.02051522248243,76.97996096799375,96,0.9375,3.1531310720149426,228.2386684744233,,,1.0,2.8421363433075357,147.3395991612058,-2.292898880600273,-13.32092129074423,0.9895833333333334,3.052705516285452,0.2447916666666666,0.3697574132947898,,29.21517877578735
ibiza_ci,74.0207962529274,76.0207962529274,77.98024199843871,96,0.9375,2.8782345836564533,145.2803725955826,,,1.0,2.6583857784961764,105.68645776654157,-2.358285834857595,-13.118767952648923,1.0,3.163063296197045,0.21875,0.3195335006027871,,28.423006439208983
ibiza_ci,75.02107728337236,77.02107728337236,78.98052302888368,96,0.9375,2.986959653704886,114.72368100657027,,,1.0,1.9828353614557752,94.78628176938882,-4.2482702142233535,-13.197529110638571,1.0,3.2468576760528065,0.1770833333333333,0.3365904463038616,,28.13253517150879
ibiza_ci,76.02135831381733,78.02135831381733,79.98080405932865,96,0.96875,2.0148920086328017,88.85490480236348,,,1.0,1.419386606024301,97.49741787206428,-5.970090616775881,-12.860656416246805,1.0,2.947038405490755,0.1770833333333333,0.129350070133807,,27.2507381439209
ibiza_ci,77.0216393442623,79.0216393442623,80.98108508977361,96,1.0,1.4378106978505591,68.56334237521853,-2.5199282783161894,-13.606429528923162,0.9583333333333334,1.4208341550885637,71.21608588684833,,,1.0,3.622947211721717,0.09375,0.2520753972866239,,23.64612455368041
ibiza_ci,78.02192037470726,80.02192037470726,81.98136612021858,96,1.0,1.331805235414942,54.18219044607879,-2.6256924751246133,-13.405760344265886,0.9583333333333334,1.5491650800543255,48.8321497949387,,,1.0,3.859306685129936,0.09375,0.1799539826561657,,22.70432586669921
ibiza_ci,79.02220140515222,81.02220140515222,82.98164715066355,96,1.0,1.0239097329256357,40.89267534343711,-2.4003348570052063,-12.250068752690462,0.9583333333333334,1.457701838957132,38.96868760493632,,,1.0,4.0434437821122655,0.09375,-0.1799056787074673,,22.871236801147464
ibiza_ci,80.02248243559718,82.02248243559718,83.9819281811085,96,1.0,0.9561176355613648,41.72312118670372,-3.7227287750238256,-12.830238405244534,0.9583333333333334,1.1595836755555802,24.882230958359997,,,1.0,4.340359644121995,0.0104166666666666,-0.2108406085859669,,18.407028579711916
ibiza_ci,81.02276346604215,83.02276346604215,84.98220921155347,96,1.0,0.8814924956016323,36.56053343720024,-2.7608780049977595,-13.503527989997416,1.0,0.7742335591930448,18.77263600974711,-2.233045050321018,-11.516166538998434,1.0,3.8220878783793513,0.0,-0.3550530701191059,-0.1097334498646496,16.476818561553955
ibiza_ci,82.02304449648712,84.02304449648712,85.98249024199843,96,1.0,0.8095501288121025,33.50878025802741,-2.04159036667528,-13.47246189734789,1.0,0.6842209821186468,18.375461594095228,-5.390838398812663,-10.762291474902664,1.0,3.408582268856383,0.0,-0.2535163668303745,-0.0793714610355948,14.284114837646484
ibiza_ci,83.02332552693208,85.02332552693208,86.9827712724434,96,1.0,1.385996611328056,32.32812704820843,-2.8388283140151493,-12.265088758527648,1.0,1.088964615011779,21.94329153175273,-2.4609636649903344,-11.322730190115838,1.0,2.9312516059305938,0.03125,0.0008786361592359,0.1537243173775586,9.24827527999878
ibiza_ci,84.02360655737705,86.02360655737705,87.98305230288837,96,1.0,1.2814476951120808,21.689285099018896,-2.656670176479337,-12.220159255842558,1.0,1.3072590811431712,29.591556034043947,-1.6789186930031494,-11.84088810303889,1.0,2.8557008646409288,0.03125,0.0632918507435063,0.1439754534569575,9.074604034423828
ibiza_ci,85.02388758782202,87.02388758782202,88.98333333333333,96,1.0,1.212207720950776,22.167301509156992,-2.47490420265159,-12.223810807740133,1.0,1.5624853434184418,43.65040628279592,-2.2921939773316105,-12.239197161085649,1.0,2.565145345061417,0.03125,0.2560648504996428,0.1273081510236236,9.074604034423828
ibiza_ci,86.02416861826698,88.02416861826698,89.9836143637783,96,1.0,1.8811511148326467,32.732949021466794,-4.928274268332401,-12.230377031994824,1.0,1.833472979312108,49.483093430859455,-2.827257399909596,-12.318557961578051,1.0,2.1473345226824256,0.03125,0.3878059409462204,0.1210594433318421,9.006335973739624
ibiza_ci,87.02444964871194,89.02444964871194,90.98389539422328,96,1.0,1.605236946294072,36.65493049666455,-1.97862454431632,-11.31002751954368,1.0,1.3942553852727224,51.98350489393749,-2.4167500227266494,-12.345362589259476,1.0,2.4755116884265966,0.0,0.35067868259381,0.1949086021000374,6.162588357925415
ibiza_ci,88.0247306791569,90.0247306791569,91.98417642466822,96,1.0,2.4564037886423464,51.70790732331241,-2.2359130933377225,-11.250318838176277,0.8229166666666666,1.300142952180156,52.43268810569359,,,0.9270833333333334,2.2875781971460807,0.1348314606741573,0.5455263382645512,,5.123153448104858
ibiza_ci,89.02501170960187,91.02501170960188,92.9844574551132,96,1.0,2.4826956307401,41.81275312079612,-2.289882312212093,-11.03019384671305,0.8229166666666666,1.0438472678535375,46.09126453327829,,,0.9270833333333334,2.150198890508053,0.1685393258426966,0.5836861517111012,,5.569091558456421
ibiza_ci,90.02529274004684,92.02529274004684,93.98473848555815,96,0.9895833333333334,2.4514712513191657,44.00339020657458,,,0.8229166666666666,0.677775673941924,37.59982825733012,,,0.9270833333333334,2.0030603406185485,0.2696629213483146,0.3541827063711719,,30.967775344848636
ibiza_ci,91.0255737704918,93.0255737704918,94.98501951600312,96,0.9895833333333334,3.0579803564630628,59.80923862528265,,,0.8229166666666666,1.0236286643828554,45.17379031150317,,,0.9270833333333334,1.4749332180627093,0.5393258426966292,0.5033219859924448,,36.64078750610349
ibiza_ci,92.02585480093676,94.02585480093676,95.98530054644807,96,0.96875,2.5259847639180406,51.67891537634638,,,1.0,1.1447161177709209,40.631271203818585,-2.196331060248254,-13.018051375067554,1.0,1.903311741041405,0.375,0.3572530641552983,,40.24454212188721
ibiza_ci,93.02613583138174,95.02613583138174,96.98558157689304,96,0.96875,2.474202845401456,61.0860470459118,,,1.0,1.1972972525886958,37.37873913483715,-2.5135563571992137,-13.006469696730663,1.0,2.3717217123828105,0.34375,0.3627163916012598,,40.24454212188721
ibiza_ci,94.02641686182668,96.02641686182668,97.98586260733802,96,0.9791666666666666,1.9667591717249424,45.541547426415086,,,1.0,1.2145668406698875,20.3636576030902,-2.658026108795092,-12.971470548412606,1.0,2.79087697051348,0.25,0.5213877536360638,,40.24454212188721
ibiza_ci,95.02669789227166,97.02669789227166,98.98614363778296,96,0.9791666666666666,0.9472035274094724,25.73372316503638,,,1.0,0.9526378970741148,13.632191352860245,-2.842861084744574,-10.97146582325165,1.0,3.246955119058917,0.0,0.5755520358760302,,35.69055786132812
ibiza_ci,96.02697892271662,98.02697892271662,99.98642466822794,96,1.0,0.7304120808245259,19.71581225198793,-3.2950008321390114,-12.89378872896628,1.0,0.8609962218468953,12.530299387865975,-2.2664921897395307,-11.230501098213445,1.0,3.2499686632087745,0.0,0.7261198491500434,0.2067430019779968,21.90652322769165
ibiza_ci,97.0272599531616,99.0272599531616,100.9867056986729,96,1.0,0.8454740081293828,20.712242670361103,-3.2148543755793706,-12.408202308054086,1.0,0.7771753881733104,13.927083684827114,-2.6600101606076505,-11.456416804719677,1.0,2.995136189120131,0.0,0.6643763316830643,0.0299225514385633,21.90652322769165
ibiza_ci,98.02754098360656,100.02754098360656,101.98698672911787,96,1.0,0.7622249349483701,19.68146580841657,-2.308429100062262,-12.24173286872449,1.0,0.7705581376109203,23.876190924223664,-2.9778868366226963,-11.907272251316124,1.0,2.575567433540304,0.09375,0.2654656188554096,-0.0161338529502752,17.429706573486328
ibiza_ci,99.02782201405152,101.02782201405152,102.98726775956284,96,1.0,1.4895451983857395,22.988870126544057,-2.354024927347941,-11.993360581004431,1.0,0.8172214638470701,26.709713382966136,-2.986786466306076,-12.174140708069114,1.0,2.184115028135022,0.1770833333333333,0.2924742297635311,-0.1184226489170137,9.98701000213623
ibiza_ci,100.02810304449648,102.02810304449648,103.9875487900078,96,1.0,1.6048153546174306,32.77748963626493,-2.205637253492782,-11.999911886935225,1.0,0.8040694345083388,29.96260369886238,-2.6256925554090675,-12.415750965311696,1.0,1.6312588179931664,0.4270833333333333,0.1724589984905542,-0.1154709670452982,9.98701000213623
ibiza_ci,101.02838407494146,103.02838407494146,104.98782982045276,96,1.0,1.440448311263413,32.23829428577908,-2.018591122605966,-11.986677556545793,1.0,0.8267915207518853,33.52986888856869,-2.606826349536596,-12.62166843764108,1.0,1.1713059889060438,0.6770833333333334,0.0431428129288501,-0.1131757667500366,9.98701000213623
ibiza_ci,102.0286651053864,104.0286651053864,105.98811085089774,96,1.0,1.4073243255442769,32.04552729094038,-2.157163731038499,-12.004627776732582,1.0,0.6862206540693974,34.00766099299548,-2.305282701207244,-12.739571610316544,1.0,1.122394855123227,0.5833333333333334,0.2395934802209355,-0.139694644612341,9.679614543914797
ibiza_ci,103.02894613583138,105.02894613583138,106.9883918813427,96,1.0,0.6924256770675417,30.6793780350526,-3.104493135890691,-12.362107332738784,1.0,0.5124083869699677,32.4113252446844,-2.757937225087356,-12.74414935062905,1.0,1.083958346902968,0.5,0.0891151262906152,-0.1660289545312283,7.273742079734802
ibiza_ci,104.02922716627634,106.02922716627634,107.98867291178766,96,1.0,0.6554505383277539,29.49666467184848,-3.3621975799393637,-12.747569023763193,1.0,0.5611736666888286,36.487799012106194,-4.486221906445969,-13.2622526040189,1.0,1.2289185852592792,0.25,0.1114656529864086,0.2005728096788851,7.273742079734802
ibiza_ci,105.02950819672132,107.02950819672132,108.98895394223264,96,1.0,0.6045538670117047,23.94753811088713,-2.9640272942305232,-12.687864878578884,1.0,0.738902230500508,43.608451385890106,-2.683139296646389,-13.08147486572817,0.9895833333333334,1.2369192404517166,0.21875,0.06667471547088,0.0839617612172463,6.968375325202942
ibiza_ci,106.02978922716628,108.02978922716628,109.9892349726776,96,1.0,0.6337727627251896,25.495185603891017,-2.875334862570712,-12.711334117651472,1.0,1.301284706277854,66.75497116367389,-2.664797858965043,-12.810378793929251,0.9895833333333334,1.2645917772812407,0.2916666666666667,-0.0714315257946827,0.0229733040921045,25.53136396408081
ibiza_ci,107.03007025761124,109.03007025761124,110.98951600312256,96,0.9895833333333334,1.1617752506760206,29.915589336012204,,,1.0,2.1210556006169514,111.57896720305972,-3.8658408894159018,-12.91461992130375,0.9895833333333334,1.8754281499504648,0.2916666666666667,-0.0406349885422372,,53.96855392456054
ibiza_ci,108.0303512880562,110.0303512880562,111.98979703356753,96,0.9895833333333334,1.5141442919844268,41.01014177037466,,,1.0,2.146919111010035,108.50511022328531,-3.6213266409939058,-12.898285483434886,0.9895833333333334,3.0668509356348133,0.2916666666666667,0.0037726112646159,,55.46720924377441
ibiza_ci,109.03063231850116,111.03063231850116,112.9900780640125,96,0.9895833333333334,1.8064254249659768,59.79088966739957,,,1.0,2.1630504953342893,74.55117806068635,-3.611218412655916,-12.7875608427203,1.0,4.480197299700649,0.0729166666666666,0.2535621607058971,,55.57264633178711
ibiza_ci,110.03091334894611,112.03091334894611,113.99035909445745,96,0.9895833333333334,1.78840399937479,59.79088966739957,,,1.0,1.7906035029475105,57.68456595558787,-2.9350803740928444,-12.656738290426905,1.0,5.565567970311757,0.0,0.2615625883262126,,55.57264633178711
ibiza_ci,111.0311943793911,113.0311943793911,114.9906401249024,96,1.0,1.296321236218857,54.48454144136593,-2.90052433289447,-12.0028924451978,1.0,1.0393387870469306,48.54764572651862,-3.3242799455602308,-13.384910548312694,1.0,5.93566155794766,0.0,0.1455845880599592,0.5522197928742562,41.82263679504394
ibiza_ci,112.03147540983606,114.03147540983606,115.99092115534738,96,1.0,1.1064725745780768,54.48454144136593,-4.8792179319169175,-13.480125014724804,1.0,1.0861853898605067,36.65439158258122,-4.248714911434106,-12.173833731758148,1.0,5.720031302576136,0.0,0.1894719467046143,0.0499829869670967,24.505128479003904
ibiza_ci,113.03175644028104,115.03175644028104,116.99120218579236,96,1.0,0.9671116400757293,57.700861344984745,-2.550020376789436,-13.540370108698372,1.0,1.3951455399877315,41.58220916913597,-3.095570241947656,-11.141920553932062,1.0,5.091749098380831,0.0,0.1200296994887662,-0.0711765197855892,25.993895053863525
ibiza_ci,114.032037470726,116.032037470726,117.99148321623731,96,0.9583333333333334,1.2963143113301117,85.0457686168541,,,1.0,1.6068455146623883,41.6968513528144,-1.865088775515056,-11.195993371107738,0.9791666666666666,4.110839915272194,0.0885416666666666,0.1769869797870106,,25.993895053863525
ibiza_ci,115.03231850117096,117.03231850117096,118.99176424668228,96,0.9583333333333334,1.4302441245749424,95.14888095074906,,,1.0,1.8769350821026431,41.58220916913597,-1.9989125829563876,-11.247510237384908,0.9791666666666666,3.213071279881359,0.171875,0.0930968389761422,,25.993895053863525
ibiza_ci,116.03259953161592,118.03259953161592,119.99204527712725,96,0.9583333333333334,1.1787997817146318,60.26981284831884,,,1.0,1.7632786234830384,37.18473328321227,-2.0452318592588927,-11.1398648238946,0.9791666666666666,2.724313028016225,0.171875,-0.1207679820396695,,24.60938835144043
ibiza_ci,117.03288056206088,119.03288056206088,120.9923263075722,96,0.9583333333333334,1.289661674389039,49.47069976793789,,,1.0,1.2203558205847502,28.664647412766215,-1.8549483692826207,-11.471357084936445,0.9791666666666666,2.5000652187462364,0.171875,-0.1850074024008171,,15.345324277877808
ibiza_ci,118.03316159250583,120.03316159250583,121.99260733801717,96,1.0,1.4414375412544134,43.3821337654505,-4.1666589007900505,-11.681685840812191,1.0,1.3310796870544903,21.04020476641083,-5.033594990587448,-12.08516164367437,1.0,2.4335786238561465,0.1770833333333333,-0.1985539662100901,0.0135983702597607,17.1690731048584
ibiza_ci,119.03344262295082,121.03344262295082,122.99288836846212,96,1.0,1.3762110653930428,43.34569887032684,-2.210400241281452,-11.64513084807482,1.0,1.1772545292852163,22.840723877282173,-2.8080676119669565,-12.450231525088808,1.0,2.530201089159856,0.09375,0.067348868571496,0.1100490203162973,17.1690731048584
ibiza_ci,120.03372365339578,122.03372365339578,123.9931693989071,96,1.0,1.4537570532872708,43.33125727791694,-2.1699905535415107,-12.054357580564549,1.0,1.154881145671687,30.614111099995004,-2.3509115128786693,-12.46252972107516,1.0,2.294986848598837,0.09375,0.0493165870266487,0.1022149296531003,22.54341173171997
ibiza_ci,121.03400468384076,123.03400468384076,124.99345042935208,96,1.0,1.4723440268370416,41.07776933648383,-3.2335778932078445,-12.373815200260829,0.9791666666666666,2.133914408240701,62.19219583464998,,,1.0,2.2555363346655923,0.09375,0.1074800954265727,,39.69916954040527
ibiza_ci,122.03428571428572,124.03428571428572,125.99373145979705,96,1.0,1.267213461735975,35.92773185270792,-2.7059661789281177,-12.598006767485916,0.9791666666666666,2.1221338393513283,54.151207706710366,,,1.0,2.655385771429961,0.0,0.4494306677427674,,42.94747924804687
ibiza_ci,123.03456674473068,125.03456674473068,126.994012490242,96,1.0,1.2222865090342403,32.62045440567916,-2.549778292605968,-12.357791140934784,0.9791666666666666,2.230487731612204,47.78476119927757,,,1.0,3.0519660927889185,0.0,0.5060261519299954,,42.94747924804687
ibiza_ci,124.03484777517563,126.03484777517563,127.99429352068697,96,1.0,1.124010884345717,31.713391245559,-3.104682252803906,-12.127832911750849,0.9791666666666666,2.1940317419735798,43.1352924792558,,,1.0,3.3823954312656284,0.0,0.7757250003186896,,35.37986297607421
ibiza_ci,125.0351288056206,127.0351288056206,128.99457455113193,96,1.0,1.0414959166842193,27.10998194248844,-3.067452094365505,-12.066836505419715,1.0,1.4347723353151718,37.23660289801317,-2.9660821062438387,-11.812786876050057,1.0,3.5568091186631072,0.0,0.7781331640134258,-0.0994284829452294,28.328425884246823
ibiza_ci,126.03540983606555,128.03540983606558,129.9948555815769,96,1.0,0.7863477443438097,26.46936570061552,-2.7017232714206423,-12.72932384600955,1.0,1.2516765792939069,35.738110192643326,-3.283975171805517,-11.956382903310924,1.0,3.386274156756537,0.0416666666666666,0.619596734100157,4.415071338676879e-05,8.816187381744385
ibiza_ci,127.03569086651054,129.03569086651055,130.99513661202187,96,1.0,0.8391222048491409,27.67241505304072,-2.7188420154873056,-12.515579914258138,1.0,1.0402575329360153,36.99223228817654,-2.148701422816763,-11.917927226671027,1.0,2.9410537626631523,0.0625,0.4643396032968772,-0.1903201266062432,8.819905281066895
ibiza_ci,128.0359718969555,130.0359718969555,131.99541764246683,96,1.0,1.1189525543144387,41.57890454064565,-3.2491515748807336,-12.63891205664716,1.0,1.9467488555280827,44.99706073377891,-2.9053794848212773,-13.641330277542588,1.0,2.3954064282719663,0.2083333333333333,0.2849630588103775,-0.3884974113827416,15.449710369110107
ibiza_ci,129.03625292740043,131.03625292740043,132.99569867291177,96,1.0,1.074475813698623,49.95708892717887,-2.3868223176499628,-12.74630059505157,1.0,2.063900036595663,38.31783198713509,-2.819316091196211,-13.638892110042484,1.0,2.220420796405953,0.2083333333333333,0.3110226406311925,-0.3733961311769209,27.75714063644409
ibiza_ci,130.03653395784542,132.03653395784542,133.99597970335674,96,1.0,1.373224895797123,56.96187990279046,-3.268642982722417,-12.751174938797204,1.0,1.9892365034177972,35.69373846010766,-2.239911330657109,-13.637193243988628,1.0,2.475782671482395,0.1666666666666666,0.4777521412248934,-0.3101186105439738,29.823544025421143
ibiza_ci,131.0368149882904,133.0368149882904,134.9962607338017,96,1.0,1.8463776131009964,65.54204297471887,-3.073961279996124,-12.62394764730792,1.0,2.2021404812533656,32.794462356753186,-2.6645603507572764,-13.641539018498486,1.0,2.635212911437005,0.1458333333333333,0.6801476295740331,-0.2530933724815161,29.823544025421143
ibiza_ci,132.03709601873535,134.03709601873535,135.99654176424667,96,0.9479166666666666,2.4867891194796323,72.17115808680153,,,0.9479166666666666,1.7991564463418916,29.97078689809096,,,1.0,2.5104200230006217,0.21875,0.880863215861087,,29.86640357971191
ibiza_ci,133.03737704918032,135.03737704918032,136.99682279469164,96,0.9479166666666666,2.464953092460228,84.45824761979338,,,0.9270833333333334,1.8554225961142172,36.44675915265267,,,1.0,2.179945824953072,0.3010752688172043,0.7969837445636496,,29.743495941162102
ibiza_ci,134.0376580796253,136.0376580796253,137.9971038251366,96,0.9479166666666666,2.475818459582485,103.24434405432694,,,0.8958333333333334,1.986898380113752,48.70947763320579,,,1.0,2.500121010843858,0.3010752688172043,0.6677108080962126,,27.73266534805298
ibiza_ci,135.03793911007023,137.03793911007023,138.99738485558157,96,0.7604166666666666,2.535299174927939,110.96200684104558,,,0.8958333333333334,2.2502278217203577,82.34905488972029,,,0.875,2.6189734854943927,0.4691358024691358,0.5299033936097651,,31.80286827087402
ibiza_ci,136.03822014051522,138.03822014051522,139.99766588602654,96,0.7291666666666666,1.590046837014612,78.544089003592,,,0.9479166666666666,2.01162911612643,98.2327342851295,,,0.84375,3.5703508677681164,0.2179487179487179,0.426286722011876,,53.32442970275876
ibiza_ci,137.0385011709602,139.0385011709602,140.9979469164715,96,0.7291666666666666,1.6835080079779363,79.68330789273467,,,0.96875,2.0608135424417005,88.8113500590107,,,0.84375,4.70792505744075,0.1234567901234567,0.162341798222507,,43.1645538330076
ibiza_ci,138.03878220140516,140.03878220140516,141.99822794691647,96,0.7291666666666666,1.3493889055689323,66.42605930283747,,,1.0,1.9803102377736697,69.45487515181048,-2.579884000016976,-12.875295199882704,0.84375,5.063544672525524,0.1234567901234567,-0.1574474269744986,,68.15620727539059
kxztAr2tQmE,0.0,2.0,3.970633333333333,120,0.05,1.019414685825149,65.48832742009185,,,0.0833333333333333,1.0249316062688991,43.90076271212431,,,0.125,8.747048467617343,0.0,0.887755432250202,,24.05470848083487
kxztAr2tQmE,1.001,3.0010000000000003,4.971633333333333,120,0.05,1.019414685825149,65.48832742009185,,,0.3333333333333333,1.2620746769860005,54.57536803700625,,,0.1416666666666666,8.670914074249259,0.0,0.8877554322502018,,1.6846206545829774
kxztAr2tQmE,2.002,4.002000000000001,5.9726333333333335,120,0.1166666666666666,1.1128258796361912,58.34233700945516,,,0.5833333333333334,1.4947869469472317,54.57536803700625,,,0.2333333333333333,7.367981252968936,0.0,-0.180481602734944,,1.6716052830219268
kxztAr2tQmE,3.003,5.003,6.973633333333334,120,0.3666666666666666,1.6389697518761046,64.99667924659312,,,0.8333333333333334,1.3872349899129717,49.65845613795626,,,0.4833333333333333,5.215833534598985,0.0,-0.6707003018125025,,1.634606623649597
kxztAr2tQmE,4.004,6.004,7.974633333333333,120,0.5666666666666667,1.2487927267357817,71.13331956892269,,,1.0,1.1880744405094108,52.796533485486016,-2.2127499642681,-13.233530471737444,0.6083333333333333,3.0027386835519274,0.2162162162162162,-0.5801679648906743,,0.31952099353075
kxztAr2tQmE,5.005,7.005,8.975633333333333,120,0.8166666666666667,1.061379761264694,68.2572340692458,,,1.0,0.9405771864597332,54.40876400296455,-1.7462540525785262,-13.2817951772276,0.8416666666666667,2.502095630459773,0.2912621359223301,-0.3627256631131454,,0.0648977424949407
kxztAr2tQmE,6.006,8.006,9.976633333333334,120,1.0,1.0878293746659338,72.8200624877861,-4.058469454845206,-13.526711500974926,1.0,0.7466123814072632,56.48805133734865,-5.008011693613154,-12.478919379148133,1.0,1.9856954791355828,0.5,-0.1319638500126417,0.0279137759695367,0.0513943525031208
kxztAr2tQmE,7.007000000000001,9.007000000000001,10.977633333333332,120,0.825,0.8512552582104721,68.44837683199165,,,1.0,1.1846806591847772,86.09105129010183,-2.3872133954617194,-12.900550354351642,0.9083333333333332,1.427022174783329,0.7247706422018348,0.1963634203257992,,0.0514476431533693
kxztAr2tQmE,8.008000000000001,10.008,11.978633333333333,120,0.7166666666666667,0.9727815972674748,70.27613699951658,,,1.0,1.6667247057339238,104.4575044271396,-2.9555579030436734,-13.402253984437603,0.8833333333333333,1.164353004618688,0.8490566037735849,0.4464389539267782,,0.040604587458074
kxztAr2tQmE,9.009,11.009,12.979633333333334,120,0.7166666666666667,1.2477604232577626,86.81785483803333,,,1.0,2.0057717378399977,111.6420250775414,-2.9030555303660304,-13.433442701869264,0.8833333333333333,1.0108478465676616,1.0,0.606673571490861,,0.0510380834341049
kxztAr2tQmE,10.01,12.01,13.980633333333332,120,0.7166666666666667,1.4170032914274384,106.8714160438492,,,1.0,2.159297582202236,118.7225004937468,-4.110859785057845,-13.461287284295336,0.8833333333333333,1.0056926400928177,1.0,0.5622549835402022,,0.0424515696242451
kxztAr2tQmE,11.011,13.011,14.981633333333331,120,0.7666666666666667,1.412125960771,104.77801564944016,,,1.0,2.11308873065393,99.40076431238288,-3.3790089316457115,-13.08682410064038,0.9416666666666668,0.9975268455593446,1.0,0.5603391669503999,,0.0425149984657764
kxztAr2tQmE,12.012,14.012,15.982633333333334,120,0.6583333333333333,1.5457618883458393,108.73209369395508,,,0.75,2.018117912889476,88.13736097215593,,,0.7583333333333333,1.08335487506615,1.0,0.4961534356440334,,0.0440668700262904
kxztAr2tQmE,13.013,15.013,16.983633333333334,120,0.6583333333333333,1.7780982101154026,75.01711132080744,,,0.675,1.7708354687162156,85.43236970999402,,,0.7333333333333333,1.3604771217428968,0.9438202247191012,0.0849806303378186,,0.0430812830105423
kxztAr2tQmE,14.014,16.014000000000003,17.984633333333335,120,0.6583333333333333,2.082937906951428,80.986866195998,,,0.5916666666666667,1.5784422467116388,74.18246095256919,,,0.7,1.3809756622699123,0.9411764705882352,0.0731112484161954,,0.0430812830105423
kxztAr2tQmE,15.015,17.015,18.98563333333333,120,0.7833333333333333,1.7676227410333143,77.44172105167574,,,0.3416666666666667,0.7550696503422053,65.58780049089394,,,0.4916666666666666,1.6481320207705057,0.9152542372881356,-0.1803564545361629,,0.0425553664565086
kxztAr2tQmE,16.016000000000002,18.016,19.986633333333334,120,1.0,1.5647563886627849,75.13513066172237,-2.825076833985521,-12.984572331512592,0.4416666666666666,1.2364379683104785,70.57954278787403,,,0.5916666666666667,1.567262297892123,0.9295774647887324,0.0524864009221951,,0.0357772804796695
kxztAr2tQmE,17.017,19.017,20.98763333333333,120,1.0,1.49880619679537,81.99600084540705,-3.831415727917068,-13.036696693986368,0.2666666666666666,1.640765847843007,91.67577905670134,,,0.4,1.2200879720672382,1.0,0.5218775494341907,,0.0388030933216214
kxztAr2tQmE,18.018,20.018,21.988633333333333,120,1.0,1.0630909956488952,57.692372373978486,-2.6844766125330595,-12.880624127232355,0.1,2.881113054702078,142.88808798847282,,,0.1833333333333333,0.8345895903426123,1.0,0.8480328237382521,,0.0380061954259872
kxztAr2tQmE,19.019,21.019,22.98963333333333,120,1.0,1.1985128086142145,51.98409793414079,-3.329522593182556,-12.820684865859224,0.1,2.881113054702078,142.88808798847282,,,0.175,0.8347235340790069,1.0,0.8480328237382521,,0.0310301537625491
kxztAr2tQmE,20.02,22.02,23.99063333333333,120,0.8083333333333333,1.217129755390443,51.22631215626322,,,0.0,,,,,0.05,0.3261245849781954,1.0,,,0.0290623849257826
kxztAr2tQmE,21.021,23.021,24.991633333333333,120,0.5833333333333334,0.9894058993489264,40.766241080515954,,,0.0,,,,,0.0666666666666666,0.1021228429888,1.0,,,0.0190892472863197
kxztAr2tQmE,22.022,24.022,25.99263333333333,120,0.3333333333333333,1.1729907955858976,59.81165387583259,,,0.0916666666666666,0.9839377647728008,140.61559230150607,,,0.1666666666666666,0.5879080970272009,1.0,,,0.0238533672876656
kxztAr2tQmE,23.023,25.023,26.99363333333333,120,0.1916666666666666,1.245031557263987,100.12677682169476,,,0.3416666666666667,0.7709832816492054,83.64225674987051,,,0.3583333333333333,1.3098085109526278,0.5581395348837209,0.8202010263972864,,0.0238533672876656
kxztAr2tQmE,24.024,26.024,27.994633333333333,120,0.3666666666666666,0.864535280787073,66.95833282441758,,,0.5916666666666667,0.7692746205426497,65.42818260170505,,,0.5833333333333334,2.165046342711886,0.3287671232876712,0.1431709659651515,,0.0238533672876656
kxztAr2tQmE,25.025,27.025,28.99563333333333,120,0.5916666666666667,0.6722426673680967,51.213014455971134,,,0.8416666666666667,0.6023052671719729,47.44864842948131,,,0.7833333333333333,2.686808115057322,0.1855670103092783,0.3402482304739421,,0.0248827210627496
kxztAr2tQmE,26.026,28.026,29.99663333333333,120,0.8416666666666667,0.7037296341951197,51.213014455971134,,,1.0,0.8087339766882862,44.48273893475379,-5.35825449727934,-12.45468943280284,0.9333333333333332,2.992951666534917,0.0521739130434782,0.3368481953658001,,0.0196973887272179
kxztAr2tQmE,27.027,29.027,30.997633333333333,120,0.9833333333333332,0.7860714864732928,61.77887687012512,,,0.8083333333333333,1.0607662615580131,41.59382860849067,,,0.9083333333333332,2.83914638591698,0.1227272727272727,0.2759347505409227,,0.0289386781863868
kxztAr2tQmE,28.028,30.028,31.99863333333333,120,1.0,1.1917009713884994,78.34990795039916,-2.9858992144639185,-13.46100107965557,0.5583333333333333,1.1923305053763664,36.08144010786603,,,0.7416666666666667,2.4229021364474583,0.2356321839080459,0.4627821647758383,,0.0275700236670672
kxztAr2tQmE,29.029,31.029,32.999633333333335,120,0.75,1.4325730693309675,115.10786551338296,,,0.3083333333333333,1.991129998226363,109.334141159815,,,0.525,1.8458936438770832,0.3706896551724138,0.3437510886730403,,0.0275700236670672
kxztAr2tQmE,30.03,32.03,34.00063333333333,120,0.5,1.7597352094869143,153.09067347006803,,,0.2,2.533514948764412,156.1234573104015,,,0.2833333333333333,0.6851725340056944,0.7758620689655172,0.4078209875152238,,0.0275700236670672
kxztAr2tQmE,31.031,33.031,35.00163333333333,120,0.25,2.2003352654297217,160.03434641009744,,,0.3916666666666666,2.110173315263086,118.72887227579776,,,0.1166666666666666,0.3197066223381773,1.0,,,0.0269634601660072
kxztAr2tQmE,32.032000000000004,34.032000000000004,36.002633333333335,120,0.0,,,,,0.6416666666666667,1.816011372242506,87.04681240564203,,,0.1166666666666666,1.4679862751087285,0.2222222222222222,,,0.0850519753992557
kxztAr2tQmE,33.033,35.033,37.00363333333333,120,0.15,0.6878621249395516,61.79071362697466,,,0.8916666666666667,1.3614534161365917,63.90464623539634,,,0.2666666666666666,1.3789931070605674,0.5,0.2000570317908907,,0.0850519753992557
kxztAr2tQmE,34.034,36.034,38.00463333333333,120,0.2916666666666667,1.275195965006634,75.00567575874582,,,1.0,1.239775615487401,71.33329685642971,-4.1602856237888295,-13.37741280119112,0.4666666666666667,1.0598303236822275,0.7321428571428571,0.4098535603192411,,0.0850519753992557
kxztAr2tQmE,35.035000000000004,37.035,39.005633333333336,120,0.5416666666666666,1.4275447727738848,90.18034004823495,,,1.0,1.0393163680186188,78.1964472505596,-3.5974484802887536,-14.197068198203423,0.675,0.9170614414659032,0.8235294117647058,0.4734204914104357,,0.0850519753992557
kxztAr2tQmE,36.036,38.036,40.00663333333333,120,0.6833333333333333,1.3516495511224644,97.92605524937964,,,1.0,0.9018697583123654,96.66216165947355,-2.705306018020319,-14.261197416896207,0.75,0.8257382369626561,0.9207920792079208,0.2690763728110566,,0.0143537547439336
kxztAr2tQmE,37.037,39.037,41.00763333333333,120,0.7833333333333333,1.5335260866015703,137.4386685158667,,,0.9583333333333334,1.2236851159906377,111.87905050241864,,,0.8166666666666667,0.7914748720359179,1.0,0.260964547943729,,0.0164580464363098
kxztAr2tQmE,38.038,40.038,42.008633333333336,120,0.8916666666666667,1.7514113953520016,131.09636934038846,,,0.7416666666666667,1.2937973569017718,112.94367348443252,,,0.675,0.7980832050452633,1.0,0.2121938154653248,,0.0422685991972684
kxztAr2tQmE,39.039,41.039,43.00963333333333,120,0.75,1.9956479775697784,139.77793416711995,,,0.7166666666666667,1.926773778863752,133.47837768183547,,,0.625,0.8235395860501337,0.9390243902439024,0.0776640585307093,,0.0422685991972684
kxztAr2tQmE,40.04,42.04,44.01063333333333,120,0.8583333333333333,1.913246278500859,111.11272528357811,,,0.625,2.101328629166856,112.94367348443252,,,0.6833333333333333,0.8928429962620186,0.788235294117647,0.4556580923159673,,0.0459606720134615
kxztAr2tQmE,41.041,43.041,45.011633333333336,120,0.8583333333333333,1.690367755534541,90.37233077196518,,,0.6666666666666666,1.905809970056702,93.36113235745948,,,0.6666666666666666,1.0407547954492102,0.788235294117647,0.4892011695496112,,0.0442160507664084
kxztAr2tQmE,42.042,44.042,46.01263333333333,120,0.8583333333333333,1.0977263801887511,71.81552928716405,,,0.8833333333333333,1.5272791867691544,79.4089025262887,,,0.8166666666666667,1.1573495924898016,0.8317757009345794,0.5008063300145945,,0.0334246043115854
kxztAr2tQmE,43.043,45.043,47.01363333333333,120,1.0,0.981073257963276,78.66292432995942,-5.099771187071866,-13.962270602051476,0.875,0.9834969739011264,65.71673832256486,,,0.8916666666666667,1.1883188001881897,0.8879310344827587,0.3754876410047832,,0.0245209044776856
kxztAr2tQmE,44.044,46.044,48.014633333333336,120,0.7916666666666666,1.0300062622830448,92.67319397793209,,,0.7166666666666667,1.0140574810910388,69.04492691104622,,,0.6916666666666667,1.1881423695879143,1.0,0.3029684837217156,,0.0431296644732356
kxztAr2tQmE,45.045,47.045,49.01563333333333,120,0.5416666666666666,1.1555288551538851,103.42928974125392,,,0.4666666666666667,0.9643167098468844,67.56944854129341,,,0.4583333333333333,1.07925881241931,1.0,0.3018067232865514,,0.034276015125215
kxztAr2tQmE,46.046,48.046,50.01663333333333,120,0.2916666666666667,1.7329008444909164,174.62981599037482,,,0.275,1.0673299065395367,85.29609837827289,,,0.2416666666666666,0.9068988889824812,1.0,-0.0190633243437211,,0.029779059626162
kxztAr2tQmE,47.047,49.047,51.017633333333336,120,0.0416666666666666,3.124541125468828,174.62981599037482,,,0.3083333333333333,0.2913645599239247,40.94906928224709,,,0.0666666666666666,0.4240239376563526,1.0,,,0.036958210915327
kxztAr2tQmE,48.048,50.048,52.01863333333333,120,0.125,0.2538356332403775,47.8506605065062,,,0.5583333333333333,0.3593084260161326,45.281276575926434,,,0.225,0.4373042287882199,1.0,0.3041006682791322,,0.0252249276265501
kxztAr2tQmE,49.049,51.049,53.01963333333333,120,0.125,0.2538356332403775,47.8506605065062,,,0.8083333333333333,0.6758148851188481,60.69390867223149,,,0.2833333333333333,0.4306229211061316,1.0,0.3041006682791322,,0.0355280265212059
kxztAr2tQmE,50.05,52.05,54.020633333333336,120,0.2166666666666666,0.366707561466774,54.8701912973678,,,1.0,0.7476544370595675,68.05106751481974,-2.7705252388431667,-14.227608233362488,0.4333333333333333,0.4484246848100982,1.0,0.2539626392053013,,0.0367007184773683
kxztAr2tQmE,51.051,53.051,55.02163333333333,120,0.2416666666666666,0.5631903334477667,51.99498314778605,,,1.0,1.2976194103468368,101.25243544674558,-3.3295077211818,-13.75574297416267,0.4416666666666666,0.5189145522032607,1.0,0.329006099732558,,0.0450942490249872
kxztAr2tQmE,52.052,54.052,56.02263333333333,120,0.175,1.6444051791720051,71.15504453066693,,,0.8833333333333333,1.635529982686712,147.81397655739283,,,0.35,0.6393746561204451,1.0,0.4687894289372259,,0.0464001597836613
kxztAr2tQmE,53.053,55.053,57.023633333333336,120,0.175,1.6444051791720051,71.15504453066693,,,0.8083333333333333,1.827166641890104,151.5140708774355,,,0.2916666666666667,0.6862791547637759,1.0,0.468789428937226,,0.0470916492864489
kxztAr2tQmE,54.054,56.054,58.02463333333333,120,0.325,1.7868646581179009,110.5868459790576,,,0.5583333333333333,2.24971468793199,166.3115274643441,,,0.2,0.8176940024202451,1.0,0.987983616130332,,0.0466022169217467
kxztAr2tQmE,55.055,57.055,59.02563333333333,120,0.55,2.3743535791789325,141.98645271686223,,,0.5333333333333333,1.9115911877638487,155.83816331886152,,,0.375,0.9556027974600568,1.0,0.5827083828455468,,0.0464321395382285
kxztAr2tQmE,56.056,58.056,60.026633333333336,120,0.7,1.8914633763641384,112.22856371761183,,,0.5916666666666667,1.6518211922838952,121.1999247304024,,,0.5333333333333333,0.951484884266084,0.935483870967742,0.3936639874831754,,0.0386280486360192
oB8MuarHT8E,0.0,2.0,3.96,100,0.75,0.6890707076608649,33.894700204433626,,,0.95,0.8367557202889362,48.88479239514208,,,0.89,1.1510486239133983,0.510989010989011,0.0142199313640699,,1.6834880709648123
oB8MuarHT8E,1.0,3.0,4.96,100,0.8,0.789767830280157,30.7754028942422,,,1.0,0.8105516721052739,56.64340243942458,-3.1085209369796427,-13.842018537589086,0.89,1.2837272711691574,0.3461538461538461,-0.1004393603816088,,3.2451214313507
oB8MuarHT8E,2.0,4.0,5.96,100,0.98,1.206675554239099,37.026124869126434,,,1.0,1.1161379165128764,58.73301021130331,-5.029551170379299,-12.656775614724191,0.97,1.9049491067113276,0.18,-0.1820424308559141,,7.656668543815613
oB8MuarHT8E,3.0,5.0,6.96,100,1.0,1.011229778705291,35.767680327051224,-1.9818738944599683,-12.52719489339009,1.0,0.7377146993729765,36.76088597985376,-3.01868814533489,-12.467964313152017,0.97,2.2007019312032434,0.18,-0.0373449365273735,0.9940475746839263,7.798428416252136
oB8MuarHT8E,4.0,6.0,7.96,100,1.0,1.374537838247467,50.65034463687656,-6.697499140831488,-12.987406335910569,1.0,0.6006811553174001,20.7067290463535,-1.6425876785515907,-12.438790561462772,0.99,2.6075919539013994,0.125,-0.1816126973634392,0.9116234969524116,7.798428416252136
oB8MuarHT8E,5.0,7.0,8.96,100,0.88,1.614795107066899,67.19937819945528,,,0.84,0.6483692570469506,17.955772650271058,,,0.88,3.225664233758842,0.0280898876404494,-0.0704997774932195,,9.402280139923096
oB8MuarHT8E,6.0,8.0,9.96,100,0.63,1.3282570794411264,60.16316901968316,,,0.59,0.2282464815913605,17.399067270554667,,,0.64,3.2477719812524786,0.0,0.0287647822161164,,14.252226161956784
oB8MuarHT8E,7.0,9.0,10.96,100,0.43,1.7545971138055123,94.23144136115648,,,0.34,0.3195482315376773,19.251614835251537,,,0.4,3.243213836994952,0.0,-0.1702416433288271,,14.252226161956784
oB8MuarHT8E,8.0,10.0,11.96,100,0.18,1.443768723556568,68.93009728677438,,,0.14,0.7769941911917403,42.77911838700145,,,0.17,3.2027875107936943,0.0,0.3111086488352968,,14.252226161956784
oB8MuarHT8E,9.0,11.0,12.96,100,0.25,0.8838579114273273,60.60706882053455,,,0.25,3.736801510899616,120.7532843506156,,,0.23,0.5137325522914705,1.0,0.251451929007065,,14.210617017745973
oB8MuarHT8E,10.0,12.0,13.96,100,0.29,0.8998620452355006,60.83878656188176,,,0.29,3.2970509849871616,110.20332729619444,,,0.32,0.4360385031325841,1.0,0.2283676975466653,,10.794313192367552
oB8MuarHT8E,11.0,13.0,14.96,100,0.27,1.0432597724901147,109.33562416376886,,,0.29,3.2970509849871616,110.20332729619444,,,0.35,0.3206215210827934,1.0,0.2283676975466653,,10.432733917236328
oB8MuarHT8E,12.0,14.0,15.96,100,0.37,2.34336984216486,162.19335718398546,,,0.32,3.92775548968397,172.9094159089492,,,0.49,0.5703452689587706,0.9285714285714286,0.1510687323753757,,11.8542986869812
oB8MuarHT8E,13.0,15.0,16.96,100,0.19,3.6596741872472016,409.574812491491,,,0.35,2.34033217213946,95.11646540124416,,,0.37,1.1119166971616363,0.6896551724137931,-0.1109237838740733,,11.8542986869812
oB8MuarHT8E,14.0,16.0,17.96,100,0.33,2.3291212099510523,69.32929691010129,,,0.53,2.361847850204128,85.81492372481996,,,0.49,1.6817752789078224,0.5777777777777777,-0.1753787495010448,,11.8542986869812
oB8MuarHT8E,15.0,17.0,18.96,100,0.55,1.6466560539696582,65.66198908441632,,,0.69,3.480828158909973,125.9928067778926,,,0.67,1.9139842039732524,0.4492753623188406,-0.0252612362281441,,11.21396570205688
oB8MuarHT8E,16.0,18.0,19.96,100,0.58,0.969420380489762,65.40524919264682,,,0.62,3.377776990101563,95.88882080851472,,,0.58,1.8990514599216408,0.4067796610169492,-0.0274325340182811,,7.106234073638915
oB8MuarHT8E,17.0,19.0,20.96,100,0.56,0.9809153883782464,65.40524919264682,,,0.39,4.171441391265162,457.0982609917416,,,0.53,1.7345620929167265,0.4528301886792453,0.0024969971056547,,10.471379375457762
oB8MuarHT8E,18.0,20.0,21.96,100,0.45,1.2135140336645005,82.0755783274794,,,0.24,5.146546371835463,471.73378248054087,,,0.45,1.1658625949704695,0.5681818181818182,0.3028679896261415,,11.740714073181149
oB8MuarHT8E,19.0,21.0,22.96,100,0.37,1.3858477964996565,128.13594731586457,,,0.08,1.0647382525102111,106.37531615891018,,,0.23,0.2784288971154153,1.0,0.5275385906751234,,11.89242839813232
oB8MuarHT8E,20.0,22.0,23.96,100,0.36,1.042872677929992,104.56472088213596,,,0.16,1.511398504362674,109.2919933850022,,,0.26,0.3785392984487911,1.0,0.6131588056118213,,11.942999839782717
oB8MuarHT8E,21.0,23.0,24.96,100,0.61,1.1044923792751815,108.35525891983367,,,0.41,1.5764426467885393,158.0480096345788,,,0.43,0.4205838405188663,1.0,0.4889666611692422,,11.50797863006592
oB8MuarHT8E,22.0,24.0,25.96,100,0.55,1.0435160549795528,90.03500896040526,,,0.35,1.697109580809504,191.3372920816129,,,0.37,0.5302976387108853,1.0,0.4592802378162038,,7.867257475852966
oB8MuarHT8E,23.0,25.0,26.96,100,0.38,1.0873051478653888,105.75988282325744,,,0.35,1.697109580809504,191.3372920816129,,,0.38,0.6809407568698665,1.0,0.4592802378162038,,33.3850938796997
oB8MuarHT8E,24.0,26.0,27.96,100,0.26,1.1866760877288711,106.79489744110836,,,0.26,1.5964657212044082,202.58588914538495,,,0.28,0.7381697552738578,1.0,0.4367782374678298,,32.93571214675906
oB8MuarHT8E,25.0,27.0,28.96,100,0.01,1.0229595506443094,34.18988465959128,,,0.09,1.9375052467166225,102.85335460914648,,,0.1,1.4763224063399862,1.0,0.9949498115712,,26.992202281951904
oB8MuarHT8E,26.0,28.0,29.96,100,0.0,,,,,0.1,1.8798306554458288,97.69643048262392,,,0.13,2.8879778026284444,0.5,,,26.992202281951904
oB8MuarHT8E,27.0,29.0,30.96,100,0.0,,,,,0.1,1.8798306554458288,97.69643048262392,,,0.12,2.6074146087848,0.5,,,18.386404037475568
oB8MuarHT8E,28.0,30.0,31.96,100,0.0,,,,,0.1,1.8798306554458288,97.69643048262392,,,0.12,2.6074146087848,0.5,,,16.133156204223628
oB8MuarHT8E,29.0,31.0,32.96,100,0.02,1.5340350803771403,136.2253265039835,,,0.06,0.8749933717952163,62.168835175565405,,,0.17,3.903947893436389,0.2,-0.992449969895242,,10.298540306091306
oB8MuarHT8E,30.0,32.0,33.96,100,0.27,1.1318375688514752,73.20798188051836,,,0.29,0.6787511247358767,33.4978766342507,,,0.32,5.4976689338301465,0.0,0.1101034371698347,,2.74712052345276
oB8MuarHT8E,31.0,33.0,34.96,100,0.43,2.899379893169868,150.73515516279826,,,0.54,1.3788891021319625,58.99434084793869,,,0.57,4.222049956081833,0.1929824561403508,0.1759155330038794,,2.622767531871795
oB8MuarHT8E,32.0,34.0,35.96,100,0.68,2.617940424806165,189.56325064250723,,,0.79,1.4999794406541538,75.42467967007225,,,0.82,4.152381108286165,0.1341463414634146,0.2466653313005688,,3.0437618017196653
oB8MuarHT8E,33.0,35.0,36.96,100,0.91,2.4131677559041327,198.01353245506692,,,1.0,1.2824844221421292,64.60517606985802,-2.7892981903288803,-12.651108263782731,0.99,4.122788356859131,0.11,0.2790919836717814,,13.40981411933899
oB8MuarHT8E,34.0,36.0,37.96,100,0.91,2.422105640713768,198.93629310037983,,,1.0,1.2148928044584475,64.60517606985802,-3.032823586028207,-12.667417901434298,0.99,3.95541525673544,0.11,0.2957969083750298,,14.397201299667358
oB8MuarHT8E,35.0,37.0,38.96,100,1.0,2.294851516892228,176.6380863090036,-4.88173393525426,-12.73574752655657,0.95,1.09158634582351,58.26167357322357,,,0.98,4.16726918627095,0.065,0.3006089998226838,,12.326352548599232
oB8MuarHT8E,36.0,38.0,39.96,100,1.0,1.8771385290708127,101.666898913637,-3.026674038172477,-12.510035243830613,0.95,0.7033198625995158,43.11760546156205,,,0.98,3.415427194218851,0.315,0.1579169794244698,,13.523977947235103
oB8MuarHT8E,37.0,39.0,40.96,100,1.0,1.9524154402992928,82.4054503250135,-4.027037628443014,-12.705589091068436,0.95,1.5465181623684827,50.82523221263674,,,0.99,2.623288902135253,0.525,0.1274455132299354,,24.111635971069333
oB8MuarHT8E,38.0,40.0,41.96,100,1.0,1.773143009615547,50.91296681355571,-4.295610677865346,-12.659474470176134,0.95,1.840258069753541,62.99449663427172,,,0.99,1.684985983066006,0.675,0.233802497808724,,29.029893112182616
oB8MuarHT8E,39.0,41.0,42.96,100,1.0,0.8503448558176694,35.54738432626111,-2.2882384171205703,-13.188014598406316,0.97,1.5577668327181036,70.254427572355,,,1.0,1.188406544350012,0.62,0.2130390844410551,,29.026476669311524
oB8MuarHT8E,40.0,42.0,43.96,100,0.99,1.4278212762591524,43.01513609873541,,,0.83,2.0802897941523297,138.5560571220726,,,0.92,1.4370184503587118,0.4239130434782608,0.3348602472122282,,32.72554054260254
oB8MuarHT8E,41.0,43.0,44.96,100,0.99,1.530252445785816,41.44415020486695,,,0.78,2.106656923963471,106.8212302674475,,,0.92,1.5460770218326791,0.4130434782608695,0.3799652285598553,,31.00621185302734
oB8MuarHT8E,42.0,44.0,45.96,100,0.99,1.6924453825660994,58.69243313157192,,,0.77,2.6959538127852847,82.21719304175784,,,0.91,1.6623491316896353,0.3097826086956521,0.2958189960396921,,31.00621185302734
oB8MuarHT8E,43.0,45.0,46.96,100,0.96,2.1050935103421904,70.36514383635519,,,0.8,2.818031956628802,104.11668683456088,,,0.91,1.835475207561866,0.2989130434782608,0.2161706958755234,,31.29266662597656
oB8MuarHT8E,44.0,46.0,47.96,100,0.97,1.7611710236625404,69.27301078457437,,,0.94,2.2979448913487834,109.0197134120116,,,0.99,2.1550322827064856,0.255,0.2491576730884991,,23.19261846542357
oB8MuarHT8E,45.0,47.0,48.96,100,0.97,1.3282744079219388,47.76232846036021,,,0.99,1.5324984765967895,88.40770771264447,,,0.99,2.880387106995166,0.055,0.1940537025322021,,18.630244827270506
oB8MuarHT8E,46.0,48.0,49.96,100,0.97,1.19596169657925,45.41303167499384,,,1.0,1.2245041927443716,93.0916755165026,-6.4707311775929295,-13.08457715215634,1.0,3.576271255247671,0.0,0.0557864893185638,,24.32492218017578
oB8MuarHT8E,47.0,49.0,50.96,100,1.0,0.8444659735506258,40.6870279498979,-2.385356832733441,-12.205253491771774,1.0,1.3505647806561674,97.77680425160868,-2.724005522174808,-13.508186562957537,1.0,3.930100744176432,0.0,0.171887235361501,-0.0283641436508649,34.685034370422365
oB8MuarHT8E,48.0,50.0,51.96,100,0.87,0.908262039611923,35.31569350845347,,,0.82,1.514033947047738,93.99746534026852,,,0.9,3.880578351799345,0.0388888888888888,0.1298932400305201,,26.33918056488036
oB8MuarHT8E,49.0,51.0,52.96,100,0.71,1.1410171764062471,52.129067006267206,,,0.65,1.7578607595519748,107.08925550127996,,,0.77,3.2022193584866323,0.18,0.1597739021752408,,19.56384553909301
oB8MuarHT8E,50.0,52.0,53.96,100,0.54,1.4617426837206624,62.18058971454917,,,0.4,1.556540707690743,114.05762337197146,,,0.58,2.5440221708096766,0.3272727272727272,0.3938265346698538,,11.684994411468503
oB8MuarHT8E,51.0,53.0,54.96,100,0.33,2.1763493629861634,187.11028407622635,,,0.19,1.3765502105002592,141.10710309070654,,,0.47,1.8816736198179096,0.7272727272727273,0.558878708844114,,21.18749361038206
oB8MuarHT8E,52.0,54.0,55.96,100,0.21,1.9336943389852337,187.11028407622635,,,0.12,1.4818472182888005,106.51201663740316,,,0.34,1.4679535355783333,0.9827586206896552,0.9687992457551106,,20.724526309967047
oB8MuarHT8E,53.0,55.0,56.96,100,0.16,1.3033311457595045,97.93692948596734,,,0.08,1.3183866076395434,85.63819707602278,,,0.35,1.5395070144594152,0.984375,0.117913464037592,,23.2307689666748
oB8MuarHT8E,54.0,56.0,57.96,100,0.08,1.166374568441859,97.93692948596734,,,0.08,1.3183866076395436,85.63819707602278,,,0.3,1.463856060313786,1.0,0.117913464037592,,34.99628162384033
oB8MuarHT8E,55.0,57.0,58.96,100,0.04,0.6407328831072041,89.28804894888154,,,0.04,0.7318944949951063,51.810803962513326,,,0.16,1.145508264023306,1.0,-0.7329723176799265,,40.1182693481445
oB8MuarHT8E,56.0,58.0,59.96,100,0.04,0.6407328831072042,89.28804894888154,,,0.04,0.7318944949951063,51.810803962513326,,,0.14,1.055107974453261,1.0,-0.7329723176799265,,38.32201194763184
public_ci_video,0.0,2.0,3.966666666666667,120,0.8166666666666667,3.7350812751346463,335.400677526482,,,0.5,1.5169512847895394,119.15068656096912,,,0.7333333333333333,1.7756129899639377,0.449438202247191,-0.0002659596786441,,33.72924442291259
public_ci_video,1.0,3.0,4.966666666666667,120,0.8583333333333333,4.094261441736863,419.9382695349237,,,0.4666666666666667,1.4129104806026649,96.5979706775797,,,0.6166666666666667,2.3806485388457035,0.2272727272727272,-0.0582963529660563,,33.81337413787841
public_ci_video,2.0,4.0,5.966666666666667,120,0.975,4.313189855076682,529.2151022877607,,,0.3333333333333333,1.2188722305776014,107.28498156436105,,,0.4583333333333333,2.5387420050579084,0.135593220338983,-0.0867787682112848,,26.99477214813232
public_ci_video,3.0,5.0,6.966666666666667,120,1.0,3.658761999773721,529.1747713715381,-4.375774382015782,-14.6086725324778,0.3083333333333333,1.171505598219861,118.77580405892688,,,0.325,2.9432737829487325,0.0,-0.0869987780104898,,22.128186035156247
public_ci_video,4.0,6.0,7.966666666666667,120,1.0,3.16380666483716,445.2204958695568,-3.280558490913812,-14.45713308750824,0.0583333333333333,1.9918945867672484,498.3132456818203,,,0.0916666666666666,3.222135500256836,0.0,-0.0018842232130172,,20.423261070251463
public_ci_video,5.0,7.0,8.966666666666667,120,0.9916666666666668,2.822452469019693,352.880311514268,,,0.0416666666666666,1.9111615217014395,261.6442844115957,,,0.0833333333333333,2.3136840729336496,0.85,0.083674922741838,,17.29016990661621
public_ci_video,6.0,8.0,9.966666666666669,120,0.975,2.3012833871164644,250.75142768072357,,,0.2916666666666667,1.558746731544196,108.88144884194878,,,0.3083333333333333,1.6653391395327737,0.8783783783783784,0.2601141989602879,,16.14383544921875
public_ci_video,7.0,9.0,10.966666666666669,120,0.975,1.7473049595614043,110.81051330491854,,,0.5416666666666666,1.5507663275228143,76.94645611544836,,,0.5416666666666666,1.5761381776832288,0.7045454545454546,0.2752611508623185,,19.10776824951171
public_ci_video,8.0,10.0,11.966666666666669,120,0.8583333333333333,2.235959442660127,165.27785648070517,,,0.7916666666666666,1.9285172866204097,87.30866495379523,,,0.7583333333333333,1.6710565384922769,0.625,0.1306463703481099,,21.41392040252685
public_ci_video,9.0,11.0,12.966666666666669,120,0.8583333333333333,2.9203340985506614,266.46812911814163,,,1.0,2.071967881266952,114.98312398580951,-4.056703160856218,-13.44694043366743,0.9166666666666666,1.7116919532988468,0.4375,0.289124204552218,,26.9997360229492
public_ci_video,10.0,12.0,13.966666666666669,120,0.7166666666666667,3.157132465727876,259.47787734000235,,,1.0,2.3545753390656774,198.47395325404165,-4.258531214162215,-13.810652025082335,0.8333333333333334,1.8012353574893596,0.2450980392156862,0.2721754659915372,,27.14951171875
public_ci_video,11.0,13.0,14.966666666666669,120,0.4666666666666667,4.100411359717163,304.52791635620656,,,1.0,2.5318014226407475,291.15249196848447,-5.204884256349908,-13.644441512331223,0.6416666666666667,1.872071106399558,0.2051282051282051,0.2618670194381726,,24.282648086547844
public_ci_video,12.0,14.0,15.966666666666669,120,0.475,4.081475299611519,413.2075157162224,,,0.975,2.705893915186717,347.29215717364264,,,0.625,1.9030527023533887,0.0866666666666666,0.4971607076980679,,23.359162521362304
public_ci_video,13.0,15.0,16.966666666666665,120,0.4166666666666667,5.195153303213894,666.0389567448802,,,0.975,2.357922679662727,297.6642762735766,,,0.6333333333333333,2.001923192717847,0.0866666666666666,0.1796918768009654,,22.4056960105896
public_ci_video,14.0,16.0,17.966666666666665,120,0.5166666666666667,3.8442318994734737,547.1640223140996,,,0.9083333333333332,2.606374941377485,331.5881331897699,,,0.7416666666666667,2.096181975654105,0.0738636363636363,0.0852598443612926,,22.40606298446655
public_ci_video,15.0,17.0,18.966666666666665,120,0.7666666666666667,2.6302562460951218,45.77308066070941,,,0.9083333333333332,2.5436358916626114,309.99102755721225,,,0.95,2.264545469832147,0.0132743362831858,-0.0159148072079639,,19.97496871948241
public_ci_video,16.0,18.0,19.966666666666665,120,0.875,1.804284871594409,27.98631058226228,,,0.9333333333333332,2.1993838126120595,270.1079172222014,,,1.0,2.564369059118398,0.0,-0.0505551412291268,,19.308120727539062
public_ci_video,17.0,19.0,20.966666666666665,120,0.9416666666666668,0.4623466872329156,22.353530729527296,,,0.9333333333333332,2.1478974501094448,250.68098825563976,,,1.0,2.795574263484086,0.0,-0.1316192658869061,,14.600371837615969
public_ci_video,18.0,20.0,21.966666666666665,120,1.0,0.4745609380794734,22.869072640037288,-3.009220765655233,-12.940142784562644,1.0,1.7208024792449388,224.29226657283368,-3.3935995702104584,-13.836576111286368,1.0,3.043894154527317,0.0,-0.0995810135239108,0.8883971392040709,9.252889633178713
public_ci_video,19.0,21.0,22.966666666666665,120,1.0,0.5200654788128166,28.071001150049444,-3.854988433784477,-12.95433857162774,1.0,1.5639417002441125,232.2140817131086,-3.731184080208096,-13.686660614631943,1.0,3.0373789369850845,0.0,0.0727379859928448,0.9075819460947728,9.41100969314575
public_ci_video,20.0,22.0,23.966666666666665,120,1.0,0.4813979233722814,41.26748931672337,-6.430807005568467,-13.070698003867818,1.0,1.3950427824881582,229.73821269515756,-4.060567984826013,-13.79567204909162,1.0,2.717500241373513,0.0,0.1387178454994878,0.93679577644689,11.772603225708002
public_ci_video,21.0,23.0,24.966666666666665,120,1.0,0.5348682885805117,49.04151297589832,-4.423391918483267,-13.706125728919035,0.95,1.813462237362026,264.1975436280709,,,1.0,2.6964180006669847,0.0,0.3051462423590886,,13.29348535537718
public_ci_video,22.0,24.0,25.966666666666665,120,1.0,0.552162465726025,57.482250984146575,-3.515908811407632,-13.741716874558696,0.9083333333333332,1.9397324702141616,266.35152153519005,,,0.9916666666666668,2.1265852724516923,0.1916666666666666,0.328798576178998,,15.71080932617187
public_ci_video,23.0,25.0,26.966666666666665,120,0.8166666666666667,0.7714452862653223,83.41838060364901,,,0.7833333333333333,2.504013649542802,287.9513296152355,,,0.875,1.8847136467326904,0.2884615384615384,0.2498545910473858,,39.21166801452637
public_ci_video,24.0,26.0,27.966666666666665,120,0.5666666666666667,0.7026031546007464,59.82645892324169,,,0.7833333333333333,2.641249627240301,301.3402861860524,,,0.625,1.8469017587980343,0.4054054054054054,0.2062043992287268,,38.72227821350096
public_ci_video,25.0,27.0,28.966666666666665,120,0.3166666666666666,0.7525055984383681,70.32326736633533,,,0.8333333333333334,1.9941446076682552,151.2589990018689,,,0.375,0.9895301269175252,0.6818181818181818,0.0499425536007572,,39.026583290100085
public_ci_video,26.0,28.0,29.966666666666665,120,0.1166666666666666,1.6971695336212282,241.56631962720223,,,0.875,1.9802291629071649,169.5152302259598,,,0.225,1.172537956598889,0.72,0.1775001710727234,,39.124711418151854
public_ci_video,27.0,29.0,30.966666666666665,120,0.3,0.9036344264314672,123.31021133719602,,,1.0,1.3601973589227865,138.73379129426274,-7.395529329781009,-13.465595607354585,0.3416666666666667,1.573303049740148,0.6341463414634146,0.3850785065948204,,13.472413063049316
public_ci_video,28.0,30.0,31.966666666666665,120,0.4916666666666666,0.8310057327160456,102.57823714978522,,,1.0,1.1492700574034131,109.94170966218294,-5.045896661739182,-13.163818578488112,0.575,1.8167715406618457,0.3768115942028985,0.5637741183980414,,12.92663621902466
public_ci_video,29.0,31.0,32.96666666666667,120,0.6833333333333333,0.8192783766834961,102.84211723059708,,,1.0,1.1238644554912098,79.0838437314849,-5.364306325649866,-13.208443986710718,0.8,1.529766648548999,0.5309278350515464,0.5065944996661107,,12.574201107025148
public_ci_video,30.0,32.0,33.96666666666667,120,0.8833333333333333,0.9822991635586292,105.78364257337608,,,1.0,0.9371058503635974,64.28606784320328,-4.018801085174802,-13.525007206289883,0.9583333333333334,1.3721811019658223,0.5301724137931034,0.5991058184548838,,11.922347164154052
public_ci_video,31.0,33.0,34.96666666666667,120,0.8833333333333333,1.2784074854354144,108.77609337604773,,,0.7916666666666666,1.03770669311355,60.21989262161508,,,0.8333333333333334,1.2582479052875428,0.5495049504950495,0.6111601954162552,,12.813139629364011
public_ci_video,32.0,34.0,35.96666666666667,120,0.9416666666666668,1.8180395320290947,138.64014746275552,,,0.7916666666666666,1.674588726135953,79.0332142035103,,,0.8416666666666667,1.535772823691862,0.5388349514563107,0.4234715050655636,,15.453027153015126
public_ci_video,33.0,35.0,36.96666666666667,120,1.0,1.8835942360058444,130.8638721440458,-2.473486535262012,-13.104050133682245,0.7916666666666666,2.054565871488383,122.62198041097314,,,0.85,2.153413960198697,0.2857142857142857,0.1459318049022561,,15.789066219329833
public_ci_video,34.0,36.0,37.96666666666667,120,1.0,1.859750481613804,141.83678802147773,-2.6800059337726454,-13.197428330064367,0.7916666666666666,1.7465966655807563,61.80938166965711,,,0.85,2.7975416400042614,0.0857142857142857,-0.2897945449506097,,15.789066219329833
public_ci_video,35.0,37.0,38.96666666666667,120,1.0,1.851252846585564,134.64926491290578,-6.943895448735594,-13.644700028215029,1.0,1.4315556548017032,43.80335280117691,-3.2085823768676893,-13.51023187732243,0.975,2.885561237252188,0.0,-0.2507994141832074,0.6746191521784805,14.6193543434143
public_ci_video,36.0,38.0,39.96666666666667,120,1.0,1.3679573542909182,108.67662635193945,-3.671400247259937,-14.037653105296547,0.925,0.824231438113476,37.59895733476622,,,0.95,2.929396995511626,0.0,-0.2879165868856503,,11.388391876220702
public_ci_video,37.0,39.0,40.96666666666667,120,1.0,1.4396929829747824,117.29532928351996,-5.07009004344947,-13.903504175873032,0.8333333333333334,0.6232793153182453,39.85034145966608,,,0.9166666666666666,2.6032691654382565,0.0727272727272727,-0.1952222698716529,,8.736069965362546
public_ci_video,38.0,40.0,41.96666666666667,120,1.0,1.854904267459271,192.40818522010983,-4.747362123834924,-14.565946588701888,0.8333333333333334,1.1652490321225355,61.20852037308829,,,0.9083333333333332,2.0357478664606523,0.3454545454545454,0.1275246284027183,,14.778363800048822
public_ci_video,39.0,41.0,42.96666666666667,120,0.9333333333333332,2.070337975787223,224.0098811498019,,,0.625,1.4402237182611912,76.33486675502056,,,0.8,1.7400695082199913,0.5257731958762887,0.2268148964279153,,15.877785825729369
public_ci_video,40.0,42.0,43.96666666666667,120,0.7083333333333334,2.432850054460169,253.97314632610065,,,0.45,1.7820651104871443,100.14768832188236,,,0.6,1.1920593352939817,0.7183098591549296,0.2168993575794834,,16.2374210357666
public_ci_video,41.0,43.0,44.96666666666667,120,0.675,2.906167426828658,277.732451771333,,,0.3583333333333333,3.61755380608964,182.3901472943469,,,0.5,1.012306814895752,0.85,0.3961900093143103,,16.478845787048336
public_ci_video,42.0,44.0,45.96666666666667,120,0.625,3.354765172750285,401.8314707393781,,,0.3583333333333333,3.4743536963540507,207.16006999086403,,,0.5,2.06940241198058,0.3620689655172414,0.2854668994263566,,14.717544937133782
public_ci_video,43.0,45.0,46.96666666666667,120,0.4416666666666666,3.4855836045010062,427.2003635105764,,,0.5666666666666667,2.5661684063912515,135.26664679401352,,,0.3916666666666666,2.398562930244996,0.1777777777777777,0.3518181155155762,,14.240746784210204
public_ci_video,44.0,46.0,47.96666666666667,120,0.6666666666666666,2.4899694480156,216.8356547264774,,,0.8166666666666667,2.3263745731171683,159.08294943734677,,,0.625,2.350078090677019,0.2266666666666666,0.2762237315894887,,13.753214359283444
public_ci_video,45.0,47.0,48.96666666666667,120,0.7,1.605415650152564,64.05725713255067,,,1.0,1.33301828191514,109.75141066670952,-5.539843631118472,-13.36967757208626,0.775,2.5626001251176023,0.0978260869565217,0.0149843637714351,,13.428274631500244
public_ci_video,46.0,48.0,49.96666666666667,120,0.75,0.6019913922076973,52.98464677720561,,,1.0,1.018001149651006,96.84064805345204,-2.881230455987657,-13.810934819312106,0.7833333333333333,2.43974160180582,0.0957446808510638,-0.106150544775162,,9.676417636871337
public_ci_video,47.0,49.0,50.96666666666667,120,0.9833333333333332,1.0162785569030168,64.45772120796599,,,1.0,1.2364907194600394,120.50532015887998,-7.367401157441301,-14.026582829139896,1.0,2.6040544093523468,0.075,0.0836139826910657,,12.418336868286133
public_ci_video,48.0,50.0,51.96666666666667,120,0.7916666666666666,1.1150081663472122,75.51699836384196,,,1.0,1.2271706707150485,108.93584055219137,-2.74095617045418,-13.708341059448433,0.8833333333333333,2.555518975517628,0.080188679245283,0.0694566689892715,,12.51760482788086
public_ci_video,49.0,51.0,52.96666666666667,120,0.7916666666666666,1.23060924734597,128.57550581894415,,,1.0,1.7907252885958926,168.3284440356358,-5.029623668374718,-13.613037053894304,0.8833333333333333,2.153949615261282,0.2122641509433962,0.238522768240673,,15.13164234161377
public_ci_video,50.0,52.0,53.96666666666667,120,0.7916666666666666,1.5818192430164468,205.3829835328453,,,1.0,1.6565295804034634,142.80686148414088,-5.535224532335323,-13.59249456713021,0.875,1.9743004802968531,0.2122641509433962,0.2551783156882388,,16.277411460876465
public_ci_video,51.0,53.0,54.96666666666667,120,0.8083333333333333,1.9225300530406837,220.23960636599676,,,0.9333333333333332,1.3837809158865095,118.85144876848116,,,0.85,1.4805767335515252,0.3592233009708738,0.1307345561915785,,12.137046527862548
public_ci_video,52.0,54.0,55.96666666666667,120,1.0,2.0848873746765757,200.23544387049495,-2.7083227557776337,-14.343848192014867,0.7333333333333333,1.248706817976685,98.95285252215666,,,0.8916666666666667,1.364700366275789,0.463302752293578,0.1008722598896486,,7.421501827239988
public_ci_video,53.0,55.0,56.96666666666667,120,1.0,2.187733586494628,201.75253735710012,-2.4943893945581648,-14.348087094708978,0.725,1.1463805760792736,83.60341505491034,,,0.8916666666666667,1.4193027380304195,0.6100917431192661,0.0660455870376676,,9.60767388343811
public_ci_video,54.0,56.0,57.96666666666667,120,1.0,2.0874876185201874,200.061097294635,-2.887778029978181,-14.164088919033812,0.55,1.452464388420174,128.80906126511627,,,0.85,1.0912070049085114,0.8798076923076923,0.1186005967169224,,10.478838920593262
public_ci_video,55.0,57.0,58.96666666666667,120,1.0,1.819856165653588,178.03741118795392,-8.080707565800768,-13.593783931090467,0.475,1.7510365892360114,186.62906674837328,,,0.8166666666666667,0.9997286443197668,1.0,0.1150752079555869,,11.775395202636712
public_ci_video,56.0,58.0,59.96666666666667,120,1.0,1.5708181249739532,198.44553603579683,-3.0804305258927496,-13.45299825245818,0.675,1.87923856878229,212.41431604384155,,,0.8833333333333333,1.2509125134442165,0.75,0.1043826777803208,,12.977815628051758
public_ci_video,57.0,59.0,60.96666666666667,120,1.0,1.4882561469786952,161.06423386770405,-2.789796262309438,-13.378068331607825,0.675,1.920516051669912,206.27236599947545,,,0.875,1.2261565078360777,0.4669811320754717,0.3311628147409334,,13.3853346824646
public_ci_video,58.0,60.0,61.96666666666667,120,1.0,1.4250538689642405,157.31611392122232,-3.979000293863661,-13.38864384924122,0.85,1.708833341884841,166.76326885520098,,,0.925,1.372517127905493,0.2477477477477477,0.5040343105329508,,15.50272169113159
public_ci_video,59.0,61.0,62.96666666666667,120,1.0,1.425238775124565,146.1742824416599,-5.345974140987208,-13.860006246015768,0.9916666666666668,1.7277050169389134,159.05677859358622,,,0.9833333333333332,1.399792160548632,0.2375,0.5584604197685051,,18.65743827819824
public_ci_video,60.0,62.0,63.96666666666667,120,1.0,1.4504457373587067,150.61941129760348,-2.766741870301372,-13.91318970336759,0.9916666666666668,1.7070342294292902,155.03081961137735,,,0.9916666666666668,1.2152030495403678,0.4333333333333333,0.613435999854459,,19.18333625793457
public_ci_video,61.0,63.0,64.96666666666667,120,0.9416666666666668,1.6107703180722353,208.30649749292,,,1.0,1.3607983013636695,155.81465767955302,-2.4813669106730227,-14.323729688379204,0.975,1.2036806635543238,0.6752136752136753,0.600463919783211,,19.238587379455563
public_ci_video,62.0,64.0,65.96666666666667,120,0.7666666666666667,1.6859472003324911,217.09057757139533,,,1.0,1.8959199849831845,218.68775714744555,-5.184834919970283,-13.480441322100312,0.9,1.4825727012993426,0.7037037037037037,0.4103378960969994,,17.23184871673584
public_ci_video,63.0,65.0,66.96666666666667,120,0.55,1.3971180896698658,214.6130071487299,,,1.0,1.9037813004800208,239.9764621585597,-4.324107712216941,-13.576103987402496,0.8333333333333334,1.84184005065902,0.6428571428571429,0.2575758092289009,,14.035922288894652
public_ci_video,64.0,66.0,67.96666666666667,120,0.55,2.236813675100102,316.8667213079463,,,1.0,2.2368603559250504,288.1308468313176,-4.127617029333299,-13.954410687564057,0.8,2.0162936484113403,0.5,0.1692213109631824,,18.01613044738769
public_ci_video,65.0,67.0,68.96666666666667,120,0.55,3.046041123461221,469.4015807517069,,,0.875,2.277347342827565,285.39724394649545,,,0.75,2.677163293741369,0.2197802197802197,0.0187371986494684,,17.624728012084955
public_ci_video,66.0,68.0,69.96666666666667,120,0.725,2.5800215129097617,392.4545398965352,,,0.875,1.6504513436530124,124.44393483176296,,,0.825,2.4280698863186565,0.2,0.1544885726878032,,16.923210000991794
public_ci_video,67.0,69.0,70.96666666666667,120,0.9416666666666668,2.633863885161917,335.4266247571266,,,0.875,1.7275320828587373,104.12199917805287,,,0.8916666666666667,2.229062967867222,0.1454545454545454,0.073337296631083,,15.664652061462382
public_ci_video,68.0,70.0,71.96666666666667,120,0.825,2.6303764080346514,276.7748455196663,,,0.725,1.141990351921034,86.94699774410401,,,0.8,2.1850667359401124,0.1938775510204081,0.0737266317160465,,10.40313138961792
public_ci_video,69.0,71.0,72.96666666666667,120,0.8833333333333333,2.5873905426254376,177.2092564702369,,,0.7666666666666667,1.494278045457671,105.81769747090571,,,0.825,1.7501950289736306,0.3535353535353535,0.0839270551951006,,14.875675201416003
public_ci_video,70.0,72.0,73.96666666666667,120,0.85,3.20556028510778,237.2865657727735,,,0.7666666666666667,2.1162590164475907,259.79047004164795,,,0.7833333333333333,1.994179587281546,0.4157894736842105,-0.0044312329784721,,15.99576320648193
public_ci_video,71.0,73.0,74.96666666666667,120,0.85,2.679027891113591,234.2847980039934,,,0.7666666666666667,1.9558948792016344,209.62556923238708,,,0.7833333333333333,2.758010071542585,0.3631578947368421,0.0691493961677562,,16.814210510253904
public_ci_video,72.0,74.0,75.96666666666667,120,0.9666666666666668,2.1016937444635286,176.52006266768885,,,0.9166666666666666,2.424730066496992,271.81138551544257,,,0.8833333333333333,3.4436605396915163,0.1846846846846846,-0.0442940806624905,,18.05100774765014
public_ci_video,73.0,75.0,76.96666666666667,120,0.9666666666666668,1.457846397253164,164.6915815809403,,,1.0,1.8806446619292625,163.87299830167456,-6.612783338070576,-13.815623683590108,0.9333333333333332,4.310938399293333,0.0387931034482758,-0.1300680877812259,,17.002038955688477
public_ci_video,74.0,76.0,77.96666666666667,120,1.0,0.961702734142721,117.81105574656462,-5.15522377105964,-13.906784505142223,1.0,1.3269211989346692,83.90604157936313,-2.421978898656868,-13.371251310925638,0.975,4.749202315150627,0.0,-0.1188364736159962,0.0038752426997517,15.524002075195312
public_ci_video,75.0,77.0,78.96666666666667,120,1.0,0.7792978244849951,58.43171974577184,-5.822354104901514,-13.68716297632248,1.0,1.0329731220731808,30.938103788948624,-2.2288946691392524,-13.311378846682794,0.975,4.85720369854925,0.0,-0.1160456970347316,0.0012422654441409,12.917446756362894
public_ci_video,76.0,78.0,79.96666666666667,120,1.0,1.0539177652714595,58.7913841654307,-7.646120826318567,-13.373276271940016,0.9916666666666668,0.8803011149970327,40.0562971283132,,,1.0,4.6197349427849925,0.0,-0.0194105923674312,,13.813009452819813
public_ci_video,77.0,79.0,80.96666666666667,120,1.0,1.017159095107595,40.14090721589934,-7.713642608427303,-13.328857920638804,0.9916666666666668,1.2246338864763255,91.96303846544994,,,0.9916666666666668,4.175692842628925,0.0,0.0472316488971421,,15.555869674682617
public_ci_video,78.0,80.0,81.96666666666667,120,1.0,0.7645793808290893,32.58594291791074,-2.305028905059899,-13.063410011908406,0.9916666666666668,1.5299728155931205,169.3488700137511,,,0.9916666666666668,3.817179828785811,0.0,-0.0271679118495251,,14.904327297210692
public_ci_video,79.0,81.0,82.96666666666667,120,1.0,0.9087650487424516,43.21813516282407,-7.103036620228712,-13.197832578896891,0.9916666666666668,1.7447515330139292,187.97235588408185,,,0.9833333333333332,3.5981077235752488,0.0,-0.0436829934940704,,14.904327297210692
public_ci_video,80.0,82.0,83.96666666666667,120,1.0,0.961917191018152,43.610856255383645,-7.953921094017237,-12.77237574909496,1.0,1.82955626371337,164.31283848651606,-5.3663398365486366,-13.40965989560221,0.9833333333333332,3.494579035128239,0.0,-0.0107329610457694,0.901198854219138,21.167070102691643
public_ci_video,81.0,83.0,84.96666666666667,120,1.0,1.194480570284928,47.31621743384932,-4.006819349609247,-13.28839814378356,1.0,1.9205219974530423,148.9008764163604,-3.606341170975102,-13.693594308952768,0.9833333333333332,3.1823961068229547,0.0,-0.0458429499541276,0.8935778737433936,21.843048858642568
public_ci_video,82.0,84.0,85.96666666666667,120,1.0,1.2107512799487556,48.31760857549092,-3.88655745775601,-13.27959590980359,1.0,1.617706489225801,99.392610403774,-2.362317666640024,-13.62854332929771,0.9833333333333332,2.619657842577585,0.2333333333333333,0.0519209645503161,0.8972507091164995,21.843048858642568
public_ci_video,83.0,85.0,86.96666666666667,120,1.0,1.078969425208326,43.39868400775451,-4.055392772619923,-13.21570514685274,1.0,1.4332708263038034,67.5732064394503,-2.470918591678722,-13.593704096330251,0.9916666666666668,1.9575768169689889,0.4833333333333333,-0.031877443876412,0.8987423718080086,21.843048858642568
public_ci_video,84.0,86.0,87.96666666666667,120,1.0,0.6351040201961562,46.190235057292185,-4.045152576024657,-13.063538526365482,1.0,0.8978613416556354,73.79080872476283,-5.208738177355163,-13.771818540199796,0.9916666666666668,1.4800474558236412,0.625,0.0184687425050133,0.7873533714074901,6.8977735996246325
public_ci_video,85.0,87.0,88.96666666666667,120,1.0,0.4081488698943917,46.190235057292185,-3.118699526195349,-13.478672391165366,1.0,0.8911110778166441,78.18174402258981,-2.4283847490151915,-13.191365717351932,1.0,1.3736017123103834,0.625,0.0539278510766823,0.0091174490225057,7.44403357505798
public_ci_video,86.0,88.0,89.96666666666667,120,1.0,0.4288371195661154,48.13494743526709,-2.882366597292187,-13.493213538328485,1.0,0.8800203255997527,75.83580936927393,-2.165746695903718,-13.190465688022275,1.0,1.6435937002936252,0.3916666666666666,0.1244230791803832,0.009174168528031,8.456998586654663
public_ci_video,87.0,89.0,90.96666666666668,120,1.0,0.3990404209440565,37.28463642769776,-2.57159919600602,-13.463214303244992,1.0,1.005666628999372,93.00534429175636,-3.996023190120025,-13.318621811785974,1.0,1.860313690787899,0.2,0.2903056715256872,0.0089292387298242,8.469208240509031
public_ci_video,88.0,90.0,91.96666666666668,120,1.0,0.352322379516795,34.98873240929468,-4.862266240875233,-13.364003287897544,1.0,0.9313762419531614,77.21620272248188,-5.502326825892662,-12.956954568386958,0.9916666666666668,2.021870957853563,0.0583333333333333,0.210838393754022,0.0281756129507536,10.087294101715088
public_ci_video,89.0,91.0,92.96666666666668,120,1.0,0.3543567913128651,35.14505258988167,-3.892518855130554,-13.094364641578464,1.0,0.6661312888688601,63.28150391298151,-3.7212239351059297,-14.1912003606445,0.9916666666666668,1.9705944630595016,0.0583333333333333,0.3363181048351007,0.5727264764050506,10.639509582519532
public_ci_video,90.0,92.0,93.96666666666668,120,1.0,0.3308031343935668,28.442605997154217,-2.477697459602604,-13.06949167096968,1.0,0.6113739272491713,55.01528501347877,-3.7482008601378336,-14.17637234518036,0.9916666666666668,1.7396888284690697,0.0583333333333333,0.4103756943862462,0.5734412832730345,10.19388732910156
public_ci_video,91.0,93.0,94.96666666666668,120,1.0,0.3675763551314991,37.62709328863258,-3.1053156240410527,-13.121516928282674,1.0,0.5020494562875436,39.7585839242934,-3.85415217683198,-13.892014101544154,0.9916666666666668,1.5629928606863084,0.025,0.3278892112417066,0.8141238473692657,10.261687088012694
public_ci_video,92.0,94.0,95.96666666666668,120,0.8916666666666667,0.9090748323941824,40.28132073636684,,,0.9833333333333332,1.3950255743326132,48.45212232126309,,,0.9583333333333334,1.4643064143922249,0.141025641025641,0.3453852599670285,,9.661359691619872
public_ci_video,93.0,95.0,96.96666666666668,120,0.8916666666666667,0.966539555309867,44.91585279859729,,,0.9833333333333332,1.658520205063247,117.24648401262816,,,0.9583333333333334,1.3901127098074173,0.2008547008547008,0.3225399395765526,,11.814759445190427
public_ci_video,94.0,96.0,97.96666666666668,120,0.8916666666666667,1.0825781191460857,77.34492170341207,,,0.9833333333333332,1.804648015528412,208.0669853524488,,,0.9583333333333334,1.432153424148628,0.2264957264957265,0.2023476268698563,,12.533573102951053
public_ci_video,95.0,97.0,98.96666666666668,120,0.8916666666666667,1.423101494493804,91.80716921136175,,,0.9833333333333332,2.1094294383164547,242.86351131191327,,,0.9583333333333334,1.657300890251122,0.2008547008547008,0.3112034068190513,,16.795111846923838
public_ci_video,96.0,98.0,99.96666666666668,120,1.0,0.852014794155245,84.27903186813433,-4.0792915688029865,-13.24781926355272,1.0,1.1622943164193855,157.46709598635783,-4.58664028609441,-14.221160368725968,1.0,1.933706276582248,0.099009900990099,0.4131452756771057,0.8365686302291795,15.205025386810306
public_ci_video,97.0,99.0,100.96666666666668,120,0.975,1.083046329833268,85.71425885861024,,,1.0,0.9241381844093612,129.1343911533176,-3.160098809038035,-13.907869485167463,1.0,1.9582457203950212,0.1935483870967742,0.2083320033367914,,13.1300009727478
public_ci_video,98.0,100.0,101.96666666666668,120,0.975,1.1595471564759037,90.22046345357424,,,1.0,0.9888169179964396,120.92246343791852,-6.008246604048109,-14.105318672365245,1.0,1.83120653650287,0.2580645161290322,0.1629515803060471,,13.10193967819214
public_ci_video,99.0,101.0,102.96666666666668,120,0.975,1.2856185451628912,128.1274162549418,,,1.0,1.0543462350958253,83.55062370885236,-3.2228525874121354,-13.063847929825869,1.0,1.5918663838682692,0.2903225806451613,0.0511494710131789,,9.675768089294422
public_ci_video,100.0,102.0,103.96666666666668,120,0.975,1.3548574153178172,130.2106387798874,,,1.0,1.0879455307802588,71.93370310916421,-3.0211335742058063,-12.998411475011329,1.0,1.3728902131498375,0.2410714285714285,-0.2176818954713542,,4.672396850585938
public_ci_video,101.0,103.0,104.96666666666668,120,1.0,0.98936529808336,99.47834832392648,-2.470485719535761,-13.556015798459072,1.0,1.032164209213286,57.39030034280937,-2.5818818230788434,-12.926334260514537,1.0,1.6879958585732548,0.1,-0.1270743623491537,0.6972718178755238,8.074792337417604
public_ci_video,102.0,104.0,105.96666666666668,120,1.0,1.256312898944644,123.78734905639736,-8.832942472977681,-13.798061126536211,0.9583333333333334,0.9617878889112458,57.05243412163807,,,1.0,2.1434462027126897,0.025,-0.1661653488953826,,7.980658721923828
public_ci_video,103.0,105.0,106.96666666666668,120,1.0,0.944418431214674,101.28080724448266,-2.722003161207129,-13.523885768656552,0.8916666666666667,1.043645745301074,66.48204988158568,,,0.9833333333333332,2.436750362064489,0.0166666666666666,-0.1329841841957641,,8.029695487022398
public_ci_video,104.0,106.0,107.96666666666668,120,1.0,1.2768956935258762,110.31509733336289,-5.326533111040678,-14.36188258715887,0.8916666666666667,1.1419242865228465,99.69338609700836,,,0.975,2.2481426256050203,0.1166666666666666,0.0724001680473505,,8.480663990974424
public_ci_video,105.0,107.0,108.96666666666668,120,1.0,1.3946715837253207,124.80462252914684,-5.458603866066445,-14.37532564740959,0.8916666666666667,1.1379378086903649,71.29498060922299,,,0.975,1.905838713267856,0.2333333333333333,0.2998647819917667,,6.361634731292725
public_ci_video,106.0,108.0,109.96666666666668,120,1.0,1.1184420116130231,119.05536313753991,-3.0543177949585045,-14.624297211555229,0.9333333333333332,1.072549308050869,57.16758208814153,,,0.975,1.459050916569761,0.4833333333333333,0.4210749878557816,,7.28533089160919
public_ci_video,107.0,109.0,110.96666666666668,120,1.0,1.528039917395678,138.79271757639452,-5.804980294516834,-14.775986379966188,0.8916666666666667,1.017364463571251,66.56212767813311,,,0.9666666666666668,1.202650265990476,0.6068376068376068,0.5389076703529164,,10.483532142639156
public_ci_video,108.0,110.0,111.96666666666668,120,1.0,1.3467956800613952,132.52772830549702,-3.2751622645455694,-14.0043193913576,0.8916666666666667,1.426567980013162,71.83666220970747,,,0.95,1.111700780359505,0.7478632478632479,0.4935664334556475,,8.834393739700317
public_ci_video,109.0,111.0,112.96666666666668,120,1.0,1.9668453326524704,185.77322287888623,-4.800809138112985,-13.270472153207766,0.8916666666666667,1.4996596195338368,106.67118420862076,,,0.95,0.996833692325642,0.8076923076923077,0.2486676194817511,,8.76122522354126
public_ci_video,110.0,112.0,113.96666666666668,120,0.975,2.4214282602505373,243.61897624417185,,,0.8916666666666667,1.7539677475216326,161.1630265584361,,,0.95,1.2575766108040776,0.6153846153846154,0.0235114278229514,,12.674110984802246
swmrAJkYrlY,0.0,2.0,3.977937489553736,120,0.5166666666666667,1.5688253687843854,120.12591941164264,,,0.5666666666666667,1.5765335545592634,199.8015236356021,,,0.45,0.6290043529848836,0.8818181818181818,0.2477212081061579,,2.5306885719299315
swmrAJkYrlY,1.00284138392111,3.00284138392111,4.980778873474845,120,0.5916666666666667,1.474779436142919,115.01265116906674,,,0.7833333333333333,1.5665626715557417,111.18045214476828,,,0.5916666666666667,0.7086604199681817,0.8986486486486487,0.2970014175239832,,2.5744287371635437
swmrAJkYrlY,2.00568276784222,4.00568276784222,5.983620257395955,120,0.825,1.3295242312440274,83.39101667611962,,,0.7916666666666666,1.6285645601889995,76.65361107229558,,,0.775,1.119770510904546,0.711340206185567,0.3234843779800813,,4.815576076507568
swmrAJkYrlY,3.008524151763329,5.008524151763329,6.9864616413170655,120,0.825,1.0792790889072728,61.76653063299393,,,0.8833333333333333,1.5240250933035075,70.19602800525655,,,0.85,1.166892493346769,0.6923076923076923,0.0614850426407298,,7.966027903556823
swmrAJkYrlY,4.01136553568444,6.01136553568444,7.989303025238175,120,0.825,0.9821079153924464,46.22933924450619,,,0.875,1.4808752045419304,63.93403422584687,,,0.8666666666666667,1.553461374545802,0.4423076923076923,-0.2681316153475607,,7.966027903556823
swmrAJkYrlY,5.014206919605549,7.014206919605549,8.992144409159286,120,1.0,0.8745616346111595,37.923686419560944,-2.353882813242146,-12.800915507259502,0.875,1.5391088162935884,59.77842155374274,,,0.9583333333333334,2.308898916903903,0.2434782608695652,-0.0280009270864916,,7.966027903556823
swmrAJkYrlY,6.017048303526659,8.017048303526659,9.994985793080394,120,0.875,0.7512105141270844,29.757993322111545,,,0.7916666666666666,1.5147859306871163,59.05997168223256,,,0.875,2.920428494693029,0.238095238095238,-0.0467624544901986,,6.102567815780638
swmrAJkYrlY,7.019889687447769,9.019889687447767,10.997827177001504,120,0.875,0.6233783007435683,25.8031873529841,,,0.8666666666666667,1.4150197016613062,50.07160544824564,,,0.8916666666666667,3.976629507963563,0.0377358490566037,0.221918190893426,,5.07473669052124
swmrAJkYrlY,8.022731071368879,10.02273107136888,12.000668560922614,120,0.875,0.5929087073462919,27.887960156917025,,,0.875,1.0549668551253548,36.35263028931806,,,0.8916666666666667,4.660603381271272,0.0,0.3280068216531912,,3.653968596458435
swmrAJkYrlY,9.02557245528999,11.02557245528999,13.003509944843724,120,0.875,0.6037581946354164,27.139439902345703,,,0.875,0.711814230939935,29.085255697798043,,,0.8916666666666667,4.7357989088224,0.0,0.2417219769957272,,2.864560091495514
swmrAJkYrlY,10.028413839211098,12.028413839211098,14.006351328764834,120,1.0,0.5623593544656951,25.51930289689764,-3.4125392084615798,-13.34066718543743,0.9583333333333334,1.0412762652042185,30.538234248566823,,,0.975,4.304246827577498,0.0,0.1683266321932405,,2.3410472393035886
swmrAJkYrlY,11.031255223132208,13.031255223132208,15.009192712685945,120,0.7833333333333333,0.4784346594457868,26.11498320289046,,,1.0,1.3348016456454972,39.24727456185185,-2.2329346572245505,-12.044004362336665,0.825,3.745541788567792,0.0707070707070707,0.060593884711031,,3.9687873840331984
swmrAJkYrlY,12.034096607053318,14.034096607053318,16.012034096607053,120,0.5333333333333333,0.4602292699375372,22.482102995589383,,,0.7666666666666667,1.5916018147408806,50.57581966317196,,,0.6166666666666667,3.2192070102891748,0.1621621621621621,0.2856128142105159,,3.9687873840331984
swmrAJkYrlY,13.036937990974428,15.036937990974428,17.014875480528165,120,0.2833333333333333,0.3868999258718234,26.41429576579073,,,0.5166666666666667,2.0533331975868343,87.42154052162746,,,0.375,2.4355707875267707,0.2727272727272727,0.071947697354737,,3.9687873840331984
swmrAJkYrlY,14.039779374895538,16.039779374895538,18.017716864449277,120,0.0333333333333333,0.5788746228160745,48.62421727454685,,,0.2666666666666666,1.8661419864870497,123.14159250398455,,,0.1333333333333333,0.751260792544421,0.8571428571428571,-0.8359559278627904,,3.9687873840331984
swmrAJkYrlY,15.042620758816648,17.042620758816646,19.020558248370385,120,0.175,1.4549688825415894,45.914308159522704,,,0.0166666666666666,0.9695597826915928,237.96892378940805,,,0.1166666666666666,0.2796690371295386,1.0,,,2.8297221183776853
swmrAJkYrlY,16.045462142737758,18.04546214273776,20.023399632291493,120,0.425,1.336110169866056,60.13491414472539,,,0.0666666666666666,1.4094787703406513,83.62982127324311,,,0.1916666666666666,0.4566524553889188,1.0,-0.4336749846383395,,4.537211990356444
swmrAJkYrlY,17.048303526658867,19.048303526658867,21.0262410162126,120,0.425,1.336110169866056,60.13491414472539,,,0.1166666666666666,1.184309672609541,77.24116842521069,,,0.2416666666666666,0.55081572622617,1.0,-0.4336749846383395,,5.561539816856383
swmrAJkYrlY,18.05114491057998,20.05114491057998,22.029082400133717,120,0.5416666666666666,1.1770356131783826,61.91283502245829,,,0.3416666666666667,2.1834269030957616,89.07570216807434,,,0.45,0.8521471375237248,1.0,0.3642733030732081,,13.785801601409911
swmrAJkYrlY,19.053986294501087,21.053986294501087,23.031923784054825,120,0.6166666666666667,0.8584603901839257,62.17916247091208,,,0.5916666666666667,1.979655955103479,71.52670231985373,,,0.6416666666666667,1.6907287097421435,0.7105263157894737,0.0633429890958899,,13.785801601409911
swmrAJkYrlY,20.056827678422195,22.056827678422195,24.034765167975934,120,0.6166666666666667,0.7144177769078287,57.51101708225079,,,0.7333333333333333,2.029560319371139,54.74301855252514,,,0.7666666666666667,2.773891936190193,0.4677419354838709,-0.2297455032781653,,13.808180236816405
swmrAJkYrlY,21.059669062343307,23.059669062343307,25.03760655189704,120,0.6166666666666667,0.7144177769078287,57.51101708225079,,,0.9333333333333332,1.906770126310368,61.1674527057384,,,0.75,2.7972714336830995,0.45,-0.2297455032781653,,13.830558872222896
swmrAJkYrlY,22.06251044626441,24.06251044626441,26.04044793581815,120,0.5,0.741686988295889,54.96445057545496,,,0.825,1.718153045496917,59.43930930650022,,,0.5583333333333333,3.3337183785860898,0.2384615384615384,-0.49701549583474,,4.801750636100764
swmrAJkYrlY,23.065351830185527,25.065351830185527,27.043289319739262,120,0.25,0.8976039582454766,48.25514456780276,,,0.725,1.627143298297837,109.8936410120628,,,0.375,3.140108482940433,0.3604651162790697,-0.904627001451456,,3.9825397253036496
swmrAJkYrlY,24.068193214106635,26.068193214106635,28.04613070366037,120,0.0083333333333333,3.342960722498192,290.9041947707639,,,0.7583333333333333,1.6411289349998135,122.97414939517144,,,0.1833333333333333,0.5794037466043793,1.0,0.93896424951888,,3.436208510398861
swmrAJkYrlY,25.071034598027747,27.071034598027747,29.048972087581483,120,0.2583333333333333,2.565886477242305,70.36582623308185,,,0.5916666666666667,2.064240028643776,124.37579436832672,,,0.2833333333333333,0.925758458728788,0.8064516129032258,0.967262787130692,,3.0895870923995967
swmrAJkYrlY,26.073875981948856,28.073875981948856,30.05181347150259,120,0.5,3.2618889740708865,82.73105097286142,,,0.475,2.0540697730856463,104.77636238478296,,,0.2583333333333333,0.9616178521417492,0.7931034482758621,0.967262787130692,,22.184062290191648
swmrAJkYrlY,27.076717365869964,29.076717365869964,31.054654855423703,120,0.7166666666666667,2.7700198235469853,70.29487507361283,,,0.4666666666666667,2.0651016564775166,77.22035535607984,,,0.4,1.4307715290155996,0.4347826086956521,-0.0869153478842351,,22.184062290191648
swmrAJkYrlY,28.07955874979108,30.07955874979108,32.057496239344815,120,0.8416666666666667,2.402869829907751,58.74683336580343,,,0.475,2.885776510328516,92.86636255395526,,,0.525,1.6212301890142036,0.3064516129032258,-0.4282991291983805,,22.184062290191648
swmrAJkYrlY,29.082400133712184,31.082400133712184,33.06033762326592,120,0.8416666666666667,1.850666175456857,47.5850354296911,,,0.6416666666666667,2.5881847942059646,85.92798041019397,,,0.6333333333333333,2.699386261925953,0.1298701298701298,-0.1569921023952636,,22.184062290191648
swmrAJkYrlY,30.085241517633296,32.08524151763329,34.06317900718703,120,0.85,1.048864586268938,39.03947336193389,,,0.8916666666666667,2.379387825801832,60.58391849709817,,,0.8833333333333333,3.4625334922392943,0.0934579439252336,0.2197572972881425,,15.710235977172845
swmrAJkYrlY,31.088082901554404,33.0880829015544,35.06602039110814,120,0.8833333333333333,0.8852498335647822,36.62932106068507,,,1.0,2.311211458594958,51.03892774920008,-2.1723037427201533,-12.670130944618393,0.925,4.598449800928834,0.0446428571428571,0.5784825974504969,,13.0261510848999
swmrAJkYrlY,32.09092428547552,34.09092428547552,36.06886177502925,120,1.0,1.019908042129298,38.8533973656314,-2.43360331792352,-12.827752613069729,1.0,1.6799449738924337,36.08135947119823,-2.2561506872218904,-12.518050487335676,1.0,5.5677049954561255,0.0,0.861683925920882,0.1144689073951766,13.0261510848999
swmrAJkYrlY,33.093765669396625,35.093765669396625,37.07170315895036,120,1.0,1.1277440121810012,35.99388489932568,-2.5736207012285828,-12.81202187528856,1.0,1.253903372907743,31.805594490677358,-2.210819685053499,-12.14075293900832,1.0,6.133195334521054,0.0,0.9483221718906504,0.4166587718393508,11.995962619781489
swmrAJkYrlY,34.09660705331773,36.09660705331773,38.07454454287147,120,1.0,0.9975366142877456,36.76689173494502,-2.146992743416962,-13.032277988226827,1.0,0.99256706918259,29.218009461968403,-2.842721694082724,-12.65204133066576,1.0,6.175300288647053,0.0,0.5454231596117183,0.3921817149363328,11.995962619781489
swmrAJkYrlY,35.09944843723884,37.09944843723884,39.07738592679258,120,1.0,0.886179295457103,40.14009821938068,-2.558839017534924,-13.228352663971068,1.0,0.8710909041509509,31.669009777119875,-3.1489348963708226,-12.93571566087855,1.0,5.699661041410399,0.0,0.3380954203961999,0.3568940407233469,9.856451272964476
swmrAJkYrlY,36.10228982115996,38.10228982115996,40.08022731071369,120,0.9583333333333334,0.9412380780371488,39.011401431368725,,,1.0,0.874733950772999,31.73060809085691,-2.376354921519872,-12.946987634608565,0.9916666666666668,5.064712565271466,0.0,0.2796878905813867,,8.842515325546263
swmrAJkYrlY,37.105131205081065,39.105131205081065,41.0830686946348,120,0.9583333333333334,1.1180576340978343,52.22869977329072,,,1.0,0.9936902067942438,31.20828615849875,-2.565740852054285,-12.763612132047774,0.9916666666666668,4.496813419984967,0.0,0.2622921700969171,,7.640868139266967
swmrAJkYrlY,38.10797258900217,40.10797258900217,42.08591007855591,120,0.9583333333333334,1.3241273596918577,50.88276801471261,,,1.0,1.0461343162927466,31.86364288893203,-2.542807512618273,-12.681384289589488,0.9833333333333332,4.123306972423054,0.0,0.5710857334083506,,10.52114758491516
swmrAJkYrlY,39.11081397292328,41.11081397292328,43.08875146247702,120,0.9583333333333334,1.2908562272145174,42.18941873515242,,,1.0,0.937345987928734,27.0065878910106,-2.2261816420854665,-12.374241118207756,0.9833333333333332,3.925748677001791,0.0,0.3613502696704177,,10.52114758491516
swmrAJkYrlY,40.11365535684439,42.11365535684439,44.09159284639813,120,1.0,1.0085545472789923,44.034361591773816,-3.2616410667424347,-14.692321911816435,1.0,0.7991741537545178,26.967858865192632,-2.380787300805081,-12.27567638952612,0.9916666666666668,3.69256643989655,0.0,0.342824251119852,-0.1694741007835253,10.52114758491516
swmrAJkYrlY,41.11649674076551,43.11649674076551,45.09443423031924,120,1.0,0.6982178181453484,41.51666570901977,-3.605084465848254,-13.080848009788642,1.0,0.8308081050760928,26.73180873699665,-3.32179444205726,-12.267946442017228,0.9916666666666668,3.5561131957302985,0.0,0.2657102017934079,-0.3266646010732305,8.60082049369812
swmrAJkYrlY,42.11933812468661,44.11933812468661,46.097275614240345,120,1.0,0.4987778119024947,36.99079476587818,-2.856645245749609,-13.805125549933564,1.0,0.8732072902307666,26.558624911554865,-2.2532039882496897,-11.999894749196011,1.0,3.814414515813958,0.0,-0.1146695511168539,0.1214709542237045,8.408106899261474
swmrAJkYrlY,43.12217950860772,45.12217950860772,47.10011699816146,120,1.0,0.505771352764324,33.05381424364706,-2.8099792732824125,-13.731056965886449,1.0,0.8782118225156806,25.966004579371347,-1.905700654895983,-12.01630296962126,1.0,4.603623826689709,0.0,-0.1210474238643308,0.1692761446670127,8.477956819534299
swmrAJkYrlY,44.12502089252883,46.12502089252883,48.10295838208257,120,1.0,0.6513385036354296,31.629997287104587,-3.209253233041783,-12.866255082093284,1.0,0.8846101428382357,22.888118442664,-2.219523357295404,-11.903542486694125,1.0,5.341926060682708,0.0,-0.4182128323359476,0.1139886336087847,8.477956819534299
swmrAJkYrlY,45.127862276449946,47.127862276449946,49.10579976600368,120,1.0,0.6839388983846854,27.91077928959998,-2.766152816535532,-12.538158566437277,1.0,0.6961600777734949,23.902129029127305,-2.5589366641658224,-12.00817868286454,1.0,5.7933621307936285,0.0,-0.5318707277698125,0.1335856639662601,8.477956819534299
swmrAJkYrlY,46.130703660371054,48.130703660371054,50.10864114992479,120,1.0,0.6384756156179336,26.552898833616812,-2.6559652023567946,-12.409913502766196,1.0,0.4462016088419809,19.23467716803715,-3.106669295722564,-12.24858347134697,1.0,6.020582155345638,0.0,-0.2179404840649837,0.0253505976052377,3.111975955963133
swmrAJkYrlY,47.13354504429216,49.13354504429216,51.1114825338459,120,1.0,0.7487567671472228,27.07709487210917,-3.487755979857229,-12.434320791974107,1.0,0.3310929365658285,14.314509765688934,-2.6029911516605844,-12.732670042489197,1.0,5.773600593279039,0.0,-0.0279127791354732,-0.0680242815179016,2.8307180047035216
swmrAJkYrlY,48.13638642821327,50.13638642821327,52.11432391776701,120,1.0,1.1218931077796457,29.236779878965653,-3.065063844201129,-11.31697187007703,1.0,0.3420267298436721,18.086732806321532,-4.240378775925766,-12.550955500981312,1.0,5.321487513536776,0.0,0.0692008777084132,-0.1428943983443517,2.888415729999542
swmrAJkYrlY,49.13922781213438,51.13922781213438,53.11716530168812,120,0.875,1.57839367130088,33.44203058921917,,,1.0,0.2761344835176373,15.554299030009942,-2.308181887725337,-12.806522829206166,0.9166666666666666,4.6500541057751805,0.0636363636363636,-0.0402825708931169,,2.830587828159332
swmrAJkYrlY,50.142069196055495,52.142069196055495,54.120006685609226,120,0.625,2.0107845032478955,42.0254892070454,,,0.9333333333333332,0.3928721793311264,22.047155261107584,,,0.725,3.8268697913956182,0.1704545454545454,-0.1632005419524473,,2.7994674921035765
swmrAJkYrlY,51.1449105799766,53.1449105799766,55.122848069530335,120,0.375,2.768094938044588,69.4606188473514,,,0.6833333333333333,0.500389530377037,31.756310463994463,,,0.5416666666666666,2.5447485268966106,0.2833333333333333,-0.3180891185778186,,2.739888703823089
swmrAJkYrlY,52.14775196389771,54.14775196389771,56.12568945345145,120,0.125,3.431821250170971,110.31926760362272,,,0.65,0.7890621980281531,98.38026556523997,,,0.3166666666666666,1.0868516804154342,0.5666666666666667,-0.6592179048687143,,2.808254241943359
swmrAJkYrlY,53.15059334781882,55.15059334781882,57.12853083737256,120,0.0833333333333333,2.1978156371109328,149.46603675377156,,,0.65,1.444134855600166,198.45176865623813,,,0.2583333333333333,0.5929637504492644,0.84,0.933327650119008,,2.869724345207214
swmrAJkYrlY,54.15343473173993,56.15343473173993,58.13137222129367,120,0.3333333333333333,1.6808777355815807,82.16550995721622,,,0.7166666666666667,1.758863902310324,164.39746575663116,,,0.45,0.8055035616665455,0.9148936170212766,0.8304245826563804,,5.415682482719421
swmrAJkYrlY,55.15627611566104,57.15627611566104,59.134213605214775,120,0.5833333333333334,1.6291554275165048,65.66154501438407,,,0.825,1.637488201520671,153.4661161269643,,,0.575,0.8275526676262878,0.9402985074626866,0.7372994716911762,,6.767801332473754
swmrAJkYrlY,56.15911749958215,58.15911749958215,60.13705498913588,120,0.8333333333333334,1.459400246878381,63.96404383196988,,,0.8583333333333333,1.579398810951696,87.37803195041214,,,0.8,1.096904086910734,0.8041237113402062,0.1921073470372433,,6.767801332473754
swmrAJkYrlY,57.16195888350326,59.16195888350326,61.139896373057,120,1.0,1.1449900742456365,55.05179745979456,-2.2035588421476744,-13.546234473773431,0.8583333333333333,1.5218546578077543,60.26215959833338,,,0.9416666666666668,1.8835169968230463,0.5982142857142857,-0.019876031335156,,6.767801332473754
swmrAJkYrlY,58.16480026742437,60.16480026742437,62.14273775697811,120,1.0,1.1019125056427437,55.25535956962857,-3.5437146456468653,-13.540135149960417,0.8583333333333333,1.3568707299943996,50.3382181999574,,,0.9333333333333332,2.9935386609797874,0.3303571428571428,-0.0433130429333614,,15.457796764373777
swmrAJkYrlY,59.16764165134549,61.16764165134549,63.145579140899216,120,0.9083333333333332,0.9783332004147712,53.64400253792122,,,0.9583333333333334,1.4649977134339327,43.394917803862064,,,0.9416666666666668,3.952330020731309,0.131578947368421,0.0660907827348764,,15.56882238388061
swmrAJkYrlY,60.17048303526659,62.17048303526659,64.14842052482032,120,0.6583333333333333,0.9460654947281936,52.31547044812462,,,0.8,1.448713153465323,45.41696755841701,,,0.7166666666666667,4.625588198310236,0.0,0.3839981963752237,,15.56882238388061
swmrAJkYrlY,61.1733244191877,63.1733244191877,65.15126190874143,120,0.4083333333333333,1.2510659896077492,59.345843860489694,,,0.7083333333333334,1.3938407516989872,54.12527127078528,,,0.475,4.8810307506081605,0.0,0.7958106539605073,,15.56882238388061
swmrAJkYrlY,62.17616580310881,64.1761658031088,66.15410329266254,120,0.1583333333333333,1.116557298472261,52.31547044812462,,,0.5333333333333333,1.5736935449999867,141.3480146987755,,,0.2666666666666666,4.1155675692371085,0.0555555555555555,0.9223698649270994,,8.077174568176268
swmrAJkYrlY,63.17900718702992,65.17900718702992,67.15694467658365,120,0.2333333333333333,1.2835380379965164,83.87473994805381,,,0.575,1.7351376203386073,128.93502051761692,,,0.3083333333333333,1.0587818327924174,0.9545454545454546,0.6129330651280932,,7.0901401758193945
swmrAJkYrlY,64.18184857095103,66.18184857095103,68.15978606050477,120,0.4833333333333333,1.33693957409856,58.29884358131397,,,0.7333333333333333,1.7862651223871244,86.33648302811807,,,0.5333333333333333,1.2390852522284015,0.9761904761904762,0.6941825886141818,,5.7766564130783085
swmrAJkYrlY,65.18468995487214,67.18468995487214,69.16262744442588,120,0.6166666666666667,1.5590089817546884,60.35294343396959,,,0.825,1.626073840454327,74.63886157385409,,,0.7,1.169106703311593,0.9821428571428572,0.742437148994451,,3.5335532903671254
swmrAJkYrlY,66.18753133879325,68.18753133879325,70.16546882834699,120,0.7916666666666666,1.5533383773944287,56.930006592758645,,,1.0,1.6458072891201525,71.82411963534936,-3.5507414518786637,-13.039820789099048,0.8833333333333333,1.49128339677682,0.8037383177570093,0.368171924878041,,3.71400328874588
swmrAJkYrlY,67.19037272271436,69.19037272271436,71.1683102122681,120,0.8083333333333333,1.3471935294867778,47.85623555344497,,,1.0,1.6495856056232507,64.50267925659958,-2.7325698252485124,-12.950630118053336,0.8916666666666667,2.6013914491330605,0.5233644859813084,0.0521936608762551,,4.396640014648437
swmrAJkYrlY,68.19321410663547,70.19321410663547,72.1711515961892,120,0.8083333333333333,1.145825073380941,47.91578715256993,,,1.0,1.607675098263832,57.08864781559687,-2.331441900942358,-12.899373646148346,0.8916666666666667,4.102683778682512,0.2429906542056074,0.0731622858188222,,3.709291553497314
swmrAJkYrlY,69.19605549055657,71.19605549055657,73.17399298011031,120,0.9,1.1660422312497287,47.91542913037144,,,0.9916666666666668,1.990959748064276,49.84425924176031,,,0.9583333333333334,5.3493998846930815,0.043103448275862,0.0655109379300556,,4.165301465988158
swmrAJkYrlY,70.19889687447768,72.19889687447768,74.17683436403142,120,0.7916666666666666,1.3130099893764906,52.68319025070016,,,0.9916666666666668,1.7133020686850828,48.93987131152178,,,0.8583333333333333,5.561713487792385,0.0485436893203883,0.2329107193372188,,8.0802674293518
swmrAJkYrlY,71.2017382583988,73.2017382583988,75.17967574795253,120,0.5666666666666667,1.64308971795476,57.497554563275685,,,0.9916666666666668,1.6013646824135297,52.51075822713364,,,0.675,5.16170621896971,0.1392405063291139,0.543296287655808,,8.0802674293518
swmrAJkYrlY,72.20457964231991,74.20457964231991,76.18251713187364,120,0.3166666666666666,2.359458179720417,77.3493112213371,,,0.9916666666666668,1.7034035724062415,99.72028610239578,,,0.4416666666666666,4.091559395311265,0.2244897959183673,0.3107822796086843,,8.0802674293518
swmrAJkYrlY,73.20742102624102,75.20742102624102,77.18535851579476,120,0.0916666666666666,3.3679738745659944,137.26306388489215,,,0.875,1.2830317224727816,125.76009785714362,,,0.2,0.9037293652354969,0.5789473684210527,-0.2587701666233706,,8.025211572647091
swmrAJkYrlY,74.21026241016213,76.21026241016213,78.18819989971587,120,0.1083333333333333,1.9678672018866687,247.5113030601474,,,0.7666666666666667,1.4216366942786465,143.58669839416785,,,0.1666666666666666,0.3596975291861744,1.0,0.688735762909539,,4.010938715934753
swmrAJkYrlY,75.21310379408324,77.21310379408324,79.19104128363698,120,0.3333333333333333,2.4557838290776908,164.27732248809718,,,0.725,1.4039085640089697,152.09985635174775,,,0.325,1.0608641475591691,0.5714285714285714,0.1189080904124398,,2.694437181949615
swmrAJkYrlY,76.21594517800435,78.21594517800435,80.19388266755809,120,0.5833333333333334,2.86905407096074,151.1493097678861,,,0.725,1.3759313594067837,115.40764941542272,,,0.5583333333333333,1.946609771733799,0.3076923076923077,0.5603817938224517,,10.588855791091918
swmrAJkYrlY,77.21878656192546,79.21878656192546,81.1967240514792,120,0.8333333333333334,2.772453707271593,145.98685242614764,,,0.85,1.496631055334279,77.65531617028492,,,0.8083333333333333,2.595954078277108,0.2105263157894736,0.691057732984425,,10.588855791091918
swmrAJkYrlY,78.22162794584656,80.22162794584656,82.1995654354003,120,0.975,2.667327875974836,140.22450714433552,,,0.9583333333333334,1.4032527223799227,49.46983049785297,,,0.9666666666666668,3.0905715912335405,0.1176470588235294,0.4700963307795245,,10.588855791091918
swmrAJkYrlY,79.22446932976767,81.22446932976767,83.20240681932141,120,0.975,2.2442016004281364,79.03979969065847,,,1.0,1.104470285358339,35.3262592326661,-1.8476012539537328,-12.716442594284784,0.9916666666666668,3.457511733402004,0.0,0.4824212774647587,,10.588855791091918
swmrAJkYrlY,80.22731071368878,82.22731071368878,84.20524820324252,120,0.975,1.6481643187650727,53.0223918620743,,,1.0,0.9741941748416978,31.88540917462754,-3.6943076647787545,-12.277552570304431,0.9916666666666668,3.358419486493927,0.0,0.4964188379180641,,7.745776152610778
swmrAJkYrlY,81.2301520976099,83.2301520976099,85.20808958716363,120,0.9083333333333332,1.86380853824794,47.31078549173531,,,0.7583333333333333,0.7947795936369226,31.485060765382123,,,0.8166666666666667,3.0489679146834585,0.0,0.354101843316555,,5.547253274917602
swmrAJkYrlY,82.23299348153101,84.23299348153101,86.21093097108474,120,0.7416666666666667,1.7255679900542285,47.985324979260206,,,0.6583333333333333,0.9022707541494392,38.163214534248965,,,0.675,2.3528771505891246,0.1538461538461538,0.5215634729281811,,5.664980363845825
swmrAJkYrlY,83.23583486545212,85.23583486545212,87.21377235500586,120,0.55,2.0681544749996714,77.74116854171469,,,0.4083333333333333,1.2869490422161574,44.123933213065634,,,0.4833333333333333,1.8110197295568984,0.3076923076923077,0.7552924600719811,,5.664980363845825
swmrAJkYrlY,84.23867624937323,86.23867624937323,88.21661373892697,120,0.3,2.878670152789238,230.53778424729865,,,0.1583333333333333,1.5122762653772908,296.66814091876944,,,0.2416666666666666,0.957928873189574,0.7272727272727273,-0.0981121862781612,,5.664980363845825
swmrAJkYrlY,85.24151763329434,87.24151763329434,89.21945512284807,120,0.1833333333333333,1.5667161636549338,226.5584470920537,,,0.2166666666666666,1.3733559875635852,247.77153604452545,,,0.2833333333333333,0.612639784346326,1.0,0.0690813114481329,,4.949348664283752
swmrAJkYrlY,86.24435901721544,88.24435901721544,90.22229650676918,120,0.375,3.3695467139474045,397.7476856296898,,,0.3166666666666666,1.3942218054415456,175.55650538692373,,,0.4,0.7141845414443191,0.9893617021276596,0.0037671908656291,,4.204070997238159
swmrAJkYrlY,87.24720040113655,89.24720040113655,91.22513789069028,120,0.35,3.453373976417853,409.1675537744521,,,0.4583333333333333,1.4582559664480077,201.89355148212505,,,0.45,0.6924353516747223,0.9907407407407408,-0.0267072284239827,,4.204070997238159
swmrAJkYrlY,88.25004178505766,90.25004178505766,92.2279792746114,120,0.4583333333333333,3.288373786847382,328.6078432362868,,,0.6583333333333333,1.946949520549822,223.88661518123715,,,0.6,0.7586216449431388,0.993421052631579,-0.0246078337275794,,3.760581719875336
swmrAJkYrlY,89.25288316897877,91.25288316897876,93.23082065853252,120,0.4916666666666666,3.0254467326972625,298.25394870414794,,,0.6166666666666667,2.160749853908045,249.94428223154293,,,0.525,0.7197864195182216,0.9925373134328358,-0.088796060337208,,27.306549549102783
swmrAJkYrlY,90.25572455289988,92.25572455289988,94.23366204245362,120,0.3916666666666666,1.578548516016047,146.2917936210767,,,0.5416666666666666,2.169344777331741,217.9186372810293,,,0.4666666666666667,0.961642359168272,1.0,-0.2640911936288654,,27.306549549102783
swmrAJkYrlY,91.258565936821,93.258565936821,95.23650342637472,120,0.3583333333333333,1.5969740100991237,142.88755537798932,,,0.4416666666666666,2.335696175207301,175.07027761803664,,,0.4416666666666666,1.1416794589526478,1.0,-0.2546142812567872,,27.306549549102783
swmrAJkYrlY,92.26140732074212,94.26140732074212,96.23934481029583,120,0.4583333333333333,2.266445212340693,88.68697964447891,,,0.2916666666666667,1.8189972307657285,121.19552561445902,,,0.3666666666666666,1.464010885279985,0.8695652173913043,-0.0218181442664691,,27.306549549102783
swmrAJkYrlY,93.26424870466322,95.26424870466322,97.24218619421696,120,0.425,2.692671102567608,102.56274107566828,,,0.2916666666666667,2.070061031623699,121.19552561445902,,,0.325,1.541262820009828,0.8571428571428571,-0.0218181442664691,,15.60084338188171
swmrAJkYrlY,94.26709008858433,96.26709008858433,98.24502757813806,120,0.525,2.619660686622596,121.87970867611403,,,0.1166666666666666,3.3418830002438784,218.27923182961985,,,0.1666666666666666,1.6988747468625358,0.7391304347826086,0.840419127073781,,15.60084338188171
swmrAJkYrlY,95.26993147250543,97.26993147250543,99.24786896205916,120,0.6666666666666666,2.315218314431561,108.2013657692746,,,0.075,4.086469521792091,276.1596090172906,,,0.1583333333333333,2.162190440077421,0.7272727272727273,0.840419127073781,,15.60084338188171
swmrAJkYrlY,96.27277285642654,98.27277285642654,100.25071034598028,120,0.7083333333333334,1.4957728909550163,96.61520457244018,,,0.025,7.766761978839921,1049.2300808635607,,,0.1083333333333333,2.195670896028783,1.0,,,14.261238813400269
swmrAJkYrlY,97.27561424034764,99.27561424034764,101.2535517299014,120,0.8916666666666667,1.1234034095864742,70.27458143748945,,,0.2416666666666666,0.6264297501311284,33.81272593995306,,,0.3583333333333333,2.1971303506037474,0.4418604651162791,0.0200633715074086,,11.180213117599488
swmrAJkYrlY,98.27845562426876,100.27845562426876,102.2563931138225,120,0.875,0.9114933138486576,47.38026089359231,,,0.4916666666666666,0.4710046611904068,36.4676960400862,,,0.6083333333333333,1.991305260164584,0.2602739726027397,0.0310171094196508,,7.311729335784907
swmrAJkYrlY,99.28129700818988,101.28129700818988,103.2592344977436,120,0.7666666666666667,1.0670230122663478,44.069372637939765,,,0.6166666666666667,0.579301266351003,39.06986975751165,,,0.6833333333333333,2.0795650102921326,0.1234567901234567,0.0307302643094394,,7.311729335784907
swmrAJkYrlY,100.284138392111,102.284138392111,104.26207588166471,120,0.7416666666666667,1.1566291314484298,45.195322658892174,,,0.8666666666666667,0.595423098694268,38.608309109030856,,,0.8833333333333333,1.812701951949148,0.219626168224299,0.0145581962727953,,5.191286849975586
swmrAJkYrlY,101.2869797760321,103.2869797760321,105.26491726558584,120,0.7416666666666667,1.3688083463338434,44.58732356052832,,,0.875,0.6725196425138935,44.33620030370893,,,0.8833333333333333,1.513612605523601,0.4439252336448598,0.3316668445091384,,5.07116811275482
swmrAJkYrlY,102.2898211599532,104.2898211599532,106.26775864950694,120,0.7583333333333333,1.6166868557414311,52.634156436079074,,,0.875,1.047303644733146,49.200154414360384,,,0.8833333333333333,1.379534681173923,0.602803738317757,0.6380491782853507,,10.356192731857298
swmrAJkYrlY,103.29266254387431,105.29266254387431,107.27060003342804,120,0.85,1.3715771965342358,48.16695286607874,,,1.0,1.2644983440457946,49.69053057409263,-2.415282332189839,-12.76921887326728,0.9,1.0772325368810525,0.7681818181818182,0.7134484709979566,,10.356192731857298
swmrAJkYrlY,104.29550392779542,106.29550392779542,108.27344141734916,120,0.8333333333333334,1.3556389242760272,45.09247605730583,,,0.975,1.7083079243494197,57.24012101951101,,,0.9083333333333332,0.9937113083055708,0.8818181818181818,0.9318121467613985,,10.356192731857298
swmrAJkYrlY,105.29834531171652,107.29834531171652,109.27628280127028,120,0.8333333333333334,1.7203462431042715,46.47841675196631,,,0.95,2.046134615146339,56.10499964116682,,,0.9083333333333332,0.92389870497325,0.8818181818181818,0.9085421917471228,,10.367855358123778
swmrAJkYrlY,106.30118669563764,108.30118669563764,110.27912418519138,120,0.8333333333333334,1.337873040737655,38.14390351478176,,,0.9,1.7815137881510852,54.82606228280136,,,0.8916666666666667,0.8381225068508362,1.0,0.6222929207759496,,7.061143350601196
swmrAJkYrlY,107.30402807955876,109.30402807955876,111.28196556911249,120,0.9583333333333334,1.3062768329381556,47.98287377478181,,,0.75,1.654628749482253,62.79810772797053,,,0.8916666666666667,0.7560059688013862,1.0,0.4963110937065531,,6.676212739944458
swmrAJkYrlY,108.30686946347986,110.30686946347986,112.2848069530336,120,0.8083333333333333,1.226764372978462,49.71532317111006,,,0.5333333333333333,1.281842392173512,56.57560147341876,,,0.6916666666666667,0.7074326528703146,1.0,0.3769554925920139,,5.452594089508055
swmrAJkYrlY,109.30971084740098,111.30971084740098,113.2876483369547,120,0.7916666666666666,0.820848746691359,58.52084516223655,,,0.3083333333333333,0.5890154369661236,61.83892141591041,,,0.4833333333333333,0.5782868483086973,1.0,0.0090658914735503,,4.505805611610413
swmrAJkYrlY,110.31255223132209,112.31255223132209,114.2904897208758,120,0.7916666666666666,1.077032112133632,86.15599416937735,,,0.325,1.306079626043402,65.53848097969465,,,0.5,0.4051237330127036,1.0,0.4626009956697215,,3.509112024307251
swmrAJkYrlY,111.3153936152432,113.3153936152432,115.29333110479692,120,0.7916666666666666,1.0194282711931533,68.05572962283615,,,0.475,1.3265046885955143,52.46724915953119,,,0.5833333333333334,0.7936540025261893,0.6714285714285714,0.7970210468126467,,12.594507455825804
swmrAJkYrlY,112.3182349991643,114.3182349991643,116.29617248871804,120,0.9833333333333332,1.1261836543250217,62.15493878371496,,,0.7166666666666667,1.070336768749172,46.68560373873132,,,0.7916666666666666,0.9864991696306668,0.6526315789473685,0.8479709125134651,,18.491480350494385
swmrAJkYrlY,113.3210763830854,115.3210763830854,117.29901387263916,120,0.8083333333333333,1.235968182882475,59.42495855528461,,,0.9666666666666668,0.9419640947127256,45.12711977610393,,,0.8833333333333333,0.9884068299775938,0.6588785046728972,0.790930108721691,,18.59887523651123
swmrAJkYrlY,114.32391776700652,116.32391776700652,118.30185525656026,120,0.7666666666666667,1.0660546486030813,44.89844186431165,,,1.0,0.7909855324228453,42.35991002978092,-3.505231165361915,-13.241880180179267,0.8833333333333333,1.1814024969620065,0.4719626168224299,0.4278598380055268,,18.59887523651123
swmrAJkYrlY,115.32675915092764,117.32675915092764,119.30469664048135,120,0.7666666666666667,0.8808959379766349,43.114679184972246,,,1.0,0.5572601049053442,36.58070342434135,-2.49060965152134,-13.437779856032694,0.8833333333333333,1.3364615694724271,0.4065420560747663,0.2056217267768457,,18.59887523651123
swmrAJkYrlY,116.32960053484874,118.32960053484874,120.30753802440248,120,0.7666666666666667,0.7117316928075603,41.34927802479602,,,1.0,0.4642892132265382,31.16043468119161,-2.363701932286684,-13.283444562950958,0.8833333333333333,1.329384947748934,0.2943925233644859,-0.305737005412649,,9.186328554153445
swmrAJkYrlY,117.33244191876985,119.33244191876985,121.31037940832358,120,0.9583333333333334,0.6744357802124272,43.31769083901705,,,0.8083333333333333,0.4085583306012599,30.187108674727373,,,0.925,1.2454008214868946,0.3513513513513513,-0.3454953765007538,,7.286538410186767
swmrAJkYrlY,118.33528330269095,120.33528330269095,122.31322079224468,120,1.0,0.8918689445064593,49.298319827623686,-2.4791362604485645,-13.742487977412663,0.6333333333333333,0.3309841499671191,28.118317888534563,,,0.8583333333333333,1.085560323580787,0.4951456310679611,-0.0839370869061418,,4.014986252784729
swmrAJkYrlY,119.33812468661208,121.33812468661208,123.3160621761658,120,1.0,0.9655181587570492,47.893269038608565,-2.527603861945217,-13.743539967013769,0.6333333333333333,0.3424131262732586,25.042076011801957,,,0.8583333333333333,0.8219183792673396,0.7864077669902912,0.0678471698329905,,4.531466269493103
swmrAJkYrlY,120.34096607053318,122.34096607053318,124.31890356008692,120,1.0,0.8243579888893575,42.74356211715542,-2.60608298376608,-13.727596603633565,0.6333333333333333,0.326590018801075,19.075412649357503,,,0.8583333333333333,0.7159520243698986,1.0,0.221964758024254,,4.531466269493103
swmrAJkYrlY,121.34380745445428,123.34380745445428,125.32174494400805,120,0.9666666666666668,0.6058301175759104,33.22251728392235,,,0.7916666666666666,0.3099933219412559,17.20053996012029,,,0.9333333333333332,0.8081319619628374,1.0,0.0909725799249727,,4.634565758705139
swmrAJkYrlY,122.3466488383754,124.3466488383754,126.32458632792914,120,0.7166666666666667,0.3532699933206238,28.00322872821628,,,0.7916666666666666,0.3296120140792625,17.694259459147116,,,0.825,0.8421623766877934,1.0,0.0140332237175617,,13.62455224990844
swmrAJkYrlY,123.34949022229652,125.34949022229652,127.32742771185023,120,0.6416666666666667,0.3550450825807546,32.89455774950643,,,0.7166666666666667,0.4763765092919169,21.554089089542103,,,0.775,0.7475178427714768,1.0,-0.2319878476530552,,13.62455224990844
swmrAJkYrlY,124.35233160621762,126.35233160621762,128.33026909577134,120,0.6416666666666667,1.315872277136671,54.80488156922108,,,0.7166666666666667,1.3723076743916531,122.1770819117472,,,0.7416666666666667,0.7593148827158328,0.989010989010989,-0.2109120867994988,,13.62455224990844
swmrAJkYrlY,125.35517299013873,127.35517299013873,129.33311047969246,120,0.5666666666666667,1.6673620599227197,83.399247860689,,,0.75,1.594167005479833,178.3333733414438,,,0.7,0.8125063724214703,0.9659090909090908,-0.1032404033318164,,13.62455224990844
swmrAJkYrlY,126.35801437405983,128.35801437405985,130.3359518636136,120,0.6416666666666667,1.5942928277152577,68.69388266957618,,,0.925,1.3518569950109385,121.66670467776314,,,0.7583333333333333,0.79628043825368,0.968421052631579,-0.1106005318108563,,5.74089777469635
swmrAJkYrlY,127.36085575798094,129.36085575798094,131.33879324753468,120,0.6916666666666667,1.465371122328268,47.386668386086384,,,1.0,1.189125710935092,65.22372499694848,-2.7169491031597373,-13.81419299784611,0.8083333333333333,0.8764468096354616,0.801980198019802,-0.298406114272862,,5.597444128990173
swmrAJkYrlY,128.3636971419021,130.3636971419021,132.3416346314558,120,0.6916666666666667,0.6170322180654115,34.28756384861834,,,1.0,0.6296206957176355,46.6147441461957,-4.011924320449642,-13.310924444198555,0.8416666666666667,0.8709420026551098,0.7961165048543689,-0.17571498451618,,4.711570501327512
swmrAJkYrlY,129.36653852582316,131.36653852582316,133.3444760153769,120,0.8,0.3925726589586784,22.348206141667333,,,1.0,0.4021178176622001,32.409780154053934,-2.8889620766434194,-13.95789016968678,0.8833333333333333,0.7668849128597877,0.8207547169811321,-0.0190476268956168,,2.688749504089355
swmrAJkYrlY,130.36937990974428,132.36937990974428,134.34731739929802,120,0.975,0.3350049219961017,22.090854560187427,,,0.975,0.5382886531452153,24.412644904091117,,,1.0,0.8245637631163869,0.825,0.1155433555743209,,2.5726704478263853
swmrAJkYrlY,131.37222129366538,133.37222129366538,135.35015878321911,120,1.0,1.2948235654525695,23.747004100927427,-2.6592385734979014,-13.291793253092052,0.975,1.1970061262278735,32.044555724145646,,,0.9833333333333332,0.9320504649452724,0.885593220338983,0.3060852632605491,,2.5726704478263853
swmrAJkYrlY,132.3750626775865,134.3750626775865,136.35300016714024,120,1.0,1.6873227386898306,44.818495269553466,-2.205355886790845,-13.374384766375243,0.9416666666666668,2.353978143409276,98.26466178171208,,,0.9583333333333334,1.057841185683567,0.8478260869565217,0.3439308402039748,,1.871094673871994
swmrAJkYrlY,133.37790406150762,135.37790406150762,137.35584155106133,120,1.0,2.732170389738701,95.33835032565996,-4.94858076526122,-13.898894361912616,0.9166666666666666,3.233517995540023,264.02825119924603,,,0.9416666666666668,1.4041260082957967,0.7347826086956522,0.2752911556964321,,1.8368186831474305
swmrAJkYrlY,134.38074544542872,136.38074544542872,138.35868293498245,120,1.0,2.91184444323926,99.07466159106328,-4.813677137272262,-13.90519727765602,0.9416666666666668,3.1038964939463645,245.4321989187582,,,0.9166666666666666,2.214311598481912,0.4956140350877193,0.1709520267404227,,1.979280936717987
swmrAJkYrlY,135.38358682934984,137.38358682934984,139.36152431890358,120,1.0,2.1054326047828638,68.04469674492009,-2.1439157368536272,-13.360006946489277,0.9416666666666668,2.5049050645583835,137.54287455602068,,,0.9333333333333332,3.269806718331395,0.3275862068965517,-0.121270111685379,,2.4869815587997435
swmrAJkYrlY,136.38642821327093,138.38642821327093,140.36436570282467,120,0.9083333333333332,1.9021769551931056,65.60654440319209,,,0.975,1.3450037971363893,52.24232243471376,,,0.9083333333333332,4.461028767852786,0.1531531531531531,-0.336708578510993,,2.6871074199676515
swmrAJkYrlY,137.38926959719203,139.38926959719203,141.3672070867458,120,0.775,0.8998486541647246,50.887461613720056,,,1.0,0.5935587745868092,28.861276123392933,-3.505447972731896,-13.776107796923208,0.8333333333333334,4.509129461641033,0.03,-0.5270373796785531,,2.725043761730193
swmrAJkYrlY,138.39211098111315,140.39211098111315,142.3700484706669,120,0.6083333333333333,0.7577503835418797,46.07145289642368,,,1.0,0.6247797988211009,30.012335333351004,-3.672672360779102,-13.029266267746864,0.775,3.7957179632075406,0.2527472527472527,-0.7800025742926883,,4.388125371932983
swmrAJkYrlY,139.39495236503427,141.39495236503427,143.372889854588,120,0.3916666666666666,0.4775276422114963,46.07145289642368,,,1.0,0.5938025504987002,31.218583503464657,-2.649411155927428,-13.342406454920043,0.625,2.7667996766422887,0.3733333333333333,-0.6153555698629317,,6.060709452629089
swmrAJkYrlY,140.39779374895537,142.39779374895537,144.3757312385091,120,0.4833333333333333,0.3663684019813242,27.0053510183073,,,1.0,0.5601433219981166,28.26528070813057,-2.073903318001867,-13.322403892789072,0.675,0.9683780722143122,0.5542168674698795,-0.6638895664735182,,6.060709452629089
swmrAJkYrlY,141.4006351328765,143.4006351328765,145.37857262243023,120,0.6166666666666667,0.3099208458445856,31.886576754338144,,,1.0,0.558128415067204,35.264396431871674,-2.5382666292451264,-13.426870220376786,0.7666666666666667,0.8277893157220357,0.776595744680851,-0.3700956425574714,,7.125220704078674
swmrAJkYrlY,142.4034765167976,144.4034765167976,146.38141400635132,120,0.7833333333333333,0.2909356249814015,28.850116056744756,,,1.0,0.3732467874281234,29.8010935276737,-2.9325401867836307,-13.506642604304524,0.85,0.8304856592106507,0.7980769230769231,-0.0063400955595119,,6.701359152793884
swmrAJkYrlY,143.4063179007187,145.4063179007187,147.38425539027244,120,0.8833333333333333,0.2949447244638185,31.28407404554339,,,0.9,0.3640213948176912,30.492380317856394,,,0.9333333333333332,0.765421136519035,0.8928571428571429,-0.0955101296006899,,6.34755094051361
swmrAJkYrlY,144.40915928463983,146.40915928463983,148.38709677419357,120,0.6333333333333333,0.2713445850865134,37.124011523152944,,,0.6833333333333333,0.4270363778652064,35.700355006375915,,,0.8083333333333333,0.6288367808213268,1.0,0.1920452286813387,,6.34755094051361
swmrAJkYrlY,145.41200066856092,147.41200066856092,149.38993815811466,120,0.4666666666666667,0.3991773004381526,39.98199765466202,,,0.5083333333333333,0.6011651537810478,36.004020390547616,,,0.625,0.6094503076247624,1.0,0.3187061980480006,,4.112273240089416
swmrAJkYrlY,146.41484205248204,148.41484205248204,150.39277954203578,120,0.2416666666666666,0.7469624069650739,75.79551169418883,,,0.5083333333333333,1.0732903642758382,80.84652865340527,,,0.475,0.5445178206204435,1.0,-0.3546127583710121,,3.137494504451752
swmrAJkYrlY,147.41768343640314,149.41768343640314,151.39562092595688,120,0.2833333333333333,1.8198996452757088,265.6121321070291,,,0.6083333333333333,1.2567617721029591,139.02431080967096,,,0.5166666666666667,0.4603108365253746,1.0,-0.4978033386477897,,2.126415467262268
swmrAJkYrlY,148.42052482032426,150.42052482032426,152.398462309878,120,0.375,1.5050806006820732,186.7909301450204,,,0.6833333333333333,1.1427082015531158,134.27699854615955,,,0.525,0.6636012124077187,1.0,-0.2375917029921364,,4.052093601226806
swmrAJkYrlY,149.42336620424535,151.42336620424535,153.4013036937991,120,0.425,1.3098262136797023,80.7314952750607,,,0.8583333333333333,0.9308750294672832,89.91104046212882,,,0.6333333333333333,0.7165235890312086,1.0,-0.2860965411724203,,4.052093601226806
swmrAJkYrlY,150.42620758816648,152.42620758816648,154.40414507772022,120,0.4,1.229168373131588,79.58619897412296,,,0.8583333333333333,0.6598156142773114,52.337947893587526,,,0.6083333333333333,0.7297965331874079,1.0,-0.3041326275744534,,4.052093601226806
swmrAJkYrlY,151.4290489720876,153.4290489720876,155.4069864616413,120,0.375,0.7297899611178175,51.8278709223616,,,0.8583333333333333,0.4835357889217435,35.86652758421708,,,0.5916666666666667,0.9146510568508854,1.0,0.0994581793221696,,4.052093601226806
swmrAJkYrlY,152.4318903560087,154.4318903560087,156.40982784556243,120,0.5,0.8432901611133634,64.88411147946434,,,1.0,0.4954782791352684,33.766289721818964,-2.753970098498376,-12.59444086590814,0.7083333333333334,0.8377804833068567,1.0,0.3906315519548481,,4.019145941734314
swmrAJkYrlY,153.43473173992982,155.43473173992982,157.41266922948356,120,0.6166666666666667,0.9225020124040852,50.50547115895746,,,1.0,0.6230970391276263,33.91732950754771,-3.380302563929803,-12.570058662667291,0.7833333333333333,0.9411677222086118,1.0,0.7703273661603612,,4.019145941734314
swmrAJkYrlY,154.4375731238509,156.4375731238509,158.41551061340465,120,0.8666666666666667,0.8724329961461669,51.33209852633552,,,1.0,0.7883522275029192,33.138503054294816,-2.9887623038654265,-12.640461811278165,0.9583333333333334,1.1068758331399458,0.9145299145299144,0.5253000494756527,,4.019145941734314
swmrAJkYrlY,155.44041450777203,157.44041450777203,159.41835199732577,120,0.8166666666666667,0.966043550723594,50.67862400611912,,,0.8416666666666667,0.7818729069635272,33.410094541226634,,,0.9,1.2582979944521162,0.7924528301886793,0.5702771378030974,,4.019145941734314
swmrAJkYrlY,156.44325589169313,158.44325589169313,160.4211933812469,120,0.8083333333333333,2.027264299977046,61.29141902133305,,,0.6916666666666667,0.9510718100390054,36.61128453093343,,,0.8,1.2979654568127803,0.7708333333333334,0.3676386291030059,,3.2734442472457883
swmrAJkYrlY,157.44609727561425,159.44609727561425,161.424034765168,120,0.5583333333333333,2.5449266793523044,85.02323967589497,,,0.4916666666666666,1.1247823741954446,42.930793671350415,,,0.5916666666666667,1.2879072289132838,0.6764705882352942,0.0487766857614961,,2.8917756915092463
swmrAJkYrlY,158.44893865953534,160.44893865953534,162.42687614908908,120,0.3083333333333333,4.001140671224468,791.2269402626954,,,0.2416666666666666,1.2906408803439815,148.56371176910773,,,0.3666666666666666,1.1493219447839036,0.7073170731707317,0.2314586154397697,,3.389846217632292
swmrAJkYrlY,159.45178004345647,161.45178004345647,163.4297175330102,120,0.45,3.042311245932737,423.714855404858,,,0.3083333333333333,1.478497623434469,148.56371176910773,,,0.4166666666666667,1.1591761444219844,0.8775510204081632,0.4205493577539497,,3.511273193359374
swmrAJkYrlY,160.45462142737756,162.45462142737756,164.4325589169313,120,0.4916666666666666,1.0625474402256454,69.32739095739159,,,0.4583333333333333,1.1149860211058549,65.43186108876263,,,0.5166666666666667,1.3887171241864005,0.8983050847457628,0.6869516761502272,,9.571671772003173
swmrAJkYrlY,161.45746281129868,163.45746281129868,165.43540030085242,120,0.7416666666666667,1.3744531304817649,65.94738164299672,,,0.6583333333333333,0.7283359601215343,47.58135862625281,,,0.7083333333333334,1.4524577379352042,0.9310344827586208,0.3644042163984727,,10.76369013786316
swmrAJkYrlY,162.4603041952198,164.4603041952198,166.43824168477352,120,0.9916666666666668,1.0854544500164018,53.14811526823541,,,0.9083333333333332,0.6896037834446557,40.89219368420436,,,0.9333333333333332,1.455708716225196,0.9473684210526316,0.3842573882710473,,10.76369013786316
swmrAJkYrlY,163.4631455791409,165.4631455791409,167.44108306869464,120,1.0,0.8998216584622528,43.37850560193392,-2.21148448094046,-12.89365080744285,1.0,0.5939521993919336,32.8152115608265,-3.4703328935429862,-13.081913968122194,0.9833333333333332,1.5154344753313176,0.8583333333333333,0.048783675107812,-0.0998329476370653,10.76369013786316
swmrAJkYrlY,164.46598696306202,166.46598696306202,168.44392445261576,120,0.775,0.931599978738918,37.34875962903087,,,1.0,0.5396990734520993,35.0453211886493,-3.759084817956583,-13.031858520362553,0.7833333333333333,1.6024798021084272,0.7604166666666666,-0.1497859187970458,,8.586569976806638
swmrAJkYrlY,165.46882834698312,167.46882834698312,169.44676583653683,120,0.6083333333333333,0.9760061418831512,32.993803964386885,,,1.0,1.18384849270219,47.35955499059291,-2.332543069018932,-13.28113650485512,0.7083333333333334,1.4552361752394607,0.7325581395348837,-0.1864011973078125,,2.935767555236816
swmrAJkYrlY,166.47166973090424,168.47166973090424,170.44960722045798,120,0.375,1.4528111209534131,41.0731006680158,,,0.8166666666666667,1.4682499703695495,84.67449475938395,,,0.5416666666666666,1.3352973360574023,0.6349206349206349,-0.5914185704534961,,2.008929812908172
swmrAJkYrlY,167.47451111482533,169.47451111482533,171.45244860437907,120,0.2083333333333333,3.0247114833691136,164.39666833690063,,,0.5916666666666667,1.863888575635896,163.0373482192867,,,0.4,0.8790398605829504,0.8695652173913043,-0.2272639685145943,,1.9738797545433044
swmrAJkYrlY,168.47735249874646,170.47735249874646,172.4552899883002,120,0.4333333333333333,2.504196500631779,126.20222637297938,,,0.4083333333333333,2.623213616141593,326.4157046526608,,,0.45,0.6608276665334178,1.0,-0.0362041408710058,,2.3542953133583064
swmrAJkYrlY,169.48019388266755,171.48019388266755,173.4581313722213,120,0.6,1.505324518666126,74.12835261630866,,,0.4083333333333333,1.8729358824149651,92.31806433156478,,,0.5416666666666666,1.411120015483123,0.7301587301587301,-0.4905082921928848,,2.6328648328781123
swmrAJkYrlY,170.48303526658867,172.48303526658867,174.4609727561424,120,0.8333333333333334,1.2920083512931215,56.370358523435314,,,0.5916666666666667,1.476991790414491,54.9727166158198,,,0.7083333333333334,2.43674971353684,0.4534883720930232,-0.2513649117308645,,2.6369447946548457
swmrAJkYrlY,171.4858766505098,173.4858766505098,175.4638141400635,120,1.0,1.0564814635592106,49.74058930341329,-3.186836777418073,-12.436159481504568,0.8166666666666667,1.1804040494806978,57.619433894421455,,,0.85,3.1112238088843345,0.2524271844660194,-0.2901508775935306,,3.2694178581237794
swmrAJkYrlY,172.4887180344309,174.4887180344309,176.46665552398463,120,1.0,0.917064945074694,43.68880165993514,-2.7627871000978925,-13.150479422103528,1.0,0.9938671872781236,46.75109865079521,-2.6590140916746496,-12.467921453998722,1.0,3.192631709489809,0.1083333333333333,-0.4815285049780743,0.2666435712605577,3.2694178581237794
swmrAJkYrlY,173.491559418352,175.491559418352,177.46949690790575,120,1.0,0.9678632330255844,42.34963689932148,-2.8199300520899184,-12.97411933471321,1.0,0.8879709911756194,44.32225757313189,-3.5012731003984694,-13.175290756751796,1.0,2.933674981075273,0.05,-0.0802851575811475,-0.183376178222456,2.919643366336822
swmrAJkYrlY,174.4944008022731,176.4944008022731,178.47233829182684,120,1.0,0.9715980897755048,44.51609618102941,-2.442844585575036,-13.021456979002611,1.0,0.7290056614837347,47.36617470954207,-2.3398429020154694,-13.312709990300126,1.0,2.300747150343781,0.1583333333333333,-0.1361511747916335,-0.2243383801366123,2.704197251796722
swmrAJkYrlY,175.49724218619423,177.49724218619423,179.47517967574797,120,1.0,1.1489716698818155,48.33613657847967,-3.420229563758955,-12.460057553533227,1.0,0.717684348681207,36.90341016302328,-2.280106793769367,-13.06419672807117,1.0,1.6208615038763183,0.4083333333333333,0.1432001446075814,-0.1214442614845916,4.967502379417419
swmrAJkYrlY,176.50008357011532,178.50008357011532,180.47802105966903,120,1.0,0.931946387866542,45.40340162891613,-2.1719143160226864,-12.306424950436949,1.0,0.6460434920834291,43.28359516759839,-2.4669138303133296,-13.218470137513888,1.0,1.2026746234319987,0.6583333333333333,0.4890954695216846,-0.0714928535174682,4.967502379417419
swmrAJkYrlY,177.50292495403644,179.50292495403644,181.48086244359015,120,1.0,0.7587387185100127,42.75817675802453,-2.1651702189370257,-12.232251529088485,1.0,0.396820116494723,41.23143017934466,-3.1165005273391726,-14.175844124768185,1.0,1.0490393899415529,0.8583333333333333,0.3030823111317626,0.0061134648470811,5.0859884977340695
swmrAJkYrlY,178.50576633795754,180.50576633795757,182.48370382751128,120,1.0,0.6739069373077285,44.6206872499187,-2.8669898653807184,-13.0492721142477,1.0,0.3354279274899129,36.24686926441044,-3.409033398498832,-13.946903988221797,1.0,0.8258501258472749,1.0,0.274264017515538,-0.1056616750935428,5.0859884977340695
swmrAJkYrlY,179.50860772187866,181.50860772187863,183.4865452114324,120,0.9583333333333334,0.5620091951484842,44.222552544661774,,,1.0,0.2872892121055166,40.7387570683787,-4.062032732778892,-14.122113408791256,0.9916666666666668,0.6582034379687148,1.0,0.0557902985747808,,4.1590584993362425
swmrAJkYrlY,180.51144910579976,182.51144910579976,184.4893865953535,120,0.9583333333333334,0.8223201699531828,49.35942906004976,,,0.8583333333333333,0.4406922799927201,42.5037627887973,,,0.8916666666666667,0.6394276129533916,1.0,0.0305884938625662,,3.978213119506836
swmrAJkYrlY,181.51429048972088,183.51429048972088,185.49222797927465,120,0.9583333333333334,1.2550139109038438,93.35982027202633,,,0.8083333333333333,0.912158454890032,63.04181283802141,,,0.8416666666666667,0.6888141844333292,1.0,-0.0375676560341816,,3.6663078546524046
swmrAJkYrlY,182.517131873642,184.517131873642,186.4950693631957,120,0.9416666666666668,1.707937072877891,169.21339306973903,,,0.8083333333333333,1.4927663065362513,123.70871384494365,,,0.8166666666666667,0.7343901222446195,1.0,-0.0626766642101519,,2.8790188074111938
swmrAJkYrlY,183.5199732575631,185.5199732575631,187.49791074711683,120,0.7333333333333333,1.8479380728292376,208.23299426183257,,,0.8083333333333333,1.9160522561283904,284.0032645504427,,,0.7,0.7575033736820849,1.0,-0.0571183417249857,,2.7188737154006954
swmrAJkYrlY,184.52281464148425,186.52281464148425,188.500752131038,120,0.7166666666666667,1.708180122501833,141.32803934183298,,,0.95,1.6173367227516573,182.82254476689812,,,0.7916666666666666,0.9604087618210182,0.8543689320388349,-0.2776484808131041,,2.561828160285949
swmrAJkYrlY,185.5256560254053,187.5256560254053,189.50359351495905,120,0.7166666666666667,1.2655908618335556,78.28616893665435,,,1.0,1.297629384478383,72.96086333725654,-3.194636971018259,-13.784765785863511,0.8416666666666667,0.9725944824000332,0.8557692307692307,-0.0789762464114208,,2.561828160285949
swmrAJkYrlY,186.52849740932643,188.52849740932643,190.50643489888017,120,0.6916666666666667,1.002810251546862,69.29972807003423,,,0.9583333333333334,1.0582741331597063,49.22227492992904,,,0.8666666666666667,1.014932725198291,0.8557692307692307,0.3105907633373606,,3.194312644004821
user_ci_video,0.0,2.0,3.968876590897836,120,0.825,2.127012784133323,288.9755770493225,,,0.0333333333333333,0.753176364416757,305.6864640163342,,,0.1166666666666666,2.845607228158073,0.0,0.6558387967444397,,8.28714303970337
user_ci_video,1.000557123755757,3.000557123755757,4.969433714653593,120,0.9833333333333332,2.4864741889015978,368.7426284612594,,,0.0,,,,,0.0,,,,,18.246509647369383
user_ci_video,2.001114247511514,4.001114247511514,5.96999083840935,120,0.75,2.872345737304498,489.8198349504988,,,0.0,,,,,0.0,,,,,18.254032325744628
user_ci_video,3.001671371267271,5.001671371267271,6.970547962165107,120,0.7,2.3638290376451288,318.18722462682626,,,0.0,,,,,0.0,,,,,18.254032325744628
user_ci_video,4.002228495023028,6.002228495023028,7.971105085920864,120,0.7,2.3468133821235337,119.4025955123523,,,0.0,,,,,0.0,,,,,18.254032325744628
user_ci_video,5.002785618778785,7.002785618778785,8.971662209676621,120,0.7166666666666667,1.720239893991366,116.43278385922171,,,0.0,,,,,0.0,,,,,11.937986564636226
user_ci_video,6.003342742534542,8.003342742534542,9.972219333432378,120,0.95,1.421737730876334,95.18576875057408,,,0.0,,,,,0.0,,,,,5.787378048896789
user_ci_video,7.003899866290299,9.003899866290299,10.972776457188136,120,0.975,1.5165385561478573,123.30013284059952,,,0.0,,,,,0.0,,,,,5.787378048896789
user_ci_video,8.004456990046055,10.004456990046055,11.973333580943892,120,0.875,1.356290180008524,123.62173932343504,,,0.0,,,,,0.0,,,,,5.787378048896789
user_ci_video,9.005014113801813,11.005014113801812,12.973890704699649,120,0.875,1.3567220872282555,95.79019865019433,,,0.0,,,,,0.0166666666666666,0.8952963929410593,1.0,,,7.821345114707947
user_ci_video,10.00557123755757,12.00557123755757,13.974447828455403,120,0.875,1.5656761875780312,102.25934310316556,,,0.2,2.126343577457819,81.04747728406144,,,0.25,1.091674880311167,1.0,0.8254602835351381,,7.821345114707947
user_ci_video,11.006128361313326,13.006128361313326,14.975004952211163,120,0.9,1.893437745103992,100.61733546865229,,,0.325,1.5577900802514515,68.99753280188966,,,0.4,0.9139242081895116,1.0,0.4810351672065512,,7.821345114707947
user_ci_video,12.006685485069085,14.006685485069085,15.97556207596692,120,0.9583333333333334,1.6621135665019915,102.57063192076563,,,0.575,1.151851045671337,74.73276042430653,,,0.6416666666666667,0.8968503185683766,0.9177215189873418,0.1971343637565107,,7.821345114707947
user_ci_video,13.00724260882484,15.00724260882484,16.976119199722678,120,0.7083333333333334,1.6425155183398876,123.32984482436363,,,0.825,1.129602998684775,88.57875056677089,,,0.65,0.890599706050755,0.88125,0.1971343637565107,,6.342171359062195
user_ci_video,14.007799732580596,16.007799732580597,17.976676323478433,120,0.5166666666666667,1.7122034209842767,193.0756386257383,,,0.875,0.9904378609079412,107.65796447803072,,,0.525,0.6990986049466723,0.8515625,-0.0232688143028604,,2.6945461511611937
user_ci_video,15.008356856336356,17.008356856336356,18.97723344723419,120,0.2666666666666666,0.8100537693577357,150.3612773819201,,,1.0,1.2460636391618432,136.69277692299784,-2.980339923551917,-14.392876586419236,0.4166666666666667,0.7168209509005256,0.81,-0.0013424683889568,,6.11329686641693
user_ci_video,16.00891398009211,18.00891398009211,19.97779057098995,120,0.0583333333333333,0.650509484044734,89.83691708530912,,,1.0,1.4268619778318643,176.917449590596,-2.9016952246914487,-14.783673755558436,0.1833333333333333,0.4847157060004697,0.85,0.8715447503131701,,9.325350952148437
user_ci_video,17.00947110384787,19.00947110384787,20.978347694745704,120,0.1166666666666666,1.6167695403798146,176.95190354046073,,,1.0,2.035388492534169,224.0138080117577,-3.813272395386999,-13.342954623368067,0.225,0.3487383526443662,1.0,0.7695166665088934,,9.325350952148437
user_ci_video,18.010028227603627,20.010028227603627,21.978904818501466,120,0.1583333333333333,1.673442949051594,229.84861914455576,,,0.8333333333333334,2.138640295225095,235.38923011797192,,,0.1416666666666666,0.2608902153593786,1.0,0.706343061536249,,9.325350952148437
user_ci_video,19.01058535135938,21.01058535135938,22.97946194225722,120,0.175,1.828685223289303,229.84861914455576,,,0.7333333333333333,2.0760360155025097,278.8284185957566,,,0.1083333333333333,0.13759980263394,1.0,0.706343061536249,,9.325350952148437
user_ci_video,20.01114247511514,22.01114247511514,23.98001906601297,120,0.3916666666666666,1.9484703973805355,215.12775648372775,,,0.5333333333333333,2.3878398877797977,312.0763203350669,,,0.1916666666666666,0.1474853703884498,1.0,0.7535195870919756,,4.552726459503174
user_ci_video,21.011699598870894,23.011699598870894,24.980576189768733,120,0.5083333333333333,1.557932168916949,203.1738560636079,,,0.4,1.4502642387334026,274.0909156960221,,,0.2583333333333333,0.1254189392864199,1.0,0.6779485924463244,,4.055559110641479
user_ci_video,22.012256722626653,24.012256722626653,25.98113331352449,120,0.4083333333333333,1.659584764264446,202.92775741679225,,,0.5666666666666667,1.638027952931868,222.9126058695932,,,0.2416666666666666,0.1231728683535245,1.0,0.6309814081604276,,3.2378976583480834
user_ci_video,23.01281384638241,25.01281384638241,26.98169043728025,120,0.4583333333333333,1.6147327904668534,202.92775741679225,,,0.525,1.6254850062420485,190.87044436026355,,,0.2916666666666667,0.2626837243441315,0.8428571428571429,0.6309814081604276,,7.306337690353393
user_ci_video,24.01337097013817,26.01337097013817,27.982247561036004,120,0.25,1.6466815395442178,206.76678834015468,,,0.725,1.3484969636307056,163.77630928659647,,,0.275,0.3591215729596375,0.8333333333333334,0.5737409458216589,,7.306337690353393
user_ci_video,25.013928093893924,27.013928093893924,28.982804684791763,120,0.325,1.6780921799941024,143.64487555234183,,,0.8583333333333333,1.4003497550623971,127.8919664324447,,,0.3916666666666666,1.3481226416446794,0.4456521739130434,-0.0807425306889435,,7.306337690353393
user_ci_video,26.01448521764968,28.01448521764968,29.98336180854752,120,0.4833333333333333,3.0593420370581814,175.2650677762304,,,0.8583333333333333,1.084046988058257,97.3998472520677,,,0.6083333333333333,1.505782486719428,0.4178082191780822,-0.0216078126479873,,7.306337690353393
user_ci_video,27.01504234140544,29.01504234140544,30.98391893230328,120,0.525,2.6831018310441785,127.49955716889768,,,1.0,1.387012455273987,99.50118558511991,-3.829356180116136,-13.1598946372009,0.7166666666666667,1.6193991592322936,0.3372093023255814,-0.0378824942271516,,7.047659635543823
user_ci_video,28.015599465161195,30.015599465161195,31.98447605605903,120,0.6166666666666667,2.387671028276225,156.5811076389848,,,1.0,2.003717750537719,110.902531934275,-3.598370147412844,-13.3489415451245,0.75,1.5704094456402096,0.3870967741935484,0.0321516645926698,,12.019434928894045
user_ci_video,29.016156588916957,31.016156588916957,32.98503317981479,120,0.5083333333333333,3.001501057639691,398.7906294914853,,,0.8416666666666667,2.0732214241853355,115.61290307883,,,0.6166666666666667,1.2848961946304078,0.5194805194805194,0.1689652679076274,,12.019434928894045
user_ci_video,30.01671371267271,32.01671371267271,33.98559030357055,120,0.475,1.5813365644809618,253.81914070973224,,,0.7333333333333333,2.592700878320786,170.49844999447808,,,0.5583333333333333,1.05732552241573,0.6857142857142857,0.1616126279289856,,12.019434928894045
user_ci_video,31.017270836428462,33.017270836428466,34.9861474273263,120,0.5083333333333333,1.843156971188892,253.81914070973224,,,0.6083333333333333,2.903277198673375,233.85230333742197,,,0.5333333333333333,0.8707142841247109,0.8923076923076924,0.1922510701642723,,12.019434928894045
user_ci_video,32.01782796018422,34.01782796018422,35.98670455108206,120,0.525,2.34807021340132,256.3247017664454,,,0.4166666666666667,2.42876508720931,286.85171104117285,,,0.525,1.405564063430133,0.7,-0.0484677636380859,,8.233985042572021
user_ci_video,33.01838508393998,35.01838508393998,36.98726167483782,120,0.425,2.171030280759079,228.7851662140488,,,0.325,2.6514139621198445,278.7777879099623,,,0.4333333333333333,1.81687523037794,0.5714285714285714,-0.1367239591954671,,3.856438159942627
user_ci_video,34.01894220769574,36.01894220769574,37.98781879859357,120,0.5333333333333333,2.4296060529045302,190.88375812428967,,,0.1833333333333333,2.8469938150676586,343.1267492972985,,,0.2666666666666666,2.2474796918753666,0.3448275862068966,-0.1431066191430173,,3.6627783298492433
user_ci_video,35.01949933145149,37.01949933145149,38.98837592234933,120,0.6416666666666667,2.152018092843013,142.95256608918015,,,0.0583333333333333,1.2810896924547996,234.97644060383368,,,0.1416666666666666,3.1107298836167248,0.125,-0.3281408596096588,,1.785215437412262
user_ci_video,36.02005645520725,38.02005645520725,39.98893304610509,120,0.775,1.6754782699900173,136.74166748356126,,,0.1166666666666666,4.112180095378274,632.1488140547119,,,0.2583333333333333,1.8061378990536243,0.4571428571428571,0.1984432127644304,,1.6387593746185305
user_ci_video,37.02061357896301,39.02061357896301,40.98949016986085,120,0.9666666666666668,2.1770669803748666,145.6802452349741,,,0.1166666666666666,4.112180095378274,632.1488140547119,,,0.3083333333333333,1.5363078037965483,0.5263157894736842,0.1984432127644304,,1.6387593746185305
user_ci_video,38.02117070271876,40.02117070271876,41.9900472936166,120,0.9833333333333332,2.452627342723799,163.37578764619707,,,0.1916666666666666,2.810470125597599,213.802618053402,,,0.4666666666666667,1.5524370070897255,0.5,-0.1013772280137853,,1.6387593746185305
user_ci_video,39.021727826474525,41.021727826474525,42.99060441737236,120,0.8,3.127661153304739,303.1155362237258,,,0.275,3.5275033657678625,321.74202029443904,,,0.5583333333333333,1.695474275321066,0.391304347826087,-0.0042312910706072,,5.767457795143128
user_ci_video,40.02228495023028,42.02228495023028,43.99116154112812,120,0.8,3.816684957697365,500.57604565992,,,0.1916666666666666,4.6600086627911335,321.74202029443904,,,0.4583333333333333,1.597343274152069,0.5,-0.1403972384689761,,6.077250552177429
user_ci_video,41.022842073986034,43.022842073986034,44.99171866488387,120,0.8166666666666667,3.6056941443170905,425.7623927262133,,,0.1916666666666666,4.6600086627911335,321.74202029443904,,,0.475,1.6893989834355916,0.4074074074074074,-0.1403972384689761,,6.077250552177429
user_ci_video,42.0233991977418,44.0233991977418,45.99227578863963,120,0.8166666666666667,3.2247401892975427,178.0728874929623,,,0.3333333333333333,3.6510109829692494,126.10014229240362,,,0.5583333333333333,2.360758903064894,0.2265625,-0.5884176369788183,,6.077250552177429
user_ci_video,43.02395632149755,45.02395632149755,46.992832912395386,120,1.0,2.4553911788266007,115.0623249376636,-2.693074044252837,-13.772013974880633,0.5,1.766226154600716,62.39734492956801,,,0.7,3.381592737123533,0.1790123456790123,-0.1911810331489227,,5.211851334571838
user_ci_video,44.024513445253305,46.024513445253305,47.99339003615114,120,1.0,1.5957899307487216,71.19572947732894,-2.1169857913052894,-12.854538627094149,0.7166666666666667,0.7747976381541135,38.1811217098025,,,0.8333333333333334,4.276525983970655,0.0153061224489795,-0.121466366384772,,2.642828106880188
user_ci_video,45.02507056900907,47.02507056900907,48.9939471599069,120,1.0,1.3770879187990184,64.84486999537216,-4.359794691700534,-12.907229909575126,0.9666666666666668,0.6995468503216563,38.34323943935874,,,0.9916666666666668,4.626125026023267,0.0125,0.0194596569280832,,2.869054341316223
user_ci_video,46.02562769276482,48.02562769276482,49.99450428366266,120,0.8833333333333333,1.4086256807795878,58.8054480682495,,,1.0,0.4971448424615597,37.60116248226353,-3.4326197005479897,-13.69996492816137,0.9666666666666668,4.434692532532839,0.0,0.0998821452678346,,2.7054237008094786
user_ci_video,47.026184816520576,49.026184816520576,50.99506140741841,120,0.6916666666666667,1.6400343209443349,86.75835074220376,,,1.0,0.5112023896008784,40.34459605493363,-2.554301976842148,-13.800572903299118,0.875,3.613407696636548,0.1586538461538461,-0.0599055853107302,,2.625427949428558
user_ci_video,48.02674194027634,50.02674194027634,51.99561853117417,120,0.4833333333333333,2.4906056757099724,108.48598317032274,,,1.0,1.1198507788967698,59.9510768119529,-2.91741786998458,-13.278270485993126,0.775,2.5342528779142555,0.3206521739130434,-0.1639166057809482,,2.625427949428558
user_ci_video,49.02729906403209,51.02729906403209,52.99617565492993,120,0.3833333333333333,3.6798477317764777,301.14557792926576,,,0.8416666666666667,1.554460417185232,71.10805505550987,,,0.6166666666666667,1.347735488272169,0.5357142857142857,-0.7932353874301092,,10.943224906921388
user_ci_video,50.02785618778785,52.02785618778785,53.99673277868568,120,0.5,2.587414202750397,297.50929573234475,,,0.6333333333333333,1.9097016435723424,85.37044049247301,,,0.525,1.251716029293977,0.646551724137931,-0.5061990206121114,,27.03505725860595
user_ci_video,51.02841331154361,53.02841331154361,54.997289902441445,120,0.6916666666666667,1.8994355945701291,109.7606067859454,,,0.4666666666666667,2.4516498364606454,129.4072134374987,,,0.5166666666666667,1.8095189916961725,0.3620689655172414,-0.112443880664864,,27.03505725860595
user_ci_video,52.02897043529936,54.02897043529936,55.9978470261972,120,0.9,1.7593015471039426,97.7749485944723,,,0.35,1.5332692395465828,107.99641312945752,,,0.5583333333333333,2.324014633239043,0.123076923076923,-0.1133543886770373,,27.03505725860595
user_ci_video,53.02952755905512,55.02952755905512,56.99840414995296,120,1.0,2.2844880306629136,106.27005289770652,-2.439638772755571,-13.013489139473371,0.2583333333333333,0.8794858592516791,100.40389670469531,,,0.5666666666666667,2.319646449220641,0.1617647058823529,-0.1133543886770373,,20.40369520187377
user_ci_video,54.03008468281088,56.03008468281088,57.99896127370872,120,1.0,2.8972115926110407,173.64423980113008,-2.2508439037545607,-13.713694748263482,0.2166666666666666,0.5648754144197896,91.47532486347856,,,0.4416666666666666,2.3155968122737978,0.2037037037037037,-0.0701543122312352,,14.596228742599488
user_ci_video,55.03064180656664,57.03064180656664,58.99951839746447,120,1.0,3.595557439811812,339.203779757201,-3.0965582297403342,-13.930402966376038,0.1333333333333333,0.5715538155644105,103.18244665157292,,,0.3166666666666666,1.87138200118812,0.375,-0.2838742888444507,,14.596228742599488
user_ci_video,56.03119893032239,58.03119893032239,60.00007552122023,120,0.85,4.5579828867632655,536.9099977880976,,,0.2333333333333333,5.020368337126137,335.45649479197164,,,0.2666666666666666,0.8343650739440968,0.8148148148148148,0.6457104786579183,,21.649351882934567
user_ci_video,57.03175605407815,59.03175605407815,61.00063264497599,120,0.6,4.052082403707036,556.4776622795312,,,0.2666666666666666,4.794408751798457,338.2728292664823,,,0.175,0.7676172012977149,0.6875,0.6457104786579182,,22.221524047851563
user_ci_video,58.03231317783391,60.03231317783391,62.00118976873174,120,0.3583333333333333,4.308483790980552,545.2748963693946,,,0.3916666666666666,4.08520788819916,487.4339515095493,,,0.225,0.785158172122666,0.7619047619047619,0.6457104786579183,,22.221524047851563
user_ci_video,59.03287030158966,61.03287030158966,63.001746892487496,120,0.1083333333333333,6.506186752599907,774.4575518599092,,,0.6166666666666667,3.789581047372917,440.794734277708,,,0.2,0.8695373329315799,0.7058823529411765,0.6457104786579182,,22.28758544921875
user_ci_video,60.03342742534542,62.03342742534542,64.00230401624326,120,0.0083333333333333,0.4272007712757019,321.5306399123927,,,0.3833333333333333,3.040406175349218,494.3254344089438,,,0.0583333333333333,0.7651194112581915,1.0,,,21.054636764526368
user_ci_video,61.03398454910118,63.03398454910118,65.00286113999901,120,0.0083333333333333,0.4272007712757019,321.5306399123927,,,0.35,3.0239980344772683,498.89941218331217,,,0.05,0.8465515700099946,1.0,,,8.265095233917236
user_ci_video,62.03454167285693,64.03454167285693,66.00341826375477,120,0.0,,,,,0.225,3.2749713614901967,410.48245862634553,,,0.0,,,,,11.844739723205558
user_ci_video,63.03509879661269,65.03509879661269,67.00397538751052,120,0.0,,,,,0.1833333333333333,1.6119198855536987,317.7039470042096,,,0.0,,,,,10.134692764282224
user_ci_video,64.03565592036844,66.03565592036844,68.00453251126628,120,0.0,,,,,0.4333333333333333,1.4131730564945708,304.3218333842077,,,0.0,,,,,9.426158523559566
user_ci_video,65.03621304412421,67.03621304412421,69.00508963502205,120,0.0,,,,,0.5,1.381063649927909,304.3218333842077,,,0.0166666666666666,1.930819709568918,,,,9.426158523559566
user_ci_video,66.03677016787996,68.03677016787996,70.0056467587778,120,0.025,2.656771647511233,342.6042282526638,,,0.5,1.381063649927909,304.3218333842077,,,0.0166666666666666,1.930819709568918,,,,3.07596150636673
user_ci_video,67.03732729163572,69.03732729163572,71.00620388253355,120,0.1166666666666666,5.7083891491490935,1243.9156584940556,,,0.3166666666666666,1.2474100398287673,275.35558730232134,,,0.0583333333333333,1.253592532560607,0.0,,,10.168536472320556
user_ci_video,68.03788441539147,70.03788441539147,72.00676100628931,120,0.275,4.30561063629835,650.123240905528,,,0.0666666666666666,1.1723525072446055,262.75459955383724,,,0.125,0.9087015024131307,0.7,,,13.24015769958496
user_ci_video,69.03844153914723,71.03844153914723,73.00731813004506,120,0.4666666666666667,3.0171376313183003,346.5438370116756,,,0.0333333333333333,3.5405483595725835,925.77321279397,,,0.2333333333333333,2.095260105191372,0.2592592592592592,0.4395783403644751,,13.24015769958496
user_ci_video,70.03899866290298,72.03899866290298,74.00787525380082,120,0.55,2.708865324812684,310.75168812194704,,,0.1416666666666666,2.116970733838943,263.70297789945914,,,0.4166666666666667,2.8438885520040578,0.1428571428571428,0.3260475344346414,,13.24015769958496
user_ci_video,71.03955578665875,73.03955578665875,75.00843237755659,120,0.7083333333333334,1.6192199554792674,229.23937397339145,,,0.3916666666666666,1.8561102550353183,98.76006257693756,,,0.625,3.698395291921014,0.0921052631578947,0.3206631876493371,,13.177998924255371
user_ci_video,72.0401129104145,74.0401129104145,76.00898950131234,120,0.7333333333333333,1.0127235431125747,194.16089396929289,,,0.6416666666666667,1.732635045090069,145.20240241074742,,,0.7833333333333333,4.351521548661288,0.0,0.1953917933744808,,10.1972101688385
user_ci_video,73.04067003417026,75.04067003417026,77.0095466250681,120,0.7083333333333334,0.956270370678674,129.15859192515614,,,0.8583333333333333,1.4315774636058791,128.23836028678758,,,0.8666666666666667,3.662092126198417,0.2403846153846154,0.1503535242664168,,3.697594404220581
user_ci_video,74.04122715792602,76.04122715792602,78.01010374882385,120,0.85,0.958435725352524,112.31234124446208,,,0.8166666666666667,1.312096421953424,117.18106045378832,,,0.8,3.15676489410044,0.40625,0.1974226887574557,,3.483844673633574
user_ci_video,75.04178428168177,77.04178428168177,79.0106608725796,120,0.85,1.1475528716069243,95.27192865963625,,,0.7833333333333333,1.1474428033479611,120.25005530744365,,,0.7916666666666666,1.929254751868604,0.6770833333333334,0.2990701415960504,,2.7507197380065915
user_ci_video,76.04234140543753,78.04234140543753,80.01121799633536,120,0.9166666666666666,1.4594631611237705,104.98437995904816,,,0.725,1.525041556785989,133.58909728618067,,,0.7833333333333333,0.7642370701953118,0.8814432989690721,0.5251187698431965,,4.246580767631531
user_ci_video,77.0428985291933,79.0428985291933,81.01177512009113,120,1.0,1.4494464269730496,118.88190585477886,-3.1352471282090058,-13.068013472177345,0.625,1.6771307798160386,158.4643700036103,,,0.7833333333333333,0.7575474039385772,0.8434343434343434,0.5362284241864563,,4.34873583316803
user_ci_video,78.04345565294905,80.04345565294905,82.01233224384688,120,0.825,1.6300599099377748,131.2375905113012,,,0.6,1.7456263627712627,171.3338914761002,,,0.725,0.8102457056839569,0.8315217391304348,0.4970946380025725,,4.34873583316803
user_ci_video,79.0440127767048,81.0440127767048,83.01288936760264,120,0.575,1.6129023803222702,131.2375905113012,,,0.6333333333333333,2.0142603665854844,117.71882381727669,,,0.5416666666666666,0.901812832659399,0.8308823529411765,0.4106360732817984,,4.395983433723449
user_ci_video,80.04456990046056,82.04456990046056,84.0134464913584,120,0.35,1.409575659304144,148.76791986875372,,,0.4416666666666666,1.5488505556518637,77.7249545806574,,,0.325,0.859999934965675,0.9,0.0330627316851245,,7.930507087707519
user_ci_video,81.04512702421631,83.04512702421631,85.01400361511415,120,0.35,3.0839238124465047,264.69894949663257,,,0.2916666666666667,1.7366032195990373,60.26730194032682,,,0.1333333333333333,0.885989381753852,1.0,,,8.03714461326599
user_ci_video,82.04568414797207,84.04568414797207,86.0145607388699,120,0.4166666666666667,3.2320759743550345,334.52688592172234,,,0.25,1.9307181138545544,58.84555086737132,,,0.0833333333333333,0.9665921001630636,1.0,,,11.995183229446411
user_ci_video,83.04624127172784,85.04624127172784,87.01511786262567,120,0.6666666666666666,2.9777922102737406,298.04537834574273,,,0.0166666666666666,0.5773605603272953,151.68560707053797,,,0.125,0.5547601008107892,1.0,-0.8220892597904383,,11.995183229446411
user_ci_video,84.04679839548359,86.04679839548359,88.01567498638143,120,0.875,2.7989906049042244,251.19471097308437,,,0.1916666666666666,0.8735815674555537,67.23692815476961,,,0.3333333333333333,1.0773256241675668,0.9142857142857144,0.1141327312473131,,11.995183229446411
user_ci_video,85.04735551923935,87.04735551923935,89.01623211013718,120,0.7583333333333333,2.599436903743808,251.19471097308437,,,0.4166666666666667,1.679925020619316,91.52146765023224,,,0.525,1.705022974759996,0.6229508196721312,0.0416276390567964,,11.995183229446411
user_ci_video,86.0479126429951,88.0479126429951,90.01678923389294,120,0.8666666666666667,2.369962498596817,277.7530669451994,,,0.6666666666666666,1.5090992098784954,99.44247372829884,,,0.7666666666666667,1.970997855614089,0.4175824175824176,0.0450467139245173,,5.719234371185302
user_ci_video,87.04846976675086,89.04846976675086,91.01734635764868,120,0.8666666666666667,2.190222003303947,292.90511176284514,,,0.9,1.2318914393607698,75.50342893119475,,,0.9166666666666666,2.5338072702223924,0.2522522522522522,0.1493021662378413,,5.4443851709365845
user_ci_video,88.04902689050661,90.04902689050661,92.01790348140445,120,0.8833333333333333,2.0998437591879013,334.107649698846,,,0.8416666666666667,1.182438065820384,76.44425232723864,,,0.8583333333333333,3.0702438794626006,0.0571428571428571,0.0369913875947342,,5.212783622741699
user_ci_video,89.04958401426238,91.04958401426238,93.0184606051602,120,1.0,1.951964577890188,255.82537336670725,-3.3389923335345726,-15.070630205053464,0.6166666666666667,0.7503022928158206,66.90739050616938,,,0.7083333333333334,3.1620821053318853,0.0,0.056752680391951,,5.228522443771363
user_ci_video,90.05014113801813,92.05014113801812,94.01901772891595,120,1.0,2.1106200313850367,264.26764786267694,-3.7687074554958566,-15.162581799267205,0.3666666666666666,0.4270609979331106,58.13964657496443,,,0.5583333333333333,3.05041281483975,0.1818181818181818,0.0620920087674169,,10.415024900436402
user_ci_video,91.05069826177387,93.05069826177387,95.01957485267172,120,0.95,2.2821697588864587,223.2199480327884,,,0.2333333333333333,2.159158790160342,94.23292978283864,,,0.4333333333333333,2.6689200700196443,0.2352941176470588,-0.2253630887141522,,10.415024900436402
user_ci_video,92.05125538552964,94.05125538552964,96.02013197642748,120,0.775,2.4078345161399906,201.9850006815122,,,0.3666666666666666,2.117564300549597,127.74220542750273,,,0.4666666666666667,1.8302485939561952,0.3888888888888889,0.3831617805128524,,10.415024900436402
user_ci_video,93.0518125092854,95.0518125092854,97.02068910018323,120,0.7583333333333333,3.4400527172916,380.383260199234,,,0.5833333333333334,3.151835939805724,207.1493122409728,,,0.6083333333333333,1.519984205007162,0.5189873417721519,0.1971512711392837,,10.415024900436402
user_ci_video,94.05236963304117,96.05236963304117,98.021246223939,120,0.6,3.309561053395325,236.05941443207348,,,0.725,2.686181859787605,204.34133945186903,,,0.6916666666666667,1.2628785071763386,0.5777777777777777,0.2294934752422385,,7.659031724929809
user_ci_video,95.05292675679692,97.05292675679692,99.02180334769476,120,0.4,3.6139350104983854,285.57635397866784,,,0.8583333333333333,1.8812013944893984,132.72184221425175,,,0.65,1.0724550438534095,0.7294117647058823,0.2367060447032427,,7.478632402420043
user_ci_video,96.05348388055268,98.05348388055268,100.02236047145053,120,0.325,3.95334588298552,306.71215797453834,,,0.8,1.751360790391188,145.8996395500859,,,0.5666666666666667,0.7689961374146632,0.8666666666666667,0.1548545841107974,,10.365126943588256
user_ci_video,97.05404100430844,99.05404100430844,101.02291759520628,120,0.2416666666666666,0.9237083640020488,160.71350714231417,,,0.6416666666666667,0.6248946221826872,119.05099029939356,,,0.5083333333333333,0.9414066908588224,1.0,0.4612307785678138,,10.365126943588256
user_ci_video,98.0545981280642,100.0545981280642,102.02347471896202,120,0.2083333333333333,1.1479023835269575,153.30655935624418,,,0.75,0.7266332203202315,120.39123196042482,,,0.475,1.6706916848761946,0.7280701754385965,0.2250238732381743,,10.365126943588256
user_ci_video,99.05515525181994,101.05515525181994,103.02403184271778,120,0.3916666666666666,1.1258299281229358,143.9508787507176,,,0.7333333333333333,0.8031908998460909,107.1608135808316,,,0.6166666666666667,2.013162601540784,0.4256756756756756,-0.2733325406210204,,7.952170610427856
user_ci_video,100.0557123755757,102.0557123755757,104.02458896647352,120,0.6416666666666667,1.008834442587807,151.78421214028998,,,0.7666666666666667,1.6390855083087263,173.19494790731406,,,0.7583333333333333,1.7142950315053749,0.5380434782608695,-0.204218573883629,,7.032802438735962
user_ci_video,101.05626949933144,103.05626949933144,105.0251460902293,120,0.7416666666666667,1.662151980354618,195.52205985746755,,,0.7416666666666667,1.6937576274167818,175.10709510587634,,,0.7,1.5337957037468717,0.4817073170731707,-0.2697959081911328,,7.049782633781433
user_ci_video,102.05682662308722,104.05682662308722,106.02570321398504,120,0.9333333333333332,1.723211330964168,141.76723886665675,,,0.6166666666666667,1.935779089892198,197.9640897034011,,,0.6833333333333333,1.476920242719565,0.4588235294117647,-0.1636227224854081,,7.049782633781433
user_ci_video,103.05738374684296,105.05738374684296,107.0262603377408,120,1.0,1.5373375375437406,111.2331252267651,-2.8703549270955007,-13.409102764165516,0.3833333333333333,2.668719553624572,378.2274296408874,,,0.525,1.099826730212386,0.5909090909090909,-0.0075844507179256,,7.049782633781433
user_ci_video,104.05794087059871,106.05794087059871,108.02681746149656,120,1.0,1.4416771124299514,78.55956525101533,-2.9201878361600704,-13.36778267240926,0.175,1.4783416995183238,254.2053271578662,,,0.4416666666666666,2.028162542870007,0.1964285714285714,0.2272516678251518,,6.018673205375672
user_ci_video,105.05849799435448,107.05849799435448,109.02737458525232,120,1.0,1.009191637739722,74.73204902187094,-5.879413466389527,-12.487019436554077,0.2666666666666666,1.2492721700963707,229.9076224595533,,,0.5416666666666666,2.3763252131902872,0.0352112676056338,0.0938319259684613,,3.6818602323532095
user_ci_video,106.05905511811024,108.05905511811024,110.02793170900809,120,1.0,0.802476334489581,93.72860378302914,-2.705985012989169,-14.42053177432068,0.3916666666666666,0.9337779827348855,157.2905069576696,,,0.6583333333333333,2.2298012671690577,0.0670731707317073,0.0453841380385867,,2.8147228837013243
user_ci_video,107.059612241866,109.059612241866,111.02848883276384,120,1.0,0.8433398413261003,94.51796739830527,-2.505976062474172,-14.57637433867475,0.5333333333333333,0.8400521018919435,156.5646488608375,,,0.7916666666666666,2.0591476906610504,0.2722772277227723,0.1698263993621348,,2.005625319480896
user_ci_video,108.06016936562176,110.06016936562176,112.0290459565196,120,1.0,0.8691023536079143,111.29996564361184,-2.968051326264018,-14.64386766852796,0.6083333333333333,0.937037628493211,157.2905069576696,,,0.7916666666666666,1.834153491525163,0.3480392156862745,0.0919186670294947,,1.9959684133529665
user_ci_video,109.06072648937752,111.06072648937752,113.02960308027536,120,1.0,0.7445512367977967,106.26057850989888,-5.774898859491931,-14.636404932779682,0.7333333333333333,0.8475820042210939,121.24172273663557,,,0.825,1.704894661829378,0.324074074074074,0.1307682692592195,,2.1896697640419007
user_ci_video,110.06128361313328,112.06128361313328,114.0301602040311,120,1.0,0.6993271646379344,112.58906766344322,-4.353060249902316,-14.546071952303397,0.725,1.3795613606715122,140.41025728829575,,,0.825,1.7757715080738086,0.2962962962962963,0.0712265689324619,,2.1896697640419007
user_ci_video,111.06184073688902,113.06184073688902,115.03071732778686,120,0.9666666666666668,0.7509325463965965,125.79378923826764,,,0.825,1.932023056726128,171.20658348971307,,,0.875,2.184136100307062,0.09009009009009,-0.039934190823623,,2.197898960113525
user_ci_video,112.06239786064478,114.06239786064478,116.0312744515426,120,0.8166666666666667,0.8106693413117506,142.95454629494736,,,0.9833333333333332,1.665697508922772,107.2566083294905,,,0.8833333333333333,2.242963747413907,0.0648148148148148,0.0091111565204057,,2.656765151023865
user_ci_video,113.06295498440052,115.06295498440052,117.03183157529836,120,0.7666666666666667,0.9335903801943392,180.7633978477399,,,0.9833333333333332,1.5193156851912244,61.20233085844522,,,0.9083333333333332,2.167766608327431,0.2616822429906542,-0.0146851120036395,,2.656765151023865
user_ci_video,114.0635121081563,116.0635121081563,118.03238869905414,120,0.5166666666666667,0.986141058518688,186.76059509033072,,,0.9916666666666668,1.6360122892607143,59.75616540312539,,,0.6666666666666666,2.1908914362437075,0.3636363636363636,0.0060044891995061,,2.656765151023865
user_ci_video,115.06406923191206,117.06406923191206,119.03294582280988,120,0.3,1.0375257419849229,193.1192542705344,,,1.0,0.9892750511706796,43.73989417200895,-3.3032934677835124,-13.92552362155348,0.4333333333333333,1.6500147291020022,0.5957446808510638,0.0450249554215333,,3.1946297883987427
user_ci_video,116.0646263556678,118.0646263556678,120.03350294656563,120,0.325,1.3019430759326414,196.8279549864617,,,0.9583333333333334,0.909215228776384,39.70961056002984,,,0.425,1.6302318789934322,0.4285714285714285,0.1368547669629728,,3.1946297883987427
user_ci_video,117.06518347942357,119.06518347942357,121.0340600703214,120,0.3333333333333333,1.99943370893192,84.15723309527722,,,0.7333333333333333,1.2110810221433976,35.91589762170051,,,0.35,2.2975298870314207,0.0,0.3854310482378595,,3.1946297883987427
user_ci_video,118.06574060317932,120.06574060317932,122.03461719407716,120,0.5833333333333334,1.298069522808582,87.36932565382858,,,0.4833333333333333,0.3270828772229897,28.76109668937304,,,0.3416666666666667,2.3137118095859623,0.0,0.3854310482378595,,3.1946297883987427
user_ci_video,119.06629772693508,121.06629772693508,123.03517431783293,120,0.8333333333333334,1.0461977776975504,89.81193827577772,,,0.2333333333333333,0.4935374853738228,30.15832476601973,,,0.325,2.3505811294438352,0.0,0.3854310482378595,,1.5692978262901305
user_ci_video,120.06685485069085,122.06685485069085,124.03573144158868,120,0.9583333333333334,0.8542967012489251,88.93981957352555,,,0.025,2.415941784028383,1018.5210996088842,,,0.2,2.869689505746964,0.0,0.0122455580016784,,1.4250712513923645
user_ci_video,121.0674119744466,123.0674119744466,125.03628856534444,120,1.0,0.5005233370019504,94.79317071934344,-3.559208422597384,-15.67454619159861,0.2333333333333333,1.3851702068989216,247.95903223708703,,,0.1833333333333333,2.6852390550026666,0.0,-0.0316012067557561,,1.4250712513923645
user_ci_video,122.06796909820235,124.06796909820235,126.0368456891002,120,1.0,0.7606590108217285,120.63562284483596,-3.624911065462424,-14.900737441036808,0.3416666666666667,1.20849557865175,229.55575811014188,,,0.3416666666666667,2.550218571588057,0.0,0.0272664227573246,,1.2345504879951477
user_ci_video,123.06852622195812,125.06852622195812,127.03740281285594,120,0.9916666666666668,1.2810293586467607,136.39395947164545,,,0.5916666666666667,0.9188608902129296,111.73293968619492,,,0.5416666666666666,2.762686493950365,0.0,0.0190116031329125,,1.5077887952327726
user_ci_video,124.06908334571386,126.06908334571386,128.0379599366117,120,0.9916666666666668,1.4183487684004072,135.6278422450238,,,0.7416666666666667,0.9263883270782812,111.73293968619492,,,0.6916666666666667,3.011268667430486,0.0,0.0398699163365092,,2.432605934143066
user_ci_video,125.06964046946962,127.06964046946962,129.03851706036747,120,0.975,1.9985142450988531,226.0016646961027,,,0.5083333333333333,0.7157999232261838,77.31739393658384,,,0.5416666666666666,3.112538660737796,0.0,0.0732231071128996,,2.432605934143066
user_ci_video,126.0701975932254,128.07019759322537,130.03907418412322,120,0.8583333333333333,2.1123166436739345,161.41802820213047,,,0.4,0.6854217163592765,74.7854846541037,,,0.3833333333333333,3.4093763200631524,0.0,0.0508644532885637,,3.074357688426971
user_ci_video,127.07075471698114,129.07075471698113,131.03963130787898,120,0.8,2.330671593665811,170.67959444865068,,,0.2333333333333333,2.0891636459072656,169.02979052866473,,,0.3083333333333333,3.461436219856144,0.0,0.1709660483228085,,4.483350324630737
user_ci_video,128.07131184073688,130.07131184073688,132.04018843163473,120,0.8,2.3375137046966525,170.67959444865068,,,0.0916666666666666,3.891371240145815,490.5303073517059,,,0.2416666666666666,2.9631359670669744,0.0,0.3123276273259223,,4.483350324630737
user_ci_video,129.0718689644927,131.0718689644927,133.0407455553905,120,0.6666666666666666,1.8775553516871677,132.13512623101138,,,0.25,2.190006479475945,326.07048423417814,,,0.3333333333333333,2.96284102835829,0.0,0.3640888610050549,,4.483350324630737
user_ci_video,130.07242608824842,132.07242608824842,134.04130267914624,120,0.6166666666666667,1.879039401772835,132.13512623101138,,,0.5,2.275544653733546,335.9507975538877,,,0.45,2.878599500240936,0.0,-0.1231916002474944,,5.540269088745117
user_ci_video,131.07298321200415,133.07298321200415,135.041859802902,120,0.5583333333333333,1.0606115362776172,116.08818226660078,,,0.6666666666666666,1.9302844520750688,291.65351916003976,,,0.5166666666666667,2.963330975703925,0.0,-0.1257165503587272,,5.540269088745117
user_ci_video,132.07354033575993,134.07354033575993,136.04241692665775,120,0.5083333333333333,2.196849875953601,216.5495240613748,,,0.9083333333333332,1.7108695715203035,201.88686204506325,,,0.65,2.7141008950698504,0.1728395061728395,-0.1046183547545472,,5.540269088745117
user_ci_video,133.07409745951568,135.07409745951568,137.0429740504135,120,0.6333333333333333,3.0553308526102065,290.30219429982014,,,1.0,2.077060671010225,204.95865318508865,-4.597895599057073,-14.076958950688256,0.7916666666666666,2.7181575323821425,0.215,-0.0925511005935726,,5.540269088745117
user_ci_video,134.07465458327144,136.07465458327144,138.04353117416926,120,0.7,2.6970604482873446,203.0173339288596,,,1.0,2.2076821445774923,180.2717941798349,-4.157897644852744,-14.177927237682802,0.8666666666666667,2.4791864837044093,0.2889908256880734,0.0088876770595595,,9.3046058177948
user_ci_video,135.0752117070272,137.0752117070272,139.04408829792504,120,0.575,3.0934324378219187,310.16038031985704,,,0.975,2.183318185807069,163.34326609860082,,,0.7916666666666666,2.0475887516944544,0.40625,-0.0170813392389267,,14.963601732254029
user_ci_video,136.07576883078295,138.07576883078295,140.0446454216808,120,0.3833333333333333,2.5858759290697844,118.48307909819056,,,0.975,2.368084122461961,163.34326609860082,,,0.5833333333333334,1.8377524356268005,0.4225352112676056,0.0043140580915658,,14.963601732254029
user_ci_video,137.0763259545387,139.0763259545387,141.04520254543655,120,0.3666666666666666,0.8861764002610364,61.31237136163067,,,0.975,2.43760659368495,184.89395477676987,,,0.575,1.1302197851670877,0.5352112676056338,0.1658608172851813,,14.963601732254029
user_ci_video,138.07688307829446,140.07688307829446,142.0457596691923,120,0.2833333333333333,0.975773354299926,67.80706011233906,,,0.7333333333333333,2.2946939660320766,151.4854955337047,,,0.4333333333333333,0.9448169581587296,0.6415094339622641,0.2597839718754862,,15.233314800262452
user_ci_video,139.0774402020502,141.0774402020502,143.04631679294806,120,0.2833333333333333,0.975773354299926,67.80706011233906,,,0.5166666666666667,2.5452041736116766,165.75961079584195,,,0.35,1.0115329206158452,0.6777777777777778,0.2597839718754862,,13.203370761871335
user_ci_video,140.07799732580597,142.07799732580597,144.04687391670382,120,0.275,0.968575923894123,66.64155567162153,,,0.375,2.3587135916727413,147.89473377034898,,,0.3083333333333333,1.1004281432338123,0.6375,0.2556686181971709,,13.203370761871335
user_ci_video,141.07855444956175,143.07855444956175,145.04743104045957,120,0.0666666666666666,0.4028999510295296,65.43450118155448,,,0.2333333333333333,0.6342611692493499,60.22722867879881,,,0.0833333333333333,1.2265552766753505,1.0,0.4174582606991388,,13.203370761871335
user_ci_video,142.0791115733175,144.0791115733175,146.04798816421533,120,0.2416666666666666,5.416724812595168,797.5665578025147,,,0.225,0.5377464267219152,56.93240838631813,,,0.0333333333333333,1.1447688778486769,1.0,,,8.642547893524169
user_ci_video,143.07966869707326,145.07966869707326,147.04854528797108,120,0.4916666666666666,4.562667422282155,838.4436717936184,,,0.2166666666666666,0.3440758559890541,55.60278885299542,,,0.0,,,,,8.73745584487915
user_ci_video,144.080225820829,146.080225820829,148.04910241172684,120,0.7416666666666667,3.86267525343073,707.7116207221769,,,0.1083333333333333,0.4160721703835753,56.93240838631813,,,0.0,,,,,8.037673759460448
user_ci_video,145.08078294458477,147.08078294458477,149.0496595354826,120,0.7583333333333333,3.806328324261037,703.4156564568408,,,0.175,1.8246454134799124,168.8082052814252,,,0.0916666666666666,0.7900542139563879,1.0,,,7.253579759597778
user_ci_video,146.08134006834052,148.08134006834052,150.05021665923834,120,0.5166666666666667,3.0530783539112023,612.8153214387969,,,0.425,2.428744443027897,210.9170158106779,,,0.1166666666666666,0.7260602577727101,1.0,,,7.837176322937012
user_ci_video,147.08189719209628,149.08189719209628,151.05077378299413,120,0.2666666666666666,2.4118281122846,449.3167106162946,,,0.675,1.978934838485072,173.18687248603632,,,0.175,0.6822691013877947,1.0,,,8.002809143066406
user_ci_video,148.08245431585203,150.08245431585203,152.05133090674988,120,0.1,0.5406544594922816,69.51934119083239,,,0.925,1.8311198824366968,166.32769231697327,,,0.3,0.5090827195497234,1.0,-0.122107439516305,,8.002809143066406
user_ci_video,149.0830114396078,151.0830114396078,153.05188803050564,120,0.3333333333333333,0.9105181034284372,73.54608817253083,,,1.0,1.713080403484435,144.56528271539992,-5.103746093315237,-14.147273392919503,0.4583333333333333,0.5589515839618348,1.0,0.0666617135257385,,8.002809143066406
user_ci_video,150.08356856336354,152.08356856336354,154.0524451542614,120,0.375,0.8574353993175835,76.45903837801916,,,0.85,1.2908711897440548,113.75593589280616,,,0.4916666666666666,0.5798158017802434,1.0,0.04487725916289,,7.660756158828735
user_ci_video,151.0841256871193,153.0841256871193,155.05300227801715,120,0.5833333333333334,0.625364541170608,45.59427221978518,,,0.7,1.256044855440578,135.38232209361064,,,0.5666666666666667,0.6267368625114462,1.0,0.0861376864718969,,4.617440533638
user_ci_video,152.08468281087505,154.08468281087505,156.0535594017729,120,0.75,0.7605965218674076,60.59868230508784,,,0.5916666666666667,1.0698662586521532,104.79335548423818,,,0.6583333333333333,0.7111242811197241,1.0,0.2638098691904266,,2.6047414779663085
user_ci_video,153.0852399346308,155.0852399346308,157.05411652552866,120,0.75,1.025620527737309,72.40771517019701,,,0.5916666666666667,1.6407515456504054,146.6078118060726,,,0.6166666666666667,1.0766944840770307,0.6835443037974683,0.1663670712188684,,2.493065798282623
user_ci_video,154.0857970583866,156.0857970583866,158.0546736492844,120,0.9083333333333332,1.038487044825446,68.99011814459062,,,0.7166666666666667,2.295624015759868,167.55246091513487,,,0.8083333333333333,1.3732320274034318,0.5588235294117647,0.1347843512425436,,8.00447895526886
user_ci_video,155.08635418214234,157.08635418214234,159.05523077304017,120,0.8666666666666667,1.4616299069270495,101.01448042668544,,,0.7083333333333334,2.429985580474411,154.21903791065776,,,0.8166666666666667,1.6074345458804593,0.4326923076923077,0.0713633660588518,,8.848247146606445
user_ci_video,156.0869113058981,158.0869113058981,160.05578789679592,120,0.8666666666666667,1.2326633731958063,63.308340097606205,,,0.8166666666666667,2.111581648991168,121.77125801122352,,,0.85,2.0263785947354047,0.1759259259259259,-0.1033143600467469,,8.848247146606445
user_ci_video,157.08746842965385,159.08746842965385,161.05634502055167,120,0.825,1.6989507396237469,51.61355778525769,,,0.8166666666666667,1.3784927728920586,79.22266028763715,,,0.8916666666666667,2.021009417970179,0.2293577981651376,-0.0002613826225151,,8.848247146606445
user_ci_video,158.0880255534096,160.0880255534096,162.05690214430743,120,0.875,1.4821044906686385,43.736696644070285,,,0.8416666666666667,0.5528112586258072,66.58304481337214,,,0.8916666666666667,2.01522262524802,0.1376146788990825,0.0800698645777464,,8.5525887966156
user_ci_video,159.08858267716536,161.08858267716536,163.05745926806318,120,0.9583333333333334,1.0154817844635018,32.72267455647735,,,1.0,0.6216250588581232,82.62004522133145,-3.29683697619106,-13.356028328699583,0.9916666666666668,1.9523640340738435,0.0833333333333333,0.1557922741387744,,3.19710305929184
user_ci_video,160.08913980092112,162.08913980092112,164.05801639181897,120,0.9583333333333334,1.030789966453226,35.674965451294106,,,1.0,0.8772868039750146,101.9063456013198,-3.3872813045191563,-14.140785245650754,0.9916666666666668,1.7510034346413148,0.0833333333333333,0.1927287715027896,,3.8835145473480224
user_ci_video,161.08969692467687,163.08969692467687,165.05857351557472,120,1.0,0.8505488640874874,42.90774278687627,-4.281635052284942,-13.447879365574524,1.0,1.0345736500451432,114.36963394621505,-4.803924466627766,-14.350530198342016,0.9916666666666668,1.4908304360348683,0.15,0.225052587353573,0.3327745880744223,3.8835145473480224
user_ci_video,162.09025404843263,164.09025404843263,166.05913063933048,120,1.0,0.8648018738979606,35.14784137535013,-3.636053847039125,-13.64969434332888,1.0,0.959501744265962,98.29664741267464,-5.4201345265320455,-14.271683761011955,0.9916666666666668,1.391590906292708,0.15,0.1606449043938098,0.2921567114928043,3.8835145473480224
user_ci_video,163.09081117218838,165.09081117218838,167.05968776308623,120,1.0,0.8742808042124487,42.99449194037741,-3.634750541409389,-13.651046435086752,1.0,0.6996338160199511,64.16300728739714,-3.456193863326849,-14.13519517149174,1.0,1.314411737005645,0.15,0.0780919421059968,0.3896225555301728,3.98212970495224
user_ci_video,164.09136829594414,166.09136829594414,168.060244886842,120,1.0,0.8729138379375295,42.35669464131818,-3.6197782589844274,-13.649398271281076,1.0,0.3852830374336949,47.35097630525658,-3.2847011110985838,-13.196055498400112,1.0,1.3744053288586782,0.15,0.0123393660439432,0.5686656739806081,3.8880894064903258
user_ci_video,165.0919254196999,167.0919254196999,169.06080201059774,120,1.0,0.2688783408396938,28.718471532812472,-4.703962646528312,-12.945863658887609,1.0,0.793220142349986,57.74358439545139,-2.7616464258342583,-14.753542803241656,1.0,1.614980751466487,0.0,-0.0670220958477217,-0.0048619916282342,5.286173892021179
user_ci_video,166.09248254345567,168.09248254345567,170.0613591343535,120,0.9833333333333332,0.8041133112212563,32.63094491369479,,,0.8833333333333333,1.572159790515855,78.90069767373728,,,0.9916666666666668,1.6917109118333895,0.0708333333333333,-0.0206087453329011,,5.286173892021179
user_ci_video,167.09303966721143,169.09303966721143,171.06191625810925,120,0.9833333333333332,1.4929379724391338,37.00019971621529,,,0.8833333333333333,2.517281542823805,395.8672911085474,,,0.9833333333333332,1.8020203130181525,0.0958333333333333,0.0081154655843248,,5.286173892021179
user_ci_video,168.09359679096718,170.09359679096718,172.062473381865,120,0.9833333333333332,1.538199093792182,36.323012866655446,,,0.8833333333333333,3.1795965492754323,549.615548489699,,,0.975,1.929403638385495,0.0958333333333333,0.0856084542518965,,5.286173892021179
user_ci_video,169.09415391472294,171.09415391472294,173.06303050562076,120,0.9583333333333334,2.4135486713242136,48.940953735372766,,,0.8833333333333333,2.63924769844477,176.25033157496392,,,0.975,2.0324461569343453,0.1458333333333333,0.0409179944440829,,2.050447690486908
user_ci_video,170.0947110384787,172.0947110384787,174.0635876293765,120,0.975,1.8359477368749544,49.45798697770363,,,1.0,1.785840114853573,93.95885701348996,-2.801005658583762,-14.308093027583752,0.9833333333333332,2.243906664393569,0.075,0.0488075526926777,,1.7978411853313443
user_ci_video,171.09526816223445,173.09526816223445,175.06414475313227,120,0.875,1.3159528344398528,53.28311130586825,,,1.0,1.146736630889215,91.041324709951,-3.804085586487825,-13.651793254397418,0.9583333333333334,2.327036300042838,0.0512820512820512,-0.0118582697183231,,1.7978411853313443
user_ci_video,172.0958252859902,174.0958252859902,176.06470187688805,120,0.8666666666666667,1.3734739570391463,62.88118697903335,,,1.0,0.5967856808616288,66.70046365840346,-3.412966890943393,-14.648885805223022,0.9583333333333334,2.0146423388843746,0.1111111111111111,-0.0500390563533491,,1.7596251606941222
user_ci_video,173.09638240974596,175.09638240974596,177.0652590006438,120,0.8916666666666667,0.7033109487225209,53.1367598484001,,,1.0,0.4910979375088343,64.92315625119525,-2.3256423469390555,-14.634492391157812,0.9583333333333334,1.7989295610515514,0.0598290598290598,-0.0835115360184276,,1.5662811636924745
user_ci_video,174.0969395335017,176.0969395335017,178.06581612439956,120,0.8916666666666667,0.764422547119537,85.95864070849493,,,1.0,0.4780149132975572,57.40795089603737,-2.981433797898739,-14.56415265593706,0.9583333333333334,1.6197777052421711,0.0598290598290598,-0.2143222019934187,,1.5184906601905823
user_ci_video,175.09749665725747,177.09749665725747,179.06637324815532,120,0.9916666666666668,1.3754803745144144,96.36678222928872,,,0.9833333333333332,1.324402419490306,55.92134207577099,,,0.9916666666666668,1.4551781549297311,0.0916666666666666,-0.2058904116859298,,1.1871959030628203
user_ci_video,176.09805378101322,178.09805378101322,180.06693037191107,120,1.0,1.3969534517199549,154.65869949539982,-3.889318536761487,-14.10044950750352,0.9833333333333332,1.3488625118559376,50.27852330222252,,,1.0,1.866311907110621,0.0333333333333333,-0.1688578855567133,,1.9708995461463927
user_ci_video,177.09861090476898,179.09861090476898,181.0674874956668,120,1.0,1.1919977046874488,125.14654665743504,-2.223031387753695,-14.00464494986386,0.9666666666666668,1.517693077131096,51.84207839865106,,,1.0,2.176342965585396,0.0333333333333333,-0.1979727261351328,,1.9708995461463927
user_ci_video,178.09916802852476,180.09916802852476,182.06804461942255,120,1.0,1.160751981792916,113.49787015761298,-2.595111798478683,-13.897352350340382,0.9166666666666666,2.035440590730964,83.74427936277262,,,1.0,2.1660604383912414,0.125,-0.1354713721414393,,1.9708995461463927
user_ci_video,179.0997251522805,181.0997251522805,183.06860174317836,120,1.0,0.520235224228071,98.3594588695412,-3.753087128738128,-15.069071447817493,0.9333333333333332,1.0455443896002885,84.11627948232504,,,1.0,2.472199845919838,0.0916666666666666,-0.1129013638966962,,1.9708995461463927
user_ci_video,180.10028227603627,182.10028227603627,184.0691588669341,120,1.0,0.4439802099113458,78.05204862968944,-3.964802774774731,-14.91410685311507,0.9083333333333332,1.850666912162881,110.47174297766,,,1.0,2.236067157587177,0.2,-0.0868342851471053,,1.3848064601421357
user_ci_video,181.100839399792,183.100839399792,185.06971599068984,120,0.8833333333333333,0.7102427958074735,84.6763545203398,,,0.9083333333333332,2.566696787271032,186.68694178346144,,,0.9833333333333332,1.85531245255862,0.3583333333333333,-0.0204367700257323,,1.5559760570526122
user_ci_video,182.10139652354775,184.10139652354775,186.0702731144456,120,0.8833333333333333,0.6867640440409694,68.58176026010366,,,0.825,2.824648562744675,233.42449201126075,,,0.9083333333333332,1.8735880150463848,0.336283185840708,-0.1322192517377608,,1.795767533779144
user_ci_video,183.10195364730356,185.10195364730356,187.07083023820132,120,0.8833333333333333,0.6428657387096038,52.12056464237933,,,0.6833333333333333,3.931955459940903,663.5682510994925,,,0.9,1.4786023883203134,0.504424778761062,-0.0730231435381049,,1.795767533779144
user_ci_video,184.1025107710593,186.1025107710593,188.07138736195716,120,0.8833333333333333,0.6616244115651302,50.44970396704888,,,0.7083333333333334,3.4882161570016814,579.4415888914201,,,0.875,1.249587894935798,0.6415929203539823,-0.1732395634021737,,1.795767533779144
user_ci_video,185.10306789481504,187.10306789481504,189.0719444857129,120,1.0,0.3858056580799982,47.93491919850816,-3.312676315181988,-14.328423450919397,0.6,3.49717190292766,584.3635115163725,,,0.8333333333333334,1.7300480452967384,0.5185185185185185,-0.1607283413589806,,1.4482706248760222
user_ci_video,186.1036250185708,188.1036250185708,190.07250160946865,120,1.0,0.382596811521837,55.33523146896314,-3.7979702251415377,-14.564340877497424,0.7333333333333333,2.406202943631591,286.6735176744851,,,0.9083333333333332,2.0032015372559946,0.4347826086956521,-0.1157884207925113,,0.938747516274452
user_ci_video,187.10418214232652,189.10418214232652,191.0730587332244,120,1.0,0.3486984327818659,51.958703539778696,-3.075068635930416,-15.333197899073488,0.8416666666666667,2.004036105244962,195.4630699445752,,,0.9166666666666666,2.0281716139083428,0.417391304347826,-0.1403195296397997,,0.8902975410223007
user_ci_video,188.1047392660823,190.1047392660823,192.07361585698013,120,1.0,0.3274723591892365,55.33523146896314,-3.4247173897144285,-15.790451987637493,0.8416666666666667,1.6487475222405368,91.3969891875132,,,0.9416666666666668,2.0673326479791703,0.4304347826086956,0.0801836055209294,,0.8821692556142807
user_ci_video,189.1052963898381,191.1052963898381,193.0741729807359,120,1.0,0.3820798513561961,58.62781723692146,-3.9098280163594663,-14.923947887305358,0.9666666666666668,0.982446530575452,42.90283310678468,,,1.0,1.5970550123592395,0.6083333333333333,0.1561272688804938,,0.7501823276281356
user_ci_video,190.1058535135938,192.1058535135938,194.0747301044917,120,1.0,0.8184548118682851,60.69132004007551,-2.6779366941454192,-13.230374734024515,0.9666666666666668,1.223449152146868,46.7799753711215,,,0.9916666666666668,1.086156121750647,0.7833333333333333,0.2543461637435216,,0.8886004865169526
user_ci_video,191.1064106373496,193.1064106373496,195.07528722824745,120,1.0,1.3577990460827134,81.38687079355734,-3.3498048841680657,-13.814835374943115,0.975,1.2193563295802905,52.85969312357484,,,0.9916666666666668,1.017537930519833,0.8083333333333333,0.2943167702143627,,3.57446311712265
user_ci_video,192.10696776110532,194.10696776110532,196.0758443520032,120,1.0,1.378888539221203,90.3325516837151,-3.311737009566058,-13.819757024780312,0.975,1.0615100050669466,65.07189089539476,,,0.9916666666666668,1.5661290835083486,0.5583333333333333,0.1116890330994069,,3.57446311712265
user_ci_video,193.1075248848611,195.1075248848611,197.07640147575893,120,1.0,1.474097326321002,107.70964346554464,-3.9634966775332936,-13.876389622287997,0.975,1.285692678603205,80.54431029554847,,,0.9916666666666668,2.249837470026381,0.3416666666666667,0.1548109766594934,,3.57446311712265
user_ci_video,194.1080820086169,196.1080820086169,198.07695859951468,120,1.0,1.0211812413337695,74.41454670854266,-4.444782703734623,-13.21259716392472,0.8666666666666667,1.1606491923488345,78.59998030689358,,,0.9333333333333332,2.975474961602823,0.1785714285714285,0.0567676017308331,,3.57446311712265
user_ci_video,195.10863913237264,197.10863913237264,199.07751572327044,120,1.0,0.8652685228885191,65.48730127918671,-3.9311196412270495,-14.540237783107546,0.6416666666666667,0.8304106481523066,71.09128248756925,,,0.725,3.5591811483406337,0.0,0.0460090058441923,,2.624739754199981
user_ci_video,196.1091962561284,198.1091962561284,200.07807284702625,120,1.0,0.8128523108186677,53.17921441475633,-4.307548977203528,-14.529223355749144,0.6333333333333333,1.2490812593288616,61.29550595513328,,,0.725,2.7846514993522344,0.3255813953488372,0.1047743570289626,,2.508366656303405
user_ci_video,197.10975337988413,199.10975337988413,201.078629970782,120,0.9333333333333332,0.657643647343607,37.27585236534766,,,0.6333333333333333,1.4213542246588706,49.11166398887735,,,0.7,1.9557901798179207,0.6626506024096386,0.0248505581292947,,2.8326198220252987
user_ci_video,198.11031050363988,200.11031050363988,202.07918709453773,120,0.85,0.920906740877034,33.999860814976486,,,0.7416666666666667,1.5805820727605857,45.728410755068126,,,0.725,1.0772105589114742,0.8953488372093024,0.189573545189955,,3.6917263150215143
user_ci_video,199.11086762739563,201.11086762739563,203.07974421829348,120,0.85,0.7137304970969944,36.52012525426507,,,0.9916666666666668,1.3055672346315104,55.323606357076656,,,0.925,0.9891074429125796,0.8482142857142857,0.1426365779726814,,3.6917263150215143
user_ci_video,200.1114247511514,202.1114247511514,204.08030134204924,120,0.85,0.9063198755617377,46.95521605127693,,,1.0,1.2662628590675855,73.01897874173446,-5.312171618894784,-14.223172870195723,0.9,0.9131442140391413,0.8660714285714286,0.1577674235731526,,3.6917263150215143
user_ci_video,201.11198187490717,203.11198187490717,205.080858465805,120,0.9166666666666666,0.936343742023326,56.81156020690291,,,0.9416666666666668,1.82236927992252,108.09501360097852,,,0.8916666666666667,1.2839785403052304,0.6271929824561403,0.0791850333224059,,3.6917263150215143
user_ci_video,202.1125389986629,204.1125389986629,206.08141558956075,120,1.0,0.783563591178447,68.58232717729277,-4.04486927967406,-14.182805460328348,0.9166666666666666,2.1270574751564,204.24736705171767,,,0.9333333333333332,1.818822454453937,0.4159663865546218,0.0760191598417538,,2.318900513648986
user_ci_video,203.11309612241868,205.11309612241868,207.0819727133165,120,1.0,0.820852226315432,81.45169597826525,-4.328209894002255,-14.50244732530769,0.9166666666666666,2.820268120791624,400.2116951774642,,,0.9416666666666668,1.7105246208012186,0.3991596638655462,0.1005736118563434,,3.025612795352936
user_ci_video,204.11365324617444,206.11365324617444,208.08252983707223,120,1.0,0.8819945485597346,79.28450433776752,-3.695494574687626,-14.087573987693212,0.8666666666666667,3.1023671606969376,507.5849768656831,,,0.9583333333333334,2.2567094661081404,0.1974789915966386,0.1326301790194704,,3.025612795352936
user_ci_video,205.1142103699302,207.1142103699302,209.083086960828,120,1.0,0.935221049319975,72.62749983323673,-3.574358959042893,-14.046973959478237,0.925,2.3999449409307685,325.16103957681275,,,0.9916666666666668,2.376429924280636,0.1833333333333333,0.0704541767438998,,3.025612795352936
user_ci_video,206.11476749368595,208.11476749368595,210.08364408458377,120,1.0,0.8952221266299045,61.26633203232675,-2.877227023798489,-13.98958553550498,0.95,2.064703805894576,311.222179967406,,,0.9916666666666668,2.2827464799072485,0.1833333333333333,0.0020853212549375,,3.025612795352936
user_ci_video,207.1153246174417,209.1153246174417,211.08420120833952,120,1.0,0.824560557238774,58.129920180188975,-6.678854803526656,-14.037386631593142,0.95,1.4392263402999017,171.95530329987088,,,0.9916666666666668,2.800296403757565,0.05,-0.0285314766888477,,2.2766013979911803
user_ci_video,208.11588174119743,210.11588174119743,212.08475833209528,120,1.0,0.6518836569774772,55.26778656913385,-2.5981137034820976,-13.742785297630489,0.7916666666666666,1.3350529121650088,165.14386277655538,,,0.9416666666666668,2.7546967369658697,0.0,-0.1114101048734108,,2.1663341641426084
user_ci_video,209.1164388649532,211.1164388649532,213.08531545585103,120,1.0,0.5803593679780727,55.01983391461087,-2.42226707144173,-13.73390717299444,0.775,1.7426609783405314,181.6056587849285,,,0.9333333333333332,2.705416936424644,0.0,-0.090141928730573,,1.3623082876205443
user_ci_video,210.11699598870896,212.11699598870896,214.0858725796068,120,1.0,0.5420700117703318,52.56460968811541,-3.3367159004660216,-13.72172182938847,0.7583333333333333,2.8037670234129863,184.45677881308364,,,0.9333333333333332,2.869858946904478,0.0,-0.0696085495490271,,1.3096300065517426
user_ci_video,211.11755311246472,213.11755311246472,215.08642970336257,120,1.0,0.5980262651261017,48.196855222157694,-4.197491214691768,-13.294912133996071,0.7333333333333333,3.4314569182155124,504.0950719312612,,,0.9333333333333332,2.993074898443851,0.0,-0.1626439463326336,,1.1451233327388763
user_ci_video,212.11811023622047,214.11811023622047,216.08698682711832,120,1.0,0.5721475202314321,36.81760753513798,-2.43893424481981,-13.242169486920252,0.9416666666666668,2.6328328773599083,220.8540631640517,,,0.9916666666666668,2.9685152407321924,0.0,-0.1249055137583597,,0.9972440838813782
user_ci_video,213.11866735997623,215.11866735997623,217.08754395087408,120,1.0,0.7916088493212082,38.13946875462468,-8.386688944434905,-13.702115593336853,0.9583333333333334,2.0839939977920707,153.90715723036746,,,1.0,2.9827858935492486,0.0,-0.0276906561898979,,1.1056518256664276
user_ci_video,214.119224483732,216.119224483732,218.08810107462983,120,1.0,0.7713335334534125,36.48162122938683,-8.54720318033846,-13.817728819658251,0.975,1.0356648912195396,140.33792854642493,,,1.0,3.051039142438496,0.0,-0.0283898286711239,,1.1056518256664276
user_ci_video,215.11978160748777,217.11978160748777,219.0886581983856,120,1.0,0.5644485751171847,36.46900172048242,-3.340588985370428,-13.360906488099175,1.0,0.6091569180968023,125.28085839792163,-3.517666072376438,-15.451438626201911,1.0,3.137784778793923,0.0,0.0590295293024467,0.2478681302575299,1.1472734570503234
user_ci_video,216.12033873124352,218.12033873124352,220.0892153221413,120,1.0,0.9226718935365682,45.81469375547383,-7.363395908162682,-13.986755477426104,1.0,0.6072866107498596,125.61543773335688,-4.363796578306362,-15.487919302206416,1.0,3.344188888655927,0.0,-0.0088951919133419,0.1694947519044605,1.1453946352005004
user_ci_video,217.12089585499928,219.12089585499928,221.0897724458971,120,1.0,0.6843313155684757,39.38887044747151,-2.4107651093847777,-13.63913992333063,1.0,0.5781160472908532,132.86809766904304,-3.2925686361644853,-15.47073096850579,1.0,3.468084841714366,0.0,-0.0877575012050612,0.011136514852479,1.2086166501045223
user_ci_video,218.12145297875503,220.12145297875503,222.09032956965285,120,1.0,0.8522955191614439,51.00695164148799,-5.293887511808666,-13.929982037567994,1.0,0.5719904791445654,132.46439151583854,-4.583764251032914,-15.299631717175506,1.0,3.478704761854048,0.0,0.0122693559430203,0.0191564911677335,1.4412506997585297
user_ci_video,219.1220101025108,221.1220101025108,223.0908866934086,120,1.0,0.9670088108850644,66.09918279934067,-5.503047167418608,-14.049543331299894,1.0,0.5553226580552141,124.15939149396672,-3.7201620289580686,-15.716906392897616,1.0,3.5185746824463155,0.0,0.0179299821618776,0.0343637679988807,1.420619690418243
user_ci_video,220.1225672262665,222.1225672262665,224.0914438171644,120,1.0,0.5897241624601682,57.16457126504109,-2.705842053899647,-14.103352299927096,1.0,0.6083767893384682,133.42166200903196,-3.333447895590397,-15.202547343495697,1.0,3.581696973126331,0.0,0.0432766523019566,0.0334879248163457,1.420619690418243
vinlwkaIW4c,0.0,2.0,3.9583333333333335,96,0.6145833333333334,0.6084583639952357,56.809128033518014,,,0.8020833333333334,1.2339278781202592,118.77639767105391,,,0.7395833333333334,0.9840584748460462,1.0,0.1795068176568054,,0.895585685968399
vinlwkaIW4c,1.0,3.0,4.958333333333333,96,0.5208333333333334,0.7964773758682281,66.66245956553931,,,0.6145833333333334,1.24565811123411,128.45862559029402,,,0.59375,0.8843254630001443,1.0,0.0294910549483276,,0.9010495990514756
vinlwkaIW4c,2.0,4.0,5.958333333333333,96,0.6458333333333334,1.1587641244021918,103.27898657495558,,,0.375,1.348468500166976,111.42177485706743,,,0.5208333333333334,0.8066675896339004,1.0,0.1336207173830726,,0.8608009517192841
vinlwkaIW4c,3.0,5.0,6.958333333333333,96,0.6666666666666666,1.356572024791244,128.38129152495884,,,0.125,1.7166487070790062,148.94776277424762,,,0.2708333333333333,0.6398550972404452,1.0,0.0309521772033312,,0.8762973546981812
vinlwkaIW4c,4.0,6.0,7.958333333333333,96,0.6458333333333334,1.3014207922857617,128.38129152495884,,,0.0625,2.01243600522572,81.85926439800356,,,0.28125,0.7086329215268085,1.0,-0.0198794516454686,,0.8321201205253601
vinlwkaIW4c,5.0,7.0,8.958333333333334,96,0.7916666666666666,1.1208891879897636,109.15051748491724,,,0.1145833333333333,1.599025199807255,53.65366089070515,,,0.3125,1.110581359098415,0.8269230769230769,-0.1592263493772635,,0.8733971565961838
vinlwkaIW4c,6.0,8.0,9.958333333333334,96,0.7916666666666666,1.901074850604725,99.66781317994015,,,0.2708333333333333,1.0904459086540412,65.90997797014857,,,0.375,1.3424532240049605,0.55,-0.1376449547460072,,0.936697855591774
vinlwkaIW4c,7.0,9.0,10.958333333333334,96,0.8229166666666666,2.2228309949272798,101.27731859488792,,,0.3645833333333333,2.267857411823541,76.97276724064731,,,0.5,1.2878262065742003,0.5,-0.1875081753282947,,0.9796388745307922
vinlwkaIW4c,8.0,10.0,11.958333333333334,96,1.0,2.526586796946013,130.95715451102996,-4.653952836210475,-13.807380172435186,0.5104166666666666,2.25669738461949,81.29243122078901,,,0.6354166666666666,1.134462514385044,0.4044117647058823,-0.0253809246350325,,1.5172198116779327
vinlwkaIW4c,9.0,11.0,12.958333333333334,96,1.0,2.6416129034082885,151.79796512155735,-4.711841742253428,-13.828603062824389,0.6979166666666666,1.9497444312995025,88.76623271111626,,,0.7604166666666666,1.0527566674177709,0.5493827160493827,-0.1574046564395535,,1.5172198116779327
vinlwkaIW4c,10.0,12.0,13.958333333333334,96,1.0,2.104830743320915,179.62502166317773,-4.6430235492949645,-13.923975073450046,0.5729166666666666,2.262101458491109,107.06903543989618,,,0.75,0.947220865655335,0.7012987012987013,-0.1068287820158446,,1.5172198116779327
vinlwkaIW4c,11.0,13.0,14.958333333333334,96,1.0,1.9547421145990496,182.6193699416466,-4.88065609348548,-13.66242383175483,0.4791666666666667,1.5954818353954812,94.72728310832116,,,0.6875,0.8737280998588013,0.7910447761194029,-0.0628601238647244,,1.5172198116779327
vinlwkaIW4c,12.0,14.0,15.958333333333334,96,0.8229166666666666,1.7378906257107003,177.80797272882512,,,0.4375,1.0451422550515532,86.36538143926643,,,0.5833333333333334,0.9734015090652828,0.990909090909091,-0.2553104863883349,,0.9717118740081788
vinlwkaIW4c,13.0,15.0,16.958333333333332,96,0.5833333333333334,1.971255671628773,229.2025642109541,,,0.4375,0.8751489674430954,78.24306717318122,,,0.46875,0.9296739199027474,1.0,0.5611728670614791,,0.9717118740081788
vinlwkaIW4c,14.0,16.0,17.958333333333332,96,0.3854166666666667,1.811337130938792,183.7966692857628,,,0.6458333333333334,0.8694226784418048,64.43361141683728,,,0.4479166666666667,1.1350642658533194,1.0,-0.950572745946005,,0.9381294548511504
vinlwkaIW4c,15.0,17.0,18.95833333333333,96,0.1354166666666666,1.872997979356686,141.23494615328357,,,0.7604166666666666,0.902170485836242,71.56716053162435,,,0.4166666666666667,1.157837618207387,1.0,-0.950572745946005,,0.8205858767032623
vinlwkaIW4c,16.0,18.0,19.95833333333333,96,0.28125,1.3892371336879927,84.22128172044413,,,0.71875,0.9485293837202576,73.03210200240237,,,0.4375,0.8807609160484827,1.0,0.0157747227400092,,0.9450384676456453
vinlwkaIW4c,17.0,19.0,20.95833333333333,96,0.5208333333333334,1.5200220440747791,107.53076025705056,,,0.4791666666666667,0.9793752621955412,67.6454944265285,,,0.4270833333333333,0.6288710792223227,1.0,0.0630789750027451,,0.9450384676456453
vinlwkaIW4c,18.0,20.0,21.95833333333333,96,0.71875,1.4256407702575542,81.78228721806941,,,0.2291666666666666,0.9046180519938212,72.29963126701335,,,0.2916666666666667,0.2839248293963747,1.0,0.6904352307045557,,0.92203089594841
vinlwkaIW4c,19.0,21.0,22.95833333333333,96,0.96875,1.221731210597625,73.7049223548499,,,0.2083333333333333,0.52349385388732,27.497937832242364,,,0.3958333333333333,0.3828039624149209,1.0,0.2806022164358898,,0.997197076678276
vinlwkaIW4c,20.0,22.0,23.95833333333333,96,0.9166666666666666,1.1628088237221066,71.82932247236545,,,0.3541666666666667,0.9781829243963348,59.70510165468835,,,0.4375,0.5152061689523445,1.0,-0.0729153507495062,,0.9321751445531844
vinlwkaIW4c,21.0,23.0,24.95833333333333,96,0.8229166666666666,1.1214005832360097,71.2905217705036,,,0.3541666666666667,0.9408148767188704,59.70510165468835,,,0.3645833333333333,0.588430109207321,1.0,-0.0604309237530982,,0.9460580497980118
vinlwkaIW4c,22.0,24.0,25.95833333333333,96,0.8229166666666666,1.0497012873520415,73.94870831646932,,,0.3541666666666667,0.9408148767188704,59.70510165468835,,,0.4375,0.6253317357527823,1.0,-0.0604309237530982,,0.974973052740097
vinlwkaIW4c,23.0,25.0,26.95833333333333,96,0.8229166666666666,1.0970227494258853,68.72844566955341,,,0.2604166666666667,1.1786074588762196,110.66464586750983,,,0.3020833333333333,0.6623462807402001,1.0,-0.047345557975071,,0.9686756432056428
vinlwkaIW4c,24.0,26.0,27.95833333333333,96,0.90625,0.9618632720688018,70.4900518893382,,,0.0104166666666666,0.4797368275452453,151.3805568315075,,,0.1666666666666666,0.7746185521149148,0.8846153846153846,,,0.987774670124054
vinlwkaIW4c,25.0,27.0,28.95833333333333,96,1.0,0.7622944688046626,56.919657171737214,-4.03892118103968,-13.008180021643131,0.09375,0.2271616150388956,31.73755380626777,,,0.2708333333333333,1.523775819250716,0.6458333333333334,0.5893293580903569,,1.0002033114433289
vinlwkaIW4c,26.0,28.0,29.95833333333333,96,1.0,0.5997044621924625,41.6463342670926,-2.6136215938006835,-13.142508988975807,0.1875,0.1942236060537499,17.427260703796357,,,0.3958333333333333,1.896806064982264,0.5416666666666666,0.269296899930416,,0.988778442144394
vinlwkaIW4c,27.0,29.0,30.95833333333333,96,1.0,0.5482852305118388,35.95856584145213,-3.9532369480678806,-13.6065143274421,0.4375,0.2640968277750851,18.47818607343034,,,0.6458333333333334,1.8812478847903824,0.525,0.2264885988063323,,1.0028116703033447
vinlwkaIW4c,28.0,30.0,31.95833333333333,96,1.0,0.8318963341359688,34.9101520425194,-3.3543789537247646,-12.14884924060942,0.6875,1.3918288854135774,31.644462293733916,,,0.84375,2.131839650648073,0.3703703703703703,0.4127305486596029,,0.988778442144394
vinlwkaIW4c,29.0,31.0,32.958333333333336,96,0.9583333333333334,1.1892736303085991,33.71339981527616,,,0.84375,1.7100093601381563,50.89699937209206,,,0.9270833333333334,2.4001220502477665,0.2527472527472527,0.4824837018068438,,0.9649100750684738
vinlwkaIW4c,30.0,32.0,33.958333333333336,96,0.8645833333333334,1.520398373643806,46.75097040612295,,,1.0,1.9151848002795688,51.40393780402148,-2.109761192566392,-11.98345185530022,0.9479166666666666,2.584997844613329,0.1612903225806451,0.3860050433725921,,0.9601251482963562
vinlwkaIW4c,31.0,33.0,34.958333333333336,96,0.8645833333333334,1.5983070774242936,48.76890437040423,,,1.0,2.072109379634177,50.64212698376022,-2.054403093729011,-11.955350699605743,0.9479166666666666,2.6932134399886536,0.1075268817204301,0.3217912501535341,,0.9246328771114348
vinlwkaIW4c,32.0,34.0,35.958333333333336,96,0.8645833333333334,1.2086679926006894,37.83928698951163,,,1.0,1.5200301491833077,47.5781477995309,-2.4935277036040824,-12.018708606988792,0.9479166666666666,2.722437701056072,0.1612903225806451,-0.0211567825400009,,2.7056095600128174
vinlwkaIW4c,33.0,35.0,36.958333333333336,96,0.90625,0.9626256723524704,35.424866593922005,,,1.0,1.1735139954513607,45.70686134587708,-2.7625693649614886,-12.523935168991091,0.96875,2.238184936412197,0.3655913978494624,-0.1695937956431354,,5.819254994392395
vinlwkaIW4c,34.0,36.0,37.958333333333336,96,1.0,0.8642023074615914,32.1751522937546,-3.074756489137667,-12.858898863030998,0.9791666666666666,0.9659416616100704,40.80039166637021,,,1.0,1.8490069744652595,0.5416666666666666,0.0968334037874482,,5.819254994392395
vinlwkaIW4c,35.0,37.0,38.958333333333336,96,0.9791666666666666,1.2664029698601384,34.21854174669431,,,0.78125,0.9691726083791083,43.34192825461406,,,0.9375,1.711511075877745,0.6444444444444445,0.1690414215859102,,6.262676954269409
vinlwkaIW4c,36.0,38.0,39.958333333333336,96,0.9791666666666666,1.4821603610259848,38.12847775724289,,,0.6041666666666666,0.8498063671295802,38.46563511276043,,,0.7916666666666666,1.3598352338990891,0.7564102564102564,0.339967255609695,,7.027366161346436
vinlwkaIW4c,37.0,39.0,40.958333333333336,96,0.9791666666666666,1.3106710314062902,34.21854174669431,,,0.6041666666666666,0.7265535753902941,33.3498546658366,,,0.7916666666666666,1.287393311430868,0.7435897435897436,0.3968206179699499,,5.9488489627838135
vinlwkaIW4c,38.0,40.0,41.958333333333336,96,0.9791666666666666,1.6792856731441537,44.41734662350481,,,0.625,1.1647368756528569,42.60720307574579,,,0.7708333333333334,1.341203241670492,0.5256410256410257,0.2317712035289193,,7.263190507888794
vinlwkaIW4c,39.0,41.0,42.958333333333336,96,0.96875,1.858340338453873,57.75930826371354,,,0.8229166666666666,1.030857555580631,45.31258814009709,,,0.8125,1.2746017095062512,0.5238095238095238,0.2053396245386809,,6.40382444858551
vinlwkaIW4c,40.0,42.0,43.958333333333336,96,0.8333333333333334,2.106212050727895,91.41102639393227,,,1.0,1.08734112646448,44.444394589939314,-4.101714894360058,-12.172123694266531,0.9270833333333334,1.5100866673710889,0.510752688172043,0.2442257112680261,,6.344605445861816
vinlwkaIW4c,41.0,43.0,44.958333333333336,96,0.8333333333333334,2.7953294248398626,119.68823869691076,,,1.0,1.31205340242277,49.12423495109293,-4.676868509098073,-11.986494564925168,0.9166666666666666,2.090420315099818,0.3602150537634409,0.2534340765085312,,6.344605445861816
vinlwkaIW4c,42.0,44.0,45.958333333333336,96,0.8229166666666666,3.305412185450677,103.77738968379091,,,1.0,1.1380310945842302,57.58123296495762,-3.514474969316801,-13.271685325492305,0.8958333333333334,2.1046003490351475,0.4611111111111111,0.0793418335699039,,4.553656101226807
vinlwkaIW4c,43.0,45.0,46.958333333333336,96,0.6041666666666666,3.268205960091747,107.00361012452994,,,0.8958333333333334,1.338008833511699,79.38036829570524,,,0.6770833333333334,2.3076874321437284,0.3863636363636363,0.0285735658958282,,6.625963091850281
vinlwkaIW4c,44.0,46.0,47.958333333333336,96,0.5729166666666666,3.304467348890868,129.14664682855258,,,0.8541666666666666,1.312942820656059,88.5387855394751,,,0.5729166666666666,1.877848577394169,0.4629629629629629,0.1052776242034671,,6.011778235435486
vinlwkaIW4c,45.0,47.0,48.958333333333336,96,0.4895833333333333,3.08126628750093,141.67211881978145,,,0.6145833333333334,1.3546554128803456,106.18670241002702,,,0.4270833333333333,0.8693942029737871,0.775,-0.0326426363715575,,6.011778235435486
vinlwkaIW4c,46.0,48.0,49.958333333333336,96,0.5,2.066099143357178,151.0526157882682,,,0.4375,1.3443229778802972,93.2306290667457,,,0.34375,0.5207422784943074,1.0,0.6770741359281558,,6.011778235435486
vinlwkaIW4c,47.0,49.0,50.958333333333336,96,0.75,1.799569517638989,144.5779584799347,,,0.4479166666666667,1.232229242873411,78.17556516944916,,,0.5625,0.819558270607766,0.8703703703703703,0.2439954012332467,,3.1448029279708862
vinlwkaIW4c,48.0,50.0,51.958333333333336,96,0.9166666666666666,1.644465910832549,130.33957239888286,,,0.40625,1.6189118315527364,91.05992882276378,,,0.6666666666666666,1.9433344316638748,0.5757575757575758,0.2428849982914183,,3.381937384605408
vinlwkaIW4c,49.0,51.0,52.958333333333336,96,1.0,1.4235386152919602,98.5469645672351,-3.25733924520744,-13.985136111295803,0.5104166666666666,1.7657614243348774,97.23685253453615,,,0.75,2.277638052275139,0.48,0.3110968450496716,,4.441384315490723
vinlwkaIW4c,50.0,52.0,53.958333333333336,96,0.9791666666666666,1.2592014286096402,78.470442421999,,,0.65625,1.658041840167456,97.23685253453615,,,0.8645833333333334,2.2195521525369912,0.5517241379310345,0.0211214862446495,,4.441384315490723
vinlwkaIW4c,51.0,53.0,54.958333333333336,96,0.84375,1.2544063784021804,67.89724762344052,,,0.5,1.7918917435756692,105.66138733991993,,,0.65625,2.515302229864432,0.5151515151515151,0.0507205978449629,,3.8991858959198
vinlwkaIW4c,52.0,54.0,55.958333333333336,96,0.8229166666666666,1.1621532651318949,60.757020494551774,,,0.3333333333333333,1.7484278009556098,100.2295115810233,,,0.5,1.6753332653054585,0.78,-0.1374469003092454,,3.1247183084487915
vinlwkaIW4c,53.0,55.0,56.958333333333336,96,0.5729166666666666,1.2728053589918158,84.15492784129418,,,0.2916666666666667,1.2915940451900074,105.53123575206072,,,0.3645833333333333,1.123656951818863,0.9393939393939394,-0.4958293467740887,,2.1024118661880493
vinlwkaIW4c,54.0,56.0,57.958333333333336,96,0.34375,1.2299505014621777,69.60503443476661,,,0.1145833333333333,0.6610640058579174,112.85976925211096,,,0.1770833333333333,1.705198048134014,0.5833333333333334,,,1.9047105312347408
vinlwkaIW4c,55.0,57.0,58.958333333333336,96,0.2291666666666666,1.2250062635508523,66.87034752238773,,,0.3645833333333333,0.6087147650957854,78.97763672235564,,,0.1979166666666666,2.387195459989945,0.4166666666666667,,,1.2331509590148926
vinlwkaIW4c,56.0,58.0,59.958333333333336,96,0.21875,0.6366305144201869,44.73303193686,,,0.6145833333333334,0.9128629179603868,56.948177090796655,,,0.3854166666666667,4.866698383035086,0.0,-0.707313007619991,,1.0652909874916077
vinlwkaIW4c,57.0,59.0,60.958333333333336,96,0.46875,0.8174436201094037,56.49110259085791,,,0.7916666666666666,0.7656181177491341,55.59517004308734,,,0.59375,5.875757788906466,0.0,-0.2797841489720294,,1.026181787252426
vinlwkaIW4c,58.0,60.0,61.958333333333336,96,0.71875,1.073308781056414,58.510397408473445,,,1.0,0.6866265122851742,44.60472405154657,-2.3785800425732653,-13.549395787194214,0.7916666666666666,6.073659144893655,0.0,0.0149887181413631,,0.9627692103385924
vinlwkaIW4c,59.0,61.0,62.958333333333336,96,0.8541666666666666,1.467935627581483,68.7616272604033,,,1.0,0.6908137481730418,29.022047516689423,-3.535985754368021,-12.794179983123636,0.9583333333333334,5.797377398120019,0.0,-0.0874579182534519,,0.8651286363601685
vinlwkaIW4c,60.0,62.0,63.958333333333336,96,0.8541666666666666,1.5104044895713211,83.39746680274456,,,1.0,0.5617838893824072,29.11515719296041,-2.7824151513902846,-13.49259628131051,0.90625,4.946005539547092,0.1222222222222222,0.0303143625384576,,0.8578152656555176
vinlwkaIW4c,61.0,63.0,64.95833333333333,96,0.8541666666666666,1.489440808004326,79.18225891684878,,,1.0,0.5931738878268148,29.491930583792303,-2.582602925325226,-13.3217660246205,0.875,3.5465473940196963,0.35,0.1257642054451095,,0.8651286363601685
vinlwkaIW4c,62.0,64.0,65.95833333333333,96,0.8125,1.398829411389445,98.20899404001628,,,1.0,0.591596787640866,34.56035430867839,-2.5865455156580803,-13.619533608383508,0.875,2.271701520815437,0.3833333333333333,-0.0310140291486378,,0.9873018711805344
vinlwkaIW4c,63.0,65.0,66.95833333333333,96,0.7916666666666666,1.009212561537918,77.98518646825829,,,1.0,0.5263195439282301,43.45822450663879,-3.160297959663397,-14.165759275945836,0.84375,1.5356964565180211,0.5804597701149425,0.0803727825653725,,0.9887268990278244
vinlwkaIW4c,64.0,66.0,67.95833333333333,96,0.78125,1.452372140607222,104.00365604196875,,,0.8333333333333334,0.5667124670838571,46.938101161538185,,,0.8020833333333334,1.2760166456170416,0.6890243902439024,0.1571985095668681,,0.9963917285203934
vinlwkaIW4c,65.0,67.0,68.95833333333333,96,0.59375,1.825756769100196,125.1348337130558,,,0.8333333333333334,0.7349448301869574,52.20758897965536,,,0.7604166666666666,1.1596859908643025,0.7027027027027027,0.0685222735702986,,1.025710552930832
vinlwkaIW4c,66.0,68.0,69.95833333333333,96,0.5729166666666666,2.2567990388664465,120.11910796082208,,,0.8333333333333334,1.3606294421846583,55.25424102444562,,,0.7395833333333334,0.8997425074171702,0.9863013698630136,0.3814052037288339,,0.9683894515037536
vinlwkaIW4c,67.0,69.0,70.95833333333333,96,0.7083333333333334,2.157900021082817,111.18418598393323,,,0.8333333333333334,1.9597142144164716,66.08182210412932,,,0.8125,0.9986378037497364,0.9375,0.6342518309696128,,0.944307491183281
vinlwkaIW4c,68.0,70.0,71.95833333333333,96,0.75,1.7991533987675028,103.85022828773415,,,1.0,1.675626030004867,62.736501500454864,-2.042360781425576,-12.319008800277745,0.90625,1.1691950207795292,0.9310344827586208,0.4818575743526282,,0.9665207713842392
vinlwkaIW4c,69.0,71.0,72.95833333333333,96,0.9375,1.5651994676903531,90.44692695058116,,,1.0,2.035117233421787,66.05857900061517,-2.908066384685373,-12.34087171774709,0.9791666666666666,1.44698848499875,0.7578947368421053,0.4472662733470279,,1.016901195049286
vinlwkaIW4c,70.0,72.0,73.95833333333333,96,1.0,1.2690133716398837,70.74131111832675,-4.602241562222413,-13.047263982839064,1.0,1.816585910188728,59.04411579964978,-2.89813588049596,-11.99308579642411,1.0,2.0679058692496173,0.5104166666666666,0.2982627500331884,0.0803973558320422,1.3004266321659088
vinlwkaIW4c,71.0,73.0,74.95833333333333,96,0.9270833333333334,1.3111484506611748,70.44843900958315,,,1.0,1.665030168616893,68.57576368089599,-2.152229109717013,-12.543047661247506,0.96875,2.055962724243729,0.4680851063829787,0.0592358528465698,,4.74622654914856
vinlwkaIW4c,72.0,74.0,75.95833333333333,96,0.6770833333333334,1.3047834688702369,62.32419360820926,,,1.0,1.6209753591782103,70.48018074341879,-2.1056790166981973,-12.6090624316733,0.8229166666666666,2.1176171753276294,0.379746835443038,0.0859877893227948,,4.74622654914856
vinlwkaIW4c,73.0,75.0,76.95833333333333,96,0.5833333333333334,1.278809020404743,69.63134302273713,,,1.0,1.207089851167693,58.44506883722492,-2.684263877088397,-12.4559072912411,0.78125,1.7498115850449345,0.5733333333333334,0.0751884473845502,,4.74622654914856
vinlwkaIW4c,74.0,76.0,77.95833333333333,96,0.3958333333333333,1.649952189344405,124.62113676987435,,,0.8958333333333334,1.2534391105563858,71.1526548270933,,,0.6354166666666666,0.9102376691326228,0.8709677419354839,0.203521280669197,,5.253056526184082
vinlwkaIW4c,75.0,77.0,78.95833333333333,96,0.46875,1.4010781706380155,147.0293496196283,,,0.6666666666666666,1.063628342919594,65.31336910495114,,,0.4895833333333333,0.6177205747576154,1.0,0.4684458191005299,,4.502710342407227
vinlwkaIW4c,76.0,78.0,79.95833333333333,96,0.71875,1.096654152539435,113.29944734397816,,,0.6354166666666666,1.141953556533053,71.48864068504422,,,0.6354166666666666,0.6114252337127509,1.0,0.4371969055927537,,4.502710342407227
vinlwkaIW4c,77.0,79.0,80.95833333333333,96,0.8125,1.0549421610396446,95.37482648413058,,,0.53125,1.413535720600093,157.31924361065114,,,0.6458333333333334,0.6398491995837319,1.0,0.2797040007572314,,4.459083199501038
vinlwkaIW4c,78.0,80.0,81.95833333333333,96,1.0,1.0094125864446863,90.84693641932104,-4.817114328393735,-13.203001451076938,0.6354166666666666,0.970097277579017,68.95860541787317,,,0.7916666666666666,0.7055384133320326,1.0,0.3281963680243688,,4.047303318977356
vinlwkaIW4c,79.0,81.0,82.95833333333333,96,0.8333333333333334,1.2661312828764937,87.16493004135108,,,0.8645833333333334,0.9063174935325649,69.4381880503762,,,0.8333333333333334,0.6947085818788397,1.0,0.2762969625567179,,1.435926467180252
vinlwkaIW4c,80.0,82.0,83.95833333333333,96,0.5833333333333334,1.583390781850164,105.7844613684531,,,0.8958333333333334,0.8800729475035316,56.46618185857144,,,0.6041666666666666,0.6721449689959298,1.0,0.218467097489807,,1.2046580612659454
vinlwkaIW4c,81.0,83.0,84.95833333333333,96,0.3333333333333333,2.0964162248122182,127.16826848200908,,,1.0,0.6875972374090793,45.18842876376881,-3.1257702069733404,-14.21695704465241,0.3854166666666667,0.6533975092393437,1.0,0.2953886742529358,,0.9539073258638382
vinlwkaIW4c,82.0,84.0,85.95833333333333,96,0.0833333333333333,4.515160962467471,674.3524854564528,,,1.0,0.5874642910397524,49.36745269566086,-3.0114012980870646,-14.198894306932516,0.1354166666666666,0.4332415189431407,1.0,-0.4251153398905968,,0.8374293148517609
vinlwkaIW4c,83.0,85.0,86.95833333333333,96,0.0416666666666666,2.1280458523178534,112.95487213432408,,,0.9270833333333334,0.5713760991702458,46.08284219002985,,,0.0729166666666666,0.4281530652642508,1.0,,,0.979501411318779
vinlwkaIW4c,84.0,86.0,87.95833333333333,96,0.2916666666666667,2.3356788796307657,132.82692411851423,,,0.8645833333333334,0.7444686186478265,51.64065616180847,,,0.2604166666666667,0.97414169381604,1.0,-0.1098363283715325,,0.979501411318779
vinlwkaIW4c,85.0,87.0,88.95833333333333,96,0.5416666666666666,1.8825473188742812,62.65657241480376,,,0.8645833333333334,1.0701055535685955,64.87808776933981,,,0.4895833333333333,0.976096676787526,1.0,0.4078917159560716,,2.037169873714447
vinlwkaIW4c,86.0,88.0,89.95833333333333,96,0.75,2.080851085126549,81.19290049850827,,,0.6458333333333334,1.3977378210587272,89.32766256224664,,,0.65625,0.8796696874503294,1.0,0.3457072723500489,,4.847005367279053
whole,0.0,2.0,3.966666666666667,120,0.3083333333333333,1.582585630454867,88.11452063775424,,,0.9583333333333334,2.131220319638386,146.032370448347,,,0.4916666666666666,3.212208813583617,0.0714285714285714,0.3003276476632179,,21.68042316436767
whole,1.0,3.0,4.966666666666667,120,0.35,3.3776514404635547,315.13543934553,,,1.0,1.958132826630718,136.2845022951912,-3.648010724553044,-13.988945433342558,0.4916666666666666,2.556801148453961,0.4642857142857143,0.5997067254641738,,21.87279520034789
whole,2.0,4.0,5.966666666666667,120,0.6,2.442881772785272,116.94390787819802,,,0.9833333333333332,1.368765351850164,119.89962963169332,,,0.725,1.9616598785970047,0.6428571428571429,0.6361096934098002,,17.560694217681885
whole,3.0,5.0,6.966666666666667,120,0.85,1.7944100991358112,73.99958850969477,,,0.7666666666666667,1.490057414145331,133.61719312628895,,,0.7833333333333333,1.9447077671598727,0.5934065934065934,0.6198922098568876,,18.20183353424072
whole,4.0,6.0,7.966666666666667,120,0.95,1.7677170084158491,76.01243851314307,,,0.675,2.334912246737878,145.7881963429706,,,0.8,1.7819111707825035,0.5894736842105263,0.5677422034676407,,33.98163356781006
whole,5.0,7.0,8.966666666666667,120,0.8083333333333333,0.799727539892902,62.95086477272536,,,0.6416666666666667,3.671222271046045,371.8281846782484,,,0.675,2.224030654862785,0.425,0.5277693513565946,,34.149892997741695
whole,6.0,8.0,9.966666666666669,120,0.7416666666666667,0.9293909561825652,71.13900954003141,,,0.6583333333333333,3.836299998781426,545.1725389079425,,,0.6416666666666667,3.214447932825207,0.0779220779220779,0.16439412911525,,33.771309280395506
whole,7.0,9.0,10.966666666666669,120,0.4916666666666666,1.280905976761611,115.77305199260186,,,0.875,4.112566289874276,543.6016325962445,,,0.5416666666666666,3.247910147834397,0.0923076923076923,0.1509280806002955,,33.81337413787841
whole,8.0,10.0,11.966666666666669,120,0.2666666666666666,1.5103119901987865,126.58565609027696,,,0.9666666666666668,3.6440149031365,498.9225766774136,,,0.3416666666666667,3.24434330448689,0.0,-0.0382724285317982,,22.576192092895496
whole,9.0,11.0,12.966666666666669,120,0.1833333333333333,1.7803795850775923,138.97466738118388,,,1.0,3.4510193494040733,487.3425248565208,-3.3013381908845822,-14.51139534967045,0.2166666666666666,3.606903357455053,0.0,-0.1732844210101278,,20.424112129211423
whole,10.0,12.0,13.966666666666669,120,0.0,,,,,1.0,2.953468176442029,369.8309981888922,-3.318376359507769,-14.362545964041871,0.0,,,,,17.929083824157715
whole,11.0,13.0,14.966666666666669,120,0.1666666666666666,2.145850985971321,201.0524336938389,,,0.975,2.497029374354645,258.3123419428783,,,0.2083333333333333,2.086572574239902,0.78,0.2579756560899328,,16.51029987335205
whole,12.0,14.0,15.966666666666669,120,0.4166666666666667,1.6298435569893042,94.5664730395291,,,0.975,2.2064737731915933,193.20518403827916,,,0.4166666666666667,1.8705648828362889,0.5098039215686274,0.3442772023828095,,16.472824478149413
whole,13.0,15.0,16.966666666666665,120,0.6416666666666667,1.710141454526446,93.71642611935422,,,0.8583333333333333,1.6991205789737676,108.43755863356526,,,0.6333333333333333,1.6604693772715315,0.6233766233766234,0.2603028293884206,,21.34386348724365
whole,14.0,16.0,17.966666666666665,120,0.8916666666666667,2.017401334834328,118.30476550667692,,,0.8416666666666667,2.930367613297155,297.78182168959376,,,0.875,1.9432903937451231,0.4485981308411215,0.1868648842673267,,24.313750457763664
whole,15.0,17.0,18.966666666666665,120,0.975,2.550776810191802,166.9411073272953,,,0.8333333333333334,2.8851064166888407,286.100475073944,,,0.9166666666666666,1.9884541830797549,0.2544642857142857,0.246728112020557,,27.12572288513184
whole,16.0,18.0,19.966666666666665,120,0.975,2.8070644755304044,269.8902902751205,,,0.5833333333333334,3.542591247354983,288.3653114224688,,,0.7666666666666667,2.0177526366900023,0.2903225806451613,0.1821163620522265,,27.15744132995605
whole,17.0,19.0,20.966666666666665,120,0.9916666666666668,3.208344544392045,426.77013179129824,,,0.475,4.065852526716324,323.9192445089393,,,0.6333333333333333,2.200613951655145,0.0866666666666666,0.2308312964251563,,23.39479026794433
whole,18.0,20.0,21.966666666666665,120,0.9583333333333334,3.0181807562961525,426.77013179129824,,,0.4833333333333333,4.100024916334311,528.7570120418638,,,0.6333333333333333,2.170003559064318,0.0866666666666666,0.319537349773764,,22.41993789672852
whole,19.0,21.0,22.966666666666665,120,0.8916666666666667,2.6891309174173883,343.362107332529,,,0.3916666666666666,5.063759065745885,707.1453268859051,,,0.6333333333333333,2.341982445072433,0.0866666666666666,0.1816798145399905,,22.49650974273681
whole,20.0,22.0,23.966666666666665,120,0.8916666666666667,2.825062655662832,372.0150079060328,,,0.6416666666666667,3.1294389816523127,343.8200606553802,,,0.825,2.4778456858988123,0.0153061224489795,0.0038954439335821,,22.25559806823729
whole,21.0,23.0,24.966666666666665,120,0.9,2.6057475928207285,324.3489883699048,,,0.8666666666666667,2.130858732131655,32.4075489370209,,,0.9916666666666668,2.7918880100147967,0.0,-0.0627804473108827,,19.28579597473144
whole,22.0,24.0,25.966666666666665,120,0.9333333333333332,2.7025351070763013,324.3489883699048,,,0.875,1.0939491378553787,23.10602158718119,,,1.0,3.081672966822158,0.0,-0.053264785919547,,18.796396255493164
whole,23.0,25.0,26.966666666666665,120,1.0,2.368427888474585,302.0045841379606,-5.114058222464099,-14.046870416699338,1.0,0.4426198064232956,21.158313145696223,-1.550564405435615,-12.924046846840351,1.0,3.317562403816724,0.0,-0.1677094306949925,0.7357176267356604,9.517602443695068
whole,24.0,26.0,27.966666666666665,120,1.0,2.162673994743334,304.11780717227674,-3.3930501273178595,-13.971476048835315,1.0,0.4942109015308158,27.055778226518804,-2.677895852480933,-12.94162130859722,1.0,3.488792398227231,0.0,-0.0712698451179755,0.8724935765732161,8.653172969818115
whole,25.0,27.0,28.966666666666665,120,1.0,1.9561995723251275,295.99907866163323,-4.172562400923705,-13.581970316242348,1.0,0.6722878428568022,38.4505657542231,-7.799996453281162,-13.049343036719897,1.0,3.289764979273992,0.0,0.1505962647662855,0.923354385839568,11.13835992813109
whole,26.0,28.0,29.966666666666665,120,0.975,2.011039967019403,302.8700613877887,,,1.0,0.4381804799379122,41.10944705785361,-2.867782519000625,-13.336426860991743,1.0,2.9845742061612346,0.0,0.1450891309498604,,12.472080421447735
whole,27.0,29.0,30.966666666666665,120,0.9,2.451178358400042,332.79526024095594,,,1.0,0.5879706763203749,58.10102935379173,-4.381399861874511,-13.750811321552638,0.9916666666666668,2.7607994579109527,0.0666666666666666,0.3667795057769807,,14.685236454010012
whole,28.0,30.0,31.966666666666665,120,0.8583333333333333,2.813705010788165,354.9916150032391,,,0.9416666666666668,0.750816619829979,82.64211308134695,,,0.975,2.1588302630719958,0.2564102564102564,0.335971779702458,,30.31444435119628
whole,29.0,31.0,32.96666666666667,120,0.775,3.22213295557292,415.8590660245897,,,0.6916666666666667,0.7256313211606603,69.84780372056476,,,0.75,2.084471187508096,0.3370786516853932,0.1891214299077571,,39.161978530883786
whole,30.0,32.0,33.96666666666667,120,0.8,2.6284806687135207,210.87647102485235,,,0.4416666666666666,0.8667816050019288,82.80556469116627,,,0.5,1.852263133144379,0.5084745762711864,0.198473149270842,,38.844000244140624
whole,31.0,33.0,34.96666666666667,120,0.875,1.9798080855700824,173.6232328610654,,,0.1916666666666666,1.019428425757242,82.64211308134695,,,0.2583333333333333,1.049149880939038,0.7586206896551724,-0.0401310321898289,,39.09986667633056
whole,32.0,34.0,35.96666666666667,120,0.9166666666666666,1.841907198201119,174.52616388913543,,,0.175,1.1286416834373445,117.41072486790142,,,0.2416666666666666,1.780409137786867,0.6071428571428571,0.4363668814568068,,24.4049949645994
whole,33.0,35.0,36.96666666666667,120,1.0,1.3224489523413316,142.08781291930347,-3.053512105871888,-13.08072695133524,0.425,0.9329466324352964,112.3661731035911,,,0.4666666666666667,1.9587320815076403,0.3035714285714285,0.5387394211465298,,12.131783390045165
whole,34.0,36.0,37.96666666666667,120,1.0,1.4471162319114097,123.99636530770994,-5.2183096910587565,-13.231889262423856,0.5583333333333333,0.9492291050213,117.41072486790142,,,0.675,1.8896576053123744,0.3292682926829268,0.4886934493655775,,12.856149196624752
whole,35.0,37.0,38.96666666666667,120,1.0,1.362386609031788,76.20669449577073,-5.665728223094511,-13.197030282548145,0.8083333333333333,0.9136773876530184,108.21064373766488,,,0.925,1.6049840671844522,0.5089285714285714,0.5435084684200697,,12.433227062225342
whole,36.0,38.0,39.96666666666667,120,0.9083333333333332,1.1651619960535808,78.15906759827223,,,0.8833333333333333,1.0795163068619626,112.05602172339748,,,0.9083333333333332,1.4740926799017715,0.4681818181818182,0.5706387739757136,,12.006557273864743
whole,37.0,39.0,40.96666666666667,120,0.7916666666666666,1.8966994370589416,97.3207962457268,,,0.8833333333333333,1.582684293901694,126.78346268029368,,,0.8333333333333334,1.572990641729258,0.5099009900990099,0.5333036600746249,,15.218415641784658
whole,38.0,40.0,41.96666666666667,120,0.7916666666666666,2.526156798714811,152.05590006416207,,,1.0,1.9035442877923816,132.50398121307387,-2.5491164161260187,-13.105295138166934,0.85,2.0491425650003943,0.3952380952380952,0.3840517214064647,,15.789066219329833
whole,39.0,41.0,42.96666666666667,120,0.7916666666666666,2.4671622740752364,152.05590006416207,,,1.0,1.9739266030779852,156.93775188743675,-3.060714241856607,-13.217102323979086,0.85,2.866379091501427,0.1095238095238095,-0.0502389959172288,,15.789066219329833
whole,40.0,42.0,43.96666666666667,120,0.8833333333333333,1.95921499361186,65.95711024912328,,,1.0,1.777282012609097,126.93990029762092,-2.9312946061584717,-13.157698583916794,0.9,3.2520788546296497,0.0,-0.2474962034216799,,15.789066219329833
whole,41.0,43.0,44.96666666666667,120,1.0,1.2631187179431498,49.61608661153121,-3.0598503103100105,-12.52503255334257,1.0,1.714765595403441,127.8611148508834,-7.428127861724627,-13.348481069066702,0.975,3.3122293607303903,0.0,-0.2782436792923954,0.7137637798006772,11.177272224426265
whole,42.0,44.0,45.96666666666667,120,0.8333333333333334,0.6271385975472176,41.33482988770274,,,1.0,1.3434902179053745,109.72313593055443,-4.338177101620666,-14.07567214904742,0.9166666666666666,3.2048972843764907,0.0,-0.3029304814841687,,8.30867223739624
whole,43.0,45.0,46.96666666666667,120,0.8333333333333334,1.324207489565703,65.66775747554229,,,1.0,1.867110372191896,126.27117717138832,-4.887489664844839,-14.553277906326905,0.9083333333333332,2.5584780436748744,0.1954545454545454,-0.0699183198170973,,12.906428050994872
whole,44.0,46.0,47.96666666666667,120,0.75,1.607598016235246,88.27465323625708,,,1.0,2.3243549690563423,252.446621198786,-5.082835661903832,-14.737300366449494,0.8583333333333333,2.1967695972583883,0.4375,0.133871678754521,,14.891239356994616
whole,45.0,47.0,48.96666666666667,120,0.5,2.0625744661826118,161.46146214292486,,,0.8083333333333333,2.265060231336668,239.6713736557532,,,0.675,1.6326040577312706,0.6036585365853658,0.1984029355677392,,15.88761429786682
whole,46.0,48.0,49.96666666666667,120,0.4166666666666667,2.277815913703534,168.7006757353158,,,0.7083333333333334,2.519676869529593,239.6713736557532,,,0.525,1.239737458080684,0.7983870967741935,0.2050783014160717,,16.2029317855835
whole,47.0,49.0,50.96666666666667,120,0.3333333333333333,2.946563988116682,134.4110498206285,,,0.675,3.115952847201402,279.6567319323054,,,0.5,1.7547458481981886,0.6,0.3494232044995041,,16.880818939208982
whole,48.0,50.0,51.96666666666667,120,0.4166666666666667,3.02410290911072,162.02701968018,,,0.5,3.3467860657550714,346.7208068284914,,,0.425,2.5215024410784643,0.2448979591836734,0.3449944088047779,,16.162559127807608
whole,49.0,51.0,52.96666666666667,120,0.6666666666666666,2.324235108445845,180.16703189695735,,,0.5666666666666667,2.982010982641464,297.8405372021316,,,0.5166666666666667,2.647106119463904,0.1833333333333333,0.3213132665746583,,14.151307296752927
whole,50.0,52.0,53.96666666666667,120,0.9166666666666666,2.1393318191164394,171.0177478342509,,,0.6666666666666666,2.3790100794975766,89.17098458870703,,,0.75,2.7255509107400013,0.1444444444444444,0.0483792794431414,,13.753214359283444
whole,51.0,53.0,54.96666666666667,120,1.0,1.3944665186088252,122.920932489146,-3.897993685425112,-13.729519559632704,0.7,0.8122861252563114,53.99283683817936,,,0.7833333333333333,2.786264917902327,0.0543478260869565,-0.0434949409818535,,9.934629249572753
whole,52.0,54.0,55.96666666666667,120,1.0,1.311804961063591,125.69571510314223,-5.998186429672936,-13.715193409851038,0.875,0.8414264587391163,58.40203407043823,,,0.9083333333333332,2.818240241620312,0.0458715596330275,0.0147059646912685,,9.01433696746826
whole,53.0,55.0,56.96666666666667,120,1.0,1.6117742931183534,134.49035244849128,-6.500212854814593,-13.879541259984912,0.8583333333333333,1.0783143524208334,67.58987444837753,,,0.9083333333333332,3.0543136060839267,0.018348623853211,0.0571673835036125,,12.602691650390623
whole,54.0,56.0,57.96666666666667,120,1.0,1.666851602647038,174.79659710177708,-3.1744411818338367,-13.78097029561249,0.7916666666666666,1.2240123365755389,115.47969404157833,,,0.8833333333333333,2.5970226040168867,0.1179245283018868,0.2574602442517886,,13.277472734451294
whole,55.0,57.0,58.96666666666667,120,0.9916666666666668,2.0659715590116705,201.1859672441413,,,0.7916666666666666,1.3545305713406182,187.9112674331152,,,0.8833333333333333,2.39592874125226,0.1650943396226415,0.291623456247735,,15.741904258728027
whole,56.0,58.0,59.96666666666667,120,0.9916666666666668,1.739347468407952,156.12227720413247,,,0.7916666666666666,1.5667543307174918,225.32806470700257,,,0.875,2.0293059076216324,0.2122641509433962,0.192386626820495,,16.360433101654053
whole,57.0,59.0,60.96666666666667,120,0.825,1.4860149107830305,146.17829335043947,,,0.9333333333333332,2.1671137459109278,226.1042808002935,,,0.925,1.5345785273039598,0.3849557522123893,0.1322920062345199,,10.099316215515127
whole,58.0,60.0,61.96666666666667,120,0.7,1.6560743357786654,119.43408467210078,,,1.0,2.178679160940184,206.2731483707342,-2.4197472693895508,-14.340224659710042,0.8916666666666667,1.6123492997774005,0.4954128440366973,0.0599619677726101,,10.478838920593262
whole,59.0,61.0,62.96666666666667,120,0.5833333333333334,1.1910133138582566,123.36428976760207,,,1.0,2.310785810449309,207.8359868163452,-2.872596454152188,-14.348545899029835,0.8416666666666667,1.4582816500527471,0.7115384615384616,0.0372668688618015,,10.347300338745116
whole,60.0,62.0,63.96666666666667,120,0.4083333333333333,1.5824473628255753,170.13683423407065,,,1.0,2.322224174266033,197.2298811070835,-6.521863040084471,-14.107791142518336,0.7916666666666666,1.125152466795547,0.9473684210526316,0.0831096841394384,,13.294410705566406
whole,61.0,63.0,64.96666666666667,120,0.5583333333333333,1.740511770264474,222.34543227095548,,,1.0,1.6341238639467728,183.40577783654624,-3.0034207964397663,-13.407984415684757,0.8333333333333334,1.2563298191833614,0.8585858585858586,0.072413924447338,,13.02883243560791
whole,62.0,64.0,65.96666666666667,120,0.6583333333333333,1.9382785046577988,261.9859377668582,,,1.0,1.5506450053022915,165.98451553055327,-2.893095783067346,-13.399504326089112,0.875,1.4153978296126497,0.5990566037735849,0.1385312584636273,,13.036681175231934
whole,63.0,65.0,66.96666666666667,120,0.7833333333333333,1.8754795980192136,209.98024990200443,,,1.0,1.5367765879723585,167.12773513382416,-3.820602887860492,-13.424775585780871,0.925,1.4315197794328756,0.3468468468468468,0.4074193073353893,,15.294777297973624
whole,64.0,66.0,67.96666666666667,120,0.9583333333333334,1.7381109238313293,193.8193127927376,,,1.0,1.2354143530837074,139.78539589194378,-4.413772235284335,-14.60302749800722,0.9833333333333332,1.5758330255618955,0.2458333333333333,0.5410300224486404,,16.634243297576905
whole,65.0,67.0,68.96666666666667,120,0.975,1.9412170052337885,204.08483142762964,,,1.0,1.4625008100677528,166.4098861165062,-4.02828940217166,-13.938063273447296,0.9833333333333332,1.475693162140851,0.2875,0.5503664508738133,,19.157041358947755
whole,66.0,68.0,69.96666666666667,120,1.0,1.670230440002785,175.81996916413527,-2.667141056615617,-14.188530014458092,1.0,1.553186530506682,168.38231938344535,-2.958082502560237,-13.945537169259712,1.0,1.3720759641997138,0.4916666666666666,0.6207866402592226,-0.0607524652199693,19.18333625793457
whole,67.0,69.0,70.96666666666667,120,1.0,1.782691924725652,213.9131925171532,-2.93468960030544,-14.453612122338289,0.875,1.6509901730603969,214.58756868107332,,,0.9333333333333332,1.474010570871633,0.6339285714285714,0.4904770491404459,,18.40298080444335
whole,68.0,70.0,71.96666666666667,120,1.0,2.3790678371478906,278.11622223471034,-5.075666974294851,-13.475129408289945,0.65,1.8337204719656983,258.68267084480215,,,0.85,1.9519146520456936,0.59,0.3117997609725009,,15.852430582046509
whole,69.0,71.0,72.96666666666667,120,1.0,2.691702961840812,313.7947673937056,-4.519456963649119,-13.8596434201216,0.55,1.7574836159978382,258.2497526279903,,,0.8333333333333334,2.144417218484155,0.5714285714285714,0.2955039282924055,,12.538035297393792
whole,70.0,72.0,73.96666666666667,120,0.9166666666666666,2.8320390673166957,408.358940269311,,,0.5333333333333333,2.7362121683553826,447.3487664235393,,,0.75,2.5487286455371665,0.3595505617977528,0.1041059446625395,,17.869354534149164
whole,71.0,73.0,74.96666666666667,120,0.875,2.615895351795013,282.0614849313916,,,0.6166666666666667,2.8431602726383614,437.0046990118328,,,0.7916666666666666,2.900728760573376,0.2083333333333333,0.1791666244144074,,17.135474967956537
whole,72.0,74.0,75.96666666666667,120,0.875,1.9182133142277475,129.7325684730911,,,0.8416666666666667,2.4080595158222677,345.5407524192901,,,0.875,2.580768256967395,0.1851851851851851,0.1260590772544113,,16.236723852157574
whole,73.0,75.0,76.96666666666667,120,0.85,1.6409848641429603,118.1464267435179,,,0.8666666666666667,2.6908493053888805,304.2576557225446,,,0.8416666666666667,2.56297902979069,0.1538461538461538,0.090739229269482,,15.43582334518432
whole,74.0,76.0,77.96666666666667,120,0.725,1.6763535400170229,116.07662309948918,,,0.8416666666666667,2.7701969779905604,180.99065416927604,,,0.8,2.259926980840746,0.2959183673469387,0.0488770218867091,,8.54957838058471
whole,75.0,77.0,78.96666666666667,120,0.7666666666666667,2.557624127081941,307.58437691868323,,,0.8833333333333333,2.945131385178359,230.5568789555169,,,0.8166666666666667,1.9985857691620383,0.3888888888888889,0.0023687985656586,,15.146831655502318
whole,76.0,78.0,79.96666666666667,120,0.7666666666666667,2.7650990734725904,349.1399249242826,,,0.85,3.310769402716597,286.8938841940892,,,0.7833333333333333,2.634924693047168,0.4052631578947368,0.0067315262853933,,15.93033218383789
whole,77.0,79.0,80.96666666666667,120,0.7916666666666666,2.6639463005699087,333.64551735585263,,,0.925,2.618452580976502,211.01195127864716,,,0.8083333333333333,3.4373343383839825,0.2425742574257425,-0.0002910262895943,,18.429741382598863
whole,78.0,80.0,81.96666666666667,120,0.975,2.216084511487248,244.51203138490607,,,0.9666666666666668,1.805477654708076,178.7056219836818,,,0.9333333333333332,4.399427369196181,0.0818965517241379,-0.0584534194891379,,17.861640930175767
whole,79.0,81.0,82.96666666666667,120,0.975,1.4035419614261504,113.26885937215016,,,0.9666666666666668,1.3988732873415333,152.9741420452914,,,0.9416666666666668,5.298555709430852,0.0,-0.0747159366289772,,17.45737361907959
whole,80.0,82.0,83.96666666666667,120,0.975,1.1511886657760535,63.49632894632381,,,1.0,0.8852043513113449,89.70160674883272,-5.320653049250051,-13.791284094097316,0.975,5.437748662085422,0.0,-0.0690811296579581,,15.492667198181143
whole,81.0,83.0,84.96666666666667,120,0.95,0.8278422329187893,33.870419380706856,,,1.0,1.0046101457794678,55.04516556584167,-8.373483310741848,-13.200223982679704,1.0,5.501770514816743,0.0,-0.0659508943918436,,11.74078168869018
whole,82.0,84.0,85.96666666666667,120,0.975,1.1076017969055951,73.59671832210576,,,1.0,1.1528432460977291,57.50853564653463,-7.055585775658792,-13.438026612087864,0.9916666666666668,4.961176110550822,0.0,-0.0116519749915343,,15.555869674682617
whole,83.0,85.0,86.96666666666667,120,0.975,1.5705241168865771,167.25956142926302,,,1.0,0.8011214545260165,34.73831379612457,-2.3176540629639693,-13.065434827701749,0.9916666666666668,4.480360613837916,0.0,-0.0599547895174024,,14.904327297210692
whole,84.0,86.0,87.96666666666667,120,0.975,1.7689650687500664,229.4565587140076,,,1.0,0.840124992137118,35.69540376352941,-4.672347102946371,-13.10686288051616,0.9916666666666668,4.196167025419923,0.0,-0.09696217589683,,14.904327297210692
whole,85.0,87.0,88.96666666666667,120,1.0,1.7315009279463094,217.51447611751848,-3.5276708436004696,-14.59676555641459,1.0,0.5625591956567093,44.92585552815332,-8.217144066868771,-13.850841445866472,0.9833333333333332,4.005273674705702,0.0,-0.0777379549720533,0.3967367421018021,14.874715566635132
whole,86.0,88.0,89.96666666666667,120,1.0,2.209452893877057,188.1079854415204,-3.554955503318598,-13.533246800726252,1.0,0.8807744931520194,41.6489524715258,-3.54439672957427,-12.9624932591931,0.9916666666666668,3.8088242671808414,0.0,0.00767933708474,0.8885170465444481,20.736434364318846
whole,87.0,89.0,90.96666666666668,120,1.0,2.1069694175907165,140.88148090533537,-2.4568023157104344,-13.639754979966668,1.0,1.240165835614616,48.74294455774161,-4.019724557487053,-13.279664907282992,0.9833333333333332,3.329990444241836,0.0916666666666666,-0.0081506055348072,0.8968016029737594,21.843048858642568
whole,88.0,90.0,91.96666666666668,120,1.0,1.8735740847187663,95.60209782870068,-2.575430876521874,-13.59673619959181,1.0,1.204791059618707,47.58021783713738,-4.079454646300726,-13.241209812521092,0.9833333333333332,2.576697033246301,0.3416666666666667,-0.0007433856435125,0.8980649074697155,21.843048858642568
whole,89.0,91.0,92.96666666666668,120,1.0,1.716299541035723,92.0265426690089,-2.9176889010249982,-13.60239220350869,1.0,1.1281770668565143,47.08341356149293,-4.039338454435438,-13.216902734501147,0.9916666666666668,1.8850814935268807,0.5666666666666667,0.018507233501628,0.8993758873575193,22.110275268554688
whole,90.0,92.0,93.96666666666668,120,1.0,1.305658462337911,103.42333087127048,-8.346114745495264,-13.602436442149358,1.0,0.6751327698366854,49.5863617459955,-4.861463896902411,-13.026027862095525,0.9916666666666668,1.561347204536681,0.575,-0.0112827430881976,0.4983505414286841,8.190750646591177
whole,91.0,93.0,94.96666666666668,120,1.0,1.0972865792191857,94.03927592827606,-2.174175449567664,-13.189591695108977,1.0,0.4405118289254365,50.77951606264651,-3.0564582454935856,-13.502306528903942,1.0,1.6967070703632297,0.4833333333333333,0.0823617188963171,0.0091421529578147,8.237255978584294
whole,92.0,94.0,95.96666666666668,120,1.0,1.1352010990744086,106.3289220373307,-2.298616637895604,-13.20620629652533,1.0,0.4224460792927756,45.3200902985336,-2.6445130038396494,-13.477121118487926,1.0,2.011693561875753,0.2416666666666666,0.2337361540842155,0.0092101070224507,8.469208240509031
whole,93.0,95.0,96.96666666666668,120,1.0,1.2533075197571375,106.3289220373307,-4.762154659486154,-13.298690882664877,1.0,0.3904195320967568,35.82743959383238,-3.161013121667473,-13.378908935163023,1.0,2.213577820995801,0.0583333333333333,0.2616449725658946,0.0073377470947953,8.456998586654663
whole,94.0,96.0,97.96666666666668,120,1.0,0.8036634947869058,76.47519038602067,-3.758424964221013,-14.140414258204151,1.0,0.3233353075911043,36.04374855949181,-5.697781774076976,-13.341828074665314,0.9916666666666668,2.317272880272369,0.05,0.2917269882370286,0.4028288830485974,10.707743978500364
whole,95.0,97.0,98.96666666666668,120,1.0,0.7890461494831932,69.32360769652485,-3.869775753154288,-14.185950997016386,1.0,0.3383712581839422,29.127775578511116,-2.7180808740643867,-13.072162497050986,0.9916666666666668,2.0996709853093813,0.05,0.4170505502045623,0.5733933140686172,10.427388763427734
whole,96.0,98.0,99.96666666666668,120,1.0,0.7087060633641084,50.73868995251579,-3.910086318912333,-14.023235049850808,1.0,0.3480584044604781,32.95923823351244,-2.406391083960165,-13.076438740729897,0.9916666666666668,1.8539514632037384,0.0416666666666666,0.3624172687206102,0.5660571751031996,10.176937389373778
whole,97.0,99.0,100.96666666666668,120,1.0,0.8501889538523942,58.091989652210216,-5.592688820685815,-13.264264068738056,0.975,0.8589440805099909,45.69870802686745,,,0.975,1.6558592949947135,0.0416666666666666,0.3400815392407298,,10.427388763427734
whole,98.0,100.0,101.96666666666668,120,0.975,1.8848331871589497,106.4659589581669,,,0.8916666666666667,1.0339823980480167,41.49592443881044,,,0.9583333333333334,1.5745821821323405,0.141025641025641,0.3424682359311536,,8.494288301467897
whole,99.0,101.0,102.96666666666668,120,0.975,2.039183044292421,195.55045421395624,,,0.8916666666666667,1.0424209117435337,55.322321316544624,,,0.9583333333333334,1.6064766145704743,0.141025641025641,0.2144339904712228,,12.0568461894989
whole,100.0,102.0,103.96666666666668,120,0.975,2.2497694144622296,261.0369308312951,,,0.8916666666666667,1.1407387514492764,84.90974378362444,,,0.9583333333333334,1.7007995119290795,0.141025641025641,0.244889694493792,,13.497865390777587
whole,101.0,103.0,104.96666666666668,120,0.975,2.189722155600753,237.0473400286134,,,0.9166666666666666,0.9598407995219952,86.2059472799387,,,0.975,2.087280781980655,0.1017699115044247,0.4131031656525161,,15.322792387008665
whole,102.0,104.0,105.96666666666668,120,1.0,1.2524304149104208,195.26516314976084,-3.9308746089468016,-14.073989496758411,0.975,1.1198982364997236,92.5712057043704,,,1.0,2.312965617592499,0.043010752688172,0.3407640650900014,,14.694701719284057
whole,103.0,105.0,106.96666666666668,120,1.0,1.070784170553618,143.11914550752243,-2.8348316660733044,-13.740425476231254,0.975,1.1510239642597022,85.95767166045559,,,1.0,2.158489308155381,0.1397849462365591,0.2765901620349198,,13.09492435455322
whole,104.0,106.0,107.96666666666668,120,1.0,1.5294992975576684,152.57100556811625,-7.800362446039214,-13.391580918901171,0.975,1.5086610506293314,128.78015969025867,,,1.0,1.988512821525088,0.2688172043010752,0.1089870137759244,,13.003725147247314
whole,105.0,107.0,108.96666666666668,120,1.0,1.3076714975214343,106.18168533044064,-3.253139796380168,-12.888008540182154,0.975,1.343739931333477,128.78015969025867,,,1.0,1.637135355471706,0.2577319587628865,-0.1420936820730093,,4.633873939514159
whole,106.0,108.0,109.96666666666668,120,1.0,1.2498586904471167,74.6063200065101,-2.4342845862017253,-12.64581489270276,1.0,1.0762167640886655,98.41624011473606,-2.7181156186944606,-13.623794525243792,1.0,1.6240668691071067,0.175,-0.2139685101316198,0.4051101989127875,4.705237102508545
whole,107.0,109.0,110.96666666666668,120,1.0,1.3096043743151564,83.6048832211837,-3.2708100940068627,-12.716284096035713,1.0,1.0069361128486043,113.64143130670652,-3.30618019544787,-13.59182157007356,1.0,2.1762542035030816,0.1,-0.1750470365864393,0.4074834930535813,8.21008288860321
whole,108.0,110.0,111.96666666666668,120,0.8916666666666667,0.7523114067888835,62.0820408941128,,,1.0,1.0122192730947217,107.8449832811236,-4.769385865573677,-13.554957221807378,0.9833333333333332,2.5853983632778825,0.0,-0.1380650216401949,,8.164986038208005
whole,109.0,111.0,112.96666666666668,120,0.875,1.1946027773850405,92.34435745908466,,,1.0,1.116729256145635,117.58554391191952,-4.02259521979262,-13.788765933614904,0.9833333333333332,2.6846960630709606,0.0833333333333333,-0.0173225115593851,,8.390470290184018
whole,110.0,112.0,113.96666666666668,120,0.875,1.1680240573466294,101.23583152458689,,,1.0,1.362381555585657,114.52790684378512,-5.301891093545748,-14.363734528763397,0.975,2.377435990959518,0.1,0.2182192199515961,,8.480663990974424
whole,111.0,113.0,114.96666666666668,120,0.875,1.0359912651187442,64.6812232093544,,,1.0,1.4629778037078571,134.59066212344072,-5.840485754189039,-14.413559872279254,0.975,1.8674478771949388,0.3333333333333333,0.2960365067333386,,6.119494533538818
whole,112.0,114.0,115.96666666666668,120,0.9833333333333332,1.3946416195399487,88.78971326447935,,,1.0,1.4768120771986626,145.40801278921325,-5.593111186000468,-14.654929347188482,0.9916666666666668,1.5033075400278677,0.5333333333333333,0.4878113641524244,,8.154977440834045
whole,113.0,115.0,116.96666666666668,120,0.8916666666666667,1.3276957756422816,82.53955938700928,,,1.0,1.499223095451836,122.6596901868605,-5.402689509655184,-14.410327635509956,0.95,1.353247935861885,0.594017094017094,0.475964756295739,,9.203440189361572
whole,114.0,116.0,117.96666666666668,120,0.8916666666666667,1.681919507336622,120.12638924042244,,,1.0,1.4914897798367173,161.04996406948618,-3.407305499134879,-14.108102702745992,0.95,1.126453367934409,0.8034188034188035,0.4121449042119939,,8.76122522354126
whole,115.0,117.0,118.96666666666668,120,0.8916666666666667,1.973893187436483,175.07961922646638,,,1.0,2.042581378099205,185.2349600972708,-4.749061088853769,-13.242575723648354,0.95,1.353557642990768,0.6153846153846154,0.1166390900863294,,9.352372169494627
whole,116.0,118.0,119.96666666666668,120,0.8583333333333333,2.0138682101579573,214.63951494590248,,,0.975,2.21791181692194,195.04366475644025,,,0.95,1.417094283249266,0.4743589743589743,-0.0837805464263991,,13.221796321868895
whole,117.0,119.0,120.96666666666668,120,0.9666666666666668,1.5116267425287149,124.76297910863346,,,0.975,2.061667901526848,192.16689316928395,,,0.9916666666666668,1.4707729116363395,0.3333333333333333,-0.0082282020931421,,13.414647769927978
whole,118.0,120.0,121.96666666666668,120,0.9666666666666668,1.2342079862938578,120.29072279361588,,,0.975,1.9018747554399784,93.88073085825006,,,1.0,1.5769991016480611,0.1541666666666666,-0.0311336619252298,,13.36660566329956
whole,119.0,121.0,122.96666666666668,120,0.9416666666666668,1.6569189432963505,100.37897029613788,,,0.9583333333333334,1.7742925554736806,91.72028235132044,,,0.975,1.2959560727245685,0.3166666666666666,0.1868624173684161,,12.91028356552124
whole,120.0,122.0,123.96666666666668,120,0.975,1.4793200021792117,100.37897029613788,,,0.9833333333333332,1.4158674139619816,92.26249231028996,,,0.975,1.2217322979435448,0.4458333333333333,0.3131118403619207,,11.790018033981324
whole,121.0,123.0,124.96666666666668,120,0.975,1.7243120937251033,186.370680460128,,,0.9833333333333332,1.833018010331884,139.37213740952723,,,0.975,1.0979788991590738,0.6708333333333333,0.2972204307674994,,11.486530780792236
whole,122.0,124.0,125.96666666666668,120,0.975,1.9877983985621863,238.3227677984152,,,0.9833333333333332,1.7874575215760184,166.20735291436222,,,0.975,1.2411966199820288,0.6791666666666667,0.3147400406347086,,11.802528381347656
whole,123.0,125.0,126.96666666666668,120,1.0,1.598923427958231,199.1220399528778,-3.0305768994150144,-14.747636605515297,1.0,1.3793580680695323,167.69028268490442,-3.447307949299651,-13.36330684946887,1.0,1.209611050549089,0.6166666666666667,0.3366980965605785,0.0040125375681357,13.162638759613037
whole,124.0,126.0,127.96666666666668,120,1.0,1.4633160797230198,122.62694502939048,-2.470884164974541,-14.447842709359454,1.0,1.1549478410569929,117.62775249155098,-2.851869642396337,-13.202315020864848,1.0,1.126359377653589,0.675,0.2168097968063931,-0.0372060326692138,15.871624279022216
whole,125.0,127.0,128.96666666666667,120,1.0,1.3948528040729655,98.13350270864515,-4.912885883182945,-14.225845246739208,1.0,0.753935001209194,91.8649626212658,-5.0837836937293375,-14.22987544235378,1.0,1.2571706998412036,0.55,0.2681853590564095,0.6508541106382423,15.958980321884155
whole,126.0,128.0,129.96666666666667,120,1.0,1.0578006661595372,64.93659326680677,-4.729663255702736,-13.64827519001146,1.0,0.7367458253306469,80.1518203193489,-4.791385958300244,-14.130559905073529,1.0,1.330584249015882,0.5833333333333334,0.17033776293299,0.7169519592880893,15.86816725730896
whole,127.0,129.0,130.96666666666667,120,1.0,0.737359633609256,48.234489194070726,-2.474512294559511,-13.236244448828716,1.0,0.5580679496826794,61.21586407354803,-3.1302258702145696,-13.805225686481457,1.0,1.6072775838399356,0.4333333333333333,0.1490678603020795,0.9107200470829568,15.72124147415161
whole,128.0,130.0,131.96666666666667,120,1.0,0.6602052712755756,49.86031847636092,-5.375499367591528,-13.653261229786636,1.0,0.8630379948985831,88.85347384412765,-6.437525595705456,-13.679729502220598,1.0,1.9181901807766883,0.1833333333333333,0.0913850667437475,0.4678047927887917,11.672754526138304
whole,129.0,131.0,132.96666666666667,120,1.0,0.8637235060483054,63.40525048965161,-3.9828680689731857,-14.039037371024946,0.9833333333333332,0.9130706410981164,99.1761058908898,,,1.0,2.197474421273923,0.0833333333333333,-0.0612323724861162,,10.026511287689209
whole,130.0,132.0,133.96666666666667,120,1.0,1.6656450267344696,89.80737436345059,-1.938963976260436,-13.314815949068938,0.7333333333333333,0.9939349131642238,112.25527464297944,,,0.8166666666666667,2.3090717005381167,0.0,-0.0546950449999211,,11.724785804748532
whole,131.0,133.0,134.96666666666667,120,1.0,1.9029963461826704,156.1799581421582,-2.304219880824788,-13.382573573107075,0.7333333333333333,0.9225188989713472,97.85766737994668,,,0.8166666666666667,2.278296647092833,0.0,-0.1820383092998388,,11.9900182723999
whole,132.0,134.0,135.96666666666667,120,1.0,2.40012340016211,229.4501265113198,-3.980673528469429,-13.761909371883084,0.7333333333333333,1.2475942210647488,62.24006940073713,,,0.8166666666666667,1.977195067754528,0.134020618556701,-0.067391116323909,,13.10069980621337
whole,133.0,135.0,136.96666666666667,120,1.0,2.548783094449894,192.53680194770448,-4.077912537393367,-13.636074205769416,0.725,1.7198295042595242,67.18260163757002,,,0.8166666666666667,1.454322444492453,0.3608247422680412,0.2283367508854028,,18.16888809204101
whole,134.0,136.0,137.96666666666667,120,0.9666666666666668,2.1678073575132517,166.72655860455973,,,0.975,2.117597637403069,139.12049269796216,,,1.0,1.4741463811902666,0.3666666666666666,0.0347470023613367,,18.89946756362915
whole,135.0,137.0,138.96666666666667,120,0.9666666666666668,2.05472447816184,154.0625667981463,,,0.975,2.5653937000500693,288.8200499555926,,,1.0,1.7511183470802485,0.3666666666666666,0.2154464577393223,,18.89946756362915
whole,136.0,138.0,139.96666666666667,120,0.9583333333333334,2.002403564078855,163.22862272134458,,,0.975,2.2545984321927848,282.23155838483035,,,1.0,1.888719842394332,0.2583333333333333,0.2166803690045599,,18.89946756362915
whole,137.0,139.0,140.96666666666667,120,0.9583333333333334,1.480829712184538,105.30163503351608,,,1.0,1.8574786215215096,250.33439644921324,-3.2905665530021544,-14.202217539300396,1.0,2.007776157067893,0.075,0.042617251121597,,17.572159099578858
whole,138.0,140.0,141.96666666666667,120,0.9916666666666668,1.051774262502814,93.56559450673215,,,1.0,1.4341877175682756,209.8914582575908,-5.232629236954449,-13.88345704848966,1.0,2.1219036384257715,0.0,0.137535138007017,,11.831012487411495
whole,139.0,141.0,142.96666666666667,120,0.9916666666666668,1.4796300769223174,110.12049146040088,,,1.0,1.5220377153991398,167.79104177024163,-5.117538852220493,-13.395707483271826,1.0,2.0021402739181857,0.0,0.0282928972027948,,11.362656307220458
whole,140.0,142.0,143.96666666666667,120,1.0,1.820777925356641,113.31012658955234,-3.297750899931741,-13.54427673640308,1.0,1.5263153600207626,151.16030765151015,-3.910945712687624,-13.481765992249446,0.975,1.9355280116546212,0.135593220338983,0.0044704500965525,0.689328003627,17.61275177001953
whole,141.0,143.0,144.96666666666667,120,0.975,2.3867791979084814,196.12422643043095,,,1.0,1.5631879449649186,111.82500432716505,-4.4885744358253135,-13.473755713272135,0.975,1.9027888725255329,0.3135593220338983,0.0616072305657689,,16.453771209716795
whole,142.0,144.0,145.96666666666667,120,0.8416666666666667,3.107651993201844,354.42198045814456,,,1.0,1.2332346719952696,67.62930017154403,-3.3289703149514205,-13.181928022557395,0.925,1.999358733725512,0.3274336283185841,0.0678164947781742,,17.05030040740967
whole,143.0,145.0,146.96666666666667,120,0.775,3.0365116529588967,363.9329448026924,,,1.0,0.7343581401833714,51.443533650476574,-3.5325665499011256,-14.23978185051384,0.875,2.027822481875264,0.3394495412844037,0.0826631826155142,,21.29789352416992
whole,144.0,146.0,147.96666666666667,120,0.525,2.6258907580017072,273.5993701118465,,,1.0,0.4698509752016419,43.11729099111831,-2.9074247010297736,-13.695726397929423,0.7416666666666667,2.261484856949233,0.2386363636363636,0.0509854757954217,,21.49589118957519
whole,145.0,147.0,148.96666666666667,120,0.5333333333333333,1.957249852958564,228.66719930218196,,,1.0,0.5908017245257021,40.85762461338287,-2.8584882881357814,-11.534363756315171,0.6916666666666667,2.638446805563529,0.0,0.1147805359593643,,21.44114418029785
whole,146.0,148.0,149.96666666666667,120,0.625,1.5849280453117371,217.32895913154476,,,1.0,1.120549014031596,51.33908350142092,-2.2333537568691724,-13.031805656498936,0.7333333333333333,2.7858929954170324,0.0,0.2127073793955778,,22.04907617568969
whole,147.0,149.0,150.96666666666667,120,0.5,1.3124793285089509,207.3189514880954,,,1.0,1.7753090266343403,106.35918912400392,-3.952204356929316,-13.798513579786835,0.6333333333333333,2.737958476879262,0.0266666666666666,0.2011258688869253,,22.97002401351929
whole,148.0,150.0,151.96666666666667,120,0.6083333333333333,1.3847396591227927,170.2144166883557,,,1.0,2.300092738215638,390.04098342544296,-3.9697103457276817,-14.156535927856796,0.6666666666666666,2.778887308740784,0.0238095238095238,0.1715498575658911,,22.67408123016356
whole,149.0,151.0,152.96666666666667,120,0.375,1.5319170703672218,139.03584813562662,,,1.0,2.9143785933199235,505.25253442319377,-4.717734779279641,-14.867881678419849,0.4666666666666667,2.946770322551622,0.0350877192982456,0.0915808000727463,,22.89198417663574
whole,150.0,152.0,153.96666666666667,120,0.1666666666666666,1.2349975833028506,68.93007521721697,,,1.0,2.945749183274552,518.1759066103131,-3.3305297237914377,-15.202377763309574,0.225,2.76085767374848,0.0714285714285714,0.017290268497578,,21.39155120849607
whole,151.0,153.0,154.96666666666667,120,0.1083333333333333,1.7182488773405251,64.13803049820994,,,0.9083333333333332,3.397238294907772,561.0584707440133,,,0.1333333333333333,2.8804963067367595,0.0,0.035045189930349,,12.775028276443482
whole,152.0,154.0,155.96666666666667,120,0.0,,,,,0.6916666666666667,3.761686926897183,605.5034888103506,,,0.0083333333333333,2.671480268869064,,,,11.342106294631956
whole,153.0,155.0,156.96666666666667,120,0.0,,,,,0.6916666666666667,3.7951618513554,581.9974412747448,,,0.0166666666666666,1.502544407310091,,,,17.54234676361084
whole,154.0,156.0,157.96666666666667,120,0.0,,,,,0.4666666666666667,4.364375584041025,690.7988567597972,,,0.0166666666666666,1.502544407310091,,,,30.52879047393799
whole,155.0,157.0,158.96666666666667,120,0.2083333333333333,1.937163223736445,358.2138930670576,,,0.4083333333333333,3.33876324267296,565.4284918224722,,,0.15,0.359777765479536,1.0,0.6126378175260262,,29.959860706329344
whole,156.0,158.0,159.96666666666667,120,0.4583333333333333,1.9743420841908104,243.519606115493,,,0.375,3.330534167437116,496.7167579723366,,,0.1666666666666666,0.4713006745707073,0.9047619047619048,0.6126378175260262,,29.33234176635742
whole,157.0,159.0,160.96666666666667,120,0.7083333333333334,2.586041853896232,295.0052772882221,,,0.35,2.1427446032670283,329.98383428725936,,,0.4083333333333333,1.0105692505939436,0.5686274509803921,0.6991032008444309,,28.77572612762452
whole,158.0,160.0,161.96666666666667,120,0.9583333333333334,2.0845087681796275,173.6125044429367,,,0.575,1.9203721550928248,223.9789294941461,,,0.6583333333333333,1.351847587218675,0.3580246913580246,0.5635059890301898,,25.35989570617676
whole,159.0,161.0,162.96666666666667,120,1.0,2.1803736777629354,154.1372009538921,-5.213772358458575,-14.167516231155858,0.725,2.168078930016,197.19999959808175,,,0.7666666666666667,1.666150673797666,0.108695652173913,0.4964864083129569,,20.836983108520503
whole,160.0,162.0,163.96666666666667,120,1.0,2.462272879619652,171.22320931862075,-5.3436783106043775,-14.31561405713598,0.975,2.2996378576212724,275.03456911088495,,,1.0,1.473616820562596,0.275,0.4648129481158961,,23.850624084472656
whole,161.0,163.0,164.96666666666667,120,1.0,2.12478290469136,116.6023177843338,-4.114446077622848,-14.025555194338915,1.0,2.282437352617156,247.8215765697541,-4.283560617500248,-14.191031321942644,1.0,1.525961607835567,0.225,0.421649963495453,0.8618998000282618,23.690944957733155
whole,162.0,164.0,165.96666666666667,120,1.0,2.0995233503987545,116.6023177843338,-3.4681362469798183,-14.017158555575143,1.0,2.02916466875239,166.06717460820795,-3.538846502177684,-14.16158264976395,1.0,1.5123767147675324,0.225,0.3772633467394365,0.8619393534435642,23.80178451538086
whole,163.0,165.0,166.96666666666667,120,1.0,1.9404964449165087,135.68143483069397,-4.343038103103918,-13.7013225661184,1.0,1.5552198560533972,101.73415845472354,-3.752115695365133,-14.13232906919093,1.0,1.4635370342812664,0.3583333333333333,0.2747272754573172,0.8365272591394133,23.792016601562494
whole,164.0,166.0,167.96666666666667,120,0.875,1.664478699472381,127.50819503453457,,,1.0,1.2292189333791117,85.10844894011412,-5.378115379362466,-13.16042437362011,0.9583333333333334,1.4836166869787295,0.3826086956521739,0.2967154979287653,,17.33798670768738
whole,165.0,167.0,168.96666666666667,120,0.875,1.3433826505451474,125.94289352761288,,,1.0,0.9008960974753536,82.75444761725059,-2.9286457988107424,-13.757469116684405,0.9583333333333334,1.3221356571196847,0.5304347826086957,0.2972897438078907,,14.990961647033693
whole,166.0,168.0,169.96666666666667,120,0.875,1.52392130723479,142.58922397740227,,,1.0,1.0002501474723702,82.75444761725059,-3.110344810056723,-13.725897434716057,0.9583333333333334,1.114073827808686,0.7913043478260869,0.5038772395412524,,15.118605613708496
whole,167.0,169.0,170.96666666666667,120,0.8166666666666667,1.271022333056764,113.89739041451912,,,1.0,1.360916164629973,91.99768305135947,-4.787291624737176,-13.06907849548661,0.9583333333333334,1.0056868989271757,0.8869565217391304,0.7000182080711541,,15.076057624816894
whole,168.0,170.0,171.96666666666667,120,0.875,1.446903493683098,114.16232185850846,,,1.0,1.2358356090416376,93.01168816407838,-3.453792597078702,-13.353330799011523,1.0,1.4759594891390448,0.65,0.5749206160013381,,5.626871800422669
whole,169.0,171.0,172.96666666666667,120,0.85,1.624653826412031,96.28023227272706,,,1.0,1.8600729314712268,109.6600696900079,-4.592530821977149,-13.47751495333399,1.0,1.7733479877968974,0.475,0.5152207520303429,,6.574286293983459
whole,170.0,172.0,173.96666666666667,120,0.85,1.7492506968941115,86.91550034862028,,,1.0,2.191317849661231,146.71847605687134,-3.8997306079200578,-13.568657375644586,1.0,2.438116027257789,0.225,0.4317479583460066,,23.87785625457764
whole,171.0,173.0,174.96666666666667,120,0.8666666666666667,1.8492897555583516,101.52583069087544,,,1.0,2.1883171782410966,123.52504611063962,-2.906479582099541,-13.167723181391016,1.0,3.410191998287815,0.0,0.4967525126993922,,24.962456703186035
whole,172.0,174.0,175.96666666666667,120,0.825,1.6941044688497289,85.01263898989522,,,0.9583333333333334,2.49587037626958,111.2948914573033,,,0.975,3.0708619297511395,0.1810344827586207,0.5917330992934823,,25.09958515167236
whole,173.0,175.0,176.96666666666667,120,0.85,1.4688872389714025,97.42339373703196,,,0.9416666666666668,2.220137487988479,106.19383476682526,,,0.975,3.005178583219241,0.1810344827586207,0.6574371798656093,,24.825328254699706
whole,174.0,176.0,177.96666666666667,120,0.85,1.4748504702992016,124.57319273083914,,,0.9416666666666668,2.197828957320549,118.7254146561,,,0.975,2.554846517668659,0.2155172413793103,0.65436428082412,,23.813581848144526
whole,175.0,177.0,178.96666666666667,120,0.7666666666666667,1.603989842552373,157.356257736394,,,0.9083333333333332,1.878513290124676,168.1349014108211,,,0.8833333333333333,1.7562004608863988,0.2663551401869158,0.4982908102895579,,20.429566001892088
whole,176.0,178.0,179.96666666666667,120,0.7416666666666667,1.882946543400858,218.22539475725637,,,0.75,1.7576982457236403,231.7413322441455,,,0.75,1.909381575636252,0.2032967032967033,0.5085167167194368,,17.72622489929199
whole,177.0,179.0,180.96666666666667,120,0.725,2.344834908913185,252.36598712261755,,,0.7666666666666667,1.7717358374451824,239.04305597458227,,,0.7333333333333333,1.960254018232501,0.3681318681318681,0.3940168086632368,,15.280658912658687
whole,178.0,180.0,181.96666666666667,120,0.6916666666666667,2.87459578886707,274.7184986621805,,,0.7666666666666667,2.142073881607238,162.56117185573757,,,0.7333333333333333,2.0002776346155984,0.3241758241758242,0.1908370886857176,,12.546342849731444
whole,179.0,181.0,182.96666666666667,120,0.7833333333333333,2.8190096983451687,347.3568275913484,,,0.8,2.343086782263211,153.6938068383409,,,0.825,1.7442644860149965,0.5247524752475248,0.2270578433880931,,11.383012104034425
whole,180.0,182.0,183.96666666666667,120,0.8833333333333333,3.051371821000559,392.8020675387448,,,1.0,2.496019277559548,122.26685983873998,-4.7657281624653685,-14.405213058542657,0.9833333333333332,1.904610060823622,0.4833333333333333,0.2698876650276021,,11.67266788482666
whole,181.0,183.0,184.96666666666667,120,0.9,2.7763331858017843,258.8269471338448,,,1.0,2.0980061304574398,81.96947051424783,-5.058114648741988,-14.23300236424198,1.0,2.5348598517040006,0.3583333333333333,0.2871457979559204,,11.945133638381954
whole,182.0,184.0,185.96666666666667,120,0.7416666666666667,2.6434854349626,258.70335614075105,,,1.0,1.534903239548518,79.76992044136597,-4.012890817651864,-13.40599926379778,0.8166666666666667,2.865644484981427,0.4479166666666667,0.2559411370420654,,17.765281581878654
whole,183.0,185.0,186.96666666666667,120,0.7166666666666667,2.6667133580994,134.24766030193314,,,0.95,1.435733993554864,110.13975821755764,,,0.7916666666666666,3.9661100330665873,0.1720430107526881,0.2226498525548682,,17.999834442138663
whole,184.0,186.0,187.96666666666667,120,0.75,1.9250479038291344,126.6648732311213,,,0.8916666666666667,1.1486533855784231,91.61801024131996,,,0.775,3.712077608862232,0.3076923076923077,-0.030417368985254,,17.516360473632812
whole,185.0,187.0,188.96666666666667,120,0.75,1.91519769222888,140.42152130725145,,,0.8916666666666667,1.1782464611104613,119.34590945118156,,,0.775,2.82334239056075,0.3626373626373626,-0.0059898517585471,,17.493177032470705
whole,186.0,188.0,189.96666666666667,120,0.9416666666666668,1.5765272446606264,106.5310883963506,,,0.8916666666666667,1.1961711214099384,158.60230876241965,,,0.9583333333333334,2.4008843338461694,0.5304347826086957,0.1670020929484588,,9.61835618019104
whole,187.0,189.0,190.96666666666667,120,1.0,1.5228277524855924,113.55571546133122,-5.402161074717752,-13.693283712818388,0.9416666666666668,1.395308563106315,168.63028966561026,,,0.9833333333333332,1.6900555479835413,0.7711864406779662,0.2826528929785005,,27.591101837158185
whole,188.0,190.0,191.96666666666667,120,1.0,1.2427394684115105,109.6238366946048,-6.534511623021855,-13.330994737256765,1.0,1.500464713496619,219.4621331808599,-3.039041123442844,-14.385276087534848,1.0,1.8763498986683196,0.7416666666666667,0.3747747301447064,0.5698906818351077,23.547691917419428
whole,189.0,191.0,192.96666666666667,120,1.0,1.1053862738493103,102.10540228689712,-4.85787424874936,-13.428117976851992,1.0,1.880051970003666,274.95463814340906,-4.846246853198834,-14.651479461657322,0.9666666666666668,2.028882117339553,0.7241379310344828,0.1862350609246962,0.3833232147826455,22.819839191436756
whole,190.0,192.0,193.96666666666667,120,0.95,1.0028931743525518,96.5753004841813,,,0.9833333333333332,2.1128759368386127,309.2572356341543,,,0.9666666666666668,2.2156699343639663,0.5344827586206896,0.1457522774618851,,18.473866271972643
whole,191.0,193.0,194.96666666666667,120,0.7333333333333333,0.9204000464238604,93.71747154215986,,,0.8916666666666667,2.043272780910101,281.3621710464512,,,0.8333333333333334,2.1679386482395366,0.4306930693069307,-0.0101059925734016,,14.461231470108032
whole,192.0,194.0,195.96666666666667,120,0.7333333333333333,2.070426716935649,172.6472801837273,,,0.8583333333333333,2.0629226608882965,225.25416498915695,,,0.825,1.8460650654922013,0.3514851485148514,-0.0162512957824229,,13.72864861488342
whole,193.0,195.0,196.96666666666667,120,0.5583333333333333,2.597551810548988,262.09106714622044,,,0.7833333333333333,1.913825515273365,198.37879754795773,,,0.7333333333333333,1.7117284284331844,0.4325842696629213,0.2501803405588787,,14.720686388015745
whole,194.0,196.0,197.96666666666667,120,0.6083333333333333,2.76755701687608,276.6502079453783,,,0.8,2.0398733993816958,220.24263580524365,,,0.725,1.5293452884965577,0.449438202247191,0.3527787733502528,,15.409695053100585
whole,195.0,197.0,198.96666666666667,120,0.825,2.1592011769050634,193.85180403141712,,,0.8583333333333333,2.550486463400476,266.51846806220885,,,0.8333333333333334,1.8361282696416965,0.3894230769230769,0.4076865467640198,,15.33670768737793
whole,196.0,198.0,199.96666666666667,120,0.825,1.048212042172159,91.6617082033936,,,0.875,2.9824105551760804,372.4144939738318,,,0.8416666666666667,2.7569088008086715,0.2163461538461538,0.3413745495892043,,16.48308620452881
whole,197.0,199.0,200.96666666666667,120,1.0,1.492391651783073,99.51710053773648,-6.918363318040169,-12.93131994489712,0.7583333333333333,3.862891830860971,539.8927183796362,,,0.8916666666666667,2.791781122304565,0.2217391304347826,0.2866412200036982,,25.078249073028537
whole,198.0,200.0,201.96666666666667,120,0.975,2.055197757144769,140.0696525073709,,,0.6583333333333333,4.019235866141501,338.5421291157323,,,0.85,2.905628570884138,0.1666666666666666,0.2879777561576955,,26.171747970581052
whole,199.0,201.0,202.96666666666667,120,0.8083333333333333,2.4241725484947536,189.9933297159565,,,0.6916666666666667,3.5144756540844915,218.71082522133395,,,0.8333333333333334,2.8409080601769223,0.0612244897959183,0.0964746902008775,,26.408321666717523
whole,200.0,202.0,203.96666666666667,120,0.7833333333333333,3.3171667980503483,432.3894492150488,,,0.6833333333333333,3.422717865845774,239.8373397810758,,,0.8333333333333334,2.543188336421016,0.0765306122448979,-0.0137625648948919,,26.171747970581052
whole,201.0,203.0,204.96666666666667,120,0.675,2.853708146940724,376.92882300377335,,,0.875,2.621755211857664,218.71082522133395,,,0.8583333333333333,2.7804979510412813,0.0153061224489795,-0.0997107800728124,,26.408321666717523
whole,202.0,204.0,205.96666666666667,120,0.7,2.3890509469822416,346.5834396992077,,,0.9583333333333334,3.294216565436004,309.4689295395156,,,0.9,2.714972362481172,0.1380952380952381,-0.1156780203811744,,23.528106689453125
whole,203.0,205.0,206.96666666666667,120,0.8583333333333333,2.3626115351805725,349.4070508659282,,,0.9416666666666668,3.453056512969423,301.18721424371034,,,0.9333333333333332,2.659774772884518,0.2608695652173913,-0.010562549617921,,21.228207492828368
whole,204.0,206.0,207.96666666666667,120,0.8333333333333334,2.3805239748298432,313.52075681189285,,,0.9666666666666668,3.778542284514441,454.2064958931864,,,0.925,2.330979958293369,0.3521739130434783,0.0047880369840449,,20.492857933044437
whole,205.0,207.0,208.96666666666667,120,0.8333333333333334,2.3806098299427805,332.3719057696902,,,0.85,4.700844093252825,754.043938369392,,,0.9333333333333332,2.1374146488686607,0.3869565217391304,0.0096954309622581,,16.268745613098144
whole,206.0,208.0,209.96666666666667,120,0.8083333333333333,2.530211076612407,368.55859013085046,,,0.8666666666666667,3.990833975586143,299.0241074029441,,,0.9333333333333332,2.150226990296478,0.308695652173913,-0.0145879695111293,,17.07246665954589
whole,207.0,209.0,210.96666666666667,120,0.8166666666666667,2.038363378848368,232.65159261002665,,,0.8833333333333333,3.628804317588756,215.2321352536391,,,0.9416666666666668,2.234940411493593,0.3217391304347826,-0.1128428821819293,,19.37627086639404
whole,208.0,210.0,211.96666666666667,120,0.85,1.8779611498095512,168.15618994805607,,,0.875,3.402302970587852,126.73735406887944,,,0.95,2.74648254168999,0.217391304347826,0.0170227910517511,,30.185718536376957
whole,209.0,211.0,212.96666666666667,120,0.9583333333333334,1.7499270047593167,187.52494493256933,,,0.9916666666666668,2.192100567657341,105.91395565451285,,,0.9916666666666668,3.011614625320881,0.175,0.0668258204533298,,29.7009313583374
whole,210.0,212.0,213.96666666666667,120,0.9833333333333332,1.1877881764931335,102.6346164038194,,,0.9916666666666668,1.7771545322637217,115.50958591873544,,,1.0,3.387726352626465,0.1416666666666666,0.0776142094458887,,31.07160587310791
whole,211.0,213.0,214.96666666666667,120,0.9833333333333332,1.1275126047154578,102.6346164038194,,,0.9916666666666668,1.7149797106220468,130.52683849260038,,,1.0,3.892319711915528,0.0,0.1080125661909531,,26.580001831054663
whole,212.0,214.0,215.96666666666667,120,1.0,0.5844925257163749,105.94764138193064,-4.63609164165883,-15.1133080766675,1.0,0.997770342161018,122.7351255366389,-2.731065007658924,-14.646590182087534,1.0,3.880120472811759,0.0,0.0646508633173427,0.1708520391150174,9.410663604736328
whole,213.0,215.0,216.96666666666667,120,0.9666666666666668,0.8754323741617817,102.6346164038194,,,1.0,0.9580640543766396,107.64200606291472,-2.646307223867806,-14.61703330944392,1.0,3.699443187658284,0.0,0.0539429694429376,,2.8130947947502136
whole,214.0,216.0,217.96666666666667,120,0.9666666666666668,1.3406633287129572,116.09552256257231,,,1.0,0.7976970604056712,99.09732081460564,-2.740629429909529,-14.270469978582607,1.0,3.351088431399682,0.0,0.0222460413600755,,4.549536037445066
whole,215.0,217.0,218.96666666666667,120,0.9666666666666668,1.4683300651246831,122.01367664135338,,,1.0,0.5662829054862767,67.33901736664536,-3.327749471336052,-13.756377311517005,1.0,3.02648113741944,0.0,0.0296976360372835,,3.977546215057373
whole,216.0,218.0,219.96666666666667,120,0.8083333333333333,1.649965489657823,116.553389155028,,,1.0,0.4167648413345922,62.62321593888622,-3.7084324983422094,-15.21455711074479,0.9333333333333332,2.823852209565746,0.0,-0.0040199164502854,,5.558966636657715
whole,217.0,219.0,220.96666666666667,120,0.8416666666666667,1.0804157893195114,72.37035288652034,,,1.0,0.6276002299727214,80.48195497654129,-2.822242849994652,-13.670218606316247,0.9333333333333332,2.842519425941611,0.0,0.0592860739454694,,13.9816180229187
whole,218.0,220.0,221.96666666666667,120,0.8166666666666667,0.5445396785854593,55.316625196372414,,,0.975,0.7297427641476899,85.79147322849525,,,0.9333333333333332,2.987041894749043,0.0,0.1014466798702015,,16.477961635589594
yI_UKzqbrbw,0.0,2.0,3.970591439688716,120,0.65,0.0308778756593904,5.855715545371174,,,0.4916666666666666,0.6858512578721551,26.8549522736257,,,0.5833333333333334,3.322584833827921,0.0,0.2279597289915906,,1.1118908882141108
yI_UKzqbrbw,1.0009894385769873,3.0009894385769877,4.971580878265703,120,0.9,0.0315792486566279,5.8680348527928485,,,0.5333333333333333,0.6595240931666804,29.208537937691155,,,0.7416666666666667,3.299206278399936,0.0,0.2034633165238039,,0.2242026150226592
yI_UKzqbrbw,2.0019788771539746,4.001978877153975,5.97257031684269,120,1.0,0.0880063289125702,6.317749987749738,-2.545617196099392,-13.246286811265971,0.3833333333333333,0.2639157954254849,25.14001714948613,,,0.575,3.2403518470577994,0.0,0.1566352194429181,,0.3647768393158912
yI_UKzqbrbw,3.002968315730961,5.0029683157309615,6.973559755419678,120,1.0,0.4749693064552558,8.489439881073183,-1.4105158569857728,-12.827956974232116,0.2916666666666667,0.3269925634257865,26.53583034456591,,,0.4166666666666667,3.20823603442218,0.0,-0.0004035103602819,,0.9438174366950988
yI_UKzqbrbw,4.003957754307949,6.003957754307949,7.974549193996665,120,1.0,0.569541886745015,24.42293643685344,-2.144859260551641,-12.878230200856631,0.0416666666666666,0.3488635496420779,143.96147544355347,,,0.1916666666666666,2.8151861024106064,0.0,-0.0855943505960798,,0.9681495726108552
yI_UKzqbrbw,5.004947192884936,7.004947192884936,8.975538632573652,120,1.0,0.6148061404984644,42.17031142554176,-2.2000830715126174,-12.892777584788243,0.0416666666666666,0.1846725491662444,44.09106652585928,,,0.1166666666666666,0.389595056405433,0.9090909090909092,0.1567248707432108,,0.9681495726108552
yI_UKzqbrbw,6.005936631461923,8.005936631461923,9.97652807115064,120,1.0,0.6926257432594486,60.24805999350805,-5.094929524895812,-12.619093003485256,0.2916666666666667,0.1702301178811908,28.78850525007651,,,0.35,0.2754781138074222,1.0,0.3521652564169322,,0.9761994242668152
yI_UKzqbrbw,7.006926070038911,9.006926070038912,10.977517509727626,120,1.0,0.3997302796755307,59.034440387162334,-4.018998077568913,-14.487645400564796,0.5416666666666666,0.1546541592104737,26.226959902009128,,,0.6,0.2962329699840279,1.0,0.237374828829905,,0.8911604553461074
yI_UKzqbrbw,8.007915508615898,10.007915508615898,11.978506948304611,120,1.0,0.4627037316861096,56.69997070549559,-4.119057575112346,-14.462437114950957,0.7916666666666666,0.1693362516139371,29.136696983662453,,,0.8166666666666667,0.2915505546581171,1.0,0.1868080445332905,,1.0746277809143066
yI_UKzqbrbw,9.008904947192883,11.008904947192883,12.979496386881602,120,1.0,0.4710909564872535,58.282260364377485,-4.339202090714631,-14.632625914770674,1.0,0.1835266959066894,32.23677222066199,-3.1835467566336426,-15.161116624600291,0.9833333333333332,0.3394601946817174,1.0,0.1225068290750399,-0.1306663387518426,1.1300484836101532
yI_UKzqbrbw,10.009894385769872,12.009894385769872,13.980485825458588,120,1.0,0.4090914340077606,54.334141800414855,-3.098022382928866,-14.517259578517669,1.0,0.2028430496857435,36.675455818792926,-2.641412627871336,-15.270594743858142,0.9916666666666668,0.385786109904879,1.0,-0.0213102827067337,-0.0941477353711844,1.344791430234909
yI_UKzqbrbw,11.01088382434686,13.01088382434686,14.981475264035575,120,1.0,0.364268876300364,41.53863310974357,-3.290396607909015,-14.424549926919417,1.0,0.1967939268267345,36.01826283103082,-2.950149605842866,-15.17613278261488,0.9916666666666668,0.4460552007790915,1.0,0.0538240249785391,-0.0850935147403949,1.344791430234909
yI_UKzqbrbw,12.011873262923846,14.011873262923846,15.982464702612562,120,1.0,0.2434179086785337,37.793767014419394,-3.295009581341209,-15.675593438744947,1.0,0.1943286230479601,33.84368146756373,-3.412849676443807,-15.02703608348191,1.0,0.4910571308753549,1.0,0.0225527386877411,-0.1557047328469861,1.340351587533951
yI_UKzqbrbw,13.012862701500834,15.012862701500834,16.98345414118955,120,1.0,0.2197033170946049,35.90233251249929,-3.159288662691609,-14.935433052622637,1.0,0.1766761988424902,29.00617594045803,-3.225645035032436,-15.181618853847484,1.0,0.4677865669394359,1.0,-0.020769040912058,-0.1803299683061317,1.344791430234909
yI_UKzqbrbw,14.01385214007782,16.013852140077823,17.984443579766538,120,1.0,0.1752214137804333,28.37403720731095,-3.384465344464001,-14.931321256544972,1.0,0.1687514601556801,31.092247538484624,-3.463276363619211,-15.36496199374416,1.0,0.4406385405620163,1.0,-0.0049278397210307,0.0160886998891066,1.2306984603404998
yI_UKzqbrbw,15.014841578654808,17.01484157865481,18.985433018343524,120,1.0,0.178740011268139,27.233570345255465,-4.689316216901295,-13.831242794886744,1.0,0.2460100716562405,38.64445794523039,-3.6321793508352753,-13.989157679717756,0.9916666666666668,0.4195411741165349,1.0,-0.0728087083083085,0.8983420924897846,1.2369904756546015
yI_UKzqbrbw,16.015831017231797,18.0158310172318,19.98642245692051,120,1.0,0.1834607597326837,25.24897814411665,-3.338779349586592,-13.743606437478745,1.0,0.2753120428748108,42.139350908718086,-2.710067682399779,-14.025139001359918,0.9916666666666668,0.4408286509501531,1.0,0.0481034442532947,0.869593040460522,1.240009701251983
yI_UKzqbrbw,17.016820455808784,19.016820455808784,20.987411895497495,120,1.0,0.2060621297640979,27.73248849933818,-3.3622014056596594,-14.091801003718178,1.0,0.3065595054514969,51.52346940931485,-3.145672255612717,-14.080187503150476,0.9916666666666668,0.4972406210692799,1.0,0.0813446233358365,0.8172897584435326,1.2290384471416471
yI_UKzqbrbw,18.01780989438577,20.01780989438577,21.988401334074485,120,1.0,0.203749389320502,30.618767186679484,-3.6832353794587513,-14.147886781986164,1.0,0.306512126285564,43.62601322047445,-3.57707274278484,-13.967748849312605,0.9916666666666668,0.5612639346893394,1.0,0.1460123324242435,0.8152156770636877,1.1787656664848327
yI_UKzqbrbw,19.01879933296276,21.01879933296276,22.989390772651472,120,1.0,0.1943222857133816,31.346858400124887,-4.140999973991466,-15.171813129887791,1.0,0.269583976791704,39.22963208174298,-4.093479589307244,-14.719304306106675,1.0,0.592797483060833,1.0,0.159319461492959,0.1052612673925713,1.142726683616638
yI_UKzqbrbw,20.019788771539744,22.019788771539744,23.99038021122846,120,1.0,0.2093313063972765,37.57936052279819,-4.309960392911684,-15.432502311893954,1.0,0.2832315115438875,39.22963208174298,-3.333823752200749,-14.930122814644518,1.0,0.5971994006987245,1.0,0.0896776157639789,0.2153715484415417,1.7671837151050565
yI_UKzqbrbw,21.02077821011673,23.02077821011673,24.99136964980545,120,1.0,0.2206685294203786,37.93704755770926,-3.165820842648807,-14.898973746742389,1.0,0.3141835750297922,39.68449067753302,-2.9321448429440258,-14.983135614634715,1.0,0.5769577515451301,1.0,0.2625572689990391,0.17376942377889,3.1047938704490656
yI_UKzqbrbw,22.02176764869372,24.02176764869372,25.99235908838244,120,1.0,0.2405019355296276,39.313068074319546,-3.547855096459168,-14.9820726642124,1.0,0.342276129558672,43.3745928691025,-2.6418016095767305,-15.065832343935703,1.0,0.5397235267330455,1.0,0.2618714996843262,0.1511222155443286,3.1047938704490656
yI_UKzqbrbw,23.022757087270705,25.022757087270705,26.993348526959423,120,1.0,0.2367511289667082,35.671615632057964,-3.15427652069168,-14.830288329991806,1.0,0.3297568904304538,41.00970053727611,-3.1410294694350736,-14.912151025539336,1.0,0.523527563308985,1.0,0.294155510218444,0.2294448553799287,3.1047938704490656
yI_UKzqbrbw,24.02374652584769,26.02374652584769,27.99433796553641,120,1.0,0.2296218165579623,29.458288800658234,-3.569668353541023,-14.48320846294441,1.0,0.3130257363856039,41.029450499099205,-3.480663173350304,-14.733138971309362,1.0,0.5197287595827544,1.0,0.3081811705437133,0.0362901136502876,3.1047938704490656
yI_UKzqbrbw,25.02473596442468,27.02473596442468,28.9953274041134,120,1.0,0.1999914687107015,26.952940816847917,-3.705460860583841,-14.547630023165384,1.0,0.3109616965329664,42.52327568248785,-4.56632574731578,-15.23027853919323,1.0,0.5443676505346953,1.0,0.1674595846932814,-0.0673699150724357,1.1604852855205532
yI_UKzqbrbw,26.02572540300167,28.02572540300167,29.996316842690383,120,1.0,0.5899742874060631,31.277882598744814,-2.359623531791022,-13.487660737123708,1.0,0.580258303528881,56.38782592395467,-2.291190608495698,-13.657704077114037,0.9916666666666668,0.5319369340880399,1.0,0.1170610234230036,0.83137097226708,1.0993346095085144
yI_UKzqbrbw,27.026714841578656,29.026714841578656,30.99730628126737,120,0.875,0.6763058731868951,37.64799938209369,,,1.0,0.5996308401627524,66.71106380090245,-2.2360321574869206,-13.663400293066337,0.9166666666666666,0.5185938694615915,1.0,0.0338548835976902,,1.1919002175331113
yI_UKzqbrbw,28.027704280155643,30.027704280155643,31.99829571984436,120,0.6416666666666667,0.8467880331753455,45.70735004146443,,,1.0,0.6271437050079586,74.50914601834259,-3.368076336348249,-13.705545240495995,0.8333333333333334,0.5182858519109474,1.0,-0.0352251705713132,,1.2543582558631896
yI_UKzqbrbw,29.02869371873263,31.02869371873263,32.999285158421344,120,0.5833333333333334,1.220640671263753,176.03521930526455,,,1.0,0.6816832251328326,84.61108341866463,-4.809508029774816,-13.775616499440632,0.8,0.4751019863148429,1.0,-0.0106044223774866,,1.2529242992401124
yI_UKzqbrbw,30.029683157309616,32.02968315730962,34.00027459699833,120,0.5833333333333334,0.6361139117606758,96.88108245801088,,,1.0,0.4308162261286422,66.48938743783592,-2.4920849814156023,-14.792759266439244,0.8083333333333333,0.5735089692805342,0.75,0.0294650691637803,,1.2528596997261048
yI_UKzqbrbw,31.030672595886603,33.0306725958866,35.00126403557532,120,0.7083333333333334,0.6026937438230061,73.17041903155048,,,1.0,0.4579603449752081,74.32050051525911,-3.667535096843821,-14.939027895912302,0.8833333333333333,0.6277110239932802,0.7706422018348624,0.1160387935817222,,1.2663478136062616
yI_UKzqbrbw,32.031662034463594,34.031662034463594,36.002253474152305,120,0.9416666666666668,0.4967403191464321,54.99717927605345,,,1.0,0.4447705520157851,67.02902363987883,-4.561914897735291,-14.84540359534909,0.9666666666666668,0.6577289566962498,0.788135593220339,0.055754848046956,,1.1992237865924835
yI_UKzqbrbw,33.03265147304058,35.03265147304058,37.00324291272929,120,1.0,0.3148771931890937,40.90998070722053,-2.888362484112311,-14.819317170404975,1.0,0.3478206911975779,53.3019459643581,-4.030801686507997,-14.710609389904745,1.0,0.659915474590153,0.7916666666666666,0.0418613762510207,0.3102865392648327,1.2147097885608673
yI_UKzqbrbw,34.03364091161757,36.03364091161757,38.00423235130628,120,1.0,0.3583105876864615,40.90998070722053,-4.537203070165407,-14.255206277552457,1.0,0.439240833384433,62.50449251185651,-4.390775823646252,-13.502947617277892,1.0,0.6746433631482593,0.8416666666666667,0.0702050383224607,0.0306253514067122,1.3665103614330292
yI_UKzqbrbw,35.034630350194554,37.03463035019456,39.00522178988327,120,1.0,0.4987554316010884,61.50014778739164,-2.5941904003592424,-13.799267478191595,1.0,0.4120887355647627,51.790442439010135,-2.792583574487596,-13.318315859541451,1.0,0.7554352871069664,0.775,-0.0327394327102957,-0.0042871093938025,1.3475773751735685
yI_UKzqbrbw,36.03561978877154,38.03561978877154,40.00621122846025,120,1.0,0.6555957914487213,87.67657843453989,-2.583586856567718,-13.939710896663058,1.0,0.3783160409935704,45.76118318840484,-2.612493218562006,-13.249324392420238,0.9916666666666668,0.7374166590712996,0.775,0.0607592720214115,-0.0027351015347608,2.017547845840454
yI_UKzqbrbw,37.03660922734853,39.03660922734853,41.00720066703724,120,1.0,0.7167162886626574,118.74333141531584,-2.724030131191768,-14.08285814255977,1.0,0.393280532236661,46.813912681848144,-3.5182333979337197,-13.295834741222848,0.9916666666666668,0.7763214698997116,0.775,0.1161600951146561,-0.0025681887575113,2.679043412208557
yI_UKzqbrbw,38.03759866592552,40.03759866592552,42.00819010561423,120,1.0,0.8571325898772799,122.35375104540556,-6.854014349305867,-13.947505271651524,1.0,0.248568872306187,37.5069395569855,-3.5281659313572886,-14.883410864849663,0.9833333333333332,0.7237289369190093,0.9333333333333332,0.1311266800080936,0.1954872780525623,2.679043412208557
yI_UKzqbrbw,39.0385881045025,41.0385881045025,43.00917954419122,120,1.0,0.7744458491930613,123.66120530167562,-3.431961577898893,-13.674054457445411,1.0,0.215565163763236,34.32702030468742,-3.072773340054779,-15.137312601282291,0.9833333333333332,0.6181967518527167,1.0,0.2794929937637977,0.2859959094294867,2.659612393379211
yI_UKzqbrbw,40.03957754307949,42.03957754307949,44.01016898276821,120,1.0,0.6871203342434822,119.99962751660382,-2.7453270503181693,-13.749834057811013,1.0,0.2246014926149883,36.1235076329694,-4.271030344953821,-15.26780287469817,0.9916666666666668,0.6446330306980051,1.0,0.2990820241465765,0.2165401030564444,2.57192656993866
yI_UKzqbrbw,41.04056698165648,43.04056698165648,45.01115842134519,120,0.9,0.7604319983852652,124.0045358731566,,,1.0,0.3616275282350488,36.63049539976171,-2.521489423809969,-13.159639418292787,0.9416666666666668,0.6703974818331911,1.0,0.2933030703405012,,2.2543917894363403
yI_UKzqbrbw,42.04155642023346,44.04155642023346,46.01214785992218,120,0.75,0.6173997199950624,104.64144427965954,,,1.0,0.4483340943456448,39.22941816740489,-2.90434689996681,-13.16296239879692,0.8666666666666667,0.6987447338556827,0.9902912621359224,0.3449938071721847,,2.2661452293395987
yI_UKzqbrbw,43.04254585881045,45.04254585881045,47.01313729849917,120,0.75,0.694067038575687,124.66191102372264,,,1.0,0.5482763695479437,49.88567512664274,-3.4197324974482672,-13.242766831011584,0.8666666666666667,0.7730687670827211,0.6990291262135923,0.2201722216594811,,2.312354564666748
yI_UKzqbrbw,44.04353529738744,46.04353529738744,48.01412673707616,120,0.75,0.8482264209591143,148.56348106270212,,,1.0,0.6460406180027365,53.76417007167765,-4.577257235378821,-13.38559716500831,0.8666666666666667,0.7902827522236323,0.5728155339805825,0.2234901360322418,,2.4222406148910505
yI_UKzqbrbw,45.04452473596442,47.04452473596442,49.01511617565314,120,0.85,1.199243592199658,148.56348106270212,,,1.0,0.8276370454951627,49.88567512664274,-3.1968001706440163,-12.418174555041151,0.9166666666666666,0.7443507339886227,0.5963302752293578,0.4284883306646751,,3.882705569267272
yI_UKzqbrbw,46.04551417454141,48.04551417454141,50.01610561423013,120,1.0,1.215636963437302,140.04983427500605,-2.9661853268162157,-13.229092701344417,1.0,0.9434352215029812,59.67765395424274,-2.4611127886412225,-12.519785654638266,1.0,0.6957161922164147,0.6416666666666667,0.4989745068898904,0.9409114254721695,4.652882099151606
yI_UKzqbrbw,47.0465036131184,49.0465036131184,51.01709505280712,120,1.0,1.1102341997298686,105.0421709436858,-2.7095421069412744,-12.923222732906815,1.0,0.9024715166513932,41.6104080068495,-2.3635639014430185,-12.440670441398677,1.0,0.6148340085205708,0.8916666666666667,0.6186705352668302,0.9480851438876874,4.652882099151606
yI_UKzqbrbw,48.04749305169538,50.04749305169538,52.0180844913841,120,1.0,1.05608813738313,92.60893531541538,-2.7796294950513465,-12.746842124399734,1.0,0.8664421415282709,39.086733123483086,-2.4364071766134296,-12.28987437248104,1.0,0.6009789173088945,0.975,0.6675291947485549,0.9551316662020416,4.043707799911497
yI_UKzqbrbw,49.04848249027237,51.04848249027237,53.01907392996109,120,1.0,0.7619781708134487,92.60893531541538,-4.731988701974059,-13.343374306449649,1.0,0.585436112162103,42.499198971036726,-3.8309726033582727,-11.904406059473274,1.0,0.6639171382485262,0.95,0.6345514656335358,0.8413251213242352,2.610938966274261
yI_UKzqbrbw,50.04947192884936,52.04947192884936,54.02006336853808,120,1.0,0.677975061898055,82.13902141440775,-3.4216341927199725,-14.98377198997808,1.0,0.4744638276645624,42.499198971036726,-3.269660889014669,-13.804340692467264,1.0,0.7636279321276195,0.9,0.5237002608111959,0.236255369620145,2.401072859764099
yI_UKzqbrbw,51.05046136742634,53.05046136742634,55.02105280711506,120,1.0,1.694166979469653,104.3165984172128,-2.7457131061785094,-13.65754162241334,1.0,0.787509900281253,64.33903620253184,-3.288595297980553,-12.640755601307134,1.0,0.870739587726572,0.7416666666666667,0.4750485278735397,0.2570467394419322,2.4642823219299315
yI_UKzqbrbw,52.05145080600334,54.05145080600334,56.02204224569205,120,1.0,1.7206205648085633,104.8162509037609,-2.382606098926425,-13.738044540479637,0.9916666666666668,0.9475875284436174,85.65191662996894,,,1.0,1.1567103582482026,0.5166666666666667,0.5264004694696385,,2.468908166885376
yI_UKzqbrbw,53.052440244580325,55.052440244580325,57.02303168426904,120,0.8416666666666667,2.318662540705967,112.15505394948045,,,0.7416666666666667,1.1189309660383524,99.03799841180356,,,0.7916666666666666,1.293026371855979,0.3723404255319149,0.443732886302175,,4.353793692588797
yI_UKzqbrbw,54.05342968315731,56.05342968315731,58.02402112284602,120,0.5916666666666667,3.0014155680231425,387.521885151814,,,0.55,1.3169609043108113,130.74023034289232,,,0.5666666666666667,1.4128041091408263,0.208955223880597,0.5327691440303552,,7.238276910781859
yI_UKzqbrbw,55.0544191217343,57.0544191217343,59.02501056142301,120,0.3416666666666667,1.884873219056457,110.39892419018187,,,0.55,0.901790159285675,119.72444735257083,,,0.4083333333333333,1.5328992348453483,0.24,0.7564921962426591,,9.527243614196776
zQRF2sLK1vY,0.0,2.0,3.970633333333333,120,0.0,,,,,0.0,,,,,0.0,,,,,0.0658365696668622
zQRF2sLK1vY,1.001,3.0010000000000003,4.971633333333333,120,0.0083333333333333,0.1166354334643437,30.219280467425406,,,0.0083333333333333,0.829138218934899,93.61607539895492,,,0.05,0.3217259818514231,1.0,-0.1185527451066713,,1.2276609659194944
zQRF2sLK1vY,2.002,4.002000000000001,5.9726333333333335,120,0.2583333333333333,0.2035457358944819,24.615804366839125,,,0.2583333333333333,0.3071907103598146,45.33776864270723,,,0.3,0.3702810565612013,1.0,0.1121184023600728,,2.6633126258850077
zQRF2sLK1vY,3.003,5.003,6.973633333333334,120,0.5083333333333333,0.2438047300232713,33.41052388873157,,,0.5083333333333333,0.3055946607823008,39.420500271149656,,,0.55,0.347206526932072,1.0,0.3716966266454867,,5.526928901672362
zQRF2sLK1vY,4.004,6.004,7.974633333333333,120,0.7583333333333333,0.3710429463270397,43.0161253919644,,,0.7583333333333333,0.5617843741689943,45.50998325399123,,,0.7916666666666666,0.346802374123754,1.0,0.4995094521231757,,5.192762398719785
zQRF2sLK1vY,5.005,7.005,8.975633333333333,120,1.0,0.5528054623294826,45.82135612310699,-2.6394682932590925,-13.573249757164538,1.0,0.6692778678688678,49.02285592957014,-2.8047460744403754,-13.10366344558667,0.9916666666666668,0.3566427937111953,1.0,0.6199138884708508,0.0343968357064703,6.851422071456909
zQRF2sLK1vY,6.006,8.006,9.976633333333334,120,1.0,0.6736752958218964,55.02155156702386,-2.5851354984682926,-13.786785745112674,1.0,0.7338021572390244,49.31062464540943,-2.5654526778020346,-13.13111374866384,0.9916666666666668,0.4023239445855788,1.0,0.7284019598448502,0.0279273571042448,8.700358390808104
zQRF2sLK1vY,7.007000000000001,9.007000000000001,10.977633333333332,120,1.0,0.6965718098948216,52.0566260217906,-2.386317994735138,-13.751330824722546,1.0,0.7659786376769647,56.16355473756033,-2.930437669935296,-13.175215507966143,0.9916666666666668,0.5016558787190493,1.0,0.6441137600579303,0.0284646271111214,8.700358390808104
zQRF2sLK1vY,8.008000000000001,10.008,11.978633333333333,120,1.0,0.7294649758165928,43.47922949711298,-3.709362123694438,-13.475676052149582,0.925,0.646772189796124,57.8238942724262,,,0.9583333333333334,0.5525320992394405,1.0,0.5647104785693051,,8.700358390808104
zQRF2sLK1vY,9.009,11.009,12.979633333333334,120,1.0,0.8660416616635505,49.24112598302642,-3.3271425875215583,-13.181004932901969,0.675,0.5156988735006076,57.789669316747805,,,0.7333333333333333,0.5971014019038935,1.0,0.4181124616420548,,8.700358390808104
zQRF2sLK1vY,10.01,12.01,13.980633333333332,120,1.0,0.9775361129435304,54.8633295667485,-2.441919407173036,-13.349138466921737,0.5916666666666667,0.6717355672252342,75.36867357243221,,,0.6416666666666667,0.5811385062770354,1.0,0.4546378740243688,,6.883022499084472
zQRF2sLK1vY,11.011,13.011,14.981633333333331,120,0.9333333333333332,1.0381126899200617,64.89216203077157,,,0.5916666666666667,0.953525683082773,81.63468639607274,,,0.6166666666666667,0.5283099941225878,1.0,0.6528251623756861,,7.321194887161255
zQRF2sLK1vY,12.012,14.012,15.982633333333334,120,0.8333333333333334,1.0612467995705068,78.11058710377526,,,0.6666666666666666,1.5849705842864057,108.1911995437884,,,0.6333333333333333,0.6518025059581591,1.0,0.7742875818630021,,8.620647954940795
zQRF2sLK1vY,13.013,15.013,16.983633333333334,120,0.8333333333333334,0.827126703078365,65.48384310861115,,,0.9166666666666666,1.322214476164049,96.96201637206325,,,0.8583333333333333,0.8231362692308019,1.0,0.665199148069052,,8.620647954940795
zQRF2sLK1vY,14.014,16.014000000000003,17.984633333333335,120,0.8333333333333334,0.6468469711496923,47.87412271960473,,,1.0,1.1443366392477634,84.85125640008371,-1.8762957085763408,-12.976956925808024,0.95,0.8903326586660583,1.0,0.6307538571206794,,8.620647954940795
zQRF2sLK1vY,15.015,17.015,18.98563333333333,120,0.9,0.7497232331882112,46.53606953950863,,,0.9833333333333332,1.258507431188355,93.59728429170153,,,0.9666666666666668,0.9042777502685904,1.0,0.5984706882010985,,8.620647954940795
zQRF2sLK1vY,16.016000000000002,18.016,19.986633333333334,120,1.0,1.3389826054204943,50.98157145243092,-2.703110557436677,-13.152414315603844,0.9833333333333332,1.0767743428107204,79.18132220765395,,,0.9916666666666668,0.9344055396575264,1.0,0.5297736492008333,,4.874741959571836
zQRF2sLK1vY,17.017,19.017,20.98763333333333,120,0.9833333333333332,1.750774733136273,76.80523854756376,,,0.9083333333333332,1.3162354530688334,83.94799291675888,,,0.9166666666666666,1.1709196586320607,0.8571428571428571,0.4516506439848117,,5.46394715309143
zQRF2sLK1vY,18.018,20.018,21.988633333333333,120,0.8833333333333333,2.268648580038712,118.64329571080032,,,0.6583333333333333,1.6358804431232417,97.15506984624076,,,0.7333333333333333,1.3561243682983906,0.797752808988764,0.392373245096438,,5.899143314361572
zQRF2sLK1vY,19.019,21.019,22.98963333333333,120,0.8833333333333333,2.469274724115716,153.21070597732938,,,0.4916666666666666,2.224045175842287,118.18945218939794,,,0.5916666666666667,1.4364638204320843,0.7534246575342466,0.2406949911469277,,5.909678363800048
zQRF2sLK1vY,20.02,22.02,23.99063333333333,120,0.775,2.8732749977616536,162.17268940094624,,,0.375,4.70268314522347,568.8111393103627,,,0.5166666666666667,1.6587466366065344,0.484375,-0.0282808028236465,,5.9044108390808105
zQRF2sLK1vY,21.021,23.021,24.991633333333333,120,0.7916666666666666,2.480486342904298,162.17268940094624,,,0.275,5.896262215799903,910.0708046812248,,,0.475,1.1055494165572128,0.5535714285714286,-0.17355029291572,,6.110615348815918
zQRF2sLK1vY,22.022,24.022,25.99263333333333,120,0.775,2.0644363724609325,95.20382465297692,,,0.4166666666666667,4.332376372458291,261.1412672484058,,,0.5833333333333334,1.1317277629563776,0.4202898550724637,-0.1663958426587498,,5.88361699581146
zQRF2sLK1vY,23.023,25.023,26.99363333333333,120,0.7583333333333333,2.0649367207764877,112.14145199714984,,,0.6,2.687724085466476,95.79048347450204,,,0.725,1.3847596435753908,0.3176470588235294,-0.0268025702015719,,5.734489703178402
zQRF2sLK1vY,24.024,26.024,27.994633333333333,120,0.8666666666666667,1.219426368742908,87.5374998046138,,,0.7166666666666667,1.5616297161063244,80.59171211796654,,,0.8,1.8392692093197656,0.2234042553191489,0.1711365299656497,,5.771771526336663
zQRF2sLK1vY,25.025,27.025,28.99563333333333,120,0.8666666666666667,0.9587033182714262,61.07599324613793,,,0.8916666666666667,1.4585866703116144,88.78984369728606,,,0.9166666666666666,2.400633591239617,0.1363636363636363,0.3278564349661848,,8.583730220794678
zQRF2sLK1vY,26.026,28.026,29.99663333333333,120,0.9833333333333332,1.0436976272974894,66.30330696274464,,,0.85,1.7086442820253744,84.50623327512939,,,0.9416666666666668,2.6964375754438046,0.1052631578947368,0.4260146659257151,,8.583730220794678
zQRF2sLK1vY,27.027,29.027,30.997633333333333,120,1.0,1.0065098454328854,58.99493526097196,-3.553104407722885,-13.406005797863584,0.725,1.9145500639218391,102.36408167429973,,,0.9083333333333332,2.870824152972361,0.0,0.4415714081835446,,8.583730220794678
zQRF2sLK1vY,28.028,30.028,31.99863333333333,120,0.8166666666666667,1.094181592550303,66.19558641955771,,,0.5166666666666667,1.684360644800177,111.88639085004311,,,0.6666666666666666,2.8256829526886387,0.0,0.4567269823097621,,8.560864067077631
zQRF2sLK1vY,29.029,31.029,32.999633333333335,120,0.8166666666666667,1.7737888775183992,99.03039881753938,,,0.4833333333333333,2.847889203570794,206.91306538139435,,,0.6,1.9794402911139088,0.3378378378378378,0.0807589036853736,,1.7453296661376954
zQRF2sLK1vY,30.03,32.03,34.00063333333333,120,0.8166666666666667,1.9111412442473157,173.72464112826682,,,0.4666666666666667,2.3563735688570837,234.5121264425296,,,0.4833333333333333,1.285679163765482,0.5901639344262295,-0.0632941067226125,,4.816100192070002
zQRF2sLK1vY,31.031,33.031,35.00163333333333,120,0.8166666666666667,1.7081934143263366,178.8263183923641,,,0.3416666666666667,2.844420410420873,309.60915220221085,,,0.275,0.7058269392989757,1.0,-0.1242261105796421,,8.463416004180907
zQRF2sLK1vY,32.032000000000004,34.032000000000004,36.002633333333335,120,0.9083333333333332,1.8941159051995973,174.17618088186833,,,0.3,2.987845436546088,326.05336642979296,,,0.2916666666666667,0.6526218892551863,1.0,-0.1242261105796421,,8.463416004180907
zQRF2sLK1vY,33.033,35.033,37.00363333333333,120,0.7833333333333333,1.5094291852473385,136.1357490967818,,,0.2083333333333333,1.156609293054703,179.8871610831579,,,0.2666666666666666,0.4107340473248331,1.0,0.2119990805833866,,8.463416004180907
zQRF2sLK1vY,34.034,36.034,38.00463333333333,120,0.7833333333333333,1.3276495894453852,117.87312665234978,,,0.3583333333333333,1.1720725597193562,166.94379630755168,,,0.3916666666666666,0.9574175161526708,1.0,-0.0467458319013903,,7.574325537681579
zQRF2sLK1vY,35.035000000000004,37.035,39.005633333333336,120,0.7833333333333333,1.4011941829566636,146.86562184609812,,,0.425,1.2141644850746602,178.40906697680524,,,0.55,1.2408958130343992,1.0,-0.1177852647642741,,3.387331521511077
zQRF2sLK1vY,36.036,38.036,40.00663333333333,120,0.875,1.550254377077979,160.1180954650361,,,0.6333333333333333,2.534202109052027,213.09785255837156,,,0.7333333333333333,1.492966591366742,0.9891304347826086,-0.1038142443035998,,3.2262861490249635
zQRF2sLK1vY,37.037,39.037,41.00763333333333,120,0.9666666666666668,1.8068787005230085,157.85666521128996,,,0.7333333333333333,2.60820562890466,213.09785255837156,,,0.825,1.9064624663825531,0.9607843137254902,-0.2020868796317694,,6.660754084587096
zQRF2sLK1vY,38.038,40.038,42.008633333333336,120,0.85,2.05209866004636,183.3008486251426,,,0.6166666666666667,3.871681684116125,497.9799971825529,,,0.7416666666666667,1.974091329174203,0.956043956043956,-0.1817873117394726,,7.609459352493285
zQRF2sLK1vY,39.039,41.039,43.00963333333333,120,0.6083333333333333,2.4859234859667887,205.32282665064372,,,0.55,4.16638145384421,543.9464000938775,,,0.6,1.9343013008992265,0.943661971830986,-0.1319308561060919,,9.021981716156006
zQRF2sLK1vY,40.04,42.04,44.01063333333333,120,0.3916666666666666,1.991816321001681,184.12699319275688,,,0.4083333333333333,3.0391633412049224,280.9942829002188,,,0.45,1.6706635048742735,0.94,-0.1863707537428876,,9.021981716156006
zQRF2sLK1vY,41.041,43.041,45.011633333333336,120,0.175,1.517591042947959,215.3129174256097,,,0.4333333333333333,2.991649038387381,301.26793854073884,,,0.275,0.8906499218258058,1.0,,,12.786317348480225
zQRF2sLK1vY,42.042,44.042,46.01263333333333,120,0.0416666666666666,1.209623717371103,310.688274626697,,,0.5666666666666667,2.024468340075188,167.35509548983006,,,0.1666666666666666,0.2729829237401329,1.0,,,12.704022789001446
zQRF2sLK1vY,43.043,45.043,47.01363333333333,120,0.0333333333333333,1.3745297821958469,428.0410094091055,,,0.8166666666666667,1.615632065297105,124.04274011844112,,,0.2166666666666666,0.2220469719512991,1.0,,,12.457139110565182
zQRF2sLK1vY,44.044,46.044,48.014633333333336,120,0.0,,,,,1.0,1.5902691238048134,94.44800389992383,-2.8974058439028205,-13.229048602269126,0.1583333333333333,0.2682592429728049,1.0,,,12.457139110565182
zQRF2sLK1vY,45.045,47.045,49.01563333333333,120,0.0,,,,,1.0,2.0029714606146,93.1470391149712,-8.834076607440275,-13.710612025739511,0.1166666666666666,0.2927862229517121,1.0,,,9.577376794815065
zQRF2sLK1vY,46.046,48.046,50.01663333333333,120,0.1083333333333333,1.1731426230140474,79.60218503723297,,,0.7666666666666667,1.9099686311666384,89.30356140216526,,,0.1166666666666666,0.4837083509365841,1.0,,,10.61498565673828
zQRF2sLK1vY,47.047,49.047,51.017633333333336,120,0.2083333333333333,1.392489597337116,93.06744932680192,,,0.5333333333333333,2.443339746633609,109.43814269260946,,,0.1,1.2905784317394582,1.0,-0.2153379240906514,,10.61498565673828
zQRF2sLK1vY,48.048,50.048,52.01863333333333,120,0.4583333333333333,1.0905688096431974,74.23685750565922,,,0.5333333333333333,2.35622459466998,189.45236506525285,,,0.35,1.602606990034369,1.0,-0.2379861126892409,,10.61498565673828
zQRF2sLK1vY,49.049,51.049,53.01963333333333,120,0.7083333333333334,0.9647294976318204,86.36000087465914,,,0.3833333333333333,1.3675689263939417,201.14674001094008,,,0.4416666666666666,1.5764004199143562,0.9903846153846154,-0.1546345279781011,,9.664169120788571
zQRF2sLK1vY,50.05,52.05,54.020633333333336,120,0.85,0.880388847122362,71.55230806179071,,,0.5333333333333333,1.4077481370428604,145.10252272970388,,,0.6333333333333333,1.519634074967303,0.8116883116883117,-0.2489751210979723,,7.052511739730834
zQRF2sLK1vY,51.051,53.051,55.02163333333333,120,1.0,0.9682866449537716,68.5207053353397,-3.0937692869884925,-13.79357155330086,0.7666666666666667,1.4403138776145006,130.90367785055213,,,0.8333333333333334,1.2596934193015663,0.8564356435643564,0.0690001619762882,,5.944450259208679
zQRF2sLK1vY,52.052,54.052,56.02263333333333,120,1.0,0.9998061659303624,65.75829094062287,-2.6745866182293305,-13.676493010116404,0.7666666666666667,1.544665001669698,115.7765568175069,,,0.8333333333333334,1.0325845892129033,0.8168316831683168,0.1362295531151883,,5.633099579811096
zQRF2sLK1vY,53.053,55.053,57.023633333333336,120,1.0,1.0927593257590766,59.325299672951616,-2.79611291829827,-13.983575245184444,0.9166666666666666,1.4910927826383815,93.75222718792318,,,0.9583333333333334,1.2373934491059777,0.5826086956521739,0.1750703094941711,,5.633099579811096
zQRF2sLK1vY,54.054,56.054,58.02463333333333,120,1.0,1.470235010323304,64.81997605246013,-3.3768021868642983,-13.07655590692198,1.0,1.3341527898052303,94.69991865018568,-2.8928255300770718,-13.32161500654444,0.9833333333333332,1.1684835913721503,0.5916666666666667,0.3741613416893147,0.0001738187034024,4.094063925743102
zQRF2sLK1vY,55.055,57.055,59.02563333333333,120,1.0,1.4807898796128165,57.700938163800494,-2.855177570840453,-13.05923651737665,0.8833333333333333,1.3875786213511967,91.11976142766758,,,0.9416666666666668,1.526047694534103,0.4652173913043478,0.1566462138623754,,3.8874525547027594
zQRF2sLK1vY,56.056,58.056,60.026633333333336,120,0.9583333333333334,1.3762994087446143,50.48979467373622,,,0.8416666666666667,1.270047707318453,80.84762597563855,,,0.9416666666666668,2.190139999116793,0.2391304347826087,0.1358864082044737,,2.7335018157958983
