frame,time_sec,present_A,present_B,pelvis_A_x,pelvis_A_y,pelvis_B_x,pelvis_B_y,torso_A_x,torso_A_y,torso_B_x,torso_B_y,body_A_x,body_A_y,body_B_x,body_B_y,dist_pelvis,dist_torso,dist_body,contact_proxy_min_dist,contact_proxy_hand_torso,torso_A_vx,torso_A_vy,torso_A_speed,torso_B_vx,torso_B_vy,torso_B_speed,dir_sim_torso,pelvis_A_vx,pelvis_A_vy,pelvis_A_speed,pelvis_B_vx,pelvis_B_vy,pelvis_B_speed,dir_sim_pelvis,dist_pelvis_norm,dist_torso_norm,contact_proxy_min_dist_norm
0,0.0,True,True,405.1835021972656,603.5426635742188,781.21533203125,429.5851135253906,372.80706787109375,559.9283447265625,650.6848754882812,351.9119873046875,364.2257385253906,452.6861572265625,673.2288818359375,395.62506103515625,414.32012939453125,347.1122131347656,314.22747802734375,68.31290435791016,191.23484802246094,-122.45727539062278,29.583251953128457,125.97997099625442,,,,,-384.0832214355438,200.29443359375014,433.1717686056493,,,,,0.28211819478011824,0.23635508875423777,0.04651551274084649
1,0.03333333333333333,False,True,392.38072814941404,610.2191446940104,821.5972290039062,470.8841552734375,368.72515869140625,560.914453125,683.3450927734375,371.6855773925781,361.3514933268229,453.4508748372396,681.4539794921875,393.638427734375,414.7478068033854,345.74290974934894,321.50575764973956,67.06935195922851,,-122.45727539062287,29.583251953128034,125.97997099625441,979.8065185546875,593.2077026367188,1145.3891008167448,-0.7098974531941425,-384.0832214355445,200.29443359375114,433.17176860565036,1211.4569091796875,1238.9712524414062,1732.8235937842687,-0.2892862493374847,0.2824094081921011,0.23542270489983855,0.045668755045671895
2,0.06666666666666667,False,True,379.5779541015625,616.8956258138021,823.493408203125,461.31378173828125,364.64324951171875,561.9005615234375,675.046142578125,365.1430358886719,358.4772481282552,454.21559244791666,680.5927734375,397.3048095703125,415.1754842122396,344.3736063639323,328.78403727213544,65.82579956054687,,-122.45727539062295,29.583251953127608,125.9799709962544,-248.968505859375,-196.2762451171875,317.03261868008457,0.617968540829481,-384.08322143554517,200.29443359375213,433.1717686056514,56.8853759765625,-287.1112060546875,292.69231394447667,-0.6259008506839245,0.28270062160408405,0.23449032104543938,0.04482199735049731
3,0.1,False,True,366.7751800537109,623.5721069335938,777.0092163085938,425.9504089355469,360.56134033203125,562.886669921875,652.941162109375,354.92889404296875,355.6030029296875,454.9803100585938,685.2681884765625,397.6039123535156,415.60316162109376,343.0043029785156,336.06231689453125,64.58224716186524,,-122.45727539062534,29.58325195312409,125.97997099625589,-663.1494140625,-306.42425537109375,730.5223950373912,0.7838912477703383,-384.0832214355471,200.29443359374955,433.17176860565195,-1394.5257568359375,-1060.9011840820312,1752.2024451716475,0.4257172217630621,0.2829918350160669,0.23355793719104015,0.043975239655322726
4,0.13333333333333333,False,True,353.9724060058594,630.2485880533854,798.3959350585938,427.03839111328125,356.47943115234375,563.8727783203125,659.8037719726562,380.9601135253906,352.7287577311198,455.7450276692708,683.5104370117188,403.44677734375,416.0308390299479,341.63499959309894,343.34059651692706,63.3386947631836,,-122.45727539062534,29.583251953124545,125.979970996256,205.8782958984375,780.9365844726562,807.6186115301348,-0.020725116194608123,-384.0832214355471,200.29443359374955,433.17176860565195,641.6015625,32.63946533203125,642.4312412232163,-0.8620390948495387,0.2832830484280498,0.23262555333664092,0.04312848196014814
5,0.16666666666666666,False,True,341.1696319580078,636.9250691731771,814.2639770507812,392.0553283691406,352.39752197265625,564.85888671875,665.2481079101562,350.484619140625,349.85451253255206,456.50974527994794,689.1674194335938,413.3415832519531,416.45851643880206,340.2656962076823,350.61887613932294,62.09514236450195,,-122.45727539062534,29.583251953124318,125.97997099625594,163.330078125,-914.2648315429688,928.7394126538464,-0.40210984702599634,-384.08322143554744,200.2944335937491,433.171768605652,476.041259765625,-1049.4918823242188,1152.4098628802494,-0.7873669862535152,0.2835742618400327,0.23169316948224172,0.04228172426497355
6,0.2,False,True,328.3668579101562,643.6015502929688,824.5211181640625,411.5904541015625,348.31561279296875,565.8449951171875,672.2625122070312,351.1014709472656,346.9802673339844,457.274462890625,674.9705810546875,422.381103515625,416.8861938476563,338.8963928222656,357.89715576171875,60.85158996582031,,-122.45727539062534,29.583251953124545,125.979970996256,210.43212890625,18.50555419921875,211.2442577023973,-0.9477293604798642,-384.083221435547,200.29443359374864,433.1717686056514,307.7142333984375,586.0537719726562,661.9267883077148,-0.0028060243132611603,0.2838654752520156,0.2307607856278425,0.04143496656979896
7,0.23333333333333334,False,True,315.5640838623047,650.2780314127604,838.4570922851562,368.9574279785156,344.23370361328125,566.831103515625,673.70361328125,332.9952087402344,344.10602213541665,458.0391805013021,678.2279663085938,427.6099853515625,417.3138712565104,337.52708943684894,365.17543538411456,59.60803756713867,,-122.45727539062534,29.583251953124318,125.97997099625594,43.2330322265625,-543.1878662109375,544.9056368531109,-0.3112066330538,-384.0832214355471,200.29443359374886,433.1717686056516,418.0792236328125,-1278.9907836914062,1345.5882215599886,-0.7149988099411071,0.2841566886639985,0.22982840177344327,0.040588208874624374
8,0.26666666666666666,False,True,302.7613098144531,656.954512532552,822.3275756835938,339.8978271484375,340.15179443359375,567.8172119140625,659.969970703125,325.22674560546875,341.231776936849,458.80389811197915,668.6185302734375,431.1469421386719,417.7415486653646,336.1577860514323,372.45371500651044,58.36448516845703,,-122.45727539062534,29.583251953124318,125.97997099625594,-412.00927734375,-233.05389404296875,473.35585149643015,0.7304475895986058,-384.08322143554733,200.29443359374864,433.1717686056517,-483.885498046875,-871.7880249023438,997.0754914163731,0.026019641888281243,0.28444790207598136,0.22889601791904407,0.039741451179449785
9,0.3,False,True,289.9585357666016,663.6309936523437,804.9803466796875,336.9365234375,336.06988525390625,568.8033203125,644.9781494140625,325.91241455078125,338.35753173828124,459.56861572265626,675.549560546875,435.6390686035156,418.1692260742187,334.7884826660156,379.73199462890625,57.12093276977539,,-122.45727539062534,29.583251953124318,125.97997099625594,-449.754638671875,20.570068359375,450.22479132004514,0.98175138129345,-384.08322143554733,200.2944335937491,433.17176860565195,-520.4168701171875,-88.839111328125,527.9451736725515,0.796224829946128,0.28473911548796427,0.22796363406464484,0.0388946934842752
10,0.3333333333333333,False,True,277.15576171875,670.3074747721354,810.0408935546875,332.73162841796875,331.98797607421875,569.7894287109375,640.7340698242188,328.0430908203125,335.48328653971356,460.3333333333333,693.119384765625,437.4395446777344,418.59690348307294,333.41917928059894,387.01027425130206,55.87738037109375,,-122.45727539062534,29.583251953124318,125.97997099625594,-127.3223876953125,63.9202880859375,142.4668159166362,0.9740671074628696,-384.08322143554733,200.2944335937491,433.17176860565195,151.81640625,-126.1468505859375,197.38604084234498,-0.9774810801809267,0.28503032889994717,0.22703125021024562,0.03804793578910061
11,0.36666666666666664,False,True,264.3529876708984,676.983955891927,781.937744140625,332.296630859375,327.90606689453125,570.775537109375,619.6610107421875,336.7178039550781,332.6090413411458,461.0980509440104,716.2815551757812,438.1249694824219,419.0245808919271,332.0498758951823,394.2885538736979,54.63382797241211,,-122.45727539062534,29.583251953124318,125.97997099625594,-632.1917724609375,260.24139404296875,683.6607494516045,0.9882465884050882,-384.08322143554716,200.29443359374977,433.1717686056521,-843.094482421875,-13.0499267578125,843.1954737061825,0.8794139863937733,0.2853215423119301,0.22609886635584645,0.03720117809392602
12,0.4,False,True,251.5502136230469,683.6604370117187,817.7490844726562,331.82159423828125,323.82415771484375,571.7616455078125,648.5824584960938,330.4898376464844,329.73479614257815,461.8627685546875,724.9552612304688,434.583740234375,419.45225830078124,330.6805725097656,401.56683349609375,53.39027557373047,,-122.45727539062534,29.583251953123863,125.97997099625583,867.6434326171875,-186.8389892578125,887.5324974729754,-0.9996890956330686,-384.0832214355474,200.29443359374977,433.1717686056523,1074.3402099609375,-14.2510986328125,1074.4347260541952,-0.8927315438548522,0.2856127557239129,0.22516648250144722,0.03635442039875143
13,0.43333333333333335,False,True,238.74743957519533,690.3369181315104,755.1396484375,320.8571472167969,319.74224853515625,572.74775390625,603.8312377929688,329.2369689941406,326.8605509440104,462.6274861653646,678.8832397460938,428.2485656738281,419.8799357096354,329.31126912434894,408.84511311848956,52.146723175048834,,-77.3546709333151,55.82794189453057,95.39656289081147,-1342.53662109375,-37.5860595703125,1343.062653360537,0.7941796613668642,-349.6469388689318,193.23111397879393,399.48872984090576,-1878.2830810546875,-328.93341064453125,1906.867725148898,0.7786787009623147,0.28590396913589583,0.224234098647048,0.03550766270357685
14,0.4666666666666667,False,True,225.94466552734374,697.0133992513021,618.837158203125,693.5250244140625,315.66033935546875,573.7338623046875,611.5999755859375,499.0977783203125,323.9863057454427,463.39220377604164,715.8848266601562,381.8126220703125,420.3076131184896,327.9419657389323,416.1233927408854,50.90317077636719,,0.7062312534872035,87.09725516182948,87.10011836563848,294.05131349434157,1978.265356793074,2000.0,0.9902922871457206,-253.1831032889233,163.23946271623822,301.2454248264955,-617.7261112833636,1902.2130401407214,2000.0,0.7749728461931932,0.28619518254787873,0.2233017147926488,0.03466090500840226
15,0.5,True,True,213.1418914794922,703.6898803710938,633.7784423828125,694.5743408203125,311.57843017578125,574.719970703125,628.7670288085938,496.9954833984375,321.112060546875,464.15692138671875,733.1270141601562,366.62408447265625,420.73529052734375,326.5726623535156,423.40167236328125,49.65961837768555,252.7262420654297,124.00546482631114,54.82763671874886,135.5854898392619,294.05131349434157,1978.265356793074,2000.0,0.5344509370323145,-110.79599761962913,50.83724103655095,121.90233043193737,-617.7261112833636,1902.2130401407214,2000.0,0.6773654081209898,0.28648639595986164,0.22236933093824957,0.03381414731322767
16,0.5333333333333333,True,True,211.05262756347656,708.1688842773438,673.7998046875,682.258056640625,321.5284423828125,583.87109375,658.4742431640625,493.5396728515625,325.8691101074219,466.6180725097656,742.7965698242188,361.64324951171875,463.4720458984375,348.8441467285156,429.9397888183594,48.02997589111328,280.177734375,249.23463003975968,54.61102294921852,255.14753504319017,891.2164306640625,-103.67431640625,897.2263316287006,0.9455505285559183,51.98930249895352,-13.266924176897874,53.65537113321696,1200.640869140625,-369.488525390625,1256.2086876972687,0.9988147923909255,0.3155866385516753,0.2375343941856727,0.032704493777637664
17,0.5666666666666667,True,True,221.1184844970703,706.9796142578125,666.8955078125,702.0311279296875,332.3775329589844,589.14208984375,658.8933715820312,506.0335998535156,327.35015869140625,470.22174072265625,747.863037109375,360.96319580078125,445.80450439453125,336.9267272949219,434.4749755859375,49.57069778442383,271.1413879394531,333.3732604980466,27.621538434709237,334.51559037001334,12.5738525390625,374.81781005859375,375.02865557820263,0.11593854777231948,205.0783244541713,-75.21172223772373,218.4351673217819,-207.12890625,593.192138671875,628.314648234811,-0.6345732603269847,0.30355648466422425,0.2294196041513188,0.03375359964617024
18,0.6,True,True,233.7969970703125,684.662841796875,690.8750610351562,689.7659912109375,352.0240783691406,574.510498046875,682.85791015625,501.09588623046875,333.75738525390625,475.0487365722656,757.3113403320312,360.5129699707031,457.1065673828125,338.881591796875,438.76690673828125,38.98783493041992,148.85235595703125,481.0218920026505,1.9258771623874509,481.0257473240431,718.9361572265625,-148.13140869140625,734.0382227163631,0.9786102424677344,373.19977896554127,-101.32069178989991,386.7091382482611,719.3865966796875,-367.9541015625,808.0267918448311,0.978509833019123,0.3112522671795576,0.23075070733748718,0.02654753372719063
19,0.6333333333333333,True,True,247.02813720703125,693.3465576171875,705.345458984375,693.293701171875,366.10638427734375,584.4127197265625,694.3497924804688,507.7769775390625,344.02667236328125,479.3073425292969,770.2084350585938,361.8709411621094,458.31732177734375,337.07086181640625,442.0658264160156,49.68162536621094,235.31532287597656,765.5007280622209,-128.93973214285825,776.2839810203882,344.7564697265625,200.4327392578125,398.78604085989826,0.7690236463994425,716.8486567905971,-56.29884992327038,719.0560181551687,434.1119384765625,105.831298828125,446.8259604583497,0.9500190743246785,0.3120766921106041,0.22951774799739766,0.033829132276387446
20,0.6666666666666666,True,True,259.57452392578125,688.3450927734375,693.152587890625,692.6661376953125,372.8592834472656,578.985595703125,693.4956665039062,508.3056335449219,349.3202819824219,482.8565673828125,780.2677001953125,364.43359375,433.599609375,328.3341979980469,446.9224548339844,41.611724853515625,243.30194091796875,1155.37964957101,-294.7528512137285,1192.3847440912066,-25.623779296875,15.85968017578125,30.13482239425062,-0.9540128720262299,1169.1670172555107,45.94744001115987,1170.0695199353443,-365.7861328125,-18.826904296875,366.27031995962705,-0.9999262474239553,0.2952459472171956,0.22356879295039517,0.028334188624907684
21,0.7,True,True,288.2640075683594,689.9281005859375,709.7781982421875,683.7581787109375,415.76617431640625,580.152587890625,710.2630615234375,503.0343933105469,361.8827819824219,483.8030090332031,792.4034423828125,368.120361328125,421.5593566894531,304.4267272949219,445.7919921875,48.30885696411133,268.835205078125,1595.684574672154,-352.2072928292421,1634.0927877476104,503.0218505859375,-158.13720703125,527.2934272438314,0.9961874137113408,1751.7707552228655,132.34889439174026,1756.7632193044128,498.768310546875,-267.23876953125,565.850145839303,0.8433645860766006,0.28704751776288245,0.2072897565290158,0.032894389028412775
22,0.7333333333333333,True,True,541.47119140625,688.9410400390625,717.4034423828125,682.7147216796875,622.3881225585938,503.2304382324219,714.1953735351562,507.8032531738281,459.9971923828125,421.9434814453125,802.398681640625,370.30419921875,176.04238891601562,91.92105865478516,346.2735900878906,2.1749136447906494,323.55340576171875,1786.4129202706474,-421.07558114188123,1835.368019429312,117.9693603515625,143.0657958984375,185.43082790574545,0.4422142947820935,1998.9427441180455,65.02231798141565,2000.0,228.75732421875,-31.3037109375,230.88922820733941,0.9858349766269701,0.11987049974700399,0.06259073911726686,0.001480938693873376
23,0.7666666666666667,True,True,473.16802978515625,711.6597900390625,724.3839111328125,683.8837280273438,578.5272827148438,516.363037109375,722.5432739257812,511.30743408203125,493.7935485839844,408.96820068359375,809.7583618164062,372.8713684082031,252.74676513671875,144.10470581054688,318.0200500488281,5.386446475982666,198.5775146484375,1717.084121704101,-404.4878278459828,1764.0828449604926,250.43701171875,105.12542724609375,271.6064290334289,0.8087458776698324,1999.8611545621295,-23.566047376286665,2000.0,209.4140625,35.0701904296875,212.33032715447987,0.9842507870825529,0.17209991998478746,0.09812354403828324,0.003667730453513459
24,0.8,True,True,587.6519165039062,709.4796142578125,709.8218994140625,685.521728515625,665.4161987304688,520.5439453125,716.658447265625,513.5146484375,525.6685180664062,388.85614013671875,816.6812744140625,374.81451416015625,124.4969253540039,51.72213363647461,291.351318359375,2.669416666030884,200.37815856933594,1476.9750758579798,-283.38151114327616,1503.9150426681463,-176.5447998046875,66.2164306640625,188.55418857178904,-0.9857082670696226,1870.4850442068914,-56.04263305664176,1871.3244179782344,-436.8603515625,49.1400146484375,439.6154089735251,-0.9966348804411075,0.0847722457701335,0.035218551879248494,0.0018176548941446023
25,0.8333333333333334,False,True,604.1642761230469,692.7494506835938,567.0510864257812,711.8123779296875,672.587646484375,513.6357116699219,651.9108276367188,524.0164794921875,533.9363098144531,384.0572204589844,538.2747192382812,381.5216064453125,124.67762124949488,52.16858830945245,286.9962642275054,2.6339996436546587,,975.6467546735483,-71.6317095075342,978.2728104736423,-1942.4285888671875,315.054931640625,1967.8131092153167,-0.9961736278332586,1289.2383629935123,-67.38170078822623,1290.9980055039998,-1981.265225254087,273.10822652789415,2000.0,-0.9964096081943424,0.08489528492807782,0.03552255107565664,0.001793538792347016
26,0.8666666666666667,True,False,620.6766357421875,676.019287109375,570.846484375,704.6788452148437,679.7590942382812,506.72747802734375,655.4484497070313,521.5039794921875,542.2041015625,379.25830078125,541.15849609375,380.8789123535156,124.85831714498586,52.615042982430296,282.64121009563576,2.598582621278434,,595.1646423339831,-12.562473842076088,595.2972091599044,106.12866210937568,-75.37500000000136,130.1717463435374,0.8273351124322204,909.6089499337326,-132.54207066127265,919.2147966034519,-1981.265225254087,273.10822652789415,2000.0,-0.9999702564671115,0.08501832408602217,0.03582655027206479,0.0017694226905494298
27,0.9,True,False,666.5535278320312,695.3125,574.6418823242187,697.5453125,722.1744995117188,520.58544921875,658.9860717773438,518.9914794921875,544.291748046875,378.8306884765625,544.0422729492187,380.23621826171876,125.03901304047683,53.06149765540813,278.2861559637662,2.563165598902209,,315.72447640555174,-44.34238978794724,318.8231367602829,106.12866210937568,-75.37499999999795,130.1717463435354,0.8879074025414613,580.2759116036549,-119.9346705845428,592.5406811314101,113.86193847656045,-214.00598144531045,242.41101692788345,0.6386738087157912,0.0851413632439665,0.03613054946847293,0.0017453065887518434
28,0.9333333333333333,True,False,641.8804931640625,701.8823852539062,578.4372802734375,690.4117797851562,700.135498046875,527.762939453125,662.5236938476562,516.4789794921875,539.68896484375,377.8835144042969,546.9260498046875,379.59352416992186,125.2197089359678,53.507952328385976,273.93110183189657,2.527748576525984,,249.680066789899,-46.48229326520709,253.96995755285928,106.12866210937227,-75.37500000000136,130.1717463435346,0.9075037764348145,496.27876281738224,-74.88649640764561,501.8969991619434,113.86193847656386,-214.00598144531386,242.41101692788808,0.5961714899904084,0.08526440240191083,0.03643454866488108,0.0017211904869542573
29,0.9666666666666667,True,False,699.2086791992188,674.6349487304688,582.2326782226562,683.2782470703125,724.0144653320312,505.3254699707031,666.0613159179687,513.9664794921875,541.4907836914062,378.3324279785156,549.8098266601562,378.950830078125,125.40040483145879,53.95440700136382,269.57604770002695,2.492331554149759,,150.03348214285643,-61.97546822684217,162.32992461603357,106.12866210937568,-75.37499999999795,130.1717463435354,0.9746097218480236,361.96230207170674,-63.147997174944976,367.42941862112286,113.86193847656045,-214.00598144531045,242.41101692788345,0.6144429144991194,0.08538744155985517,0.036738547861289224,0.001697074385156671
30,1.0,False,True,697.7513122558594,675.6219075520834,586.028076171875,676.1447143554688,722.5649108886719,505.27687581380206,669.5989379882812,511.4539794921875,552.9740091959635,378.0096130371094,552.693603515625,378.3081359863281,125.58110072694976,54.40086167434166,265.2209935681573,2.4569145317735344,,26.02151053292323,-98.17152840750646,101.5616463054872,106.12866210937568,-75.37500000000136,130.1717463435374,0.7686048341136522,196.57980782644995,-103.70180402483311,222.25589981615533,113.86193847656386,-214.00598144531386,242.41101692788808,0.8273573835593382,0.0855104807177995,0.03704254705769738,0.0016729582833590849
31,1.0333333333333334,False,True,696.2939453125,676.6088663736979,623.3548583984375,672.4248046875,721.1153564453125,505.22828165690106,689.0108642578125,506.68701171875,564.4572347005209,377.6867980957031,561.5252685546875,377.1620788574219,125.76179662244073,54.847316347319506,260.8659394362877,2.4214975093973092,,37.926472255161116,-73.42206682477718,82.6390778902061,582.3577880859375,-143.009033203125,599.6600511306704,0.6575837496754334,145.23255484444735,-61.14464896065874,157.5790693054366,1119.803466796875,-111.5972900390625,1125.3505051291186,0.9555849835917237,0.08563351987574383,0.03734654625410552,0.0016488421815614984
32,1.0666666666666667,False,True,694.8365783691406,677.5958251953125,655.3536987304688,696.0552978515625,719.6658020019531,505.1796875,697.2816772460938,518.2536010742188,575.9404602050781,377.3639831542969,574.2581176757812,376.7476806640625,125.94249251793171,55.29377102029735,256.5108853044181,2.3860804870210846,,-43.48663330078148,-1.4578247070314774,43.51106214186305,248.1243896484375,346.9976806640625,426.58305536512853,-0.6085828531351352,-43.721008300781705,29.60876464843659,52.803461163483696,959.9652099609375,708.914794921875,1193.35384140433,-0.3329548601441354,0.08575655903368817,0.03765054545051367,0.0016247260797639124
33,1.1,False,True,693.3792114257812,678.5827840169271,653.3553466796875,692.0963134765625,718.2162475585938,505.13109334309894,694.93310546875,514.3484497070312,587.4236857096354,377.0411682128906,593.6350708007812,376.04571533203125,126.12318841342268,55.74022569327519,252.1558311725485,2.3506634646448594,,-79.58623613630084,-14.569157191685463,80.90877161111197,-70.4571533203125,-117.154541015625,136.709169167923,0.6612676772730957,-94.31569780622249,11.985190255300267,95.07415862436241,-59.9505615234375,-118.76953125,133.04236686229012,0.3344801994905565,0.0858795981916325,0.037954544646921815,0.001600609977966326
34,1.1333333333333333,False,True,691.9218444824219,679.5697428385416,651.470458984375,676.5756225585938,716.7666931152344,505.08249918619794,695.6079711914062,504.47637939453125,598.9069112141927,376.7183532714844,587.7921752929688,376.0914001464844,126.30388430891365,56.18668036625303,247.8007770406789,2.3152464422686347,,-139.752240862166,-36.421377999442484,144.42023958356782,20.2459716796875,-296.162109375,296.85332135366815,0.18560555392877867,-178.64018031529076,-17.38743373325974,179.4843638730352,-56.546630859375,-465.6207275390625,469.0417714612978,0.21615853599550308,0.08600263734957683,0.03825854384332996,0.0015764938761687398
35,1.1666666666666667,True,False,690.4644775390625,680.5567016601562,648.0147705078125,672.0522766113281,715.317138671875,505.0339050292969,691.822021484375,499.8890380859375,610.39013671875,376.3955383300781,623.9130249023438,376.1913757324219,126.48458020440464,56.63313503923087,243.44572290880927,2.2798294198924096,,-211.95144653320358,-62.644042968750455,221.0151393162652,-113.5784912109375,-137.6202392578125,178.43599390013935,0.8290226746762257,-279.82955932617233,-52.63458251953193,284.7366880991721,-103.670654296875,-135.70037841796875,170.7694271967968,0.7435095325465015,0.08612567650752118,0.038562543039738106,0.0015523777743711535
36,1.2,False,True,673.2665405273438,676.0607706705729,644.55908203125,667.5289306640625,702.6365966796875,500.90622965494794,688.0360717773438,495.30169677734375,642.728515625,376.1023661295573,660.0338745117188,376.2913513183594,126.6652760998956,57.079589712208715,239.09066877693965,2.244412397516185,,-271.25355311802537,-99.93729727608866,289.07776370036265,-113.5784912109375,-137.6202392578125,178.43599390013935,0.8639073589234304,-370.65065656389606,-108.29511369977718,386.14730461637936,-103.670654296875,-135.70037841796875,170.7694271967968,0.8055739879675973,0.0862487156654655,0.03886654223614625,0.0015282616725735673
37,1.2333333333333334,False,True,656.068603515625,671.5648396809896,605.099609375,659.5054931640625,689.9560546875,496.77855428059894,663.6868896484375,490.99444580078125,675.06689453125,375.80919392903644,686.6544189453125,375.723876953125,126.84597199538658,57.52604438518656,234.73561464507003,2.20899537513996,,-309.92439270019577,-140.24050031389584,340.1771995870343,-730.4754638671875,-129.217529296875,741.816401267572,0.9689504230071222,-437.6946694510334,-171.69004167829303,470.163901291181,-1183.7841796875,-240.703125,1208.0078552986206,0.9850353792280261,0.08637175482340984,0.039170541432554405,0.0015041455707759809
38,1.2666666666666666,True,False,638.8706665039062,667.0689086914062,615.165771484375,664.9796142578125,677.2755126953125,492.65087890625,667.90869140625,491.0429992675781,707.4052734375,375.5160217285156,710.2499084472656,375.754638671875,127.02666789087756,57.9724990581644,230.38056051320044,2.173578352763735,,-320.22979736328193,-175.49301147460983,365.164237290231,126.654052734375,1.45660400390625,126.6624284042669,-0.8824160180786021,-467.55279541015693,-230.14038085937523,521.1239885074859,301.98486328125,164.2236328125,343.7502861455247,-0.9991729002755771,0.08649479398135418,0.03947454062896255,0.0014800294689783949
39,1.3,False,True,624.8984171549479,656.2221476236979,625.23193359375,670.4537353515625,668.6074015299479,485.0790201822917,672.1304931640625,491.091552734375,720.8281860351562,375.52650960286456,733.8453979492188,375.785400390625,127.20736378636853,58.41895373114224,226.0255063813308,2.13816133038751,,-267.27164132254507,-150.43326241629507,306.69903276087626,126.654052734375,1.45660400390625,126.6624284042669,-0.8770289599532068,-383.75058855329326,-202.4440438406814,433.87567931559227,301.98486328125,164.2236328125,343.7502861455247,-0.9999200537325136,0.08661783313929851,0.03977853982537069,0.0014559133671808084
40,1.3333333333333333,False,True,610.9261678059896,645.3753865559896,664.8575439453125,648.8409423828125,659.9392903645834,477.5071614583333,691.266845703125,483.7461853027344,734.2510986328125,375.53699747721356,750.5543212890625,375.29119873046875,127.38805968185952,58.86540840412008,221.67045224946122,2.1027443080112853,,-200.503213065012,-90.21603175572034,219.86466481711594,574.090576171875,-220.36102294921875,614.9300530016252,-0.7043337947658718,-261.36071341378397,-122.26117815290218,288.5432691980491,1188.768310546875,-648.3837890625,1354.0943962957367,-0.5923122277939348,0.08674087229724285,0.04008253902177884,0.0014317972653832224
41,1.3666666666666667,True,False,596.9539184570312,634.5286254882812,659.1558837890625,639.9840087890625,651.2711791992188,469.935302734375,686.9310607910156,475.2860870361328,747.6740112304688,375.5474853515625,747.8042602539062,375.937744140625,127.56875557735049,59.311863077097925,217.3153981175916,2.06732728563506,,-133.27819824218773,-6.884765625000682,133.4559032954147,-130.07354736328125,-253.80294799804688,285.19302960655796,0.5013923853953611,-124.86114501953216,-5.628356933594887,124.98793516720158,-171.0498046875,-265.7080078125,316.00440044296766,0.5786040927553966,0.08686391145518718,0.04038653821818699,0.001407681163585636
42,1.4,False,True,602.6020914713541,645.0001627604166,653.4542236328125,631.1270751953125,651.0540771484375,477.0481770833333,682.5952758789062,466.82598876953125,742.1883748372396,375.9993896484375,745.05419921875,376.58428955078125,127.74945147284146,59.75831775007577,212.96034398572198,2.0319102632588355,,-84.78065957828494,56.08719961983786,101.65399254197828,-130.07354736328125,-253.80294799804688,285.19302960655796,-0.11063345008489898,-18.281028903261586,92.6360616878585,94.42264528596205,-171.0498046875,-265.7080078125,316.00440044296766,-0.7201286133938911,0.08698695061313151,0.040690537414595135,0.00138356506178805
43,1.4333333333333333,False,True,608.2502644856771,655.4717000325521,630.12744140625,595.9259033203125,650.8369750976562,484.1610514322917,670.9861450195312,450.3100280761719,736.7027384440104,376.4512939453125,723.7232666015625,375.67376708984375,127.93014736833244,60.20477242305361,208.60528985385236,1.9964932408826104,,-49.22469158561921,82.3722621372765,95.95967815343862,-348.27392578125,-495.47882080078125,605.6351948501807,-0.40728555489035334,54.2430924396117,142.20492304587765,152.19905786796528,-699.803466796875,-1056.03515625,1266.8603488060105,-0.9757173951817519,0.08710998977107585,0.04099453661100328,0.0013594489599904635
44,1.4666666666666666,True,False,613.8984375,665.9432373046875,632.5924072265625,565.3592224121094,650.619873046875,491.27392578125,669.0019836425781,432.18348693847656,731.2171020507812,376.9031982421875,731.056884765625,376.603271484375,128.1108432638234,60.65122709603145,204.25023572198276,1.9610762185063857,,-33.72148786272328,66.71340942382778,74.7517072756674,-59.52484130859375,-543.7962341308594,547.0443775304867,-0.8380811545256637,78.20639474051268,133.1644548688605,154.43125402207184,73.948974609375,-917.0004272460938,919.9773010326377,-0.8187929868996329,0.08723302892902017,0.04129853580741143,0.0013353328581928773
45,1.5,False,True,613.4640241350446,664.3493303571429,635.057373046875,534.7925415039062,648.5888759068081,488.6086120605469,667.017822265625,414.05694580078125,733.9712437220982,376.82667323521207,738.3905029296875,377.53277587890625,128.2915391593144,61.0976817690093,199.89518159011314,1.9256591961301606,,-45.3822420081317,3.853628976003847,45.545563405993015,-59.52484130859375,-543.7962341308594,547.0443775304867,0.02431350689832543,39.10405373086678,55.60088488520364,67.97488814410939,73.948974609375,-917.0004272460938,919.9773010326377,-0.769074249046098,0.08735606808696453,0.04160253500381958,0.001311216756395291
46,1.5333333333333334,False,True,613.0296107700893,662.7554234095982,612.5953979492188,534.01416015625,646.557878766741,485.94329833984375,655.0974731445312,415.17926025390625,736.7253853934152,376.7501482282366,702.4553833007812,376.54949951171875,128.47223505480537,61.544136441987135,195.54012745824355,1.8902421737539359,,-55.099537129305645,-48.52952139718241,73.42392960679315,-357.6104736328125,33.66943359375,359.1919843348518,0.685170949307675,6.518769556161033,-9.035423434511586,11.141509465384528,-673.8592529296875,-23.3514404296875,674.263733659981,-0.5566516582457968,0.08747910724490886,0.04190653420022772,0.0012871006545977048
47,1.5666666666666667,False,True,612.595197405134,661.1615164620536,630.2704467773438,546.7546997070312,644.5268816266741,483.2779846191406,657.551513671875,422.35345458984375,739.4795270647321,376.67362322126115,718.4212646484375,377.1715393066406,128.65293095029634,61.99059111496498,191.18507332637392,1.8548251513777108,,-60.929914202010195,-79.9594116210942,100.5284136523396,73.6212158203125,215.225830078125,227.4692096783188,-0.9487450206698227,-13.032400948661234,-47.81720842634013,49.5613649547177,530.25146484375,382.2161865234375,653.6480927911148,-0.777478715321652,0.08760214640285319,0.042210533396635865,0.0012629845528001184
48,1.6,False,True,612.1607840401786,659.567609514509,613.455322265625,593.883544921875,642.4958844866071,480.6126708984375,638.9590454101562,448.03192138671875,742.2336687360491,376.5970982142857,716.98876953125,376.9745788574219,128.8336268457873,62.43704578794282,186.8300191945043,1.8194081290014859,,-60.92991420200997,-79.9594116210942,100.52841365233947,-557.7740478515625,770.35400390625,951.0821099101316,-0.2887951467020439,-13.032400948661234,-47.8172084263399,49.56136495471748,-504.4537353515625,1413.8653564453125,1501.1624886288541,-0.8203377474143897,0.08772518556079752,0.04251453259304402,0.0012388684510025322
49,1.6333333333333333,False,True,611.7263706752232,657.9737025669643,627.3951416015625,585.7978515625,640.4648873465402,477.9473571777344,644.4835205078125,441.9412536621094,744.987810407366,376.5205732073103,724.6090087890625,376.26055908203125,129.01432274127828,62.883500460920665,182.47496506263468,1.783991106625261,,-213.03428182796597,-137.3312922886446,253.46299350324568,165.7342529296875,-182.72003173828125,246.68695261930685,-0.16335440075002658,-311.7089874890396,-147.31183421855144,344.76552812350053,418.194580078125,-242.57080078125,483.4535139994084,-0.5676897930121673,0.08784822471874185,0.04281853178945216,0.001214752349204946
50,1.6666666666666667,False,True,611.2919573102679,656.3797956194196,599.8192138671875,636.247314453125,638.4338902064732,475.28204345703125,626.387939453125,466.08270263671875,747.7419520786831,376.4440482003348,737.9921875,375.96539306640625,129.19501863676925,63.32995513389851,178.1199109307651,1.748574084249036,,-449.44703082649175,-259.4717952183322,518.9684441587692,-542.867431640625,724.2434692382812,905.1152694935546,0.11936612137394029,-791.933511227978,-401.0199690838258,887.6799546063133,-827.27783203125,1513.48388671875,1724.8252336766236,0.03148847495649299,0.08797126387668618,0.04312253098586031,0.0011906362474073597
51,1.7,True,False,610.8575439453125,654.785888671875,578.4410400390625,636.5147501627604,636.4028930664062,472.6167297363281,615.9700520833334,464.5963541666667,750.49609375,376.3675231933594,744.2284138997396,375.37196858723956,129.37571453226025,63.776409806876345,173.7648567988955,1.7131570618728111,,-593.1524767194485,-358.615101405553,693.1339348167359,-312.53662109374886,-44.59045410156193,315.70151745229396,0.9202518965523703,-1111.2125669206898,-602.207826886859,1263.9017507885103,-641.34521484375,8.023071289061363,641.3953962072734,0.8731633963179802,0.08809430303463053,0.043426530182268455,0.0011665201456097735
52,1.7333333333333334,True,False,517.5015258789062,622.2380981445312,557.0628662109375,636.7821858723959,587.050537109375,452.1023864746094,605.5521647135416,463.11000569661456,753.6134643554688,375.8779602050781,750.4646402994791,374.77854410807294,129.55641042775122,64.2228644798542,169.40980266702587,1.6777400394965862,,-643.1514755560431,-426.73089163644033,771.8439443221323,-312.5366210937523,-44.59045410156364,315.70151745229754,0.9030017331991326,-1258.7742677026877,-736.507387745138,1458.4086496018886,-641.34521484375,8.023071289064774,641.3953962072734,0.8567303673342482,0.08821734219257486,0.04373052937867661,0.0011424040438121872
53,1.7666666666666666,True,True,429.6116638183594,562.3486938476562,535.6846923828125,637.0496215820312,543.0164794921875,423.337158203125,595.13427734375,461.6236572265625,591.6580810546875,376.1719665527344,756.7008666992188,374.18511962890625,129.7371063232422,64.66931915283203,165.05474853515625,1.6423230171203613,283.0401916503906,-579.240095177476,-404.9977438790463,706.7830363048685,-312.53662109374886,-44.59045410156193,315.70151745229396,0.8922626507441396,-1119.198730624453,-695.309811027683,1317.596877630916,-641.34521484375,8.023071289061363,641.3953962072734,0.8427567727343239,0.08834038135051919,0.04403452857508475,0.001118287942014601
54,1.8,False,True,419.1234893798828,547.3446350097656,552.5087280273438,624.2003784179688,540.0529479980469,413.1768798828125,603.5181884765625,450.09637451171875,588.8325805664062,375.1703338623047,768.6810302734375,373.2206115722656,136.1065216064453,65.82810592651367,181.63451385498047,3.504531145095825,,-406.8207877022885,-302.31570652553046,506.85100347019255,251.517333984375,-345.8184814453125,427.6112620169745,0.010260809705371913,-716.5967341831758,-495.6606837681368,871.3153234481132,504.7210693359375,-385.477294921875,635.0874764407644,-0.30832565296344433,0.0926774333400716,0.04482356779749443,0.002386299699341098
55,1.8333333333333333,True,True,408.63531494140625,532.340576171875,536.762451171875,594.6529541015625,537.0894165039062,403.0166015625,598.5481567382812,429.6636962890625,586.007080078125,374.168701171875,784.2169189453125,372.8416748046875,142.47593688964844,66.98689270019531,198.2142791748047,5.366739273071289,287.4532775878906,-131.29600524902435,-127.58482796805276,183.07520127529412,-149.1009521484375,-612.9803466796875,630.8533897405327,0.8466559350992466,-75.0790568760466,-154.60559300014052,171.87133026866852,-472.3883056640625,-886.4227294921875,1004.4381348239142,0.9992948196137761,0.09701448532962399,0.04561260701990412,0.003654311456667595
56,1.8666666666666667,False,True,430.7042948404948,546.6558837890625,558.3875732421875,620.4556274414062,540.1007080078125,408.6579996744792,600.9502563476562,447.7767333984375,591.854248046875,372.8469543457031,792.083740234375,371.2000732421875,132.71075693766275,68.13509623209636,194.1276092529297,5.429204940795898,,76.04258946009963,-46.652635846819635,89.21291298491053,72.06298828125,543.39111328125,548.1486808093766,-0.4063391200442884,331.4748055594305,48.414590018135414,334.991819672192,648.753662109375,774.0802001953125,1009.9908269062349,0.7463594785094251,0.09036519473449134,0.046394439918376745,0.003696845478463626
57,1.9,False,True,452.7732747395833,560.97119140625,543.7415161132812,610.0655517578125,543.1119995117188,414.2993977864583,595.4387817382812,433.6846923828125,597.701416015625,371.52520751953125,793.9330444335938,368.8647155761719,122.94557698567708,69.28329976399739,190.0409393310547,5.491670608520508,,-104.58055768694271,239.84905787876653,261.657531157511,-165.34423828125,-422.76123046875,453.94468288576564,-0.7081030015403559,72.13061196463423,182.81747000557982,196.53257369106453,-439.3817138671875,-311.7022705078125,538.7156911772596,-0.8375663807966183,0.08371590413935869,0.047176272816849364,0.0037393795002596576
58,1.9333333333333333,True,True,474.8422546386719,575.2864990234375,583.4546508789062,607.1165161132812,546.123291015625,419.9407958984375,615.59130859375,431.55072021484375,603.548583984375,370.2034606933594,789.4745483398438,366.9597473144531,113.1803970336914,70.43150329589844,185.9542694091797,5.554136276245117,255.86874389648438,-468.47390311105005,689.6300833565845,833.7010553948646,604.5758056640625,-64.0191650390625,607.9558851484612,-0.6459017317110242,-506.0691615513397,340.1886422293519,609.7821812541966,1191.39404296875,-88.4710693359375,1194.6743889993072,-0.8689530863546818,0.07706661354422603,0.04795810571532198,0.003781913522055689
59,1.9666666666666666,True,False,480.878662109375,549.2395629882812,556.4197387695312,595.3919982910156,560.6197509765625,400.55279541015625,598.0734558105469,421.53282165527344,598.1184692382812,367.4689025878906,774.9093627929688,365.2251434326172,161.1190528869629,116.8738021850586,208.50386810302734,16.01848030090332,,-655.0125340053017,924.1412353515623,1132.730525138772,-525.5355834960938,-300.5369567871094,605.4007861866687,0.09696423297153171,-858.4536416190016,389.08633640834194,942.5130407525355,-811.04736328125,-351.73553466796875,884.0337730164101,0.6713659419464801,0.10970892582886979,0.07958152102752403,0.010907277790764705
60,2.0,True,True,321.1548156738281,602.2520751953125,529.3848266601562,583.66748046875,448.67901611328125,507.85137939453125,580.5556030273438,411.5149230957031,530.5744018554688,387.81243896484375,760.3441772460938,363.49053955078125,209.05770874023438,163.31610107421875,231.053466796875,26.482824325561523,96.04742431640625,-661.8928527832038,1001.1646597726002,1200.1803300100673,-525.5355834960938,-300.5369567871094,605.4007861866687,0.0646324048677494,-896.0473414829803,428.7272644042963,993.3317197302763,-811.04736328125,-351.73553466796875,884.0337730164101,0.655862408027634,0.14235123811351355,0.11120493633972608,0.018032642059473723
61,2.033333333333333,True,True,276.49981689453125,617.583740234375,549.649658203125,599.8218383789062,419.02496337890625,570.8035888671875,588.9327392578125,420.0940246582031,472.2710266113281,476.47088623046875,726.7327270507812,360.9731140136719,273.7267150878906,227.11676025390625,279.4467468261719,49.2740478515625,120.77076721191406,-906.1055607698408,668.042769918636,1125.7479423470386,251.3140869140625,257.373046875,359.72163618438344,-0.1377455906975063,-944.096841617507,176.97836739676245,960.541612257676,607.9449462890625,484.6307373046875,777.4728350617121,-0.6537131878783119,0.18638555369380214,0.1546479783658483,0.03355160525197369
62,2.066666666666667,False,True,313.19647216796875,627.2548828125,542.927001953125,582.1707763671875,437.8106994628906,569.9200134277344,583.7787475585938,406.65106201171875,473.91099548339844,486.0637512207031,728.0288696289062,362.1126403808594,239.12134552001953,217.53050994873047,282.7971496582031,65.5357666015625,,-1271.188678352201,18.316152144450825,1271.32062730068,-154.6197509765625,-403.28887939453125,431.91340293553174,0.3444983287082762,-915.0832943040504,-265.48148018973257,952.8157491551473,-201.6796875,-529.5318603515625,566.6380568559479,0.6022108028513786,0.1628221212184031,0.1481205242574546,0.04462450857548901
63,2.1,True,True,349.89312744140625,636.926025390625,546.0634765625,579.098876953125,456.596435546875,569.0364379882812,581.103759765625,402.4869384765625,475.55096435546875,495.6566162109375,704.30126953125,323.7446594238281,204.51597595214844,207.9442596435547,286.1475524902344,81.7974853515625,279.2212219238281,-1047.8711933992354,-725.0729440183059,1274.2703057449432,-80.2496337890625,-124.9237060546875,148.47873941314498,0.9231933802211701,-390.4188957992869,-691.7148481096549,794.2898370824704,94.09423828125,-92.156982421875,131.70662506812036,0.25819089530528155,0.13925868874300404,0.14159307014906086,0.055697411899004325
64,2.1333333333333333,True,True,165.90185546875,470.39984130859375,549.1739501953125,557.1555786132812,181.79396057128906,413.7424621582031,580.989501953125,389.0447998046875,139.69464111328125,470.1551208496094,703.75390625,349.06549072265625,392.96826171875,399.9588317871094,576.9103393554688,195.23094177246094,284.2104187011719,-654.1263035365517,-1126.37675694057,1302.5382219168653,-3.427734375,-403.26416015625,403.27872771753186,0.8689924832260139,103.15246582031227,-879.2864554268979,885.3163851991043,93.314208984375,-658.2989501953125,664.8797255343482,0.9997112375614631,0.2675793154534531,0.2723393231582477,0.13293633823333142
65,2.1666666666666665,False,True,230.6625714983259,477.62274169921875,531.6588134765625,570.9288940429688,245.22332327706474,405.7101396833147,571.7328491210938,391.97772216796875,225.05823625837053,438.9241049630301,694.2900390625,356.9524841308594,365.37772696358815,374.80675615583147,534.7086356026786,170.45909990583147,,-233.76839073336896,-1085.783444618693,1110.6634724857495,-277.6995849609375,87.9876708984375,291.30549208281104,-0.09463419386488263,386.7556420151067,-799.3221718924392,887.9728943550944,-525.4541015625,413.199462890625,668.4577839938398,-0.8987982537718298,0.2487924129934658,0.25521281235502247,0.1160687355923377
66,2.2,False,True,295.4232875279018,484.84564208984375,527.4817504882812,560.4713134765625,308.6526859828404,397.67781720842635,568.9210205078125,384.47149658203125,310.4218314034598,407.6930890764509,682.3096923828125,359.45147705078125,337.78719220842635,349.65468052455356,492.50693184988836,145.687258039202,,453.3158625388628,-872.0910457688939,982.8723535330699,-84.3548583984375,-225.186767578125,240.46792390608968,0.6691112917189957,876.7415323062817,-527.9519217354919,1023.4299908322824,-125.3118896484375,-313.7274169921875,337.8283023369298,0.16129539900724738,0.23000551053347856,0.23808630155179722,0.09920113295134397
67,2.2333333333333334,False,True,360.1840035574777,492.06854248046875,490.95977783203125,572.2685546875,372.08204868861606,389.64549473353793,543.750732421875,389.9879455566406,395.78542654854914,376.46207318987166,654.80322265625,360.63714599609375,310.1966574532645,324.5026048932757,450.3052280970982,120.91541617257255,,1359.2939991853673,-477.64018856749294,1440.7707402484752,-755.108642578125,165.49346923828125,773.0311445580317,-0.9925480614670245,1543.041500169404,-62.552588326590694,1544.3088737527219,-1095.6591796875,353.917236328125,1151.4019490185099,-0.9632565774187726,0.21121860807349127,0.220959790748572,0.08233353031035026
68,2.2666666666666666,False,True,424.94471958705356,499.29144287109375,526.9185180664062,564.8103637695312,435.51141139439176,381.61317225864957,565.6392822265625,382.56597900390625,481.1490216936384,345.2310573032924,636.5235595703125,362.1978454589844,282.6061226981027,299.35052926199774,408.103524344308,96.14357430594308,,1902.8808811732702,-240.96967424665206,1918.0776918157665,656.656494140625,-222.65899658203125,693.3792469175679,0.9798774349015335,1942.8214808872767,216.68701171874966,1954.8679156517537,1078.76220703125,-223.7457275390625,1101.7214030375,0.9506155693255809,0.192431705613504,0.2038332799453467,0.06546592766935652
69,2.3,False,True,489.7054356166294,506.51434326171875,535.4398193359375,585.5596923828125,498.9407741001674,373.58084978376115,569.9302368164062,407.652099609375,566.5126168387277,314.0000414167132,623.7323608398438,362.3080139160156,255.01558794294084,274.1984536307199,365.90182059151783,71.3717324393136,,1710.1369997919824,-172.78222998794308,1718.8432904302617,128.7286376953125,752.5836181640625,763.5136963354373,0.06866294568325408,1710.3031890246332,274.65833391462,1732.2165565473,255.6390380859375,622.4798583984375,672.9282962584068,0.5217566257843703,0.1736448031535167,0.18670676914212148,0.04859832502836279
70,2.3333333333333335,False,True,554.4661516462054,513.7372436523438,498.1734619140625,702.7625122070312,562.370136805943,365.5485273088728,523.444091796875,567.9745483398438,651.876211983817,282.76902553013394,597.2741088867188,419.27825927734375,227.425053187779,249.04637799944197,323.7001168387277,46.59989057268416,,1203.2230205925139,179.85394536232423,1216.5907606694072,-692.3638432684727,1876.3348062348086,2000.0,-0.20368472018698944,1147.7938469088804,519.4691358293801,1259.8725721600613,-769.105224609375,1240.2593994140625,1459.3718595191453,-0.12971545591646894,0.15485790069352942,0.16958025833889623,0.03173072238736908
71,2.3666666666666667,True,True,619.2268676757812,520.9601440429688,484.1661376953125,668.24365234375,625.7994995117188,357.5162048339844,516.3566284179688,552.8388061523438,737.2398071289062,251.5380096435547,527.9675903320312,439.8103942871094,199.8345184326172,223.89430236816406,281.4984130859375,21.828048706054688,243.83265686035156,508.27829633440206,714.5462254115512,876.8826231454798,-692.3638432684727,1876.3348062348086,2000.0,0.5638237165553209,391.125837053571,882.3983328683034,965.1975125639403,-769.105224609375,1240.2593994140625,1459.3718595191453,0.5633934351204858,0.13607099823354216,0.15245374753567095,0.014863119746375341
72,2.4,True,True,611.6485595703125,546.2185668945312,464.10577392578125,686.0140380859375,629.2640991210938,370.69775390625,499.561279296875,562.0850830078125,731.817626953125,328.1578369140625,516.7577514648438,442.6933288574219,203.25267028808594,231.1967315673828,243.65780639648438,22.692867279052734,211.9521026611328,-30.207524202308377,1034.07428819306,1034.5154073383426,-503.8604736328125,277.3883056640625,575.1692351027317,0.5076464042172975,-150.15684478137018,1059.0279824393135,1069.620187554526,-601.8109130859375,533.111572265625,803.980300500489,0.7616063602307491,0.13839848068620111,0.15742610585725147,0.015451990615341011
73,2.433333333333333,True,True,464.4776611328125,690.9090576171875,438.0378723144531,696.771728515625,507.0321960449219,549.9560546875,482.02685546875,558.034423828125,652.53466796875,395.4030456542969,530.35302734375,446.95098876953125,27.081974029541016,26.277881622314453,132.61048889160156,7.382622718811035,33.80118942260742,-358.87852026491805,1134.3214058389467,1189.7389814795436,-526.03271484375,-121.519775390625,539.8865370583655,0.07930476706367647,-431.4590204978481,1059.2026192801336,1143.707600332733,-782.0370483398438,322.730712890625,846.0124455461552,0.7020055486206863,0.018440614110304926,0.017893092804268783,0.005026963563699709
74,2.466666666666667,False,True,487.6162109375,688.9437255859375,538.2020263671875,603.7966918945312,520.6626993815104,545.7660115559896,587.1423950195312,422.2685241699219,607.2204996744791,411.17506917317706,625.91552734375,376.30548095703125,46.37687683105469,56.315650939941406,136.72613525390625,14.798384348551433,,-493.5531398228243,1039.4487108503067,1150.6729875674205,1599.6337540470802,-1200.4881712874812,2000.0,-0.8852863353965577,-175.4217093331481,761.5197862897595,781.4634738848416,1891.8176484687083,-648.8651485239885,2000.0,-0.5284888948039387,0.03157886822983246,0.03834636227851411,0.010076492021222062
75,2.5,False,True,510.7547607421875,686.9783935546875,565.007568359375,653.2230224609375,534.293202718099,541.5759684244791,603.484375,466.88336181640625,561.9063313802084,426.9470926920573,624.5992431640625,370.1381530761719,65.67177963256836,86.35342025756836,140.84178161621094,22.214145978291832,,-357.81733921596015,735.9135219029015,818.2920994138474,1599.6337540470802,-1200.4881712874812,2000.0,-0.8895553149114258,72.45395115443603,432.67609732491553,438.70055873478117,1891.8176484687083,-648.8651485239885,2000.0,-0.1637549506934641,0.04471712234936,0.058799631752759436,0.015126020478744413
76,2.533333333333333,True,True,533.893310546875,685.0130615234375,611.3699951171875,650.1318359375,547.9237060546875,537.3859252929688,635.7849731445312,461.04913330078125,516.5921630859375,442.7191162109375,640.622802734375,367.69207763671875,84.96668243408203,116.39118957519531,144.95742797851562,29.629907608032227,117.7906494140625,-101.57165527343795,279.3039594377784,297.19943289415323,969.0179443359375,-175.02685546875,984.6980128853337,-0.5033644255808024,139.9869428362158,132.52582005091995,192.76783223556455,1390.872802734375,-92.735595703125,1393.960919142495,0.6788493575911939,0.05785537646888754,0.07925290122700476,0.020175548936266764
77,2.566666666666667,True,True,629.447265625,642.21533203125,644.8946533203125,597.1131591796875,654.1597900390625,446.54620361328125,666.0941162109375,405.4730224609375,653.9299926757812,365.7032775878906,771.096435546875,356.10626220703125,47.6741828918457,42.771888732910156,117.55883026123047,2.2768380641937256,45.6997184753418,45.36505562918478,4.39156668526698,45.577122881882055,909.2742919921875,-1667.2833251953125,1899.108586824943,0.3919697074961692,104.34503827776166,-40.78056335449264,112.03098393166657,1005.73974609375,-1590.560302734375,1881.859323516821,0.8054388604370403,0.03246222778198001,0.02912416554392002,0.0015503409052697386
78,2.6,True,True,517.8153076171875,691.7423095703125,657.84130859375,610.891845703125,532.1428833007812,546.6009521484375,680.1554565429688,411.2816162109375,536.1325073242188,439.2305603027344,787.1661376953125,356.6323547363281,161.69129943847656,200.546875,264.2732238769531,61.535789489746094,383.1405029296875,45.103389195032605,-13.496344430106774,47.07936947171933,421.8402099609375,174.2578125,456.4153239727748,0.7760041452011157,-100.20911080496717,-7.693634033203807,100.50401928758401,388.399658203125,413.360595703125,567.2047924447983,-0.738539147188271,0.11009857902848166,0.13655605491935535,0.041900850606959875
79,2.6333333333333333,True,True,501.66107177734375,689.2173461914062,681.2674560546875,582.89990234375,533.7965087890625,544.4306640625,699.4005126953125,396.9311828613281,527.7198486328125,436.02667236328125,822.47509765625,355.55706787109375,208.7147674560547,221.7674102783203,305.54217529296875,56.19282913208008,359.9519958496094,370.4194859095975,-18.555712018694976,370.8839575797951,577.3516845703125,-430.51300048828125,720.1919266873244,0.830567018226919,-130.20914350237217,77.21371241978136,151.38156571150282,702.784423828125,-839.75830078125,1095.034223258087,-0.9431845611716654,0.14211772308698145,0.15100550760159945,0.03826273065104743
80,2.6666666666666665,True,True,515.5879516601562,681.196044921875,704.457275390625,606.3447265625,540.36767578125,542.157470703125,719.762451171875,412.21136474609375,518.1336669921875,432.29998779296875,841.6100463867188,355.58526611328125,203.16087341308594,221.51405334472656,332.44866943359375,49.29880142211914,201.36007690429688,499.83800615583084,-21.499688284738568,500.3001788868132,610.858154296875,458.40545654296875,763.7298260899285,0.77330294920724,-2.693873814175049,197.99809047153917,198.01641544705961,695.694580078125,703.3447265625,989.2849706395809,0.7013299738058195,0.13833597450601792,0.15083299220669227,0.033568460413343736
81,2.7,True,True,534.3775634765625,671.462158203125,729.4563598632812,618.564453125,555.441650390625,533.3836669921875,742.8216552734375,424.3551025390625,508.0128173828125,425.373291015625,859.0816650390625,354.7947692871094,202.1234893798828,216.79135131835938,358.0931091308594,126.4438705444336,219.76332092285156,669.1027614048538,-48.88366699218818,670.8860694769298,691.776123046875,364.3121337890625,781.8423979573536,0.8484982739056341,631.2033626011433,66.13014221191384,634.6580817006575,749.9725341796875,366.591796875,834.7744291483441,0.9392816022616498,0.1376296006419996,0.1476172175541062,0.08609795655146225
82,2.7333333333333334,True,True,661.7431640625,676.746826171875,750.019775390625,610.9608154296875,650.1514892578125,538.8340454101562,760.6241455078125,417.54364013671875,553.41650390625,417.1867980957031,874.4927368164062,354.8321838378906,110.09341430664062,164.05966186523438,327.0749816894531,64.36853790283203,222.9400634765625,688.5241045270641,-37.23515101841599,689.5302016490356,534.07470703125,-204.3438720703125,571.8323274730135,0.9519051877898563,1004.137638636997,57.59706769670697,1005.7881583786635,616.9024658203125,-228.109130859375,657.7251917910711,0.9165337071379984,0.07496463024077019,0.11171124055520593,0.04382972109108026
83,2.7666666666666666,True,True,612.46044921875,697.29248046875,799.919189453125,628.0775146484375,609.6510009765625,544.1649169921875,798.0463256835938,428.33001708984375,565.2214965820312,415.8744812011719,898.4498901367188,354.444091796875,199.82864379882812,221.1572265625,338.8434143066406,28.339813232421875,243.7596435546875,505.99502563476483,-43.60905238560326,507.8707664525461,1122.6654052734375,323.59130859375,1168.3702098201525,0.9335511773137153,856.4827619280126,42.85256522042323,857.5541171411909,1496.982421875,513.5009765625,1582.6053280377207,0.9609295425963762,0.1360669980873702,0.15059002228920826,0.019297099953169927
84,2.8,True,True,668.7852783203125,679.8463134765625,806.5979614257812,623.4451904296875,653.1439208984375,532.6776733398438,810.173828125,427.73773193359375,585.4591064453125,410.4296569824219,916.0298461914062,352.0217590332031,148.9074249267578,188.8671112060547,335.6910705566406,50.80215835571289,251.19320678710938,312.1442740304126,-39.83956473214357,314.6764031954413,363.8250732421875,-17.7685546875,364.2587067667234,0.9969481435585036,678.0470057896198,55.46486990792414,680.3117622488763,200.3631591796875,-138.9697265625,243.84007147579499,0.772498717511475,0.10139380379872846,0.12860308898013992,0.03459212379372412
85,2.8333333333333335,True,True,685.9002685546875,699.4261474609375,803.97216796875,642.0186767578125,654.7500610351562,535.572509765625,814.4143676757812,439.08770751953125,600.85546875,403.19085693359375,926.4942626953125,353.2769470214844,131.2882080078125,186.55296325683594,329.4419860839844,86.2176513671875,191.6055145263672,59.761178152901266,-33.05537632533583,68.29389663968792,127.2161865234375,340.499267578125,363.48825199008235,-0.14714542209005796,441.9334847586489,78.18426949637228,448.7961507718224,-78.7738037109375,557.20458984375,562.7452950438866,0.0346528517349997,0.08939655500978806,0.12702734308808836,0.05870718421872936
86,2.8666666666666667,True,True,649.245361328125,677.3956298828125,834.355224609375,630.3636474609375,630.5852661132812,529.18310546875,837.2701416015625,429.9242248535156,591.6146240234375,400.4688415527344,932.5655517578125,352.5132141113281,190.99127197265625,229.28358459472656,344.30694580078125,75.55447387695312,194.18878173828125,183.32356044224252,-97.28190830775725,207.5362558620046,685.6732177734375,-274.90447998046875,738.7287964369007,0.9943271577445073,380.4860360281798,-29.695129394531932,381.64305878948636,911.49169921875,-349.65087890625,976.2545031212902,0.9586989855687014,0.1300494691059912,0.15612340890389909,0.051446430587084487
87,2.9,True,True,670.294677734375,692.6611328125,832.1763916015625,636.8956298828125,650.5643310546875,530.2872314453125,841.46044921875,441.2333984375,587.0401611328125,399.3710632324219,937.357177734375,353.02740478515625,171.21763610839844,210.64642333984375,353.369140625,48.601417541503906,353.55755615234375,105.64459664480933,-67.47462681361685,125.35392320897388,125.709228515625,339.27520751953125,361.8155283724216,-0.21192741990389266,268.6480276925213,7.72842407226517,268.7591697444432,-65.364990234375,195.95947265625,206.57370808516637,-0.28901528639967156,0.1165852368409164,0.14343302309827305,0.03309359890527403
88,2.933333333333333,True,True,678.8665771484375,712.6057739257812,838.5755615234375,665.1898803710938,648.9878540039062,538.966796875,855.4933471679688,454.45416259765625,600.6168823242188,396.10321044921875,941.8300170898438,353.41534423828125,166.5989990234375,223.12979125976562,343.8730163574219,76.80738830566406,372.7558898925781,62.65725272042346,-82.28256225586028,103.42316650470791,420.9869384765625,396.6229248046875,578.3941103162218,-0.10460269907360714,175.9055655343186,-25.48134940011255,177.74157407089393,191.97509765625,848.8275146484375,870.2658144178537,0.07848479469659322,0.11344032192051937,0.1519331778638428,0.052299563060658576
89,2.966666666666667,True,True,729.3148803710938,668.4693603515625,850.6918334960938,658.8306884765625,670.8509521484375,511.46844482421875,862.8369140625,454.5927734375,663.03369140625,398.640625,945.2421875,353.19097900390625,121.75906372070312,200.23348999023438,285.84490966796875,27.938678741455078,214.34393310546875,2.1836635044639934,-71.40374319894022,71.4371257059026,220.3070068359375,4.1583251953125,220.3462478224664,0.011699226584929653,125.50506591796807,12.866363525389716,126.16285063932642,363.4881591796875,-190.7757568359375,410.5106956708468,0.8334430460362281,0.08290798543918285,0.13634266530356373,0.01902396010205776
90,3.0,True,True,713.5478515625,691.15185546875,880.9175415039062,668.5068359375,669.1430053710938,524.4937133789062,885.8587646484375,460.2056579589844,636.8865356445312,395.51409912109375,947.6873779296875,352.99188232421875,168.89466857910156,226.05015563964844,313.6961975097656,32.367286682128906,345.67730712890625,-158.2374572753913,-61.63892473493365,169.8188738846778,690.655517578125,168.38653564453125,710.8861155962147,-0.9912597313556377,-147.11890084402944,-7.493591308594432,147.3096225514668,906.771240234375,290.284423828125,952.1024781153619,-0.9666647621930972,0.11500348553461186,0.15392170767087074,0.02203948068378185
91,3.033333333333333,True,True,678.084716796875,690.3917236328125,880.164306640625,657.1998291015625,641.7760620117188,519.3726806640625,887.5503540039062,455.48455810546875,610.5870971679688,392.92657470703125,948.618408203125,354.65057373046875,204.787353515625,253.9423065185547,340.1914367675781,26.622196197509766,317.5292053222656,-248.36406162806998,-74.95121547154099,259.4270452536765,50.7476806640625,-141.63299560546875,150.450099823697,-0.050942682451440256,-301.5220642089855,-11.154719761439992,301.72832644251986,-22.5970458984375,-339.210205078125,339.96204157593786,0.10331153805309534,0.1394434747161686,0.17291398609574704,0.01812754292990602
92,3.066666666666667,True,True,671.53759765625,690.062744140625,877.7846069335938,652.2589111328125,630.4050903320312,519.0693359375,888.2578125,456.1168518066406,594.07763671875,395.3902893066406,949.2661743164062,355.7419128417969,209.68299865722656,265.4261474609375,357.39459228515625,84.83074188232422,254.93063354492188,-379.3889072963175,-21.918378557478718,380.0215234668725,21.2237548828125,18.96881103515625,28.465128902100073,-0.7827992654698341,-490.6731523786277,94.84549386160643,499.7557505132202,-71.3909912109375,-148.2275390625,164.52378843986398,0.25505342474098525,0.14277700951606123,0.18073354456263002,0.05776281204746932
93,3.1,True,True,646.487060546875,698.051025390625,887.33154296875,680.7264404296875,623.4150390625,521.7409057617188,900.4893798828125,474.4192199707031,584.3939819335938,395.2099914550781,953.0794677734375,357.6700439453125,241.46678161621094,281.0863342285156,370.59173583984375,76.03121185302734,487.4568786621094,-428.54788643973257,-52.192971365793255,431.7144857796092,366.947021484375,549.071044921875,660.4007336063869,-0.6520836348078737,-512.2506931849894,50.88422502790149,514.7717717835665,286.4080810546875,854.02587890625,900.7717750546035,-0.22268298610115758,0.16441917178506663,0.19139685369811646,0.0517710502414318
94,3.1333333333333333,True,True,654.2816772460938,689.77734375,871.0543212890625,689.3340454101562,616.255615234375,510.60845947265625,891.8101806640625,480.6117248535156,578.2546997070312,392.6351318359375,955.656982421875,358.4598083496094,216.77308654785156,277.1824645996094,378.94647216796875,31.392963409423828,109.89801788330078,-431.7636108398442,-41.9045366559717,433.7923533648468,-260.3759765625,185.775146484375,319.8563024580984,0.7541270754379573,-513.2753644670765,56.3130405970976,516.35526366069,-488.316650390625,258.2281494140625,552.3901956031907,0.9297160351659076,0.1476047807360079,0.18873863708196165,0.021376046051171792
95,3.1666666666666665,True,True,626.704345703125,696.340087890625,861.0712280273438,684.8435668945312,594.1974487304688,513.1168212890625,887.0068359375,477.06585693359375,568.437744140625,392.04815673828125,951.3911743164062,358.8096008300781,234.64869689941406,295.0203552246094,384.3931884765625,43.99230194091797,108.54518127441406,-478.85820661272373,-33.87241908482224,480.0547081479483,-144.100341796875,-106.37603759765625,179.1110546028753,0.8444315302934027,-574.990931919644,48.44251360211979,577.0279446559865,-299.4927978515625,-134.71435546875,328.39594019158886,0.874328794555221,0.15977661252787684,0.20088478481840955,0.0299551673386726
96,3.2,True,True,594.1865234375,703.112060546875,845.8569946289062,693.0159912109375,572.2525634765625,515.2467651367188,880.6770629882812,484.39532470703125,557.0615844726562,389.46759033203125,943.63818359375,359.5527038574219,251.87289428710938,309.96368408203125,387.73236083984375,67.0517349243164,42.14784622192383,-539.9771772112169,-23.600660051619116,540.4926854859981,-189.8931884765625,219.884033203125,290.53125664456184,0.6199361122889523,-666.3787405831476,27.47785295758854,666.945018951593,-456.427001953125,245.1727294921875,518.107397552445,0.899698560009958,0.17150488525422045,0.211059972221016,0.04565675928265154
97,3.2333333333333334,True,True,576.5606689453125,699.7821044921875,838.4116821289062,685.5699462890625,555.9571533203125,511.7587890625,876.72607421875,482.74713134765625,547.050537109375,389.20880126953125,935.9239501953125,360.6004638671875,262.2364196777344,322.0782165527344,389.92431640625,40.04199981689453,64.12188720703125,-543.2211521693646,-12.428839547294046,543.3633187994054,-118.5296630859375,-49.44580078125,128.42962370950448,0.9314803370413259,-735.2443150111612,22.66145978655095,735.593464160666,-223.359375,-223.38134765625,315.8933948045021,0.6849514495820139,0.17856160026112505,0.21930898014692685,0.02726533398277418
98,3.2666666666666666,True,True,559.3008422851562,699.5347900390625,833.2528076171875,694.555908203125,541.0665893554688,513.639892578125,874.6861572265625,489.504150390625,539.4693603515625,395.833251953125,929.0496215820312,361.8935546875,273.9971923828125,334.4914855957031,391.05584716796875,33.3122673034668,56.429874420166016,-456.7354692731592,-23.127593994141307,457.32064735383506,-61.197509765625,202.7105712890625,211.74680850924733,0.24022905217983767,-630.1356942313062,-5.216805594308198,630.157288464538,-154.7662353515625,269.578857421875,310.84618056810484,0.49069029006941006,0.18656972665755334,0.22776140329817451,0.022682935365512212
99,3.3,True,True,519.204345703125,698.9473876953125,837.841796875,693.6057739257812,518.294921875,512.8302001953125,879.421630859375,492.0394592285156,533.4200439453125,402.576416015625,922.9896850585938,362.94061279296875,318.6822204589844,361.7247009277344,391.5807800292969,27.715702056884766,92.6937026977539,-371.505105154856,-39.26438467843241,373.57426980494324,142.064208984375,76.05926513671875,161.14357352216643,-0.926326237440783,-491.22848510742233,-52.914406912668255,494.0701964699474,137.669677734375,-28.5040283203125,140.58954370070288,-0.9518851583836327,0.2169965839598307,0.24630500039242736,0.018872131177354153
100,3.3333333333333335,True,True,508.834228515625,696.2817993164062,844.168212890625,678.34375,508.25048828125,507.4684143066406,887.0978393554688,481.07403564453125,529.2428588867188,406.57958984375,920.29150390625,364.8811340332031,335.81341552734375,379.76568603515625,393.26556396484375,68.42654418945312,170.13818359375,-287.9988098144538,-32.00095040457609,289.7712464709673,230.2862548828125,-328.96270751953125,401.55724638777514,-0.4795047342419908,-378.25554983956545,-74.87640380859489,385.5953018797555,189.79248046875,-457.8607177734375,495.63860071879816,-0.19625312152988533,0.2286615296967766,0.2585894388965346,0.04659289219179634
101,3.3666666666666667,True,True,506.68243408203125,699.548828125,848.2603759765625,674.965576171875,507.3240966796875,510.75,891.5678100585938,479.60540771484375,525.5643310546875,408.5276794433594,919.4627685546875,365.389892578125,342.46142578125,385.50384521484375,396.2535400390625,104.77994537353516,140.70481872558594,-208.6191885811943,-15.942829677037025,209.2274830474881,134.09912109375,-44.058837890625,141.15153373020289,-0.9234900054483552,-264.7395760672439,-92.13795253208764,280.31490405090705,122.764892578125,-101.34521484375,159.19193265189168,-0.5190716164609039,0.23318828212479056,0.26249665699742697,0.07134659153814049
102,3.4,True,True,504.767578125,687.8896484375,860.8800048828125,677.2357177734375,500.033935546875,505.7608642578125,902.1805419921875,481.3963623046875,519.45263671875,412.5940856933594,920.2230224609375,367.8082580566406,356.2717590332031,402.8840026855469,403.2650146484375,49.995140075683594,181.58792114257812,-133.47120012555865,18.84083339146173,134.7944296543509,318.3819580078125,53.7286376953125,322.8836287170389,-0.9531192964676055,-164.11422729492278,-83.6355154854914,184.1965771971169,378.5888671875,68.104248046875,384.665723661915,-0.9572874970152419,0.24259199198568124,0.27433112581214364,0.03404261020709454
103,3.433333333333333,True,True,499.41064453125,684.0501708984375,865.33203125,687.888427734375,497.36956787109375,507.7490234375,908.4855346679688,492.2422180175781,514.9539794921875,416.287353515625,921.0469970703125,369.6482849121094,365.9415283203125,411.4083251953125,408.762451171875,51.885196685791016,126.17516326904297,-114.31006295340421,61.396800449915645,129.75499064736584,189.1497802734375,325.37567138671875,376.3601558452325,-0.033678945603361175,-158.2424926757817,-42.38486153738904,163.82052061872002,133.560791015625,319.581298828125,346.3678556930345,-0.6111928079637471,0.2491763157046522,0.2801354937575123,0.03532958450799312
104,3.466666666666667,True,True,491.48876953125,683.5985107421875,874.6549072265625,678.8787841796875,492.8519287109375,512.6365356445312,918.9741821289062,484.6932067871094,514.6936645507812,419.3313903808594,922.8298950195312,372.5359191894531,383.1952209472656,427.0374755859375,410.8101806640625,81.41838836669922,176.0268096923828,-123.63627842494452,84.76024082728736,149.90072637539203,314.659423828125,-226.4703369140625,387.6846224778803,-0.9997383413730222,-176.9165693010607,1.0401698521197886,176.9196270812774,279.686279296875,-270.289306640625,388.9482280602386,-0.7231568280587416,0.26092467228177607,0.2907776696532227,0.05543927779103205
105,3.5,True,True,482.1341552734375,686.5491943359375,898.219970703125,659.1748046875,490.35443115234375,516.2467041015625,937.8869018554688,473.6239013671875,514.20361328125,423.7265930175781,924.6969604492188,374.5386047363281,416.9853210449219,449.5575866699219,413.4298400878906,47.79682540893555,152.2914581298828,-107.08906991141225,59.44345746721456,122.48099252597477,567.381591796875,-332.07916259765625,657.4180108131479,-0.9997403176042845,-153.36577279227163,-21.3434927804135,154.8438082334526,706.951904296875,-591.119384765625,921.5221766374746,-0.6714158513328842,0.28393297278342217,0.30611202739863536,0.03254573732706352
106,3.533333333333333,True,True,480.39501953125,693.1921997070312,904.283935546875,660.212890625,486.39447021484375,520.61328125,943.18701171875,475.5794677734375,512.3043823242188,425.37481689453125,927.4796142578125,376.3980407714844,425.169921875,459.0070495605469,418.0540466308594,49.228660583496094,207.8257293701172,-101.59600394112772,42.733612060545966,110.21755584545902,159.0032958984375,58.6669921875,169.48116142773586,-0.7305778139428133,-116.0105895996096,-9.544045584543028,116.40251588934358,181.9189453125,31.142578125,184.5653348705658,-0.9961776422410812,0.28950601799016074,0.3125463404411627,0.03352070022654901
107,3.566666666666667,True,True,473.64892578125,695.50439453125,905.7894287109375,662.489990234375,480.29083251953125,524.3856811523438,946.9321899414062,479.7007751464844,512.4899291992188,428.0971984863281,933.889404296875,379.3254089355469,433.3997802734375,468.77593994140625,424.21246337890625,15.763215065002441,121.49964141845703,-110.76144627162421,34.146521432058535,115.90549126806688,112.3553466796875,123.63922119140625,167.0640025389379,-0.42465122154262935,-122.63354710170267,11.32919311523392,123.15574485742755,45.164794921875,68.31298828125,81.89336400618322,-0.4724329639873088,0.2951098799074085,0.3191981575355442,0.010733462997726007
108,3.6,True,True,477.9261779785156,670.4154052734375,920.3557739257812,677.2647094726562,480.2556457519531,510.5043640136719,962.3914794921875,487.53961181640625,514.70654296875,432.22064208984375,938.8223266601562,382.75726318359375,442.48260498046875,482.68243408203125,426.99041748046875,16.042110443115234,91.61054992675781,-121.1198534284324,59.246520996093295,134.83385756057515,463.7786865234375,235.16510009765625,519.9935522459347,-0.6024596181716622,-146.09432765415784,38.39950561523369,151.05652784376713,436.9903564453125,443.2415771484375,622.4336650111685,-0.49798155867356764,0.30129454226884517,0.3286673451137744,0.010923367989116797
109,3.6333333333333333,True,True,475.1885986328125,686.8845825195312,936.1389770507812,676.3829345703125,477.51397705078125,519.7523803710938,976.0006103515625,488.6362609863281,514.3103637695312,434.0292663574219,944.0855712890625,385.28948974609375,461.0699768066406,499.45684814453125,432.5301208496094,15.828388214111328,91.00755310058594,-122.59692600795256,77.73510524204744,145.16457161990866,408.27392578125,32.89947509765625,409.5973314543626,-0.7987969392442693,-184.20145307268444,49.300689697264716,190.68490584918973,473.49609375,-26.4532470703125,474.2344621356316,-0.978917001336901,0.31395102553691506,0.34008935210320645,0.010777840593382786
110,3.6666666666666665,True,True,458.7894287109375,694.4918212890625,962.332763671875,668.3343505859375,468.9993896484375,524.2924194335938,990.495849609375,492.7109375,515.0726928710938,436.85589599609375,949.610107421875,387.5818786621094,504.2222900390625,522.4518432617188,437.3221740722656,30.06793975830078,118.40904998779297,-121.65128435407416,83.46810477120448,147.53290988485443,434.857177734375,122.24029541015625,451.71169439042427,-0.640700310753867,-229.04813494001144,40.59611729213134,232.61791173229582,785.8135986328125,-241.45751953125,822.0734429078918,-0.9924821519668747,0.3433342291179423,0.3557470671191745,0.02047381308208562
111,3.7,True,True,450.5730895996094,700.5025634765625,973.5003662109375,702.8824462890625,465.1950378417969,533.7706298828125,1000.7236328125,511.52972412109375,516.50439453125,438.963134765625,954.197509765625,391.0814514160156,522.9326782226562,535.990234375,440.3043518066406,55.215152740478516,141.5417022705078,-129.95122637067584,89.87316676548471,158.00160549722037,306.83349609375,564.5635986328125,642.5564965248929,0.10702520391869416,-264.817428588868,31.054556710379075,266.6320610446132,335.028076171875,1036.44287109375,1089.2463618780112,-0.19466098049080047,0.3560744764858521,0.3649656065772685,0.03759701281812233
112,3.7333333333333334,True,True,444.8507080078125,697.172607421875,982.8241577148438,706.7107543945312,462.06915283203125,533.9448852539062,1012.2413330078125,517.04150390625,516.5797119140625,441.16845703125,957.8843994140625,393.54107666015625,538.0579833984375,550.4317626953125,443.8673400878906,58.95378112792969,142.936279296875,-125.30911036900159,38.433380126952216,131.07058346346608,345.531005859375,165.3533935546875,383.05798617212355,-0.7358062979995704,-243.69035993303612,-65.18678937639561,252.2584171707562,279.7137451171875,114.8492431640625,302.3741521076841,-0.9917900143589371,0.3663735749098789,0.3747991087668589,0.0401427136344519
113,3.7666666666666666,True,True,432.6449890136719,685.7568359375,989.5482788085938,706.8378295898438,458.6744079589844,530.0537719726562,1017.4002685546875,514.1663208007812,510.9701232910156,442.55792236328125,958.556640625,395.0563049316406,557.3021850585938,558.95166015625,450.10009765625,57.45058059692383,159.1764678955078,-49.254292079381,14.098532540456745,51.23235216184488,154.76806640625,-86.2554931640625,177.18116288168176,-0.9737435713252514,-149.8865727015907,-73.29142979213225,166.84609182478408,201.7236328125,3.812255859375,201.7596523832495,-0.9064920635533789,0.37947730568994437,0.380600463615111,0.039119156751469604
114,3.8,True,True,428.54718017578125,679.93505859375,1000.6373291015625,684.9043579101562,454.6961669921875,528.3798217773438,1022.3648681640625,502.09393310546875,509.8766784667969,443.47247314453125,957.2286376953125,398.0013122558594,572.1116943359375,568.2769165039062,449.656982421875,74.30747985839844,221.4807586669922,-99.73836626325385,-23.908865792411007,102.56400717767659,148.93798828125,-362.171630859375,391.6003250159595,-0.15426012120301266,-179.59082467215444,-82.59769984654099,197.67459201011087,332.6715087890625,-658.004150390625,737.3193302031892,-0.03701644796115646,0.3895613728797505,0.386950202138574,0.05059732942965253
115,3.8333333333333335,True,True,425.5113525390625,681.2239990234375,1011.2828369140625,695.4530029296875,450.2379455566406,530.2234497070312,1034.6724853515625,517.5054931640625,499.9507751464844,446.01544189453125,955.4478759765625,401.843994140625,585.9442749023438,584.5729370117188,457.6338195800781,76.32025146484375,258.6358947753906,-130.63957214355514,-38.21286882673053,136.11363324009858,369.228515625,462.3468017578125,591.6876387472691,-0.8183028184290836,-179.44640023367788,-78.99673461914131,196.06502655321358,319.365234375,316.4593505859375,449.6005710635519,-0.933718796694935,0.39898023134614435,0.39804646215973755,0.05196786262808739
116,3.8666666666666667,True,True,434.3003845214844,690.2882690429688,1009.4547729492188,690.1046752929688,466.1048889160156,532.8984375,1031.473388671875,517.6183471679688,486.478271484375,446.02178955078125,947.134521484375,404.2664489746094,575.1544189453125,565.574951171875,462.5447998046875,60.88148880004883,306.666259765625,-146.6445268903467,-83.1255013602131,168.5659106797113,-95.972900390625,3.3856201171875,96.03259880356634,0.8520274561976595,-166.48635864257847,-123.5933794294092,207.34760922867466,-54.8419189453125,-160.4498291015625,169.56350943621342,0.8237238580660948,0.3916332200170459,0.38511038425923255,0.04145532523581624
117,3.9,True,True,404.11181640625,680.906005859375,1009.97705078125,700.677978515625,434.2869873046875,526.973388671875,1026.1591796875,519.6248779296875,482.01446533203125,447.571533203125,932.4417724609375,404.4209899902344,606.1878051757812,591.9177856445312,452.4894714355469,92.00545501708984,333.00030517578125,-202.01754978724944,-163.08527265276302,259.6303075110259,-159.42626953125,60.1959228515625,170.41210210722136,0.5060519331049375,-221.43477303641248,-232.37836565290218,320.98763766413407,15.6683349609375,317.1990966796875,317.58583667232057,-0.7571009246722278,0.4127644233550259,0.4030477046536767,0.06264820615227237
118,3.933333333333333,True,True,406.1273193359375,672.378662109375,999.3875732421875,699.9559936523438,433.881103515625,522.6038208007812,1017.015869140625,521.6598510742188,468.1859436035156,448.338134765625,917.357421875,404.2928466796875,593.90087890625,583.1355590820312,451.3258361816406,74.32185363769531,295.3154296875,-241.9334629603802,-187.96345302036912,306.3691566906534,-274.29931640625,61.0491943359375,281.01088788515494,0.6375329272864951,-254.92182050432496,-250.85704258510123,357.6512133123311,-317.684326171875,-21.6595458984375,318.42183817038176,0.7588260792362177,0.4043980293214506,0.39706772509636384,0.05060711680028627
119,3.966666666666667,True,True,402.9289855957031,652.4491577148438,1028.463134765625,710.2646484375,432.245361328125,509.12652587890625,1033.432861328125,523.4559326171875,453.32977294921875,447.63714599609375,902.498779296875,403.6288757324219,628.2003173828125,601.3582763671875,451.31976318359375,73.96273040771484,227.54627990722656,-309.0630013602123,-278.0795942034049,415.75016478903876,492.509765625,53.8824462890625,495.44847083635864,-0.8117190786845827,-335.7699475969591,-405.8857073102688,526.7681322062126,872.266845703125,309.2596435546875,925.4679774278803,-0.8582544039837292,0.4277531476912009,0.40947590838205045,0.05036258318929867
120,4.0,True,True,384.102294921875,632.7926635742188,1022.24365234375,710.8477783203125,414.58258056640625,495.1383361816406,1023.1107177734375,524.4603271484375,434.15130615234375,446.9630432128906,886.5391235351562,402.76824951171875,642.8973388671875,609.2341918945312,454.54144287109375,83.98110961914062,224.55487060546875,-263.3709607805529,-278.7062072753912,383.45979314173843,-309.664306640625,30.1318359375,311.12683963969334,0.613208842426392,-279.410018920899,-338.5119846888956,438.93088573418055,-186.58447265625,17.493896484375,187.40277973022955,0.5617971907513848,0.4377606198743065,0.414838764089935,0.05718428181610792
121,4.033333333333333,True,True,380.06201171875,650.99560546875,1012.0355224609375,713.2567138671875,409.9985046386719,502.8682861328125,1014.6626586914062,532.9600830078125,421.1788635253906,445.24169921875,871.209228515625,401.4666748046875,635.0330200195312,605.4125366210938,452.1543884277344,90.29293823242188,173.42214965820312,-265.23778642926936,-310.0794328962061,408.0445295003126,-253.4417724609375,254.99267578125,359.51911872697855,-0.08074754569324119,-257.54961286272373,-366.57198224748913,448.00314871057805,-306.243896484375,72.26806640625,314.65536314518897,0.3715883837741959,0.4324056605588653,0.4122365287402075,0.061482121983185034
122,4.066666666666666,True,True,353.2135009765625,597.1483154296875,1007.19921875,709.6735229492188,392.5771179199219,471.6100158691406,1007.647705078125,523.989501953125,415.9971923828125,441.2532653808594,853.173095703125,398.71514892578125,663.595703125,617.296875,439.24053955078125,48.31403732299805,188.81138610839844,-272.24889482770686,-195.53898402622826,335.19390658082875,-210.4486083984375,-269.117431640625,341.632564006544,0.9598665884831867,-246.3484954833989,-159.12486485072623,293.2717235614373,-145.089111328125,-107.4957275390625,180.57181857958182,0.9979439571145197,0.45185451670680843,0.4203287932761178,0.032897916430037144
123,4.1,True,True,360.08245849609375,626.229248046875,979.0921630859375,711.3991088867188,387.30096435546875,476.34674072265625,987.3521728515625,525.6216430664062,409.61773681640625,436.100341796875,833.3467407226562,395.5492858886719,624.8414916992188,602.0709838867188,425.6649475097656,54.54331588745117,140.54429626464844,-248.68701389857767,-159.38919067382858,295.3813551757278,-608.865966796875,48.9642333984375,610.8316148299709,0.7959544780672034,-202.3975263323107,-88.12532697405209,220.75061023635243,-843.211669921875,51.767578125,844.7992675407367,0.8906749023227567,0.4254660615198837,0.4099612040376349,0.03713954675090564
124,4.133333333333334,True,True,364.86138916015625,587.6954345703125,974.6510009765625,711.4793701171875,388.6607666015625,455.83062744140625,980.0543212890625,520.7548828125,403.48406982421875,430.904296875,821.9183349609375,393.8220520019531,622.2265014648438,594.9466552734375,420.0741882324219,46.011024475097656,130.7183380126953,-209.09840175083764,-78.08578491210972,223.20289294741445,-218.935546875,-146.0028076171875,263.15317500945486,0.9734963462860176,-125.75111389160202,16.950400216237995,126.88837106870473,-133.23486328125,2.4078369140625,133.25661886817517,0.9932893165378915,0.4236854665838674,0.40511011768000027,0.03132975263322971
125,4.166666666666667,True,True,345.77435302734375,641.263916015625,969.2095336914062,710.779541015625,372.39276123046875,483.33782958984375,965.0379638671875,516.955078125,395.25579833984375,425.79620361328125,800.3533935546875,392.0543518066406,627.2988891601562,593.597900390625,406.5003967285156,49.94417190551758,183.99502563476562,-132.4108232770651,53.83415222167923,142.93614681506247,-450.49072265625,-113.994140625,464.6897408983575,0.8056653911382894,-18.026079450335146,213.454546247209,214.2143385815984,-163.2440185546875,-20.994873046875,164.5885606235669,-0.04364499045060761,0.4271393486385908,0.40419172567887784,0.034007905042806486
126,4.2,True,True,340.1099853515625,615.0146484375,944.7921752929688,715.3118896484375,363.5892333984375,463.8306884765625,944.7340087890625,518.5430297851562,387.9371032714844,421.7918701171875,768.86279296875,388.1983642578125,612.9437866210938,583.7145385742188,382.40411376953125,45.99831008911133,121.57072448730469,-100.16153608049694,59.72648620605412,116.61726486471316,-609.11865234375,47.6385498046875,610.9786936224208,0.8962097944178615,1.6378457205632913,180.73235648018908,180.73977762929363,-732.520751953125,135.970458984375,745.0332997647778,0.173585323744299,0.4173646953526835,0.39746196287908836,0.03132109517401467
127,4.233333333333333,True,True,354.4444885253906,639.3466186523438,912.1317138671875,715.676025390625,369.2403259277344,481.4307861328125,916.06298828125,517.6445922851562,381.36383056640625,418.3027038574219,744.7349243164062,385.1010437011719,562.8865356445312,548.0204467773438,364.884765625,52.053062438964844,171.27687072753906,-94.29696219308062,74.92175510951427,120.43747949676339,-860.130615234375,-26.953125,860.5528143064377,0.763085516527918,21.160779680524456,226.40847342354846,227.39519659541918,-979.8138427734375,10.924072265625,979.8747378340331,-0.0819514404568122,0.38327979269106177,0.3731571994181241,0.03544388738610819
128,4.266666666666667,True,True,359.614501953125,645.705078125,912.2263793945312,713.648193359375,371.7802429199219,482.3023681640625,914.496826171875,513.30908203125,373.39251708984375,413.74713134765625,720.429443359375,383.0745544433594,556.7730102539062,543.6015625,348.3897705078125,45.93796157836914,137.7657012939453,-69.05244009835405,-21.5364728655137,72.33297413368113,-46.98486328125,-130.0653076171875,138.29158189532495,0.604372927592333,52.717797415596806,64.1049630301336,82.99766532527707,2.8399658203125,-60.8349609375,60.901214094036696,-0.7419108760335673,0.379116980834766,0.37014829985756387,0.03128000276333905
129,4.3,True,True,361.19989013671875,644.423095703125,857.26416015625,698.2828369140625,368.444091796875,477.9161682128906,861.5069580078125,501.7305908203125,361.9118957519531,407.23748779296875,684.9558715820312,378.61529541015625,498.9796142578125,493.63763427734375,324.3094787597656,35.6342658996582,191.00096130371094,-100.7756914411276,-21.13664899553612,102.96843164872357,-1589.696044921875,-347.354736328125,1627.2027618246698,0.9999648875291276,-19.8289162772046,68.74053955078034,71.54332742094671,-1648.8665771484375,-460.960693359375,1712.088125669809,0.008233839837266884,0.3397643947741823,0.336126942375131,0.02426402690744813
130,4.333333333333333,True,True,354.6595458984375,645.79736328125,852.3335571289062,707.6038208007812,359.2260437011719,476.5968322753906,855.0999755859375,505.3553466796875,347.8157653808594,402.6239929199219,672.625732421875,376.0283203125,501.4972229003906,496.7071533203125,325.89697265625,25.354482650756836,176.02993774414062,-140.06021772112217,-93.4304155622217,168.36302189084628,-192.20947265625,108.74267578125,220.8380649137729,0.4507959293337813,-108.56905255998902,-49.77643694196513,119.43589430489935,-147.9180908203125,279.6295166015625,316.34226424357166,0.056649483454939725,0.3414786807936545,0.3382170343349666,0.017264333464725355
131,4.366666666666666,True,True,350.22393798828125,638.9937133789062,827.520751953125,705.2199096679688,354.083984375,469.2983703613281,828.9759521484375,500.4329833984375,335.810791015625,399.9055480957031,645.0535888671875,374.47918701171875,481.86944580078125,475.9114685058594,310.2863464355469,30.29790496826172,189.84095764160156,-146.22416904994475,-106.2405068533767,180.74444088493897,-783.720703125,-147.6708984375,797.5116517970648,0.9038594384677104,-142.7719770159042,-96.36880057198732,172.25209184423088,-744.3841552734375,-71.517333984375,747.8118076644563,0.8785602818240429,0.328113766443535,0.32405687014588075,0.020630400622235357
132,4.4,True,True,338.4063415527344,636.6051025390625,798.7753295898438,694.594482421875,346.5257568359375,467.2449645996094,807.1337890625,493.93402099609375,323.91107177734375,396.3879699707031,609.0804443359375,373.7581481933594,464.0068664550781,461.380615234375,286.06585693359375,40.9792366027832,210.07650756835938,-103.05989946637862,-93.38928222656284,139.07875794963326,-655.264892578125,-194.9688720703125,683.6555715576313,0.9017434009224213,-137.2133200509212,-115.83454677036866,179.56931092169748,-862.3626708984375,-318.7628173828125,919.3906187823079,0.9403798564573906,0.3159508077031748,0.3141625449544964,0.02790351574455059
133,4.433333333333334,True,True,338.4648742675781,631.737060546875,800.87890625,708.5372924804688,347.2890625,465.2744140625,803.5277099609375,500.66143798828125,313.2582702636719,394.09075927734375,597.6278686523438,370.05511474609375,468.74835205078125,457.60894775390625,285.3835754394531,37.27349853515625,215.8863525390625,-53.12161036900147,-68.20904323032948,86.45449130376606,-108.182373046875,201.822509765625,228.98853963932132,-0.4050746524731472,-94.7432163783485,-114.16900634765716,148.36050370676807,63.1072998046875,418.2843017578125,423.0180709918424,-0.8561950096157269,0.31917937243352107,0.3115943472121958,0.02538021055178899
134,4.466666666666667,True,True,335.7709655761719,627.2451171875,781.1905517578125,692.3285522460938,344.62506103515625,460.7948913574219,782.8505859375,488.0747985839844,306.0011901855469,391.2115478515625,585.3258056640625,366.3514404296875,450.1493835449219,439.07379150390625,280.4287109375,59.72502899169922,218.7743377685547,-13.338088989258154,-38.831111363002606,41.058005645321835,-620.313720703125,-377.59918212890625,726.2026262944617,0.7692535398379154,-40.20486014229937,-93.3245413643981,101.61643961454813,-590.650634765625,-486.26220703125,765.061504936654,0.8891781657650453,0.3065149927730078,0.2989734184901011,0.04066787048689025
135,4.5,True,True,335.02337646484375,623.1727294921875,753.8130493164062,683.1272583007812,348.3799743652344,460.7376708984375,760.7264404296875,483.0425109863281,298.41015625,390.56854248046875,552.6533203125,365.5655212402344,423.05950927734375,412.94927978515625,255.46963500976562,33.31187438964844,239.93869018554688,-11.747916085379757,-3.6529541015629547,12.302747905132822,-663.724365234375,-150.9686279296875,680.6772800856119,0.9969738764925934,22.287761143275247,-47.51116071428669,52.47908811325202,-821.3250732421875,-276.038818359375,866.4711796577684,-0.11414971996751191,0.28806899924535084,0.2811847580733932,0.022682667823268245
136,4.533333333333333,True,True,336.196044921875,623.9454345703125,774.1099853515625,669.7678833007812,347.13555908203125,463.2333984375,769.6292114257812,469.5554504394531,293.61383056640625,390.6444396972656,540.5552978515625,359.71929931640625,440.3048095703125,422.54095458984375,248.870361328125,22.36684799194336,242.39402770996094,-27.679367065429915,41.29750932965919,49.71550701718825,267.0831298828125,-404.61181640625,484.8134901625204,-0.9999752633910082,46.01597377232122,23.02198137555729,51.45368275130033,608.9080810546875,-400.78125,728.9682170885534,0.5010309806710568,0.29981164132794336,0.28771590582325224,0.015229998087782172
137,4.566666666666666,True,True,340.3364562988281,621.2539672851562,764.1292724609375,656.7269287109375,349.1641845703125,461.4042053222656,757.6351318359375,459.66595458984375,295.170166015625,391.7528991699219,535.3317260742188,355.97607421875,425.2748107910156,408.4746398925781,242.811767578125,17.954553604125977,247.47268676757812,10.623583112443953,96.16722106933548,96.75223473566616,-359.8223876953125,-296.68487548828125,466.36259072770054,-0.7170389938755214,89.9474552699495,90.19513811383831,127.38016976324822,-299.42138671875,-391.2286376953125,492.6591253366869,-0.9914605976378585,0.2895774387818129,0.2781378934891645,0.012225585704177819
138,4.6,True,True,343.9508972167969,629.9124755859375,733.4227294921875,658.8246459960938,340.783935546875,467.87579345703125,728.568115234375,458.98907470703125,299.0284118652344,394.97869873046875,533.2781982421875,354.88238525390625,390.5434875488281,387.885986328125,237.65663146972656,16.336273193359375,235.31240844726562,-48.35933140346026,143.35945129394497,151.29625642787954,-872.010498046875,-20.306396484375,872.2469022255909,0.2974874418943399,86.85375758579755,148.30169677734284,171.86322606599535,-921.1962890625,62.9315185546875,923.3433700471998,-0.44537813257982184,0.265928242133488,0.26411870068517274,0.011123668814934042
139,4.633333333333334,True,True,345.556640625,637.7608032226562,724.2637329101562,663.545166015625,340.97705078125,473.17974853515625,717.5989990234375,460.1189880371094,303.5404052734375,398.588623046875,530.650634765625,354.6414489746094,379.5838317871094,376.84832763671875,231.3231658935547,20.24007797241211,235.32598876953125,-39.07640729631703,176.52308872767833,180.79647801090445,-329.073486328125,33.89739990234375,330.81474139506855,0.31504161795142444,77.66258239746048,170.16475132533378,187.0495102860604,-274.7698974609375,141.6156005859375,309.1172510229895,0.04771069979008036,0.2584656109950347,0.25660295591754784,0.013781841273631126
140,4.666666666666667,True,True,354.1474914550781,643.5914306640625,712.32763671875,656.4744873046875,354.982666015625,480.87139892578125,708.8741455078125,453.1916809082031,310.60601806640625,401.6631774902344,526.54248046875,354.4513244628906,358.4117736816406,354.9723205566406,221.03736877441406,49.10975646972656,276.2374572753906,11.862324305942593,203.17065647670165,203.5166587557718,-261.74560546875,-207.8192138671875,334.2148824253318,-0.6664041870323101,79.91697038922985,184.92226736886073,201.4521459926239,-358.0828857421875,-212.120361328125,416.19514743858656,-0.8091593734837739,0.2440491673112018,0.24170718043242323,0.03343973622902948
141,4.7,True,True,348.33685302734375,650.71142578125,699.5037231445312,648.4480590820312,330.8324890136719,489.654541015625,696.2855224609375,446.036376953125,315.32080078125,405.2227783203125,524.0872192382812,354.6100158691406,351.1741638183594,368.0468444824219,214.8140411376953,45.53459167480469,240.39649963378906,40.06975446428521,204.33801923479314,208.22970808130813,-377.65869140625,-214.65911865234375,434.40145535585185,-0.6522085253465965,56.035537719725994,167.69106183733197,176.80575134217418,-384.7174072265625,-240.7928466796875,453.85975635127227,-0.7718442666183484,0.23912094566738362,0.250609864192783,0.031005340778683534
142,4.733333333333333,True,True,351.6252746582031,652.6876220703125,684.4175415039062,662.76171875,342.4666748046875,494.98626708984375,683.77587890625,456.3912353515625,314.1470947265625,408.2214050292969,519.2412109375,354.72515869140625,332.9447021484375,343.48443603515625,211.95623779296875,44.720558166503906,242.9105224609375,69.53825814383345,195.7793753487722,207.76220339039978,-375.289306640625,310.645751953125,487.17845486569246,0.3430350063129019,87.2229112897594,156.71846662248845,179.35583077883268,-452.58544921875,429.4097900390625,623.8800819275524,0.24862811438203203,0.22670817000609178,0.23388486861817515,0.030451050394125226
143,4.766666666666667,True,True,359.1565246582031,659.2850341796875,700.890625,684.8831787109375,355.1143798828125,501.047607421875,699.5753173828125,470.13739013671875,317.69354248046875,413.7035217285156,511.4821472167969,355.3665771484375,342.6914978027344,345.84503173828125,202.37890625,65.24790954589844,253.23768615722656,72.46326991489946,176.12709045410122,190.45124698616894,473.983154296875,412.3846435546875,628.268354126596,0.8940615210859787,99.41351754324728,151.32372174944135,181.05777043370406,494.1925048828125,663.643798828125,827.4353893841944,0.9982702374176958,0.2333449423948707,0.23549224163996035,0.044428501413062836
144,4.8,True,True,353.1583251953125,664.7014770507812,688.4639282226562,680.426025390625,347.9971923828125,508.1640930175781,687.1314697265625,466.15478515625,330.2639465332031,414.85748291015625,508.52874755859375,355.29290771484375,335.6741027832031,341.72625732421875,187.95286560058594,73.5982666015625,197.39120483398438,132.8347124372208,180.06369454520063,223.75878736162846,-373.3154296875,-119.4781494140625,391.96866995994947,-0.810692229599891,150.34708295549638,138.40353829519995,204.35210976610392,-372.8009033203125,-133.714599609375,396.0556875808457,-0.9211870284745892,0.2285666690875558,0.2326876924038421,0.0501144130817911
145,4.833333333333333,True,True,369.74554443359375,669.58642578125,694.5225830078125,682.239501953125,359.1741943359375,512.0960693359375,687.4790649414062,466.8932800292969,331.8890380859375,417.3414611816406,507.0149841308594,355.4442138671875,325.0234375,331.4021301269531,185.7427520751953,70.8551254272461,239.07144165039062,71.16913931710326,173.2066236223485,187.25805952692969,10.4278564453125,22.15484619140625,24.48626961807195,0.9987473620322642,132.86999293736028,116.99046543666236,177.0344712937598,181.7596435546875,54.404296875,189.727160795681,0.9085078486553572,0.2213144352477577,0.22565780435126478,0.04824655781428072
146,4.866666666666666,True,True,370.29266357421875,674.0819702148438,668.28369140625,686.8203125,356.788818359375,516.3128662109375,672.040283203125,473.42974853515625,337.38116455078125,419.87786865234375,502.96453857421875,358.04541015625,298.26318359375,318.1547546386719,176.7515411376953,46.3383903503418,238.80946350097656,-18.555744716099525,190.26312691824694,191.16582625217825,-463.1634521484375,196.09405517578125,502.96447377656835,0.4774206207707473,60.26978628975951,115.71762084960892,130.47227642111227,-787.166748046875,137.42431640625,799.0725448733785,-0.3025217781095396,0.20309288628531305,0.21663742278353876,0.03155266207741108
147,4.9,True,True,379.13690185546875,676.0736083984375,656.9002075195312,684.24267578125,361.2574768066406,527.7738037109375,660.794677734375,473.5564880371094,341.85577392578125,423.90155029296875,506.4720458984375,358.71630859375,277.8833923339844,304.4044189453125,177.05262756347656,16.55097007751465,186.8118438720703,-32.17620849609398,174.15262494768342,177.10009929232845,-337.3681640625,3.80218505859375,337.3895889533666,0.19275406674244608,48.85378156389504,96.54719761439651,108.20375843881811,-341.5045166015625,-77.3291015625,350.15014609125944,-0.6374043074768467,0.1892159116652221,0.20727456636355238,0.011269859871282947
148,4.933333333333334,True,True,373.930908203125,674.7654418945312,640.7713623046875,681.0789184570312,357.5822448730469,528.3390502929688,648.9287719726562,472.4041748046875,345.40203857421875,425.26910400390625,507.996337890625,359.72259521484375,266.9151306152344,296.6673278808594,175.3090057373047,26.387248992919922,133.71139526367188,-49.438378470284874,165.7127380371088,172.93023105728673,-355.9771728515625,-34.56939697265625,357.65177309562483,0.1919252120016715,61.1699131556918,94.80292184012251,112.82443115256223,-483.8653564453125,-94.9127197265625,493.0863084023347,-0.6937711845643068,0.18174742057237667,0.20200623878520685,0.017967563058002657
149,4.966666666666667,True,True,360.92828369140625,686.4143676757812,630.8748779296875,680.46875,342.25701904296875,541.564697265625,641.3388671875,468.8833312988281,336.7910461425781,420.2420349121094,508.4823303222656,357.8153991699219,270.0120544433594,307.7864990234375,182.68820190429688,64.8753662109375,165.6609344482422,-5.254407610212411,111.51888166155072,111.64259835016925,-227.6971435546875,-105.62530517578125,251.0033750299802,-0.37765147605541916,113.03846086774513,58.51534162248777,127.28605124107354,-296.89453125,-18.3050537109375,297.4582956945688,-0.9146732967124099,0.18385617295435466,0.20957748687971647,0.04417482980582007
150,5.0,True,True,373.022705078125,683.2919311523438,627.9398193359375,692.202392578125,349.0004577636719,538.6904296875,635.5276489257812,480.962158203125,328.31280517578125,422.1416015625,506.8600158691406,358.8363952636719,255.07278442382812,292.2847595214844,189.437744140625,53.863399505615234,156.6005096435547,23.864168439592277,62.469896589005884,66.87291316485563,-174.3365478515625,362.36480712890625,402.1212321705602,0.6870879756340286,149.25044468470924,45.80030168805774,156.119706870403,-88.0517578125,352.00927734375,362.8548516830666,0.0526113078221736,0.1736837492891034,0.19902206740098238,0.036676579183953735
151,5.033333333333333,True,True,393.02569580078125,689.4937744140625,624.51220703125,693.5006103515625,355.319091796875,544.1358032226562,632.1383666992188,482.86865234375,316.9424743652344,423.33172607421875,505.1485595703125,359.1422119140625,231.52117919921875,283.5182189941406,198.85125732421875,59.46291732788086,,31.290566580635982,74.66112409319112,80.95296787515636,-101.678466796875,57.19482421875,116.6608697360727,0.11527403672141912,134.8011343819752,54.813145228794156,145.51916272622043,-102.828369140625,38.946533203125,109.95683675271292,-0.7328745544150388,0.15764702821583446,0.1930527687534482,0.040489393835187834
152,5.066666666666666,True,True,396.50372314453125,680.497802734375,618.6697387695312,693.9038696289062,361.9736328125,536.649169921875,626.34619140625,485.2686767578125,297.6776123046875,429.4833984375,502.8809509277344,359.8254089355469,222.57012939453125,269.31915283203125,216.7040557861328,56.87517547607422,82.42668914794922,-155.86951119559217,37.94128417968659,160.4208389379527,-173.7652587890625,72.000732421875,188.09165486888648,0.9881581165918734,-132.2054181780137,6.94008963448573,132.38745197245157,-175.2740478515625,12.0977783203125,175.6910586528502,0.9998644356174328,0.15155209380853046,0.18338436350586423,0.03872735282391592
153,5.1,True,True,399.82269287109375,685.4745483398438,615.0887451171875,697.4798583984375,361.4002685546875,540.811767578125,618.8497314453125,488.3320007324219,285.49261474609375,433.5078430175781,500.54901123046875,360.2507019042969,215.60055541992188,262.743896484375,227.19125366210938,52.779544830322266,64.5031967163086,-428.71794564383424,-53.58300345284647,432.053486476035,-224.893798828125,91.89971923828125,242.94604163768562,0.8716348113704158,-467.8100149972105,-95.32496861049117,477.4233548668115,-107.4298095703125,107.2796630859375,151.82256122245425,0.5522668595298567,0.14680638273005434,0.17890715055044226,0.03593856260521668
154,5.133333333333334,True,True,382.1124267578125,693.3763427734375,606.224853515625,702.993408203125,350.23052978515625,552.7493286132812,609.8583374023438,492.6934814453125,277.3741149902344,436.18719482421875,500.9579772949219,361.23406982421875,224.3186798095703,266.48321533203125,235.8128662109375,78.0756607055664,,-575.1147569928854,-96.31216866629529,583.1235011077761,-269.7418212890625,130.84442138671875,299.80145556745674,0.8152931758605005,-649.9887411934997,-146.03485107421943,666.1918202789492,-265.916748046875,165.406494140625,313.1629371361142,0.7126981351172947,0.15274271393913752,0.1814533215138219,0.05316315305922508
155,5.166666666666667,True,True,311.47222900390625,683.1903076171875,604.7706298828125,697.56005859375,290.91717529296875,545.1040649414062,606.9473876953125,489.9136657714844,250.86700439453125,442.2727355957031,501.11090087890625,362.0215148925781,293.65020751953125,320.8131408691406,262.7969970703125,161.3832550048828,,-606.9681113106868,-97.61332920619498,614.7671511936688,-87.3284912109375,-83.39447021484375,120.751410093602,0.8236929295355295,-686.8331909179693,-135.28296334402967,700.0295081764066,-43.626708984375,-163.00048828125,168.737811164935,0.44035577078199856,0.1999518260512272,0.21844756685127728,0.10988882590921002
156,5.2,True,True,286.64788818359375,653.5447387695312,594.4347534179688,706.4093017578125,262.47052001953125,516.0079345703125,596.0338134765625,499.08245849609375,255.204833984375,443.25506591796875,501.31964111328125,362.42205810546875,312.2937927246094,333.992431640625,259.0491638183594,52.75339889526367,106.41407012939453,-450.4853766305109,-166.1483982631146,480.14827376898046,-327.4072265625,275.06378173828125,427.61615501464985,0.4957684498363289,-516.0565403529579,-216.27502441406295,559.5437775780975,-310.0762939453125,265.477294921875,408.1978713637493,0.4492063667613085,0.21264658604266723,0.22742158828336878,0.03592075935725394
157,5.233333333333333,True,True,293.4943542480469,662.7908325195312,588.4024658203125,708.22314453125,266.2242736816406,526.5020751953125,589.3717041015625,502.05389404296875,255.6837158203125,440.75872802734375,499.5768737792969,362.101318359375,298.38714599609375,324.0709533691406,256.2632751464844,45.9204216003418,86.71751403808594,-150.8299255371095,-242.55870274135123,285.6298141180244,-199.86328125,89.14306640625,218.8419920406632,0.13634998548127047,-160.4608808244982,-312.93502807617233,351.67602430647526,-180.9686279296875,54.415283203125,188.97266294580803,0.18071699423581658,0.20317729456453648,0.2206658712884168,0.03126805946976848
158,5.266666666666667,True,True,285.52935791015625,666.8094482421875,569.5458984375,708.1741333007812,265.8431091308594,528.0675048828125,575.9138793945312,501.1941223144531,259.76531982421875,437.2200927734375,498.81671142578125,359.00421142578125,287.0129699707031,311.2331237792969,251.52194213867188,11.383330345153809,95.67963409423828,17.555531093052082,-240.34194946289153,240.982259395961,-403.7347412109375,-25.79315185546875,404.55781780025205,-0.009114677873433534,-13.243806021554406,-365.46994890485576,365.709832996673,-565.697021484375,-1.4703369140625,565.6989323013914,0.03881129674074895,0.19543240895619352,0.21192435705382187,0.007751118953002821
159,5.3,False,True,309.6531066894531,642.7000732421875,574.7335815429688,704.6839599609375,285.73851013183594,511.7763671875,580.906494140625,501.4004211425781,267.76300048828125,435.9525909423828,501.27764892578125,360.2496643066406,272.60894775390625,295.6248016357422,245.2758026123047,20.636687755584717,,-115.90991428920245,-223.60159737723257,251.8586559564318,149.7784423828125,6.18896484375,149.90625433402923,-0.4964792911424758,-252.47621808733288,-422.4658421107704,492.16016544418227,155.6304931640625,-104.7052001953125,187.57406364001866,0.05352643561927011,0.1856244453621633,0.2012963634945393,0.014051900168004186
160,5.333333333333333,True,True,333.77685546875,618.5906982421875,578.578125,700.701171875,305.6339111328125,495.4852294921875,585.6183471679688,499.7216796875,275.76068115234375,434.6850891113281,503.1628112792969,361.041015625,258.2049255371094,280.0164794921875,239.0296630859375,29.890045166015625,77.7153091430664,-139.55039978027372,-221.52436392647928,261.81550353610737,141.3555908203125,-50.36224365234375,150.05918379711937,-0.21812778240321276,-277.78088705880344,-468.04353986467663,544.2673758588079,115.3363037109375,-119.483642578125,166.06867193254345,0.2642598369250614,0.17581648176813308,0.19066836993525677,0.020352681383005552
161,5.366666666666666,False,True,270.54637145996094,599.4881591796875,574.4619750976562,702.066162109375,261.0985565185547,488.92138671875,583.7100830078125,501.07757568359375,256.7508544921875,442.83140563964844,502.2870178222656,362.24993896484375,327.1016540527344,328.0493927001953,259.0194854736328,84.99665832519531,,25.809402465820085,-127.7283913748613,130.30988918287215,-57.2479248046875,40.6768798828125,70.22772566048192,-0.729194562626276,-70.7831464494983,-285.9410313197552,294.5717692065829,-123.4844970703125,40.94970703125,130.09726946655422,-0.07746213892361296,0.22272953111354724,0.2233748637859804,0.057875787604354606
162,5.4,True,True,207.31588745117188,580.3856201171875,585.1170654296875,699.0489501953125,216.56320190429688,482.3575439453125,592.2698364257812,499.16290283203125,237.74102783203125,450.97772216796875,502.2662353515625,362.2500305175781,395.9983825683594,376.0823059082031,279.0093078613281,140.103271484375,181.23265075683594,-64.04319763183616,-110.18768855503686,127.44747103027281,256.7926025390625,-57.440185546875,263.13839635151,-0.30166151713141504,-174.7218050275534,-216.74782889230028,278.40138376382447,319.6527099609375,-90.516357421875,332.22141102929515,-0.3917258271008798,0.2696425804589614,0.25608135763670403,0.09539889382570366
163,5.433333333333334,True,True,272.25152587890625,589.1971435546875,584.613525390625,700.0557861328125,263.87518310546875,495.6750183105469,593.314208984375,499.0672302246094,239.56797790527344,450.1011962890625,505.0342102050781,363.3750305175781,331.4508361816406,329.45648193359375,279.27362060546875,94.22789764404297,114.24394989013672,-256.6315351213732,-207.86191667829303,330.25190570824304,31.3311767578125,-2.87017822265625,31.462367362598453,-0.7164200360821982,-381.5912737165181,-320.2805001395095,498.1882163863463,-15.106201171875,30.205078125,33.7719418805391,-0.23237761038081686,0.2256909691995269,0.2243329767190909,0.06416150820408109
164,5.466666666666667,True,True,330.5959777832031,626.253662109375,586.68017578125,691.175048828125,318.13848876953125,503.4399108886719,595.980224609375,494.6893310546875,312.659423828125,427.27227783203125,511.7093811035156,362.55059814453125,264.18536376953125,277.9794921875,209.307861328125,36.32831573486328,63.96403503417969,-223.6179460797996,-308.53783198765393,381.05193816144003,79.98046875,-131.33697509765625,153.77345807801848,0.3863315458401447,-311.53409140450657,-434.8496573311945,534.9277657668265,61.99951171875,-266.422119140625,273.5410115882896,0.6597561274576089,0.17988867213115128,0.18928134782260136,0.024736618202690373
165,5.5,True,True,168.27880859375,512.0713500976562,590.9417724609375,689.998779296875,180.31214904785156,430.842529296875,602.2000122070312,497.7251281738281,147.76559448242188,469.17822265625,519.11865234375,363.1737365722656,458.5871276855469,427.1564636230469,386.1865539550781,172.0152130126953,217.12843322753906,-230.91757638113887,-364.5796639578688,431.5567847379666,186.5936279296875,91.07391357421875,207.63342630146747,-0.8514136765597429,-326.58707754952627,-509.010053362166,604.7729769476273,127.847900390625,-35.2880859375,132.62855892839806,-0.29661428375632043,0.31226040791479276,0.29085869079568755,0.11712832162119818
166,5.533333333333333,True,True,183.09884643554688,520.924560546875,582.605712890625,696.2960205078125,194.965576171875,436.44293212890625,599.51318359375,501.173583984375,162.48892211914062,466.1126708984375,520.888671875,363.892333984375,436.30364990234375,409.6935729980469,372.69207763671875,127.52334594726562,176.9132843017578,-345.3451211111891,-372.80870165143745,508.182625344799,-80.6048583984375,103.45367431640625,131.14803058756627,-0.16102617047929935,-503.3991459437783,-551.0666983468197,746.381407970342,-250.081787109375,188.917236328125,313.41764855488816,0.09312633537954976,0.2970871781351848,0.2789678874548816,0.08683299120305293
167,5.566666666666666,True,True,194.904052734375,509.04498291015625,583.4331665039062,690.9949951171875,208.3679962158203,432.11944580078125,603.0286865234375,496.03607177734375,149.1138458251953,472.13006591796875,523.3956298828125,364.3712463378906,429.02294921875,399.8029479980469,389.4853515625,126.5611572265625,195.8865966796875,-258.3635003226147,-277.59786333356624,379.2258852271493,105.465087890625,-154.1253662109375,186.75522288127004,0.21937324699081945,-395.7730048043389,-485.78319004603827,626.5952274500346,24.8236083984375,-159.03076171875,160.95649942380336,0.6685860019847434,0.2921296151594455,0.27223317901982497,0.08617781921003573
168,5.6,True,True,206.44171142578125,510.5714111328125,585.5524291992188,686.5091552734375,222.78460693359375,433.6354675292969,607.1046142578125,493.5438232421875,154.43040466308594,475.62689208984375,527.845458984375,366.5179748535156,417.9461975097656,388.9613037109375,389.02899169921875,103.83541107177734,177.72122192382812,116.76016126360196,-54.94133540562268,129.04063543882395,122.27783203125,-74.7674560546875,143.32494790214372,0.9940664713254701,45.44543675013932,-155.22210257394,161.7380253647412,63.577880859375,-134.5751953125,148.83759648679631,0.9877733019325591,0.28458725123729445,0.26485090406447287,0.0707034407636193
169,5.633333333333334,True,True,219.05575561523438,516.390380859375,574.8274536132812,690.5532836914062,236.06507873535156,438.8337097167969,604.1126098632812,498.9642333984375,163.88546752929688,477.62896728515625,531.44970703125,369.89605712890625,396.1138916015625,372.92718505859375,383.0272216796875,112.03204345703125,172.1328125,337.9643848964145,70.08544921874943,345.15488646491116,-89.7601318359375,162.6123046875,185.74079493472945,-0.2954167121210023,307.1507426670619,43.15495082310167,310.1675813193119,-321.749267578125,121.3238525390625,343.8634443816034,-0.8774979572051631,0.2697212326836932,0.25393297783264845,0.07628467847751785
170,5.666666666666667,True,True,224.8800811767578,516.7046508789062,594.998046875,692.7860107421875,242.14369201660156,438.75042724609375,617.94287109375,501.4354553222656,175.17214965820312,479.6845703125,533.3405151367188,370.8258972167969,409.86822509765625,380.99139404296875,374.3457946777344,96.21794128417969,186.14004516601562,291.7180252075195,81.91798618861594,303.0015885967815,414.9078369140625,74.13665771484375,421.47924877724904,0.995304465903027,269.2562648228234,77.33295985630502,280.14161209373253,605.1177978515625,66.9818115234375,608.8136926447087,0.985679674197334,0.27908681128107454,0.2594240460178369,0.06551656551232597
171,5.7,True,True,235.08126831054688,525.66259765625,611.6112670898438,687.22119140625,252.19297790527344,449.0721435546875,631.418701171875,499.2449035644531,188.80999755859375,480.50848388671875,538.3538208007812,369.87750244140625,409.7267761230469,382.53033447265625,366.6334533691406,71.50982666015625,173.30267333984375,246.5409687587192,61.361912318637906,254.06245995795595,404.27490234375,-65.716552734375,409.5813252192274,0.9190710369017462,231.08264923095686,56.80768694196331,237.96282077520755,498.3966064453125,-166.944580078125,525.6136129645666,0.8449794681747308,0.2789904960732457,0.26047193885503034,0.048692355922663355
172,5.733333333333333,True,True,245.72592163085938,521.2277221679688,617.8890380859375,692.1402587890625,264.44036865234375,445.2405090332031,634.995361328125,503.43157958984375,201.11178588867188,482.2729187011719,544.1990966796875,368.2823181152344,409.53204345703125,375.09625244140625,361.52838134765625,83.51667022705078,183.29705810546875,213.01960536411804,45.30418395996048,217.78388680929203,107.2998046875,125.60028076171875,165.19285279151222,0.7934987005930159,190.66262381417397,41.85450962611526,195.20255145808875,188.3331298828125,147.572021484375,239.2631800683949,0.9010777994777364,0.2788578990201377,0.25540993569923764,0.05686803649374659
173,5.766666666666667,True,True,247.141357421875,522.9091796875,615.966064453125,695.20703125,265.9782409667969,446.4555358886719,633.8482666015625,508.263916015625,207.72216796875,483.861572265625,551.7415771484375,365.9822082519531,407.08502197265625,373.0263366699219,363.6549072265625,88.57525634765625,184.7970428466797,201.72776903424904,58.91912187848709,210.1560270905104,-34.412841796875,144.9700927734375,148.99856200405367,0.0510806224228643,172.750903538295,55.35199846540104,181.4020904163209,-57.689208984375,92.003173828125,108.5938710411001,-0.24738641769950465,0.27719167709466935,0.25400049198803915,0.06031252080246339
174,5.8,True,True,252.6617431640625,522.391357421875,611.114501953125,700.6875,272.1119079589844,445.48126220703125,634.3956298828125,515.069091796875,213.79396057128906,483.2763671875,561.2039794921875,368.38037109375,400.3471984863281,368.9064636230469,365.9164123535156,107.87122344970703,203.61679077148438,191.28810882568337,45.96548897879438,196.73323754558137,16.4208984375,204.1552734375,204.8146029408916,0.31084700786161623,170.41109357561368,49.6753365652894,177.5037460914877,-145.546875,164.4140625,219.58113937681335,-0.4268081791753307,0.27260376918517965,0.2511951946726368,0.0734514996237974
175,5.833333333333333,True,True,255.83187866210938,526.5384521484375,610.1859130859375,696.6840209960938,277.7639465332031,449.3133239746094,635.857666015625,514.038330078125,223.1607208251953,482.48382568359375,570.4234619140625,372.49212646484375,393.0856018066406,363.89617919921875,364.2658386230469,106.63225555419922,195.38272094726562,174.83469281877757,64.39734322684114,186.31743779826914,43.861083984375,-30.9228515625,53.66579391978475,0.567772941436979,170.16831534249417,74.6090698242183,185.80572877749927,-27.857666015625,-120.1043701171875,123.29277868993168,-0.5980908694067942,0.2676592144769918,0.24778359987744555,0.07260786360113546
176,5.866666666666666,True,True,262.4791259765625,532.9534912109375,623.427978515625,706.0054931640625,285.2989501953125,456.83978271484375,644.3494873046875,520.5503540039062,231.2033233642578,483.47760009765625,581.4348754882812,374.76934814453125,400.2887268066406,364.6591796875,366.7146301269531,106.53086853027344,196.50111389160156,168.2269723074773,74.37704903738802,183.93547682611626,254.754638671875,195.3607177734375,321.03852724212135,0.9718305028786856,170.4782867431639,86.96247645786775,191.3774243806453,397.261962890625,279.6441650390625,485.81676195877264,0.9899835537695673,0.27256395474328105,0.24830314094025807,0.07253882731220142
177,5.9,True,True,274.03240966796875,532.0902099609375,632.836181640625,711.82080078125,293.87054443359375,454.68707275390625,649.1070556640625,528.9595947265625,237.9374542236328,484.06024169921875,596.8987426757812,376.3879089355469,401.3019104003906,362.9178771972656,374.7619934082031,105.6539535522461,179.6295166015625,153.16252572195845,97.71956307547396,181.68068772764792,142.72705078125,252.2772216796875,289.8530793404405,0.8832554345387513,161.79447719028997,109.27276611328057,195.2382909762503,282.24609375,174.459228515625,331.81151253595897,0.999184793187459,0.2732538500830689,0.2471174560549281,0.07194171977861802
178,5.933333333333334,True,True,277.46734619140625,534.7980346679688,633.5018310546875,708.2606811523438,295.84283447265625,456.0013732910156,650.2323608398438,532.1858520507812,241.7338409423828,485.6635437011719,609.7977905273438,367.76336669921875,396.042724609375,362.4858703613281,386.48614501953125,109.28072357177734,196.0320587158203,129.87003871372735,117.8872244698656,175.39562323134953,33.7591552734375,96.7877197265625,102.50630836511321,0.8784804373737228,142.6699284144808,128.94888741629416,192.30840865571423,19.969482421875,-106.8035888671875,108.65443765953047,-0.5227602125818519,0.26967277377006715,0.24682329465643305,0.0744112541753369
179,5.966666666666667,True,True,277.57513427734375,539.8424682617188,624.3771362304688,702.81103515625,297.12603759765625,460.7904052734375,647.7167358398438,535.3074951171875,245.96112060546875,486.48162841796875,620.4691162109375,361.4554443359375,383.18450927734375,358.42242431640625,394.8262634277344,99.89581298828125,151.97427368164062,106.01760864257767,166.94820949009477,197.76611942959119,-75.46875,93.6492919921875,120.27353040964788,0.3209264183679745,102.0318603515621,193.38841029575826,218.65401382897414,-273.7408447265625,-163.4893798828125,318.8460873306721,-0.8541282433699176,0.260917378508756,0.24405641952426163,0.0680208959857459
180,6.0,True,True,283.5062255859375,546.9031372070312,622.7886962890625,714.8701782226562,303.33978271484375,468.510986328125,644.4940795898438,547.5611572265625,252.95188903808594,490.97119140625,629.4099731445312,364.8697814941406,378.58355712890625,350.1930847167969,397.01666259765625,99.54714965820312,159.88587951660156,109.6767425537106,215.01146589006646,241.36884289689945,-96.6796875,367.60986328125,380.1104754630645,0.745931228787382,94.50184413364912,225.59993198939674,244.59339291624568,-47.6531982421875,361.7742919921875,364.89925410879886,0.863991693889723,0.25778450558683513,0.2384529108666758,0.0677834847129424
181,6.033333333333333,True,True,285.01910400390625,554.7720336914062,624.1182250976562,711.5005493164062,305.0555725097656,476.1741027832031,647.01806640625,548.763916015625,257.068115234375,493.74267578125,634.3079833984375,368.7330322265625,373.566650390625,349.5820617675781,397.4132995605469,83.26998901367188,128.56686401367188,130.6851196289058,209.94019644600974,247.2923099819535,75.7196044921875,36.082763671875,83.87743640964287,0.8422737298013562,121.39644077845935,205.19505092075815,238.41582320821433,39.8858642578125,-101.0888671875,108.67309343551723,-0.6137132653725051,0.25436840153595913,0.23803685410483144,0.05670006671948936
182,6.066666666666666,True,True,284.88494873046875,573.9625244140625,616.837158203125,719.9556884765625,308.3265380859375,490.28466796875,642.5985717773438,558.854248046875,262.54095458984375,496.6212158203125,637.1829833984375,374.3202819824219,362.637939453125,341.2324523925781,394.09918212890625,81.08639526367188,,159.53744070870493,166.0654449462886,230.2822767672153,-132.5848388671875,302.7099609375,330.4724798651483,0.3826106498245319,164.00959559849292,158.25962611607088,227.91502080113048,-218.4320068359375,253.6541748046875,334.7431582664865,0.056601131255516524,0.24692684129734155,0.23235145154561598,0.05521321758236587
183,6.1,True,True,296.006591796875,571.190673828125,619.87890625,720.0,317.02655029296875,493.5960998535156,644.4488525390625,558.122802734375,269.7296447753906,500.90887451171875,640.5344848632812,384.0446472167969,356.4231872558594,333.72003173828125,388.7846374511719,90.05885314941406,167.04689025878906,195.9933471679683,145.64993722098188,244.1870110111914,55.5084228515625,-21.943359375,59.68832405193051,0.527147367024831,209.5438711983815,144.23891339983197,254.3884787005263,91.25244140625,1.329345703125,91.26212370200196,0.8318877460720878,0.24269510224700735,0.2272361061808704,0.061322729145719894
184,6.133333333333334,True,True,302.4879150390625,568.7178955078125,609.4105224609375,720.0,321.5711669921875,492.187744140625,640.1922607421875,562.2123413085938,276.64080810546875,503.64923095703125,642.2923583984375,369.2488708496094,342.1808776855469,326.2251281738281,389.56964111328125,85.27826690673828,117.47406005859375,244.40780639648392,150.95682416643388,287.26840861806716,-127.69775390625,122.6861572265625,177.08362297999778,-0.24945710431441676,250.48779078892272,152.52901349748845,293.27330818339425,-314.051513671875,0.0,314.051513671875,-0.8541104280526061,0.23299725176760172,0.2221326885247103,0.058067540065852415
185,6.166666666666667,True,True,312.28338623046875,569.062744140625,617.167236328125,720.0,330.6153259277344,490.8633728027344,645.5580444335938,567.8623046875,284.468505859375,504.7857971191406,643.8857421875,361.79754638671875,340.20025634765625,324.21868896484375,386.8157043457031,35.89643096923828,37.25766372680664,272.04891749790704,153.28144618443037,312.25921164342526,160.9735107421875,169.4989013671875,233.75702925334397,0.9558986608102088,277.7853829520088,158.9341735839837,320.0387328349774,232.701416015625,0.0,232.701416015625,0.8679742620254784,0.23164861027821707,0.2207664671721491,0.02444253992411575
186,6.2,True,True,324.65380859375,583.99853515625,646.3718872070312,720.0,342.86077880859375,503.3970947265625,660.2557983398438,574.7142333984375,295.1529541015625,509.13616943359375,652.2708740234375,358.521728515625,349.283447265625,325.3086853027344,387.5795593261719,15.589363098144531,114.67792510986328,353.54733058384454,235.1513017926893,424.6078775738372,440.9326171875,205.557861328125,486.4931728746161,0.9886668037536669,358.0390385219026,269.28713117326936,448.00391976099723,876.1395263671875,0.0,876.1395263671875,0.7991872899525313,0.23783352199941507,0.22150866572188413,0.010615083996636677
187,6.233333333333333,True,True,331.0104675292969,596.244140625,650.0237426757812,720.0,353.5411376953125,515.3077392578125,661.6806640625,575.7569580078125,305.0601806640625,512.4059448242188,660.9183349609375,356.8327331542969,342.17681884765625,314.0128479003906,388.3787536621094,23.99150276184082,190.97021484375,400.8583831787106,266.0593741280684,481.11852378189457,42.7459716796875,31.28173828125,52.96947465038017,0.9989517335805213,406.5006801060265,297.4453517368854,503.7028292520716,109.5556640625,0.0,109.5556640625,0.8070248100643453,0.23299448803024655,0.21381712232249403,0.01633625539537228
188,6.266666666666667,True,True,340.58251953125,601.6128540039062,668.5838623046875,720.0,361.5243835449219,519.7613525390625,672.3853149414062,577.9189453125,313.30157470703125,515.2035522460938,664.55859375,355.89617919921875,348.7124938964844,316.2543640136719,385.6946105957031,25.092365264892578,215.73904418945312,453.05609566824745,262.37637111118795,523.5467371110549,321.1395263671875,64.859619140625,327.6238171903997,0.9474452327291193,454.0706961495534,285.8369881766173,536.5472774244779,556.8035888671875,0.0,556.8035888671875,0.8462827326776743,0.2374447493514605,0.21534341186187406,0.017085852916776664
189,6.3,True,True,375.75775146484375,623.9784545898438,668.1856689453125,720.0,392.74163818359375,540.2237548828125,676.2566528320312,580.8956909179688,321.02960205078125,516.7007446289062,663.1357421875,356.8960876464844,307.78924560546875,286.41748046875,377.58990478515625,49.302284240722656,,524.5866721017017,168.83527483258865,551.0866779142225,116.14013671875,89.3023681640625,146.50407610971,0.941371125066356,549.3227168491906,188.86975969587002,580.8848710150331,-11.94580078125,0.0,11.94580078125,-0.9456653878578536,0.20957935707792674,0.19502692920422723,0.033570831928574255
190,6.333333333333333,True,True,381.3289794921875,618.7745361328125,669.4156494140625,720.0,398.6439208984375,536.60009765625,678.62109375,578.850830078125,341.07110595703125,519.3440551757812,657.2289428710938,356.24493408203125,305.3531188964844,283.147216796875,355.7486572265625,27.356212615966797,467.27587890625,614.1710880824496,82.68434797014447,619.7118901841629,70.9332275390625,-61.3458251953125,93.7807711527382,0.6623321736286385,666.4644731794083,94.80926513671784,673.1743390579225,36.8994140625,0.0,36.8994140625,0.9900324990285513,0.20792055360535916,0.1928001465352012,0.01862734820660518
191,6.366666666666666,True,True,400.8506164550781,625.56103515625,701.1736450195312,720.0,421.3105163574219,542.0509033203125,701.4911499023438,579.1324462890625,361.5964660644531,521.7857666015625,657.0631713867188,365.86370849609375,314.82159423828125,282.62384033203125,334.0841979980469,23.013708114624023,306.0926513671875,646.818923950195,-52.641187395369116,648.9574831916822,686.1016845703125,8.448486328125,686.1536988834623,0.9956302943641665,712.4537985665454,-50.05207606724434,714.2097908951829,952.7398681640625,0.0,952.7398681640625,0.9975413494031824,0.21436781257549756,0.1924437698762445,0.015670457040024243
192,6.4,True,True,435.4119567871094,617.4928588867188,709.332763671875,720.0,448.51275634765625,532.48193359375,712.6168823242188,580.8615112304688,384.93829345703125,524.1117553710938,660.0955200195312,372.0806579589844,292.4727783203125,268.4987487792969,314.3643493652344,3.765214204788208,385.9113464355469,654.9321964808869,-178.00761631556998,678.6920461104802,333.77197265625,51.8719482421875,337.7786682804062,0.9132672363471847,713.0966295514786,-180.64400809151834,735.6215472218355,244.7735595703125,0.0,244.7735595703125,0.9693797472961131,0.1991500928584653,0.1828257353004571,0.0025638035882244257
193,6.433333333333334,True,True,466.77105712890625,614.6261596679688,727.2071533203125,720.0,477.10137939453125,531.9423217773438,727.1574096679688,575.8743286132812,415.4595947265625,520.5753173828125,672.376220703125,383.8538818359375,280.9459228515625,253.88587951660156,291.03076171875,6.2297868728637695,424.3277282714844,668.1777518136158,-224.19417245047498,704.7868720254736,436.2158203125,-149.615478515625,461.1605287775253,0.9999776565512004,731.8254416329517,-283.2632446289067,784.7334214744269,536.231689453125,0.0,536.231689453125,0.9325784038329004,0.19130124500961154,0.1728755639125161,0.00424197643741227
194,6.466666666666667,True,True,483.5316162109375,592.7031860351562,732.0248413085938,715.9993896484375,489.8941650390625,510.27777099609375,734.7376708984375,569.993408203125,433.57232666015625,524.231689453125,678.9447631835938,400.774169921875,277.400146484375,252.0204315185547,274.6805114746094,48.11771774291992,423.93536376953125,691.9123077392576,-329.31050981794124,766.2819673446697,227.4078369140625,-176.4276123046875,287.82117134336374,0.9768470872445895,701.2793949672151,-272.4538094656814,752.3455775758539,144.5306396484375,-120.018310546875,187.86564524604444,0.9484640742727047,0.18888686068011545,0.171605346068082,0.03276423881796319
195,6.5,True,True,507.50146484375,588.803955078125,740.9801025390625,719.5084228515625,517.06787109375,505.7613525390625,746.9136962890625,571.242919921875,450.5855712890625,519.390625,685.6080932617188,412.0787048339844,267.57415771484375,238.9915008544922,258.3630065917969,6.87325382232666,402.71221923828125,709.0245274135043,-284.0130288260327,763.7926295905716,365.28076171875,37.4853515625,367.1991101073019,0.8854851757626656,681.8847329275947,-197.01651436942052,709.7762294794136,268.6578369140625,105.27099609375,288.5463844062395,0.7932172054583709,0.18219616424294047,0.16273370759801264,0.004680124915615406
196,6.533333333333333,True,True,521.8675537109375,563.4161376953125,755.5529174804688,715.035888671875,528.889404296875,498.4452209472656,758.7156982421875,569.883056640625,469.43365478515625,523.6959228515625,717.5606689453125,417.3380126953125,278.5631103515625,240.67298889160156,269.9611511230469,58.84745788574219,375.1741638183594,710.4250226702005,-187.88376944405718,734.8496605813073,354.06005859375,-40.7958984375,356.4026240373835,0.9896742621720529,705.9560721261157,-86.1408560616635,711.1921138867963,437.1844482421875,-134.176025390625,457.31110589450105,0.9844881940160435,0.18967874416230326,0.163878663722319,0.040070316183734404
197,6.566666666666666,True,True,547.8125610351562,585.4561767578125,764.87451171875,711.8052978515625,569.66552734375,471.0168762207031,769.3308715820312,567.73095703125,474.29595947265625,474.16259765625,713.7347412109375,420.13507080078125,251.1573028564453,221.85549926757812,245.45855712890625,15.420363426208496,377.8478698730469,792.4528067452565,52.156186785016416,794.1673115524136,318.4552001953125,-64.56298828125,324.93398404482315,0.9648962518945896,834.6902683803006,183.3821541922423,854.597483383239,279.6478271484375,-96.917724609375,295.96613416453755,0.8525865157039152,0.17101762589051517,0.15106548901419878,0.010500009012385488
198,6.6,True,True,580.74755859375,585.4078369140625,757.7115478515625,720.0,594.3903198242188,488.6834716796875,773.98095703125,565.0612182617188,481.17120361328125,469.64935302734375,849.646240234375,415.1602478027344,222.33151245117188,195.15725708007812,372.48211669921875,26.757007598876953,57.04205322265625,766.6206141880575,213.4443119594024,795.7798944468861,139.5025634765625,-80.0921630859375,160.85931680918193,0.7019084430637732,845.878764561244,360.82184927804053,919.6212759892419,-214.888916015625,245.841064453125,326.51963983475156,-0.3099336502510496,0.15138961514401839,0.13288616497134595,0.01821933849206002
199,6.633333333333334,True,True,608.1541748046875,593.8062744140625,769.0565185546875,720.0,610.9258422851562,499.46728515625,785.2852172851562,563.8561401367188,484.2135925292969,482.4421081542969,897.5256958007812,411.18017578125,204.48574829101562,185.86854553222656,419.4104919433594,30.777156829833984,32.1171760559082,700.0219508579794,340.84334237234884,778.5916232034388,339.1278076171875,-36.15234375,341.04935399126373,0.8476168367856338,783.746991838727,490.5727713448655,924.6193763929217,340.34912109375,0.0,340.34912109375,0.8476428375276333,0.13923810617270102,0.1265613104740696,0.020956732027444566
200,6.666666666666667,True,True,656.4845581054688,639.0899658203125,772.874267578125,717.6008911132812,652.0294189453125,533.9541015625,789.85009765625,563.0660400390625,491.2128601074219,491.98089599609375,903.454833984375,408.5029602050781,140.39419555664062,140.86180114746094,420.60906982421875,25.34160804748535,283.7603759765625,547.7309090750549,412.09824698311866,685.4444645066044,136.9464111328125,-23.7030029296875,138.98255958947541,0.6848468522611899,628.1886945452004,467.00206211634975,782.7591979499992,114.532470703125,-71.9732666015625,135.26950118434598,0.3620616884893714,0.0955969893761313,0.09591539062142947,0.017255566910614722
201,6.7,False,True,660.8052062988281,647.8270568847656,784.7646484375,719.6781005859375,659.7252807617188,539.0101928710938,801.5322265625,563.072509765625,491.82566833496094,490.8887125651042,887.3818359375,405.2467346191406,139.45445760091147,141.26517486572266,411.5165303548177,30.017436027526855,,438.258950369698,327.75787353515545,547.2623970669247,350.4638671875,0.194091796875,350.4639209328733,0.8011520659599219,439.590781075613,456.8095615931916,633.9676887425978,356.71142578125,62.3162841796875,362.11373980678474,0.8070523648239396,0.09495710452181803,0.0961900552035825,0.020439424163119932
202,6.733333333333333,False,True,665.1258544921875,656.5641479492188,789.3115844726562,720.0,667.421142578125,544.0662841796875,808.0986938476562,560.8062744140625,492.4384765625,489.79652913411456,873.1376342773438,402.781494140625,138.51471964518228,141.66854858398438,402.4239908854167,34.69326400756836,,338.2577950613836,246.2814985002782,418.4171512059843,196.9940185546875,-67.987060546875,208.3959782436528,0.5721655678141851,271.0793086460651,379.5839473179399,466.44181270282485,136.4080810546875,9.656982421875,136.74948587295896,0.6371813397359335,0.09431721966750477,0.09646471978573554,0.023623281415625145
203,6.766666666666667,False,True,669.4465026855469,665.3012390136719,803.188232421875,714.6455078125,675.1170043945312,549.1223754882812,821.9452514648438,553.3992919921875,493.05128479003906,488.704345703125,860.7425537109375,400.1617431640625,137.57498168945312,142.0719223022461,393.3314514160156,39.36909198760986,,230.87585449218636,151.6827392578116,276.24502452759305,415.396728515625,-222.20947265625,471.0960536871993,0.4779523382258974,129.61944580078034,262.11273193359307,292.41115739894923,416.2994384765625,-160.634765625,446.21603557391336,0.09086616517562418,0.09367733481319152,0.09673938436788856,0.026807138668130354
204,6.8,False,True,673.7671508789062,674.038330078125,800.2633666992188,706.3380126953125,682.8128662109375,554.178466796875,826.1409912109375,544.71923828125,493.6640930175781,487.61216227213544,850.5328369140625,396.4126892089844,136.63524373372397,142.4752960205078,384.23891194661456,44.04491996765137,,182.08959306989368,229.59140232631057,293.0338409237426,125.8721923828125,-260.401611328125,289.2279516186837,-0.43497815528361133,144.42224775041768,279.81268746512205,314.8855755853817,-87.7459716796875,-249.224853515625,264.2203307012866,-0.9904996119646916,0.09303744995887826,0.0970140489500416,0.029990995920635567
205,6.833333333333333,False,True,678.0877990722656,682.7754211425781,799.946533203125,718.0576171875,690.5087280273438,559.2345581054688,827.7713623046875,549.5672607421875,494.2769012451172,486.5199788411458,846.3858642578125,393.8178405761719,135.69550577799478,142.87866973876953,375.14637247721356,48.72074794769287,,100.77915736607088,359.4391741071422,373.3000916718877,48.9111328125,145.440673828125,153.4447409218741,0.9986969937106939,169.09358433314674,309.31261335100385,352.5151529234717,-9.5050048828125,351.588134765625,351.7165927643926,0.8641613030888895,0.09239756510456498,0.09728871353219463,0.03317485317314078
206,6.866666666666666,True,True,682.408447265625,691.5125122070312,815.978759765625,709.3475341796875,698.20458984375,564.2906494140625,839.1822509765625,538.6968383789062,494.88970947265625,485.42779541015625,849.0350341796875,392.8184509277344,134.75576782226562,143.28204345703125,366.0538330078125,53.396575927734375,524.921875,-124.54405648367788,548.8182612827836,562.7723393370247,342.32666015625,-326.1126708984375,472.7970139227249,-0.8328839846951757,88.21478707449728,298.929061889648,311.6735996211804,480.966796875,-261.302490234375,547.3646418055181,-0.20916008924030288,0.09175768025025173,0.09756337811434768,0.036358710425645986
207,6.9,False,True,691.3344116210938,705.7562561035156,816.9171142578125,717.790283203125,690.7225036621094,593.5849914550781,838.8634643554688,545.6153564453125,511.1355895996094,502.3473815917969,834.7030639648438,391.9424133300781,137.2486801147461,167.50850677490234,353.2974548339844,77.23915100097656,,-315.902382986887,649.5536368233813,722.297890546051,-9.5635986328125,207.5555419921875,207.7757575620415,0.9184655017892668,-28.839634486607565,238.59133039201924,240.32799973277108,28.150634765625,253.282470703125,254.84204559528044,0.9734425112480771,0.09345515007081662,0.11405962247286461,0.05259355821931275
208,6.933333333333334,True,True,700.2603759765625,720.0,839.9778442382812,717.4039916992188,683.2404174804688,622.8793334960938,857.7662353515625,543.4876708984375,527.3814697265625,519.2669677734375,843.3343505859375,392.2157897949219,139.74159240722656,191.73497009277344,340.54107666015625,101.08172607421875,,-407.59234837123427,511.2278856549939,653.8237327614019,567.0831298828125,-63.83056640625,570.6641896995372,-0.7069444141055281,-130.68992614746207,85.14541625976517,155.97948168421954,691.8218994140625,-11.5887451171875,691.9189544464527,-0.8468913232877973,0.0951526198913815,0.13055586683138157,0.0688284060129795
209,6.966666666666667,True,True,674.8134155273438,720.0,849.361083984375,720.0,636.013671875,662.6151123046875,865.2323608398438,547.1240234375,539.19677734375,535.3807983398438,849.0671997070312,391.9058532714844,174.54766845703125,256.6698303222656,341.474365234375,51.97795867919922,,-551.9170629061193,316.0398881513988,635.9981566244245,223.9837646484375,109.090576171875,249.1374733668107,-0.5625935006247995,-343.53171642010125,-59.00444449959241,348.56213887518874,281.4971923828125,77.8802490234375,292.0719132463079,-0.9950226880848033,0.1188527171009959,0.17477120720843403,0.03539274785504741
210,7.0,True,True,661.027099609375,713.9545288085938,843.998291015625,710.1484375,625.8502197265625,667.8118896484375,861.1644287109375,540.928955078125,549.8548583984375,553.5863037109375,846.10107421875,391.1463928222656,183.01077270507812,267.34259033203125,337.8587646484375,26.46900177001953,,-693.2926261818025,69.84089526501248,696.8015615435136,-122.0379638671875,-185.85205078125,222.33814203695525,0.4623378139847323,-613.6457866626786,-180.65617907178353,639.6857091773068,-160.8837890625,-295.546875,336.4989582530273,0.7066922287031335,0.12461540040625567,0.18203848575383474,0.018023230027230795
211,7.033333333333333,True,True,657.18994140625,689.5558471679688,851.2825927734375,709.203369140625,630.1747436523438,626.259033203125,862.05126953125,537.9805297851562,545.825927734375,568.2172241210938,839.7109985351562,389.6946105957031,195.0845489501953,248.1125030517578,343.858642578125,33.315181732177734,,-841.183486351601,-117.63962462708241,849.3696127087635,26.605224609375,-88.4527587890625,92.36735632197863,-0.15262857640810162,-867.5758489671655,-243.00777393383055,900.9664987686133,218.529052734375,-28.35205078125,220.36058103137646,-0.9202329969761656,0.13283665666872413,0.16894436571457203,0.02268491985361311
212,7.066666666666666,False,True,611.3726522005521,685.9710036057693,853.88623046875,711.3781127929688,585.9922984196589,625.8539569561298,860.177001953125,536.6575927734375,509.268436725323,555.8953247070312,836.09619140625,387.8758850097656,248.2324500450721,295.3953294020433,375.43321814903845,66.1521764235063,,-956.2678301465387,-214.58086621630355,980.0475045217495,-56.22802734375,-39.6881103515625,68.82395776361092,0.9234198966336683,-1046.6684173751678,-226.95717109428733,1070.9922191322214,78.109130859375,65.2423095703125,101.77227167394594,-0.8859078213268639,0.16902603982795045,0.2011401116309914,0.045044233358027694
213,7.1,False,True,565.5553629948542,682.3861600435697,870.776123046875,708.0444946289062,541.8098531869741,625.4488807091346,866.46875,536.2008056640625,472.710945716271,543.5734252929688,837.7462158203125,385.7492980957031,301.3803511399489,342.67815575232873,407.0077937199519,98.98917111483487,,-1169.5580989711898,-144.41300947587638,1178.440182688533,188.75244140625,-13.70361328125,189.2492355434544,-0.9809839564074344,-1239.5825408055243,-174.44692926092512,1251.7973504519196,506.69677734375,-100.008544921875,516.4720062384141,-0.944515113514407,0.20521542298717674,0.23333585754741082,0.06740354686244228
214,7.133333333333334,False,True,519.7380737891564,678.8013164813702,887.408935546875,704.6575927734375,497.62740795428937,625.0438044621394,873.479248046875,530.0440063476562,436.15345470721905,531.2515258789062,841.988037109375,383.52880859375,354.5282522348257,389.96098210261414,438.58236929086536,131.82616580616343,,-1325.4733569805448,-12.152287409856399,1325.5290634892042,210.31494140625,-184.7039794921875,279.90701066419325,-0.7452930845803859,-1374.518676170937,-107.54530686598628,1378.7195451474547,498.984375,-101.6070556640625,509.2243123171364,-0.9613411180271885,0.24140480614640303,0.2655316034638302,0.08976286036685686
215,7.166666666666667,False,True,473.9207845834585,675.2164729191707,906.8108520507812,705.9766235351562,453.44496272160455,624.6387282151443,882.0784301757812,527.2423095703125,399.59596369816705,518.9296264648438,844.6195678710938,381.71978759765625,407.6761533297025,437.24380845289966,470.1569448617788,164.66316049749202,,-1325.4733569805444,-12.152287409856854,1325.5290634892037,257.9754638671875,-84.0509033203125,271.32249133909096,-0.9479275109559543,-1374.518676170937,-107.5453068659865,1378.7195451474547,582.0574951171875,39.5709228515625,583.4010503568013,-0.9999479501617906,0.27759418930562935,0.29772734938024964,0.11212217387127145
216,7.2,False,True,428.1034953777606,671.6316293569712,896.1942749023438,695.445068359375,409.26251748891974,624.233651968149,876.8995361328125,518.36767578125,363.03847268911505,506.60772705078125,809.1795654296875,380.23223876953125,460.82405442457934,484.52663480318506,501.73152043269226,197.5001551888206,,-1325.4733569805444,-12.152287409856626,1325.5290634892037,-155.3668212890625,-266.239013671875,308.25648664454786,0.5119150617411263,-1374.5186761709365,-107.54530686598605,1378.7195451474543,-318.497314453125,-315.9466552734375,448.6232587509537,0.7627154718939825,0.31378357246485566,0.329923095296669,0.13448148737568605
217,7.233333333333333,False,True,382.2862061720628,668.0467857947716,885.1981201171875,695.5558471679688,365.080072256235,623.8285757211538,861.7897338867188,518.8588256835938,326.4809816800631,494.28582763671875,797.762451171875,379.375,513.9719555194561,531.8094611534705,533.3060960036057,230.33714988014916,,-1325.4733569805446,-12.152287409856854,1325.529063489204,-453.2940673828125,14.7344970703125,453.5334793908481,0.9991322666152773,-1374.5186761709365,-107.5453068659865,1378.7195451474543,-329.8846435546875,3.3233642578125,329.9013834514692,0.9961166822427261,0.3499729556240819,0.3621188412130884,0.15684080088010063
218,7.266666666666667,False,True,336.46891696636493,664.4619422325721,901.26953125,690.2891235351562,320.89762702355017,623.4234994741587,866.26708984375,515.4820556640625,289.9234906710111,481.96392822265625,786.7885131835938,380.007080078125,567.1198566143329,579.092287503756,564.8806715745193,263.1741445714777,,-1325.473356980545,-12.152287409856626,1325.5290634892044,134.3206787109375,-101.3031005859375,168.2390053396996,-0.7928381360374996,-1374.5186761709367,-107.54530686598673,1378.7195451474545,482.142333984375,-158.001708984375,507.37143224848967,-0.9230881374392479,0.38616233878330825,0.39431458712950784,0.1792001143845152
219,7.3,False,True,290.65162776066705,660.8770986703726,908.5464477539062,694.1688232421875,276.71518179086536,623.0184232271635,876.183349609375,519.9373168945312,253.3659996619591,469.64202880859375,773.9583740234375,378.77410888671875,620.2677577092097,626.3751138540415,596.4552471454326,296.0111392628063,,-1325.4733569805448,-12.152287409857081,1325.5290634892042,297.48779296875,133.6578369140625,326.13402817547876,-0.9158831142697813,-1374.5186761709363,-107.54530686598628,1378.719545147454,218.3074951171875,116.3909912109375,247.3964940321616,-0.9164287555509216,0.42235172194253456,0.4265103330459273,0.2015594278889298
220,7.333333333333333,False,True,244.83433855496918,657.2922551081731,885.6068115234375,703.166015625,232.53273655818055,622.6133469801682,861.4674682617188,524.6812133789062,216.8085086529071,457.32012939453125,787.7294921875,377.42279052734375,673.4156588040865,673.6579402043269,628.0298227163462,328.8481339541349,,-1325.4733569805446,-12.152287409856172,1325.529063489204,-441.4764404296875,142.31689453125,463.84862393186677,0.9489154877397105,-1374.518676170937,-107.54530686598628,1378.7195451474547,-688.1890869140625,269.915771484375,739.228478241752,0.8996376550224371,0.4585411051017609,0.45870607896234666,0.2239187413933444
221,7.366666666666666,False,True,199.0170493492713,653.7074115459735,903.6277465820312,702.4058837890625,188.35029132549573,622.2082707331731,875.5445556640625,519.5474853515625,180.2510176438551,444.99822998046875,796.76318359375,375.4488830566406,726.5635598989634,720.9407665546123,659.6043982872595,361.68512864546346,,-1325.4733569805444,-12.152287409856626,1325.5290634892037,422.3126220703125,-154.0118408203125,449.51929644094685,-0.936295540003905,-1374.5186761709365,-107.54530686598605,1378.7195451474543,540.6280517578125,-22.803955078125,541.108779003495,-0.9927800468287069,0.4947304882609872,0.490901824878766,0.246278054897759
222,7.4,False,True,153.19976014357343,650.122567983774,942.1365966796875,698.1096801757812,144.16784609281098,621.8031944861779,904.644775390625,514.52490234375,143.69352663480316,432.67633056640625,803.892578125,372.2940368652344,779.7114609938401,768.2235929048978,691.1789738581731,394.522123336792,,-1201.831884698554,-80.548306978666,1204.5280855319263,873.006591796875,-150.677490234375,885.9143386265546,-0.9718507014773352,-1240.599499587175,-133.05633041884926,1247.7143525023982,1155.2655029296875,-128.8861083984375,1162.4327985726648,-0.9763432357564857,0.5309198714202135,0.5230975707951855,0.26863736840217356
223,7.433333333333334,False,True,107.38247093787561,646.5377244215745,955.314208984375,696.8533935546875,99.98540086012622,621.3981182391827,912.3148193359375,514.9827880859375,107.13603562575116,420.35443115234375,813.2432861328125,369.99560546875,832.8593620887169,815.5064192551832,722.7535494290865,427.3591180281206,,-924.8099672925343,-263.3070625053665,961.5633545267953,230.101318359375,13.736572265625,230.5109761558681,-0.9763863890793388,-968.0921836475751,-211.86097532838335,991.0033041855229,395.328369140625,-37.6885986328125,397.1208253344207,-0.952182486509588,0.5671092545794397,0.5552933167116049,0.2909966819065882
224,7.466666666666667,True,True,61.565181732177734,642.952880859375,946.1411743164062,693.2937622070312,55.802955627441406,620.9930419921875,912.4569702148438,518.2835083007812,70.57854461669922,408.03253173828125,823.8814697265625,368.71826171875,886.0072631835938,862.7892456054688,754.328125,460.19611271944916,,-677.3723231305133,-548.0572794819934,871.3208626771383,4.2645263671875,99.0216064453125,99.11339328338421,-0.6618627921870289,-712.901370708759,-359.2642480200468,798.3101930101088,-275.1910400390625,-106.7889404296875,295.1846647708452,0.9953345483416544,0.6032986377386661,0.5874890626280243,0.31335599541100273
225,7.5,True,True,57.41163635253906,631.4312744140625,964.866943359375,681.8031005859375,50.08674621582031,599.3092041015625,931.553955078125,512.5995483398438,71.96068572998047,424.40997314453125,851.835693359375,364.2323303222656,908.852294921875,885.7217407226562,782.1932983398438,493.0331074107777,,-473.96974993276086,-717.6472355769235,860.037719278942,572.9095458984375,-170.518798828125,597.7474454444289,-0.29016475513671175,-491.69308127937757,-468.7337569352039,679.3183503105149,561.7730712890625,-344.7198486328125,659.1060291538648,-0.25603560222034294,0.6188542399323534,0.6031042202447187,0.3357153089154173
226,7.533333333333333,True,True,68.59857177734375,608.62060546875,972.3658447265625,681.9913330078125,66.44474029541016,556.231689453125,944.1387329101562,508.49072265625,74.87859344482422,396.8970642089844,880.6318969726562,363.5220031738281,906.7406005859375,878.9913940429688,806.4442138671875,525.8701021021063,,-278.33634554684835,-831.2405814705321,876.6025470735543,377.5433349609375,-123.2647705078125,397.15635890889416,-0.007529414358817598,-251.95978458111122,-542.7438505403297,598.376654245053,224.967041015625,5.64697265625,225.0379031263541,-0.44370004657066653,0.6174163484283788,0.5985214034303569,0.35807462241983196
227,7.566666666666666,True,True,50.28324890136719,574.6397705078125,987.7904663085938,684.4747924804688,46.060523986816406,502.77886962890625,961.5690307617188,513.2060546875,76.10785675048828,376.0337219238281,904.8699951171875,361.3254089355469,943.9192504882812,915.56787109375,828.8926391601562,558.7070967934349,,-156.16946492876335,-742.6250348772328,758.8681336059299,522.908935546875,141.4599609375,541.7053400357106,-0.4542006195088267,-104.26372391836996,-520.0955854143419,530.4435333688339,462.7386474609375,74.5037841796875,468.69805814732285,-0.3499183281397695,0.6427319748019732,0.62342699923634,0.3804339359242465
228,7.6,True,True,35.95026397705078,563.6703491210938,1020.3677978515625,666.504150390625,29.11324691772461,499.2017822265625,988.0467529296875,491.4996337890625,77.06507110595703,365.0758972167969,947.5182495117188,359.89495849609375,989.7740478515625,958.9644775390625,870.4685668945312,591.5440914847634,,-199.41657338823597,-617.1743774414072,648.5916912141985,794.3316650390625,-651.192626953125,1027.1390516779318,0.3655039800539315,-146.37429305485327,-429.8943655831479,454.13059710555206,977.3199462890625,-539.1192626953125,1116.1558389506338,0.17501129773669685,0.6739553495220039,0.6529765465581806,0.40279324942866107
229,7.633333333333334,True,True,48.447723388671875,549.4696044921875,1008.064208984375,684.6083984375,32.52708435058594,476.160888671875,985.25048828125,499.212158203125,76.84806823730469,380.3148193359375,966.3084716796875,358.3978576660156,969.0852661132812,953.0022583007812,889.7304077148438,624.381086176092,1079.234375,-235.23228713444308,-348.21726117815354,420.2255226576742,-83.887939453125,231.375732421875,246.11362404273817,-0.5882225314848751,-187.66085488455644,-260.71446010044724,321.22986498996363,-369.107666015625,543.12744140625,656.6794398486994,-0.3429050279016016,0.6598679776032577,0.6489167618432905,0.4251525629330757
230,7.666666666666667,True,True,45.986289978027344,550.7698974609375,994.371337890625,682.9200439453125,31.367172241210938,491.06298828125,984.6707153320312,492.76739501953125,77.17853546142578,412.8907775878906,975.9652099609375,358.0419921875,957.5478515625,953.3050537109375,900.4586791992188,657.2180808674206,,-136.02329390389585,-149.88117762974366,202.40233173593728,-17.3931884765625,-193.3428955078125,194.12366741004593,0.7977469012454732,-141.0599122728621,-110.40972028459896,179.13180952513972,-410.7861328125,-50.650634765625,413.8970085820984,0.8569727731648543,0.6520119398812845,0.6491229408059825,0.44751187643749024
231,7.7,True,True,27.559663772583008,544.6435546875,965.8434448242188,657.716796875,15.94222640991211,459.61785888671875,971.4117431640625,472.9969787597656,69.64325714111328,415.4987487792969,969.9218139648438,356.7464904785156,945.0724487304688,955.563232421875,902.193603515625,690.0550755587492,1016.3705444335938,-91.7447069713048,-164.88817487444226,188.69340600740458,-397.7691650390625,-593.1124877929688,714.1447555165811,0.9965570312887466,-168.4719034603665,-99.06542096819271,195.43986258479686,-855.8367919921875,-756.097412109375,1141.9894531588166,0.9816179256941154,0.6435172086905244,0.6506605762145048,0.46987118994190485
232,7.733333333333333,True,True,22.018909454345703,551.8070678710938,926.2333984375,651.3082275390625,12.588918685913086,479.3843688964844,948.8956298828125,468.50079345703125,63.67143630981445,430.7704772949219,960.84521484375,355.1485290527344,909.6726684570312,936.3699340820312,900.3551635742188,722.8920702500777,,-84.80429138456077,-188.64787510463236,206.8327551881724,-675.4833984375,-134.88555908203125,688.819232900437,0.580680455718013,-193.9492239270892,-140.72230747767912,239.62276453576496,-1188.3013916015625,-192.257080078125,1203.7537049257114,0.8927989529693745,0.6194128473577805,0.6375915064412696,0.4922305034463194
233,7.766666666666667,True,True,22.6481990814209,549.8076171875,914.474365234375,615.6166381835938,20.286670684814453,474.8751220703125,938.2867431640625,442.6616516113281,53.1477165222168,475.20086669921875,949.1246337890625,354.7393798828125,894.2509155273438,918.5650634765625,904.0385131835938,755.7290649414062,788.6741943359375,-59.680774211883566,-217.09527151925272,225.14917660641774,-318.2666015625,-775.1742553710938,837.9670374545009,0.9926509588338893,-159.3285788808551,-171.71715872628397,234.24854033530426,-352.77099609375,-1070.7476806640625,1127.3632827675583,0.9090780777007264,0.6089118922069254,0.6254678426433051,0.514589816950734
234,7.8,True,True,8.725592613220215,532.2789306640625,942.6536254882812,628.584228515625,14.990142822265625,452.6532897949219,948.4297485351562,446.25811767578125,45.14918899536133,484.22723388671875,957.1827392578125,353.4700012207031,938.8803100585938,933.4614868164062,921.359130859375,769.25732421875,,803.770606347493,-206.8258340018141,829.9542838245745,304.2901611328125,107.89398193359375,322.8523091131913,0.8294906533785434,686.8997423989434,-223.83574349539685,722.4497879948973,845.3778076171875,389.0277099609375,930.5945393828043,0.7342045879211744,0.6393008676054548,0.6356110912164763,0.5238014574554302
235,7.833333333333333,True,True,14.58558464050293,516.2952880859375,934.669921875,625.342529296875,15.613398551940918,437.99114990234375,943.2666625976562,441.68487548828125,39.467552185058594,484.5602111816406,987.1357421875,352.9798889160156,926.5238647460938,927.6605834960938,956.7593383789062,766.8034057617188,1138.3502197265625,1978.3710214267833,-293.3395608008654,2000.0,-154.892578125,-137.197265625,206.91737590928906,-0.6432267983940159,1976.8467083512446,-303.44206655263014,2000.0,-239.5111083984375,-97.2509765625,258.50207637194717,-0.8587294837194221,0.6308871367771796,0.6316611494764692,0.522130539254456
236,7.866666666666666,True,True,9.49789047241211,522.7550048828125,941.2054443359375,637.162353515625,12.21863079071045,446.85040283203125,950.6918334960938,446.517333984375,36.41087341308594,483.4094543457031,999.95556640625,351.7235412597656,938.7055053710938,938.4732666015625,972.501708984375,743.0072021484375,1038.3106689453125,1988.7920736584895,-211.4381352041818,2000.0,222.755126953125,144.9737548828125,265.77666599745857,0.7757653386510819,1987.7607142123109,-220.92383334937972,2000.0,196.065673828125,354.5947265625,405.1902868524995,0.38425553101842774,0.6391818398793613,0.6390237042306931,0.5059272666405726
237,7.9,True,True,513.51708984375,491.27655029296875,954.7741088867188,630.6912841796875,540.718017578125,412.8739929199219,966.88818359375,437.78302001953125,518.0810546875,418.90283203125,983.697021484375,321.3083801269531,462.7572021484375,426.8974914550781,475.73406982421875,122.44258880615234,336.6500244140625,1993.0069037684862,-167.10319849338657,2000.0,485.8905029296875,-262.0294189453125,552.0407568559433,0.9167521315918421,1991.9599087006375,-179.1527823375347,2000.0,407.0599365234375,-194.132080078125,450.9823238641671,0.9375382712572158,0.3150998882974828,0.29068235188443936,0.08337341023878324
238,7.933333333333334,True,True,495.0954895019531,488.33416748046875,956.6806640625,609.0003662109375,523.3989868164062,411.66162109375,970.5471801757812,427.1607666015625,483.2928771972656,430.8835144042969,976.1339721679688,301.9739685058594,477.0966491699219,447.4167175292969,509.4212646484375,143.1716766357422,363.6971435546875,1993.5682011367148,-160.26797698162798,2000.0,109.7698974609375,-318.6676025390625,337.04372312294834,0.40040204073234414,1993.1485645524162,-165.40494698857586,2000.0,57.1966552734375,-650.7275390625,653.2363947827814,0.16964378233903007,0.32486388145359163,0.3046542702336716,0.09748822731626505
239,7.966666666666667,True,True,474.39715576171875,487.6353759765625,957.344482421875,604.2152709960938,502.3481750488281,408.8926696777344,969.6937255859375,423.0556640625,475.0135498046875,446.95721435546875,972.1611328125,290.6708068847656,496.8188781738281,467.56011962890625,521.1344604492188,159.30389404296875,374.12060546875,1730.4475716182164,-214.70724923270097,1743.7167203971107,-25.6036376953125,-123.153076171875,125.7864318351883,-0.0814453725882698,1631.9602039882116,-207.5360543387285,1645.1034378578547,19.91455078125,-143.5528564453125,144.92760926209846,0.2612696521940066,0.33829310984216426,0.3183702831277988,0.10847295079416623
240,8.0,True,True,455.01275634765625,480.59344482421875,959.47900390625,627.7382202148438,479.7705383300781,403.319091796875,977.8287353515625,428.5092468261719,457.650146484375,460.76495361328125,789.6660766601562,365.1903991699219,525.4881591796875,498.69482421875,345.498291015625,125.66802978515625,393.8717956542969,220.24186900683765,-130.04215785435315,255.7683398762277,244.05029296875,163.60748291015625,293.81619077635895,0.43213182711422726,197.73314952850308,-129.11999293736085,236.15751311064713,64.03564453125,705.6884765625,708.5878842625202,-0.4688496105679086,0.3578145504606459,0.3395704759997576,0.08556967231201673
241,8.033333333333333,True,True,434.8905334472656,484.7012939453125,926.919189453125,642.5516357421875,460.8392639160156,406.6634521484375,957.0045166015625,440.0667724609375,432.66900634765625,465.93011474609375,799.1563720703125,361.3394775390625,516.7290649414062,497.28839111328125,381.1196594238281,217.02102661132812,389.6914367675781,-684.640274047852,-67.23930358886764,687.9341747547027,-624.7265625,346.72576904296875,714.4942524691885,0.822744223060217,-671.6760144914907,-63.23295593261764,674.645888714331,-976.79443359375,444.4024658203125,1073.1360198627706,0.8674032555186779,0.35185032212825956,0.33861280983621955,0.14777360768444484
242,8.066666666666666,True,True,408.85052490234375,474.66400146484375,927.484619140625,612.3158569335938,436.4359436035156,397.8951416015625,943.773681640625,424.5304870605469,403.8052673339844,467.26898193359375,944.4111328125,250.92576599121094,536.5904541015625,508.03643798828125,582.2877807617188,239.60935974121094,429.54522705078125,-688.3704267229358,-56.58952985491112,690.6925649490637,-396.925048828125,-466.08856201171875,612.1993482725715,0.7085566833546278,-684.9091121128632,-54.592110770089675,687.0813564735724,16.962890625,-907.0733642578125,907.2319592057711,0.06080289981851791,0.36537430722615244,0.3459313525925617,0.16315441907540254
243,8.1,True,True,384.47918701171875,475.46539306640625,905.4594116210938,626.998779296875,408.1401672363281,398.71917724609375,920.7119140625,431.32659912109375,365.3064880371094,467.88818359375,812.0669555664062,355.9307556152344,542.570556640625,513.60791015625,460.5750732421875,235.3338623046875,402.111083984375,-693.0075400216244,-44.926986694336165,694.4622989480829,-691.85302734375,203.88336181640625,721.2690459670866,0.9389199099850594,-687.9733494349895,-41.878542218889834,689.2467931236079,-660.7562255859375,440.4876708984375,794.1210095848771,0.7968199324544823,0.36944626900938937,0.34972507044207096,0.16024315425140837
244,8.133333333333333,True,True,361.46234130859375,478.7514953613281,894.5142211914062,629.425048828125,387.6499938964844,399.3330383300781,901.9348754882812,427.0504150390625,344.8304138183594,468.5081787109375,823.5029296875,355.94677734375,553.9375610351562,515.03125,491.7290344238281,260.2479248046875,415.6409912109375,-684.5047106061667,-44.333659580775816,685.9388983093583,-563.3111572265625,-128.2855224609375,577.734052249826,0.9873482835934907,-680.7801164899558,-38.10607910156284,681.8457598845741,-328.355712890625,72.7880859375,336.3265966918992,0.9626792905245575,0.37718627132240556,0.3506942487145922,0.17720759753687096
245,8.166666666666666,True,True,340.48504638671875,474.957763671875,887.7219848632812,607.4346923828125,367.1685485839844,396.5924987792969,888.5166015625,417.55029296875,338.9368591308594,467.68743896484375,814.485595703125,356.7223815917969,563.0438842773438,521.7691040039062,488.3235168457031,183.96665954589844,417.072509765625,-647.3573521205361,-32.28110177176404,648.1617166079086,-402.5482177734375,-285.003662109375,493.2262716526013,0.8439189654335423,-647.9739270891465,-19.235098702567484,648.2593610657914,-203.76708984375,-659.710693359375,690.4630517530234,0.3233369991823622,0.38338693426853004,0.35528217740406204,0.1252662813333793
246,8.2,True,True,319.70965576171875,472.69775390625,834.91748046875,607.18017578125,342.8773193359375,395.57647705078125,846.1033325195312,420.5765380859375,309.7680358886719,467.35638427734375,812.5247802734375,356.4604797363281,532.4702758789062,503.84661865234375,514.8419799804688,214.12425231933594,390.4263000488281,-598.9550236293253,-36.990410940988,600.096167986756,-1272.3980712890625,90.787353515625,1275.632860731683,0.9911803853023562,-606.4235360281815,-23.875743321010304,606.8933647421546,-1584.1351318359375,-7.635498046875,1584.15353319913,0.9994038596504993,0.36256880211094894,0.3430784275627378,0.1458011408020451
247,8.233333333333333,True,True,297.1842346191406,474.32611083984375,790.7029418945312,625.1124267578125,323.911865234375,395.12542724609375,807.6924438476562,431.95709228515625,278.9745788574219,466.6212158203125,790.658935546875,354.41571044921875,516.0399169921875,485.18060302734375,523.8424682617188,248.3794403076172,452.70208740234375,-571.6486358642585,-17.13697160993354,571.9054455776997,-1152.32666015625,341.4166259765625,1201.8411060535739,0.9498583185026096,-563.8938413347522,24.696219308035325,564.4343784208871,-1326.4361572265625,537.967529296875,1431.3776377237957,0.9422419601896539,0.35138106861732316,0.3303683942859139,0.16912612820062997
248,8.266666666666667,True,True,279.3728332519531,471.4571838378906,771.5383911132812,620.6412353515625,306.1123046875,391.5001525878906,786.6107177734375,428.230224609375,274.7774963378906,465.87384033203125,781.4951171875,353.16455078125,514.2789306640625,481.90020751953125,519.1012573242188,216.25526428222656,425.43902587890625,-544.6630423409605,-18.034940447126587,544.961547972921,-632.4517822265625,-111.8060302734375,642.258394454335,0.9899527419334211,-530.435682024275,23.161533900669042,530.9411167136989,-574.9365234375,-134.1357421875,590.3764928540012,0.9630087531039586,0.3501819806448196,0.32813471266349,0.14725218603343201
249,8.3,True,True,264.9740295410156,473.1108093261719,723.6362915039062,628.4828491210938,290.5759582519531,392.9219970703125,741.2716674804688,433.10784912109375,252.16094970703125,466.33074951171875,766.0704345703125,356.30914306640625,484.263916015625,452.4837341308594,525.5546875,236.71949768066406,421.8075256347656,-521.4987618582593,-16.6868264334546,521.7656646389427,-1360.1715087890625,146.3287353515625,1368.0199677311375,0.9903334421865438,-522.7443204607285,9.885569981165872,522.8377846596412,-1437.06298828125,235.2484130859375,1456.190869408021,0.9897425470703936,0.3297442052432468,0.3081044950118949,0.16118665885849864
250,8.333333333333334,True,True,249.8149871826172,488.07958984375,685.4757080078125,637.05126953125,273.1204833984375,397.80731201171875,713.990966796875,426.43408203125,237.5264892578125,465.21722412109375,790.70654296875,356.0838623046875,460.4267578125,441.79888916015625,563.8424072265625,266.4366760253906,390.475341796875,-503.4357179914207,-22.061004638672102,503.9188526689637,-818.4210205078125,-200.2130126953125,842.5545782093778,0.9808283983250374,-500.19721984863327,-18.65838187081522,500.54509682778746,-1144.8175048828125,257.0526123046875,1173.321424409685,0.9668620310932516,0.31351304589605034,0.30082898759436905,0.18142163204414793
251,8.366666666666667,True,True,232.79379272460938,472.3141174316406,680.5504760742188,626.254150390625,255.3343505859375,390.2288818359375,698.0046997070312,435.7190246582031,202.31729125976562,466.98602294921875,766.702880859375,357.1842346191406,473.48028564453125,445.0015563964844,574.9674682617188,277.8772888183594,471.0541687011719,-493.0649348667694,4.521756853375905,493.0856682973179,-479.5880126953125,278.54827880859375,554.6114004853031,0.8692973588699312,-499.51340266636475,1.6042000906805924,499.5159786245689,-147.7569580078125,-323.91357421875,356.0226428233015,0.41209722925808395,0.32240143303009167,0.3030097426074424,0.1892117556691993
252,8.4,True,True,209.857666015625,471.57379150390625,663.8324584960938,558.5924682617188,237.348876953125,391.5469970703125,672.894287109375,378.0498962402344,195.79563903808594,465.9835205078125,704.943359375,358.6000671386719,462.239501953125,435.7544860839844,520.3485107421875,249.11859130859375,376.78558349609375,-517.9132134573804,-16.569998604911234,518.1782140610668,-753.3123779296875,-1730.0738525390625,1886.9645131749123,0.4283336584900789,-522.9393768310551,-33.31267220633413,523.9993568411883,-479.7379846464329,-1941.6105331042227,2000.0,0.3011016273264375,0.3147473767148274,0.2967132423930317,0.16962942970898334
253,8.433333333333334,True,True,198.63751220703125,468.7091064453125,632.9479370117188,639.8345947265625,224.8769073486328,389.12847900390625,636.9456787109375,435.1651611328125,181.98828125,466.0942077636719,710.802978515625,354.95849609375,466.8077697753906,414.6324462890625,540.3666381835938,256.50616455078125,393.0804748535156,-513.0317851475311,-26.616112845284874,513.7217437822302,-1065.3537196835468,1692.6374236690606,2000.0,0.4881133592902628,-522.2606931413927,-58.67624555315297,525.5465092574984,-710.6871292429541,1869.4715299410848,2000.0,0.2487604595160654,0.3178579942780461,0.2823308570966058,0.17465976417508217
254,8.466666666666667,True,True,181.51211547851562,480.3926696777344,638.1492919921875,591.7613525390625,208.43756103515625,397.522705078125,632.1517944335938,401.5149841308594,174.2060089111328,465.58624267578125,703.430419921875,358.46197509765625,470.0218200683594,423.7330322265625,539.95751953125,263.9776611328125,398.36541748046875,-494.6096583775115,-15.80167497907405,494.8620081320276,-143.8165283203125,-1009.5053100585938,1019.698075341228,0.1725787178764464,-492.89477757045233,-26.274588448661007,493.59458643138726,156.0406494140625,-1442.197265625,1450.6142275759566,-0.054493919262071124,0.320046500223702,0.2885276134064689,0.17974724358649477
255,8.5,True,True,159.20245361328125,469.0731506347656,600.43994140625,600.81396484375,182.72183227539062,388.32342529296875,594.8225708007812,400.03582763671875,166.20997619628906,464.61175537109375,699.8238525390625,359.6949768066406,460.4847106933594,412.26715087890625,543.8302001953125,268.7943420410156,370.9967346191406,-485.6589235578268,-21.5704127720428,486.13770964460616,-1119.876708984375,-44.37469482421875,1120.755529482865,0.9999885678913893,-475.50818579537565,-32.16859000069803,476.5950618093336,-1131.280517578125,271.578369140625,1163.421858156753,0.9544001436588361,0.313552507078287,0.28072028395788307,0.18302701018784218
256,8.533333333333333,True,True,145.84329223632812,469.0457763671875,744.2657470703125,642.9741821289062,171.55604553222656,388.8051452636719,670.558349609375,430.110107421875,162.06430053710938,464.0496826171875,720.385986328125,357.3937683105469,623.185791015625,500.7088928222656,568.4176025390625,294.1877136230469,532.4336547851562,-472.32034410749185,-26.211220877511664,473.0470754139689,1858.809723238106,738.1235733419092,2000.0,-0.9484265046007787,-463.273609706334,-34.747630528041896,464.57489738216594,1548.8323974609375,610.8050537109375,1664.9218026872663,-0.9551072653586833,0.4243386644787738,0.3409418923473473,0.20031782384097668
257,8.566666666666666,True,True,135.27001953125,465.70379638671875,703.6954345703125,641.5343017578125,159.36936950683594,387.4090576171875,625.9360961914062,436.8028564453125,153.25169372558594,464.5643310546875,743.2211303710938,357.8305969238281,594.9990234375,469.17401123046875,599.5465087890625,244.97500610351562,514.2601318359375,-461.81297574724493,-59.86737932477729,465.6772784619647,-1338.6676025390625,200.782470703125,1353.6412193152707,0.9616628404944731,-463.2477051871166,-69.11750793457111,468.375561130398,1548.8323974609375,610.8050537109375,1664.9218026872663,-0.9742266186492801,0.40514577612587604,0.31946921159615244,0.16680798634903232
258,8.6,True,True,116.05638885498047,467.35162353515625,450.51531982421875,608.724365234375,142.22052001953125,388.8883361816406,460.7322998046875,381.98602294921875,148.8232879638672,464.3771667480469,553.582275390625,356.4826354980469,363.1102294921875,318.5865478515625,418.8926696777344,68.45345306396484,186.3754425048828,-448.36561203002964,-49.903760637556275,451.1342454046617,-1924.6005123355349,-543.9787360629753,2000.0,0.9864816078827807,-429.44315774100176,-46.31590706961515,431.93354694703226,-1976.0469362169517,-308.60736224315133,2000.0,0.998872711255329,0.24724843226958723,0.21693143872217305,0.04661121493926194
259,8.633333333333333,True,True,106.12257385253906,467.71588134765625,416.8318786621094,596.733642578125,129.8616485595703,387.034912109375,430.7279052734375,381.62823486328125,139.4353790283203,464.2383117675781,535.5795288085938,353.71453857421875,336.4310302734375,300.91485595703125,411.2732849121094,117.35398864746094,177.84962463378906,-502.9265376499724,-101.85375758579835,513.1367168766387,-1924.6005123355349,-543.9787360629753,2000.0,0.9971406420770592,-436.07979501996743,-107.56131853376144,449.1492233872592,-1976.0469362169517,-308.60736224315133,2000.0,0.9962260995844044,0.2290820749343256,0.20489845875742646,0.07990848881962423
260,8.666666666666666,True,True,82.70616149902344,460.3590087890625,409.7315673828125,598.39306640625,109.78104400634766,379.72857666015625,424.74444580078125,370.85333251953125,135.9623565673828,462.0259094238281,517.7723388671875,351.8525390625,354.96337890625,315.08843994140625,397.3877868652344,64.93480682373047,179.12213134765625,-417.5753484453475,-64.6261923653741,422.54670318072505,-179.5037841796875,-323.2470703125,369.74352867959993,0.6134813059895826,-368.1275285993305,-67.18734741210983,374.2085207005934,-213.00933837890625,49.78271484375,218.74939299077727,0.9170751374653896,0.2417010918982498,0.21454951272161518,0.044215304012087286
261,8.7,True,True,77.4051513671875,459.78424072265625,384.1450500488281,642.4901123046875,94.24954986572266,378.97357177734375,393.17938232421875,408.1252746582031,126.97986602783203,462.9588317871094,509.73175048828125,351.12152099609375,357.030517578125,300.347900390625,398.7563171386719,133.20176696777344,212.35240173339844,-408.19942065647706,-13.3086940220428,408.41631745175886,-946.951904296875,1118.1582641601562,1465.2630524111128,0.6210574903966466,-303.1559903281077,-42.41236005510643,306.1084166717075,-767.5955200195312,1322.911376953125,1529.4761827586815,0.37718676484154917,0.2431086446312579,0.20451240828686687,0.090699532492872
262,8.733333333333333,True,True,59.86734390258789,441.8594970703125,422.6650390625,632.0828857421875,69.3163833618164,365.7942199707031,402.83331298828125,402.7451171875,108.63223266601562,462.373046875,511.90350341796875,351.9991455078125,409.6426696777344,335.5576171875,418.1029968261719,150.34295654296875,261.50006103515625,345.87770666394914,10.436161586216258,346.03511589976887,289.617919921875,-161.40472412109375,331.5569702305774,0.8584296326364711,551.9016674586707,131.23811449323364,567.2908365551132,1155.5996704101562,-312.216796875,1197.0338034086367,0.8788576822232239,0.2789332264480513,0.2284873519034603,0.10237128367330528
263,8.766666666666667,True,True,67.7732925415039,464.439697265625,444.7755126953125,646.0167236328125,89.93049621582031,385.3863220214844,409.76885986328125,401.97271728515625,111.00921630859375,461.73101806640625,512.6298828125,353.8981018066406,418.4505920410156,320.2681579589844,415.84503173828125,83.4591293334961,292.29443359375,1611.2340954371866,4.11349705287364,1611.2393463285623,208.06640625,-23.1719970703125,209.3527426570204,0.9935698352347013,1954.1162885938375,403.8990783691404,1995.4209918849695,663.314208984375,418.01513671875,784.0423422026149,0.9364232239877581,0.2849307027486202,0.21807647796639984,0.05682885584124147
264,8.8,True,True,54.920318603515625,462.5072937011719,487.10284423828125,630.4649658203125,55.33413314819336,390.49169921875,479.1648864746094,384.451171875,99.07415008544922,465.18804931640625,508.0648498535156,353.4122009277344,463.6717834472656,423.873779296875,423.9896545410156,374.7974853515625,487.318359375,1663.0916976928715,58.85222298758322,1664.132680733582,1939.1452743672128,-489.60759917872133,2000.0,0.9603086188106047,1946.5534025127813,459.27099538996066,2000.0,1269.8199462890625,-466.552734375,1352.81711622316,0.8343693217487952,0.3157226435215221,0.28862345067475503,0.2552064996939207
265,8.833333333333334,True,True,517.8101806640625,593.4581298828125,574.8270263671875,615.2210693359375,493.50152587890625,363.8486328125,538.1800537109375,439.808837890625,510.78802490234375,354.2223815917969,705.1219482421875,366.81549072265625,61.02906036376953,88.1256103515625,194.74151611328125,7.069733142852783,538.8572998046875,744.8106561388288,169.67739650181318,763.8935347164461,1458.6926869548963,1368.2893121444276,2000.0,0.8630899242093899,914.9670614515032,364.11388942173505,984.7556285754463,1970.4708228343877,-342.41018291432823,2000.0,0.852109674164642,0.04155580942715544,0.06000634857546236,0.004813911297897767
266,8.866666666666667,True,True,544.1993408203125,548.61572265625,599.0169677734375,580.0654907226562,495.07720947265625,371.44573974609375,543.5867309570312,474.71453857421875,502.1579284667969,357.7851867675781,710.824951171875,365.80108642578125,63.198577880859375,114.09477996826172,208.8209228515625,103.35106658935547,459.0239562988281,-251.73149994441476,147.22366333007767,291.62228157085826,162.2003173828125,1047.1710205078125,1059.6584776004288,0.36676401585145896,-174.75251810891308,118.37157113211447,211.0693521989662,725.6982421875,-1054.6673583984375,1280.2191904455915,-0.9313331778838928,0.0430330737984513,0.0776892336983945,0.07037364169922855
267,8.9,True,True,37.1709098815918,486.6705322265625,635.2357177734375,643.404296875,39.596229553222656,410.517578125,560.293212890625,545.3388061523438,89.3222427368164,470.87164306640625,702.1368408203125,366.1278381347656,618.2612915039062,537.8680419921875,621.70166015625,123.45602416992188,344.6521911621094,-1051.6674088458633,172.26654519840122,1065.6829272457942,460.40255369613004,1946.2860747782274,2000.0,-0.06986617635654167,-1134.0950185425436,-44.0769102135489,1134.9512258669909,992.7974534359467,1736.1892790811376,2000.0,-0.5297375246068411,0.4209854822076833,0.3662442403136488,0.08406347701340702
268,8.933333333333334,True,True,33.90987777709961,489.8933410644531,586.6710205078125,632.1591796875,37.036617279052734,418.5302734375,540.612548828125,528.6829833984375,81.23103332519531,473.45513916015625,693.5994262695312,366.9374084472656,570.7753295898438,515.4826049804688,621.5634155273438,202.9411163330078,334.9762268066406,-1890.4512352846114,200.8575781997365,1901.091696817746,-590.419921875,-499.6746826171875,773.4794584185595,0.6908041145252265,-1989.481389530993,-204.85066965188068,2000.0,-1456.94091796875,-337.353515625,1495.4879581448226,0.9922058953389921,0.38865141755055443,0.3510015846204796,0.13818633786921633
269,8.966666666666667,True,True,30.91454315185547,478.4447021484375,616.8455810546875,597.971923828125,26.86195945739746,407.8237609863281,552.5927734375,539.7693481445312,75.5213851928711,474.8058166503906,662.3787841796875,366.91851806640625,597.998291015625,542.0355224609375,596.6919555664062,282.2490539550781,309.7489013671875,-1735.4981803894048,172.919812883649,1744.0915101629992,359.40673828125,332.5909423828125,489.6835084797672,-0.6630013317226557,-1900.667171478272,-205.23914882115014,1911.7161936187194,905.23681640625,-1025.61767578125,1367.9712389711474,-0.5774215064937702,0.40718803257148894,0.3690819543980291,0.19218857094046335
270,9.0,False,True,51.284102666945685,486.44647507440476,639.6620483398438,670.2490844726562,46.39138902936663,410.4875299362909,638.218994140625,601.4971923828125,92.48543439592635,469.1062578473772,623.707275390625,368.8132019042969,575.925279163179,523.7024339948382,574.5843752906436,269.3767308734712,,-372.15598495639114,75.39601851482757,379.7165215614799,1622.3769074091954,1169.56965067459,2000.0,-0.6789227644787498,-399.66394005989554,15.75931237668351,399.9745253272834,602.0731918953774,1907.225174981328,2000.0,-0.2632297478101195,0.39215811291426067,0.3565986173456913,0.18342356945304752
271,9.033333333333333,False,True,71.6536621820359,494.448248000372,531.1798095703125,605.11279296875,65.9208186013358,413.1512988862537,507.9327392578125,527.8995361328125,109.44948359898159,463.40669904436385,615.909912109375,366.05853271484375,553.8522673107329,505.36934552873885,552.476795014881,256.5044077918643,,490.4054633938536,36.93716399523646,491.79454308740685,-1871.7747112381576,-704.5987708409679,2000.0,-0.9597040456690307,535.9853400016318,177.53400685835823,564.6225361140382,-1394.3728637695312,-646.7147827148438,1537.0477199484574,-0.9934614392245718,0.3771281932570324,0.3441152802933535,0.17465856796563167
272,9.066666666666666,False,True,92.02322169712612,502.4500209263393,546.703857421875,627.134765625,85.45024817330497,415.81506783621654,438.4598388671875,526.3011474609375,126.41353280203683,457.70714024135043,548.9192504882812,364.71429443359375,531.7792554582868,487.0362570626395,530.3692147391183,243.6320847102574,,585.8828871590752,79.91306849888372,591.3077506533809,-1871.7747112381576,-704.5987708409679,2000.0,-0.9749131656536977,611.0867854527066,240.05318777901778,656.5459559831213,-1394.3728637695312,-646.7147827148438,1537.0477199484574,-0.9982027428923211,0.36209827359980407,0.3316319432410157,0.16589356647821585
273,9.1,False,True,112.39278121221633,510.45179385230654,622.362060546875,643.08056640625,104.97967774527413,418.47883678617933,533.0281372070312,497.485107421875,143.37758200509208,452.00758143833707,526.678955078125,360.50537109375,509.70624360584077,468.7031685965402,508.2616344633557,230.7597616286505,,585.8828871590752,79.9130684988836,591.3077506533808,1913.153896561565,-582.9598316984751,2000.0,0.9084085391318292,611.0867854527066,240.05318777901766,656.5459559831213,1957.0069213912134,412.4607935040972,2000.0,0.9861560990314838,0.3470683539425758,0.31914860618867785,0.1571285649908
274,9.133333333333333,False,True,132.76234072730654,518.4535667782739,673.8687744140625,638.1417236328125,124.50910731724329,421.1426057361421,563.349365234375,490.37762451171875,160.34163120814733,446.30802263532365,509.4594421386719,360.664306640625,487.63323175339474,450.37008013044084,486.15405418759303,217.8874385470436,,585.882887159075,79.9130684988836,591.3077506533808,909.6368408203125,-213.2244873046875,934.2932431329606,0.9338342283277477,611.0867854527066,240.0531877790172,656.5459559831212,1545.201416015625,-148.165283203125,1552.288751232629,0.8916112412336744,0.3320384342853475,0.30666526913634007,0.14836356350338417
275,9.166666666666666,False,True,153.13190024239677,526.455339704241,671.1864013671875,624.178466796875,144.03853688921248,423.8063746861049,565.5514526367188,479.37469482421875,177.30568041120256,440.60846383231024,480.58746337890625,362.6746826171875,465.56021990094865,432.0369916643415,464.04647391183033,205.01511546543665,,585.882887159075,79.91306849888349,591.3077506533808,66.0626220703125,-330.087890625,336.63375584166675,0.06192598145802744,611.0867854527065,240.05318777901755,656.5459559831212,-80.47119140625,-418.897705078125,426.5570301449281,-0.534655653579378,0.3170085146281192,0.29418193208400223,0.13959856201596832
276,9.2,False,True,173.501459757487,534.4571126302084,710.7890014648438,624.308349609375,163.56796646118164,426.4701436360677,590.00439453125,514.913818359375,194.2697296142578,434.9089050292969,473.2135009765625,362.3853759765625,443.48720804850257,413.7039031982422,441.9388936360677,192.14279238382974,,585.882887159075,79.9130684988836,591.3077506533808,733.5882568359375,1066.1737060546875,1294.1708164110241,0.6729772513794822,611.0867854527066,240.0531877790171,656.5459559831211,1188.0780029296875,3.896484375,1188.0843924721337,0.9319542379661838,0.3019785949708909,0.28169859503166444,0.13083356052855247
277,9.233333333333333,False,True,193.8710192725772,542.4588855561756,702.05029296875,657.083251953125,183.0973960331508,429.13391258603053,603.2457275390625,477.3927001953125,211.23377881731307,429.20934622628346,473.0007019042969,361.41754150390625,421.41419619605654,395.3708147321429,419.83131336030505,179.27046930222284,,585.882887159075,79.9130684988836,591.3077506533808,397.239990234375,-1125.633544921875,1193.6710130076851,0.20229220138739618,611.0867854527065,240.0531877790172,656.545955983121,-262.1612548828125,983.2470703125,1017.59683806498,0.11349860574801585,0.28694867531366264,0.2692152579793266,0.12206855904113663
278,9.266666666666667,False,True,214.2405787876674,550.4606584821429,712.788330078125,635.28857421875,202.62682560511996,431.7976815359933,608.7958374023438,457.40625,228.19782802036832,423.5097874232701,475.8002014160156,360.9394836425781,399.3411843436105,377.03772626604353,397.7237330845424,166.39814622061593,,585.882887159075,79.91306849888349,591.3077506533808,166.5032958984375,-599.593505859375,622.2826687396805,0.13489509344745806,611.0867854527064,240.05318777901698,656.5459559831208,322.14111328125,-653.84033203125,728.8909909285602,0.0833762100487679,0.27191875565643436,0.2567319209269888,0.11330355755372079
279,9.3,False,True,234.61013830275763,558.4624314081101,756.8055419921875,655.56396484375,222.15625517708912,434.4614504859561,634.999755859375,463.75543212890625,245.16187722342357,417.8102286202567,485.250732421875,357.729248046875,377.2681724911644,358.7046377999442,375.61615280877976,153.52582313900902,,585.8828871590748,79.91306849888338,591.3077506533805,786.1175537109375,190.4754638671875,808.8644574883291,0.994786565713527,611.0867854527064,240.0531877790171,656.5459559831208,1320.516357421875,608.26171875,1453.8726796784651,0.9983563001450377,0.25688883599920603,0.24424858387465095,0.10453855606630495
280,9.333333333333334,False,True,254.97969781784786,566.4642043340774,761.8313598632812,668.7960815429688,241.6856847490583,437.1252194359189,656.46435546875,460.1451416015625,262.1259264264788,412.1106698172433,508.5603332519531,358.9864196777344,355.19516063871833,340.3715493338449,353.50857253301706,140.6535000574021,,585.8828871590749,79.91306849888338,591.3077506533806,643.93798828125,-108.3087158203125,652.9830860553345,0.954684378833306,611.0867854527064,240.05318777901755,656.5459559831211,150.7745361328125,396.9635009765625,424.6327611638486,0.6722911887860661,0.24185891634197773,0.23176524682231317,0.09577355457888911
281,9.366666666666667,False,True,275.34925733293807,574.4659772600446,751.2791748046875,658.508056640625,261.2151143210275,439.7889883858817,655.9353637695312,454.50091552734375,279.089975629534,406.4111110142299,526.6153564453125,367.1815185546875,333.1221487862723,322.0384608677455,331.4009922572544,127.78117697579518,,585.8828871590749,79.91306849888349,591.3077506533806,-15.8697509765625,-169.3267822265625,170.0688336387941,-0.22701424824501126,611.0867854527066,240.0531877790172,656.5459559831212,-316.5655517578125,-308.6407470703125,442.123126868352,-0.921677730197949,0.22682899668474946,0.21928190976997533,0.08700855309147325
282,9.4,False,True,295.71881684802827,582.4677501860119,782.583984375,662.769775390625,280.7445438929966,442.45275733584447,684.3229370117188,452.0709228515625,296.05402483258933,400.7115522112165,537.5934448242188,369.6982116699219,311.0491369338263,303.7053724016462,309.2934119814918,114.90885389418827,,585.8828871590749,79.9130684988836,591.3077506533806,851.627197265625,-72.8997802734375,854.7416341131507,0.9756889120991549,611.0867854527064,240.05318777901743,656.545955983121,939.144287109375,127.8515625,947.8069497760963,0.9715738657092018,0.21179907702752118,0.20679857271763752,0.07824355160405741
283,9.433333333333334,False,True,316.0883763631185,590.4695231119792,767.5802001953125,678.306884765625,300.2739734649658,445.1165262858073,686.4772338867188,449.5909423828125,313.01807403564453,395.0119934082031,565.5611572265625,368.9166564941406,288.9761250813802,285.3722839355469,287.18583170572913,102.03653081258136,,585.8828871590747,79.9130684988836,591.3077506533804,64.62890625,-74.3994140625,98.55033402233911,0.5477522870897484,611.0867854527064,240.05318777901675,656.5459559831207,-450.113525390625,466.11328125,647.968962757645,-0.3835407609576792,0.19676915737029285,0.1943152356652997,0.06947855011664157
284,9.466666666666667,False,True,336.45793587820873,598.4712960379464,764.2635498046875,651.3821411132812,319.803403036935,447.7802952357701,638.0452880859375,452.24359130859375,329.9821232386998,389.3124346051897,561.73486328125,364.726318359375,266.9031132289341,267.0391954694476,265.0782514299665,89.16420773097445,,585.8828871590747,79.91306849888349,591.3077506533804,-1452.9583740234375,79.5794677734375,1455.1360514865733,-0.9819518616861463,611.0867854527064,240.0531877790172,656.545955983121,-99.49951171875,-807.7423095703125,813.8475234970321,-0.47668063421896,0.18173923771306455,0.18183189861296192,0.06071354862922574
285,9.5,False,True,356.82749539329893,606.4730689639136,710.01171875,679.0303955078125,339.33283260890414,450.4440641857329,642.8133544921875,455.4908752441406,346.94617244175504,383.61287580217635,579.4204711914062,361.5909118652344,244.83010137648807,248.70610700334822,242.97067115420384,76.29188464936755,,585.8828871590749,79.9130684988836,591.3077506533806,143.0419921875,97.41851806640625,173.0646676569875,0.8950147463202256,611.0867854527061,240.0531877790172,656.5459559831206,-1627.554931640625,829.4476318359375,1826.7234135100925,-0.663259633341376,0.16670931805583628,0.1693485615606241,0.0519485471418099
286,9.533333333333333,False,True,377.19705490838913,614.474841889881,667.361328125,685.05517578125,358.8622621808733,453.10783313569567,619.6990356445312,446.9969482421875,363.9102216448103,377.91331699916293,573.9622192382812,359.3655700683594,222.75708952404204,230.37301853724887,220.8630908784412,63.41956156776064,,585.8828871590746,79.91306849888349,591.3077506533804,-693.4295654296875,-254.81781005859375,738.7669988129294,-0.9766347063719261,611.0867854527062,240.0531877790163,656.5459559831203,-1279.51171875,180.743408203125,1292.2145402476558,-0.8704693682286304,0.151679398398608,0.15686522450828627,0.043183545654394064
287,9.566666666666666,False,True,397.56661442347934,622.4766148158483,636.3231201171875,693.451904296875,378.39169175284246,455.77160208565846,610.0164794921875,446.80377197265625,380.87427084786555,372.21375819614957,582.1246337890625,358.3528747558594,200.68407767159596,212.03993007114957,198.75551060267856,50.54723848615373,,585.8828871590749,79.9130684988836,591.3077506533806,-290.4766845703125,-5.7952880859375,290.53448959281894,-0.9933242778121616,611.0867854527062,240.05318777901675,656.5459559831205,-931.146240234375,251.90185546875,964.6179894088702,-0.8029819034844917,0.1366494787413797,0.1443818874559485,0.034418544166978225
288,9.6,False,True,417.9361739385696,630.4783877418155,584.7955322265625,683.19189453125,397.9211213248116,458.4353710356213,555.7359619140625,434.5093994140625,397.8383200509208,366.51419939313615,569.4464111328125,357.70806884765625,178.61106581914987,193.70684160505022,176.6479303269159,37.67491540454682,,433.90603328237694,99.9989817093824,445.27995919619,-1628.41552734375,-368.8311767578125,1669.6627104426739,-0.9999928988492254,433.40904741871077,284.6751310387424,518.5396152815322,-1545.82763671875,-307.80029296875,1576.1738808885027,-0.9269433531788528,0.12161955908415138,0.13189855040361065,0.025653542679562383
289,9.633333333333333,False,True,438.3057334536598,638.4801606677827,566.4434814453125,673.3167114257812,417.4505508967808,461.0991399855841,512.7120361328125,440.43548583984375,414.80236925397605,360.81464059012274,554.10546875,356.7707214355469,156.53805396670384,175.37375313895092,154.54035005115327,24.802592322939915,,289.9134705991162,83.92608486876179,301.8168453818031,-1290.7177734375,177.7825927734375,1302.9040720485539,-0.9136337528583586,291.82573123854013,274.5790068957258,400.6942580581255,-550.5615234375,-296.2554931640625,625.2082119739813,-0.9660551148352701,0.10658963942692311,0.11941521335127285,0.016888541192146545
290,9.666666666666666,True,True,458.67529296875,646.48193359375,592.9596557617188,653.4501953125,436.97998046875,463.7629089355469,579.9569702148438,398.806396484375,431.76641845703125,355.1150817871094,564.1951904296875,356.14373779296875,134.4650421142578,157.04066467285156,132.43276977539062,11.930269241333008,128.5240020751953,53.656666619436805,-24.92809840611085,59.164583686983974,1700.5158849937213,-1052.7325023538679,2000.0,0.9928797437944055,15.22610800606833,129.672393798827,130.56325700031584,795.4852294921875,-595.9954833984375,993.9855967626369,-0.502180789875207,0.09155971976969483,0.10693187629893502,0.008123539704730707
291,9.7,True,True,423.767333984375,668.3660888671875,602.3737182617188,629.27734375,409.22772216796875,472.6756286621094,610.5325317382812,371.6595458984375,442.587646484375,356.7033386230469,578.1648559570312,356.77520751953125,182.83372497558594,225.22850036621094,135.5772247314453,81.57808685302734,158.81849670410156,-334.9762414426225,-91.1604947459947,347.1589234534533,917.266845703125,-814.405517578125,1226.6355666162033,-0.5472063871600025,-479.0511030080372,4.48064843002544,479.07205669248816,282.421875,-725.185546875,778.2391617458662,-0.3715978669923068,0.12449484535162376,0.15336222748627892,0.05554801942696909
292,9.733333333333333,True,True,436.9404296875,663.971923828125,594.1612548828125,604.5122680664062,415.4805908203125,466.1729736328125,597.2944946289062,353.76287841796875,441.35748291015625,357.0557861328125,577.0235595703125,357.24053955078125,168.0887908935547,213.7576446533203,135.66619873046875,65.19451904296875,134.0052032470703,-786.1043751969635,-117.28006168287675,794.8048197967522,-397.14111328125,-536.9000244140625,667.8193618592468,0.7068046276402447,-1073.6953785954697,-93.2967392279179,1077.7411783762516,-246.3739013671875,-742.9522705078125,782.7376160167611,0.3957445123360368,0.11445474859973903,0.14555151090093452,0.04439214683785324
293,9.766666666666667,True,True,394.4802551269531,630.5281372070312,561.8355102539062,577.3167114257812,386.1195068359375,438.99896240234375,566.7692260742188,353.39898681640625,427.00897216796875,356.07867431640625,568.2800903320312,357.0303039550781,175.6110382080078,199.90415954589844,141.27432250976562,10.382689476013184,70.36797332763672,-961.833686828614,-157.8563363211499,974.7013204233696,-915.758056640625,-10.916748046875,915.8231235834423,0.9886587837736203,-1284.9185534885958,-187.7893393380309,1298.5686447270468,-969.7723388671875,-815.86669921875,1267.3187681582062,0.8502699071938395,0.11957678511808137,0.1361184181481625,0.007069764185041872
294,9.8,True,True,204.44102478027344,624.030517578125,973.8074951171875,506.28167724609375,256.4581298828125,439.78924560546875,976.818115234375,419.723388671875,354.5552673339844,359.55755615234375,979.6502685546875,419.95196533203125,778.3248291015625,720.639404296875,628.0057373046875,415.82330322265625,415.82330322265625,-787.7977752685551,-126.66245596749502,797.9152288744729,1978.5088540460365,292.4084696541517,2000.0,-0.9999195346829288,-1009.9951662336081,-217.4297005789631,1033.1340234979734,1964.5518041817807,-374.88159112681717,2000.0,-0.9208279811557271,0.5299756882668495,0.4906966217759094,0.28314173348061794
295,9.833333333333334,True,True,216.23973083496094,632.1593017578125,958.613525390625,501.60235595703125,257.4007263183594,449.0098876953125,961.6941528320312,411.765869140625,318.64373779296875,360.13055419921875,960.45947265625,418.79559326171875,753.7664794921875,705.2775268554688,644.4912719726562,391.1933288574219,391.1933288574219,-577.3311342511864,-69.5067051478801,581.500146720769,1978.5088540460365,292.4084696541517,2000.0,-0.9996378477852831,-649.4869422912602,-223.35469927106692,686.8191973826296,1964.5518041817807,-374.88159112681717,2000.0,-0.8679279670418054,0.5132534564295967,0.4802364369460382,0.26637073103003744
296,9.866666666666667,True,True,241.13473510742188,623.072509765625,951.6871337890625,475.76776123046875,270.20098876953125,437.8187255859375,949.6989135742188,392.8719482421875,323.58050537109375,362.3343505859375,940.3909301757812,417.0920104980469,725.66064453125,680.9828491210938,619.2362060546875,390.60614013671875,390.60614013671875,-167.35754830496694,49.58842686244395,174.54959482434012,-359.857177734375,-566.817626953125,671.4010802729778,0.27405458577316577,30.557883126394813,-83.44619750976653,88.86535939276548,-207.791748046875,-775.037841796875,802.4095380624123,0.8179388536469507,0.49411567658396155,0.46369374413697123,0.26597090343266216
297,9.9,True,True,299.49725341796875,627.44384765625,943.7086181640625,480.77362060546875,303.8944091796875,448.83538818359375,943.8690185546875,401.15069580078125,349.1036376953125,360.7890625,943.18896484375,442.2164306640625,660.6969604492188,641.7486572265625,599.6397094726562,360.6917724609375,397.2216491699219,228.51672036307173,81.05761936732665,242.4669650550209,-174.8968505859375,248.3624267578125,303.76438792246455,-0.2693065270058075,659.4173404148646,-67.14932032993943,662.827473827531,-239.35546875,150.17578125,282.56646243774236,-0.8965605472835352,0.4498807095156913,0.43697846142281205,0.2456016604055057
298,9.933333333333334,True,True,319.6082458496094,599.2970581054688,938.237060546875,473.99200439453125,307.86956787109375,440.0529479980469,938.07666015625,394.88653564453125,371.9086608886719,358.208740234375,933.2960205078125,440.6634521484375,631.191650390625,631.8235473632812,567.4103393554688,326.31524658203125,393.43963623046875,393.73273577008894,170.12224469866055,428.91379711815006,-173.770751953125,-187.9248046875,255.95313330996657,-0.9144447938612732,894.8198972429548,34.63453020368206,895.4899213192307,-164.146728515625,-203.448486328125,261.41047238316133,-0.6575582466643127,0.42979000134198414,0.4302202716102265,0.2221940518059872
299,9.966666666666667,True,True,366.7358093261719,627.5033569335938,939.1422119140625,475.71197509765625,327.815185546875,457.11895751953125,935.0796508789062,395.2287292480469,412.1996154785156,359.8074951171875,920.79638671875,435.42803955078125,592.1906127929688,610.41015625,514.1878051757812,247.73440551757812,411.638916015625,253.80399431501075,297.68502371651766,391.19412172904345,-89.9102783203125,10.26580810546875,90.49444714287371,-0.5582799533079653,637.356327601841,220.343889508928,674.3697190547838,27.154541015625,51.59912109375,58.30813318411709,0.72929210824571,0.4032334776758966,0.4156394998436514,0.16868691215094847
300,10.0,True,True,384.02349853515625,621.48193359375,929.2905883789062,469.93505859375,333.35504150390625,463.0715637207031,924.7254638671875,390.6768798828125,503.1449279785156,364.4949035644531,915.7374877929688,436.7946472167969,565.9351806640625,595.78515625,418.8793029785156,219.2904510498047,432.1708068847656,79.38897269112681,310.59526715959794,320.58076824241107,-310.6256103515625,-136.55548095703125,339.31647349588974,-0.6166093066646334,327.4168395996089,317.053854806082,455.76850889546125,-295.5487060546875,-173.3074951171875,342.61425176777755,-0.9715832546332906,0.3853556711444993,0.405681068413615,0.1493189005156392
301,10.033333333333333,True,True,376.95611572265625,643.9750366210938,931.5380859375,468.91162109375,329.8190612792969,482.34039306640625,928.3587036132812,387.40777587890625,344.27996826171875,372.6815490722656,912.5703735351562,442.9103698730469,581.5568237304688,606.0214233398438,572.6134033203125,339.6939392089844,465.90985107421875,84.50768607003295,252.32414245605412,266.0996465068947,108.9971923828125,-98.0731201171875,146.62443465144588,-0.39816569166313465,342.5361524309428,280.28163364955276,442.59327817247316,67.4249267578125,-30.703125,74.08645377572073,0.4418993414022174,0.39599273516510164,0.41265113090344385,0.23130384962814418
302,10.066666666666666,True,True,366.3123779296875,673.2081909179688,930.9930419921875,473.7161865234375,323.38397216796875,500.42230224609375,930.6220092773438,392.04742431640625,330.630126953125,382.8739929199219,912.9530029296875,448.67315673828125,598.8833618164062,616.8331909179688,586.028564453125,359.7885437011719,538.8138427734375,113.03247724260575,183.83442470005514,215.8041626484541,67.899169921875,139.189453125,154.86768913274398,0.9952584566603162,337.7726963588167,180.22685459681816,382.8473762785478,-16.351318359375,144.136962890625,145.06146863803303,0.3683047799157235,0.40779069355475783,0.42001306225826424,0.24498663533406895
303,10.1,True,True,366.8174133300781,671.3181762695312,928.2606201171875,471.168212890625,317.5823059082031,496.8116455078125,929.691162109375,389.6551208496094,323.4855041503906,389.9078063964844,919.2843017578125,448.75860595703125,596.0524291992188,621.4176025390625,598.6983032226562,339.0375061035156,492.4886779785156,7.329777308872508,235.29386247907325,235.40800189398553,-27.9254150390625,-71.76910400390625,77.0106037804367,-0.9427767326174015,246.3539886474606,266.17459978376087,362.68334024677563,-81.97265625,-76.439208984375,112.08242075739452,-0.9972949839490499,0.4058630594794542,0.4231346724309633,0.23085687225589005
304,10.133333333333333,True,True,432.02435302734375,640.0438232421875,937.0130615234375,462.5166015625,344.30645751953125,479.6417541503906,936.5812377929688,384.2540283203125,450.3235168457031,397.8825378417969,930.693359375,446.4432067871094,535.2844848632812,599.9068603515625,482.818115234375,201.55136108398438,464.68603515625,-81.4071546282089,228.25306483677423,242.33568955488536,206.7022705078125,-162.03277587890625,262.641293577588,-0.8454635393202633,127.41508483886685,230.05482264927423,262.9825569665879,262.5732421875,-259.54833984375,369.201907130099,-0.27040442121875347,0.36448504875715,0.40848761252782423,0.13724002796481066
305,10.166666666666666,True,True,443.19964599609375,662.0849609375,940.7438354492188,460.9620666503906,359.7588195800781,498.44134521484375,942.960693359375,380.6766052246094,427.8705139160156,400.690673828125,937.830078125,444.3895568847656,536.6569213867188,594.9730834960938,511.82843017578125,366.8399353027344,460.32794189453125,-150.57844979422475,165.3829520089281,223.66356510978557,191.3836669921875,-107.32269287109375,219.4216680195455,-0.9488752030044909,-62.24882943289629,127.120186941964,141.54313368696373,111.9232177734375,-46.63604736328125,121.25068078336933,-0.7513880132014265,0.3654195660228409,0.4051281131427791,0.24978805753923095
306,10.2,True,True,394.6006164550781,703.2733154296875,944.3695068359375,462.1453857421875,308.701416015625,532.4669799804688,946.1275634765625,382.16583251953125,309.5538635253906,400.9427185058594,945.984619140625,446.929931640625,600.32373046875,654.906494140625,638.090087890625,330.92120361328125,429.96673583984375,12.467258998325406,181.4258684430797,181.85372772439115,95.006103515625,44.67681884765625,104.98656031877579,0.4865860217635887,18.2358660016738,133.74703543526743,134.98450391268503,108.7701416015625,35.49957275390625,114.41662191191384,0.43585049723514563,0.4087714670561827,0.44593787452888334,0.22533033264464683
307,10.233333333333333,True,True,372.27679443359375,698.5819702148438,956.27099609375,469.7098693847656,300.221923828125,531.4461059570312,957.4304809570312,388.408203125,308.4737854003906,402.4065856933594,953.9876708984375,450.8363037109375,627.2413330078125,672.5941772460938,647.3280639648438,319.7251281738281,469.11181640625,159.21213422502763,100.369033813476,188.2085190238181,339.0875244140625,187.2711181640625,387.3639385793103,0.9983248990155684,56.6064998081747,-9.398084368025366,57.38135420431802,357.044677734375,226.93450927734375,423.0604843274688,0.7447051015551239,0.42710015759609565,0.4579817432032097,0.21770671900024968
308,10.266666666666667,True,True,355.78106689453125,673.5043334960938,963.3687744140625,469.18072509765625,299.9792785644531,511.1767272949219,964.194580078125,390.0318298339844,323.9623107910156,404.1922912597656,964.8668823242188,451.47088623046875,641.0233764648438,675.1726684570312,642.64599609375,325.58380126953125,499.09307861328125,338.22048732212585,6.332833426338766,338.2797700478437,202.9229736328125,48.70880126953125,208.68703972479415,0.9765784923344034,154.89127022879438,-261.9810267857147,304.344153860045,212.933349609375,-15.87432861328125,213.52425081191777,0.5715222186627769,0.4364846044154206,0.45973748528300956,0.22169599724261266
309,10.3,True,True,446.9606018066406,678.4556884765625,983.9268798828125,469.30291748046875,370.85809326171875,521.2303466796875,985.5317993164062,389.31988525390625,360.8028869628906,406.8173522949219,983.148193359375,451.7862548828125,576.2618408203125,628.6685180664062,623.9678955078125,363.5522155761719,489.32171630859375,531.6102927071704,12.745306832448932,531.7630545256568,640.1165771484375,-21.35833740234375,640.472802636321,0.9983574142317039,191.26823425292935,-424.6459306989407,465.7335116710016,616.7431640625,3.665771484375,616.7540581937012,0.4052551585759026,0.39238728393542605,0.42807195414611127,0.2475493887215796
310,10.333333333333334,True,True,460.06781005859375,636.129150390625,1000.0323486328125,468.71014404296875,389.34698486328125,502.7717590332031,1002.3582763671875,389.0159606933594,354.6514587402344,410.29327392578125,999.8409423828125,451.2945251464844,565.3236083984375,623.4767456054688,646.490966796875,392.0247802734375,476.23602294921875,472.68842424665155,182.67277308872724,506.758017642255,504.7943115234375,-9.11773681640625,504.876648371733,0.9261074743874353,-38.58706883021807,-387.34865461077084,389.26590155019005,483.1640625,-17.783203125,483.49121357568526,-0.06246105309807625,0.3849392403430129,0.42453678080918156,0.26693688158824586
311,10.366666666666667,False,True,422.84864298502606,632.0512898763021,1018.222412109375,467.0554504394531,387.6738688151042,523.6136271158854,1019.883056640625,387.41986083984375,363.8471272786458,431.52991739908856,1017.4867553710938,452.6330871582031,617.8756713867188,647.1136678059896,655.6882120768229,395.9322916666667,,206.36766706194157,269.46875435965353,339.4127628489118,525.743408203125,-47.88299560546875,527.9194186021111,0.533497536123376,-456.92007337297787,-332.1350642613013,564.8802124017323,545.701904296875,-49.64080810546875,547.9550877422344,-0.7522872216477172,0.42072290637896165,0.44063159578018946,0.2695975779486943
312,10.4,False,True,385.6294759114583,627.9734293619791,1039.682373046875,474.44580078125,386.00075276692706,544.4554951985677,1041.8448486328125,392.81549072265625,373.0427958170573,452.7665608723958,1039.5758056640625,452.5258483886719,670.427734375,670.7505900065104,664.8854573567709,399.8398030598958,,-211.12633841378397,204.07283238002185,293.6325112919483,658.853759765625,161.868896484375,678.4466201598834,-0.5324341950533046,-1015.2403477260052,-335.72625296456545,1069.3105632043703,643.798828125,221.71051025390625,680.9056332944901,-0.9999244591721043,0.4565065724149103,0.45672641075119735,0.27225827430914273
313,10.433333333333334,True,True,348.4103088378906,623.8955688476562,1054.5570068359375,468.7936096191406,384.32763671875,565.29736328125,1055.7939453125,388.35943603515625,382.23846435546875,474.0032043457031,1055.9859619140625,452.747314453125,722.9797973632812,694.3875122070312,674.0827026367188,403.747314453125,449.24188232421875,-346.8185097830641,160.79588753836447,382.2805202693379,418.472900390625,-133.681640625,439.30666897001873,-0.9922068070066627,-922.5598634992334,-135.60495649065342,932.4727373840782,446.239013671875,-169.56573486328125,477.3696636387491,-0.8731934146255639,0.49229023845085906,0.47282122572220525,0.2749189706695912
314,10.466666666666667,False,True,304.14112854003906,609.2654113769531,1065.4505615234375,465.24249267578125,356.3182678222656,551.7388610839844,1068.734375,384.1838073730469,374.65142822265625,465.1246795654297,1070.906005859375,451.8642578125,779.6669311523438,734.2452697753906,694.648681640625,409.55718994140625,,-240.73763166155152,66.61222185407291,249.78349704964313,388.212890625,-125.26885986328125,407.9234434288677,-0.9991102855001371,-369.8324148995539,-58.96894182477763,374.5041404448952,326.806640625,-106.53350830078125,343.732408637112,-0.8900972874829592,0.530889550232307,0.49996110577003566,0.2788750217237517
315,10.5,True,True,259.8719482421875,594.63525390625,1086.65771484375,468.48675537109375,328.30889892578125,538.1803588867188,1086.563232421875,382.3410339355469,367.06439208984375,456.24615478515625,1081.4403076171875,421.6188049316406,836.3540649414062,774.10302734375,715.2146606445312,415.3670654296875,462.7667541503906,-195.94273158482167,1.5409633091508113,195.9487908328133,534.86572265625,-55.283203125,537.7151418923895,-0.9954786369782073,276.0403714861186,-48.58222961425827,280.28292799328125,636.214599609375,97.327880859375,643.6161380424625,0.9473259959923522,0.5694888620137549,0.527100985817866,0.28283107277791225
316,10.533333333333333,True,True,308.86309814453125,625.1209716796875,1101.8834228515625,466.85076904296875,330.918701171875,540.658203125,1101.02197265625,381.0757141113281,371.29931640625,460.5510559082031,1089.9580078125,413.5573425292969,808.6597900390625,786.4639892578125,720.1935424804688,415.2884826660156,471.5364990234375,26.204648699078916,74.62012154715353,79.08758532888778,433.76220703125,-37.9595947265625,435.42000767124364,0.2478208305256993,876.9682094029015,45.84228515624932,878.1655626427616,456.771240234375,-49.07958984375,459.40044845916276,0.9873442193561955,0.5506313209799384,0.5355177920831982,0.28277756432911844
317,10.566666666666666,True,True,388.48004150390625,625.3604736328125,1112.492431640625,465.857421875,368.1719970703125,555.907958984375,1113.4700927734375,383.7724609375,370.19415283203125,473.2393798828125,1104.3497314453125,431.56256103515625,741.3738403320312,764.918212890625,735.3375854492188,417.4735412597656,475.3397521972656,146.22011457170743,156.76819937569644,214.37488248594178,373.443603515625,80.90240478515625,382.10643033944956,0.8214453387946351,1195.0899124145508,17.902319771902057,1195.2239923161826,318.270263671875,-29.8004150390625,319.6623616791086,0.9941370687542316,0.5048150805449062,0.5208468767628881,0.2842654109052874
318,10.6,True,True,443.2215576171875,606.59716796875,1117.3582763671875,467.9668273925781,344.2777404785156,554.8880615234375,1118.065185546875,382.95611572265625,366.8118591308594,486.0299987792969,1093.0928955078125,415.7337951660156,688.2431640625,792.6585693359375,729.675048828125,390.92266845703125,454.16986083984375,86.37516566685224,204.86333574567448,222.3278110736961,137.852783203125,-24.4903564453125,140.01131167040126,0.22133739612980735,960.4973929268973,-196.8649128505167,980.4647039700145,145.975341796875,63.28216552734375,159.1019575195246,0.8189482739985998,0.4686374260859943,0.539735795566677,0.2661864333864055
319,10.633333333333333,True,True,485.65521240234375,629.6947021484375,1116.120849609375,468.69573974609375,387.2195129394531,580.5038452148438,1117.2415771484375,383.0718994140625,359.9283752441406,491.45263671875,1089.3265380859375,412.72052001953125,650.69775390625,756.2484130859375,733.6351318359375,416.2789306640625,483.4670104980469,-154.02678353445913,195.55494035993206,248.92967831326925,-24.708251953125,3.4735107421875,24.951212224162525,0.7220937932944183,199.5314025878904,-563.3808680943084,597.6711329430152,-37.122802734375,21.86737060546875,43.08461883378149,-0.766077338191563,0.44307206591138876,0.5149434506523156,0.2834519785837213
320,10.666666666666666,True,True,480.6385498046875,597.6366577148438,1117.119384765625,469.5936279296875,358.08221435546875,567.55224609375,1117.1826171875,383.6322021484375,352.62115478515625,490.2196044921875,1082.1729736328125,414.354248046875,649.2325439453125,781.0633544921875,733.48583984375,472.17169189453125,609.9743041992188,2.2004045758925486,145.68489074706986,145.70150710367855,-1.768798828125,16.80908203125,16.901890072641816,0.9928151431254616,-173.889999389649,-639.3987056187225,662.6223937014428,29.9560546875,26.9366455078125,40.28582981215661,-0.8403412151630326,0.442074377506151,0.5318404005623676,0.3215103874827994
321,10.7,False,True,411.78466796875,550.2665252685547,1115.6702880859375,476.0687561035156,330.7229919433594,575.7876281738281,1113.776611328125,389.0552978515625,349.99095153808594,489.94273376464844,1070.093505859375,421.51025390625,710.6837158203125,806.9755554199219,724.2415161132812,580.9757080078125,,586.7526136125834,113.33273751394995,597.5976396988224,-102.18017578125,162.69287109375,192.1191261364019,-0.3616068266794202,-64.88093784877276,-542.3995971679694,546.2662895549312,-43.472900390625,194.25384521484375,199.05890949446518,-0.9430147669874284,0.4839176104232495,0.5494844946574218,0.3955970427837691
322,10.733333333333333,True,True,342.9307861328125,502.8963928222656,1114.312255859375,468.7943115234375,303.36376953125,584.0230102539062,1112.1055908203125,384.92828369140625,347.3607482910156,489.6658630371094,1059.6549072265625,427.5533142089844,772.1348876953125,832.8877563476562,714.9971923828125,689.7797241210938,,833.9553615025108,76.67760576520573,837.4729847611012,-50.130615234375,-123.8104248046875,133.57432340870804,-0.45859056872418946,20.23168291364368,-420.48800877162466,420.97444876648285,-40.740966796875,-218.23333740234375,222.00363945059388,0.9730614784165557,0.525760843340348,0.567128588752476,0.4696836980847388
323,10.766666666666667,True,True,440.1385498046875,641.5072021484375,1113.07958984375,470.09796142578125,400.3594055175781,676.3568115234375,1110.9638671875,386.02117919921875,364.8334655761719,488.1734924316406,1050.24755859375,434.33721923828125,694.4284057617188,767.6284790039062,687.5250854492188,588.61376953125,,324.31563377380326,-242.4092755998886,404.8986134910398,-34.251708984375,32.786865234375,47.41474559931101,-0.9926055539024509,-451.0218071937569,-286.74640110560927,534.4568917240579,-36.97998046875,39.1094970703125,53.824452775313134,0.18995024267556163,0.47284907089555817,0.5226923467968206,0.4007979393266444
324,10.8,True,True,508.79913330078125,541.1962890625,1108.9022216796875,467.7874755859375,526.565673828125,582.7388305664062,1105.013916015625,384.9334716796875,466.4353332519531,484.85382080078125,1039.2674560546875,443.9058532714844,604.5763549804688,611.3340454101562,574.2938842773438,502.1619873046875,710.3613891601562,-949.2957850864959,-864.181725638254,1283.7338285291453,-178.49853515625,-32.6312255859375,181.45667233851546,0.8484822729239776,-1399.4821194240028,-302.08128792899083,1431.713416541291,-125.321044921875,-69.3145751953125,143.21269020173193,0.9574895032257414,0.4116671572850814,0.4162685929616254,0.34193133110047974
325,10.833333333333334,True,True,468.48236083984375,545.9098510742188,1100.5926513671875,476.1702880859375,506.2694091796875,591.70361328125,1096.5924072265625,388.27447509765625,516.1876220703125,481.86407470703125,1026.7247314453125,450.36676025390625,635.9457397460938,624.3914184570312,511.5077819824219,429.42877197265625,747.6836547851562,-1705.2681080933346,-1045.0170697436758,2000.0,-252.645263671875,100.2301025390625,271.8008511959119,0.5998615189235753,-1981.320186268236,-272.7092146019696,2000.0,-249.287109375,251.484375,354.10232104532133,0.6005827278036214,0.43302714820411753,0.4251595983731611,0.2924059473350027
326,10.866666666666667,True,True,28.370573043823242,445.0611877441406,1091.005859375,467.36700439453125,34.45884323120117,369.71661376953125,1087.43115234375,380.8080749511719,105.23983001708984,430.77899169921875,1014.3501586914062,452.2216796875,1062.8692626953125,1053.0306396484375,909.3632202148438,797.0275268554688,914.9823608398438,-1810.0780741971946,-850.6570182696123,2000.0,-274.837646484375,-223.99200439453125,354.553451481931,0.9702598660172618,-1977.9450484930237,-296.19821448797956,2000.0,-287.603759765625,-264.0985107421875,390.46631865958,0.828611725514732,0.7237272254115943,0.717027926062652,0.5427106990797705
327,10.9,True,True,25.983125686645508,451.2191162109375,1075.337158203125,461.1878356933594,28.82825469970703,372.2032470703125,1073.005615234375,375.2127990722656,94.74073791503906,396.9849853515625,994.99462890625,451.239501953125,1049.4013671875,1044.181640625,901.8872680664062,779.8281860351562,883.3558349609375,-1912.4677424611466,-585.206912844619,2000.0,-432.76611328125,-167.8582763671875,464.1798247980224,0.997332290521978,-1997.137269213423,-106.97067104580341,2000.0,-470.06103515625,-185.37506103515625,505.2932713048465,0.9485640930149177,0.7145566877075638,0.7110024799088496,0.5309993516472299
328,10.933333333333334,True,True,40.458919525146484,473.9989929199219,1061.4730224609375,457.3977355957031,34.529510498046875,382.9931640625,1061.054931640625,370.5905456542969,88.78534698486328,381.1688232421875,982.4371337890625,450.88787841796875,1021.1490478515625,1026.600341796875,896.3672485351562,757.6119384765625,850.6968994140625,-751.6686058044438,397.31055123465376,850.2125422942082,-358.5205078125,-138.6676025390625,384.4029897335143,0.6559932842775797,-834.4935648781914,496.9204493931362,971.241186754448,-415.924072265625,-113.7030029296875,431.1858146614396,0.6938747123630972,0.6953191639573809,0.699031050245201,0.5158719001638132
329,10.966666666666667,True,True,29.754150390625,470.2460632324219,1052.808349609375,446.8494873046875,28.796642303466797,379.2804870605469,1051.0596923828125,363.66143798828125,82.6626968383789,367.98358154296875,970.5152587890625,448.888671875,1023.3216552734375,1022.3823852539062,891.5311279296875,759.3167724609375,849.610107421875,1064.6457338333132,1358.2073920113698,1725.7455948904524,-299.857177734375,-207.87322998046875,364.86381950165656,-0.9553959094239304,653.1918413298472,856.6430282592773,1077.2635979392885,-259.940185546875,-316.44744873046875,409.5215352947467,-0.9993441571906583,0.6967985323016633,0.6961589660737119,0.5170327529729069
330,11.0,True,True,228.31954956054688,590.0516357421875,1042.3245849609375,444.72015380859375,323.75701904296875,649.8857421875,1037.9716796875,360.4202575683594,301.2416076660156,483.900634765625,955.981201171875,447.87249755859375,826.8768920898438,770.6444702148438,655.7301025390625,457.88275146484375,709.4319458007812,1650.3773612665009,1129.7143720312044,2000.0,-392.640380859375,-97.23541259765625,404.50116704952967,-0.9367748486211444,1490.4955693653656,678.823863438197,1637.7969592934728,-314.512939453125,-63.8800048828125,320.9346414883772,-0.9743498777997,0.563035680749284,0.524745990671536,0.31178078519377944
331,11.033333333333333,True,True,271.8816833496094,652.344482421875,1034.58056640625,444.59197998046875,330.8958740234375,680.8707885742188,1029.23828125,358.64581298828125,311.99005126953125,479.30743408203125,945.492431640625,447.5824279785156,790.4876098632812,769.0975341796875,634.2962646484375,455.75823974609375,658.910888671875,1895.8143756461336,637.093281812572,2000.0,-262.001953125,-53.23333740234375,267.3552162429349,-0.9923533164771386,1419.2135688236785,4.286024911062441,1419.220040706437,-232.320556640625,-3.84521484375,232.35237617679843,-0.9999084732346877,0.5382575493413206,0.5236926534795527,0.31033416609815684
332,11.066666666666666,True,True,249.72927856445312,601.893310546875,1032.054931640625,442.18060302734375,348.9546203613281,649.7009887695312,1024.5352783203125,356.0501708984375,321.6481018066406,473.92877197265625,941.6602172851562,446.23974609375,798.4620361328125,736.6410522460938,620.6300659179688,349.9917907714844,542.3939208984375,1890.248582022531,23.091201782225994,1890.3896173640862,-141.090087890625,-77.8692626953125,161.15221057651016,-0.8813452698179106,1117.546397617885,-530.9271240234384,1237.2524244682295,-75.76904296875,-72.34130859375,104.75787703775049,-0.3569691113944626,0.5436874828250136,0.5015924381088924,0.23831584611784323
333,11.1,True,True,268.8187561035156,456.6453857421875,1021.6104736328125,439.39971923828125,424.216552734375,503.04217529296875,1013.52001953125,352.833740234375,349.2960510253906,480.95855712890625,928.25732421875,443.77215576171875,752.9893188476562,608.1456298828125,580.154296875,262.7376708984375,504.9778747558594,1043.547246796744,-784.4110597882958,1305.4851845253786,-330.457763671875,-96.492919921875,344.25748672478596,-0.5988971343017545,496.5519659859791,-1022.7981948852548,1136.9608622925755,-313.333740234375,-83.426513671875,324.24992822313214,-0.19057694519844579,0.5127242734560113,0.4140975421992653,0.178902911434499
334,11.133333333333333,True,True,289.2109375,430.99951171875,1011.74609375,432.24017333984375,436.9644775390625,461.3792724609375,1003.2942504882812,347.19476318359375,404.60772705078125,493.67523193359375,921.2230834960938,439.77166748046875,722.5361938476562,577.7261352539062,519.419921875,194.81849670410156,486.2284851074219,462.1267482212607,-1299.3884386335108,1379.1198083835898,-306.7730712890625,-169.1693115234375,350.3255246616182,0.1615442005907795,226.90835135323636,-1325.0324576241646,1344.320800133427,-295.931396484375,-214.786376953125,365.6618371526379,0.44236024413550395,0.49198818065992067,0.3933843489412604,0.1326554968020895
335,11.166666666666666,False,True,285.9770965576172,437.23193359375,1009.0100708007812,424.7509765625,424.77394104003906,474.03887939453125,999.76513671875,340.43280029296875,421.17652893066406,493.1899871826172,919.1040649414062,433.49615478515625,723.2254028320312,591.7022094726562,502.9656524658203,166.22588348388672,,238.78767830984918,-853.8962663922997,886.6557331181688,-105.8734130859375,-202.85888671875,228.8250587659407,0.7291629553003575,135.73229108537907,-834.4200897216806,845.3875685000481,-82.0806884765625,-224.6759033203125,239.19970935096245,0.8720016506974984,0.4924574757308173,0.4029009148741507,0.11318626068864945
336,11.2,True,True,282.7432556152344,443.46435546875,1005.825927734375,408.7679748535156,412.5834045410156,486.698486328125,996.0750122070312,324.2675476074219,437.7453308105469,492.7047424316406,919.195068359375,422.70843505859375,723.9146118164062,605.6782836914062,486.5113830566406,137.63327026367188,217.36070251464844,216.0486929757252,-507.4550301688063,551.5320891662998,-110.7037353515625,-484.95758056640625,497.43258032582787,0.8098295675311893,227.76551382882224,-585.2349962506981,627.9945303314847,-95.5242919921875,-479.49005126953125,488.91267075733106,0.8430884255759377,0.49292677080171393,0.41241748080704105,0.09371702457520943
337,11.233333333333333,True,True,314.9637451171875,372.13629150390625,1012.7900390625,393.0914306640625,421.6446533203125,412.4520263671875,1000.9306640625,310.4473876953125,515.7992553710938,475.7211608886719,922.0390625,410.2423095703125,698.140869140625,588.1983032226562,411.4830017089844,115.45086669921875,163.0174102783203,240.6354413713725,-323.90994480678035,403.51340496782353,145.6695556640625,-414.60479736328125,439.45051762856406,0.9550185424786806,256.77903311593167,-376.64575849260643,455.84810983311485,208.92333984375,-470.29632568359375,514.61402612342,0.98378597044719,0.4753769554764374,0.40051504067737115,0.07861261808973931
338,11.266666666666667,True,True,263.7839050292969,434.3477478027344,1017.3970947265625,381.12847900390625,412.24774169921875,470.9967041015625,1003.19921875,297.9002380371094,523.600830078125,477.04241943359375,940.6876831054688,400.0556640625,755.489990234375,615.7808227539062,424.13250732421875,60.17604446411133,158.4968719482422,406.4659391130716,-430.88892255510655,592.3510979476378,68.056640625,-376.41448974609375,382.5174171511312,0.8379012968330791,320.6136049543106,-309.41178458077627,445.5656361516891,138.211669921875,-358.8885498046875,384.58218482335474,0.906629117946611,0.5144270265865202,0.41929648542400993,0.0409749752154989
339,11.3,True,True,347.61962890625,353.8396911621094,1015.5880126953125,367.22308349609375,477.69561767578125,411.7825622558594,1002.7010498046875,286.8959045410156,545.9745483398438,468.027587890625,947.8995361328125,380.3239440917969,668.1024169921875,539.6549072265625,411.382568359375,79.77530670166016,214.41929626464844,497.1309225899829,-304.7113364083431,583.0850304466117,-14.945068359375,-330.1300048828125,330.4681152428963,0.48349271122085086,394.1781725202286,-69.7864314488005,400.30810347249434,-54.2724609375,-417.161865234375,420.6774558043672,0.04583842749086616,0.45492322105013705,0.36746094970928905,0.0543204732716993
340,11.333333333333334,True,True,334.322509765625,372.45452880859375,1016.3604736328125,359.0718994140625,476.65960693359375,407.3454284667969,1002.3019409179688,278.5946044921875,445.16015625,453.6894226074219,956.7547607421875,373.28765869140625,682.1692504882812,541.1807861328125,517.8740234375,242.00888061523438,546.9404907226562,544.6152714320589,-67.37493242536323,548.7669590967895,-11.9732666015625,-249.03900146484375,249.32665995380145,0.07497437974492067,482.98769269670726,436.55655997140053,651.0443466850411,23.173828125,-244.5355224609375,245.63112191904898,-0.5975666134419966,0.46450158664388663,0.36849994871499364,0.1647882969618233
341,11.366666666666667,True,True,340.45208740234375,394.40924072265625,1015.6351318359375,354.2665100097656,489.8288879394531,393.1097412109375,1004.4031372070312,273.2596435546875,440.6285400390625,443.04583740234375,977.0478515625,368.1708068847656,676.3753051757812,528.3471069335938,541.6197509765625,194.10903930664062,568.3081665039062,576.9603620256692,-57.122203281947804,579.7811703190915,63.035888671875,-160.048828125,172.01497215312048,0.45634287972711673,675.4632568359373,574.9365561349048,887.0189710010017,-21.76025390625,-144.16168212890625,145.79471610555808,-0.754562724297087,0.4605563827393457,0.35976126055769425,0.13217241421438714
342,11.4,True,True,364.8713684082031,427.53546142578125,1018.323974609375,349.94110107421875,500.319580078125,426.0113525390625,1007.152099609375,268.63214111328125,574.4547119140625,429.76416015625,992.7232666015625,361.4784851074219,658.04345703125,530.7046508789062,423.8059997558594,243.91299438476562,517.81201171875,545.3027016775947,155.46690804617708,567.0317415756566,82.4688720703125,-138.8250732421875,161.47295693473967,0.2554359902111723,599.0468706403457,775.8400726318357,980.1963943646003,80.665283203125,-129.76226806640625,152.79114545018058,-0.34956342738279933,0.44807389024477107,0.361366555581468,0.1660848430410619
343,11.433333333333334,True,True,400.22412109375,498.97222900390625,1018.3882446289062,347.25250244140625,528.321533203125,427.7054443359375,1006.0050048828125,267.8282775878906,580.8091430664062,422.91693115234375,976.4132690429688,358.1740417480469,636.5106201171875,503.7283020019531,400.86688232421875,68.54391479492188,510.8292236328125,633.4880283900665,188.35624694824173,660.8972370028192,-34.412841796875,-24.11590576171875,42.021668115923795,-0.9485273179528056,740.8260563441681,574.2556326729906,937.3327997115589,1.9281005859375,-80.657958984375,80.68100098161037,-0.5935858600077034,0.4334117856360294,0.3429978635798355,0.04667281199531513
344,11.466666666666667,True,True,428.6754150390625,498.1015625,1021.1192626953125,348.6750793457031,550.1092529296875,436.38812255859375,1008.183349609375,265.572998046875,583.37744140625,415.819091796875,976.5081787109375,355.5546569824219,610.99755859375,488.88616943359375,397.7229919433594,112.28669738769531,489.9384460449219,630.6722913469583,111.34895324706997,640.4265207360177,65.350341796875,-67.65838623046875,94.0655324775216,0.5590937357337301,711.7278180803569,261.2104797363278,758.1473483126535,81.9305419921875,42.67730712890625,92.37946879533672,0.9917580493779888,0.41603947290088744,0.33289158259128737,0.07645807702157989
345,11.5,True,True,451.163818359375,476.5931396484375,1020.702880859375,348.5426025390625,585.5480346679688,429.25634765625,1007.2977294921875,267.1070251464844,575.9524536132812,412.52252197265625,992.2659912109375,353.20367431640625,583.7565307617188,451.8464660644531,420.5183410644531,129.28440856933594,485.070068359375,616.9687107631138,-52.920063563756,619.2341424600962,-26.568603515625,46.02081298828125,53.13949492489402,-0.5721613628514904,645.1340266636437,-9.122706821987208,645.1985245945676,-12.491455078125,-3.97430419921875,13.108453144316558,-0.9485491556200681,0.39749055613172535,0.30767056746715243,0.08803213112550676
346,11.533333333333333,True,True,469.72589111328125,472.800537109375,1020.0184936523438,345.6073303222656,593.33544921875,438.38848876953125,1006.589599609375,261.9884033203125,607.8758544921875,408.19598388671875,1002.255615234375,350.56549072265625,564.8009033203125,449.328369140625,398.5682678222656,149.26368713378906,483.2318115234375,531.9529070172989,-218.91550336565297,575.2372492267797,-21.243896484375,-153.55865478515625,155.0211714485013,0.25024816280612283,552.379237583705,-378.8728768484939,669.8264543335156,-20.5316162109375,-88.05816650390625,90.42006388110389,0.3635984376830855,0.38458332084361874,0.30595594896799844,0.10163638928658036
347,11.566666666666666,True,True,474.99560546875,452.95770263671875,1010.68994140625,340.48291015625,604.9519653320312,418.9832458496094,1000.2943725585938,253.96270751953125,630.1809692382812,403.501708984375,1008.326904296875,346.9163818359375,547.3746337890625,428.4010009765625,382.3561706542969,113.54248046875,514.2542114257812,440.96224103655095,-285.82825796944826,525.49547198223,-188.8568115234375,-240.7708740234375,306.0024657364859,-0.08992127902481131,491.4601135253904,-334.05977521623936,594.2465621304965,-279.8565673828125,-153.73260498046875,319.301444001388,-0.45420439325847084,0.3727174534789497,0.29170611916472033,0.07731316281328471
348,11.6,True,True,502.048583984375,463.80731201171875,1003.728515625,330.64752197265625,626.7697143554688,414.6953430175781,993.860595703125,242.18258666992188,645.5552368164062,395.2652587890625,1006.2901611328125,340.1600036621094,519.0513305664062,405.6061706542969,364.9195556640625,113.4441909790039,494.21917724609375,368.7357003348209,-341.64132254464334,502.67764021434635,-193.0133056640625,-353.40362548828125,402.6763696464323,0.24487335901223345,472.8034319196428,-338.1527382986891,581.2833729377556,-208.8427734375,-295.0616455078125,361.49229406288174,0.0049223149509680176,0.35343159549502146,0.27618470003832063,0.07724623569233224
349,11.633333333333333,True,True,515.216064453125,411.84197998046875,999.9326171875,324.08935546875,636.2430419921875,377.484619140625,990.1840209960938,235.36746215820312,647.6754760742188,385.9711608886719,999.0025634765625,336.566162109375,492.5958251953125,381.4072570800781,354.7838439941406,125.00684356689453,449.9198913574219,338.4571838378897,-313.4376525878912,461.2986314214282,-110.2972412109375,-204.4537353515625,232.3075791229173,0.24964365691982934,449.559435163225,-250.50678798130605,514.6429214212402,-113.876953125,-196.7449951171875,227.32477550125412,-0.016313225243444196,0.33541755541399615,0.25970721480685166,0.08511945845785984
350,11.666666666666666,True,True,528.098388671875,440.3370361328125,999.3206787109375,319.7953186035156,642.3560791015625,389.8759765625,987.7677001953125,233.811279296875,652.7896118164062,381.979736328125,992.86572265625,334.6864929199219,486.39569091796875,379.03216552734375,343.34881591796875,125.66792297363281,487.4337463378906,312.65644618443,-200.47786167689765,371.410051510751,-72.4896240234375,-46.68548583984375,86.22227194386366,-0.4154701874429179,451.8042428152895,-144.97283935546943,474.493622693376,-18.358154296875,-128.82110595703125,130.12263127212168,0.1681385310728279,0.3311957699741366,0.2580899712945123,0.08556959958208633
351,11.7,True,True,545.9364013671875,406.7376403808594,993.369140625,322.0191955566406,657.155029296875,369.1424865722656,983.401611328125,237.9473876953125,654.8499145507812,380.5910949707031,985.18212890625,334.9820251464844,455.382568359375,351.6375732421875,333.4659729003906,113.86514282226562,405.9020690917969,158.15479823521127,-191.7001451764795,248.51938730309092,-130.982666015625,124.083251953125,180.4248104109395,-0.9924898340165452,235.87901524134986,-205.75182233537998,313.0059459907411,-178.546142578125,66.71630859375,190.60375353571771,-0.9360071923791694,0.31007836454295234,0.23943648966541609,0.077532869543031
352,11.733333333333333,True,True,553.6116943359375,433.50189208984375,986.5297241210938,326.6211853027344,658.6357421875,382.3748474121094,975.9264526367188,243.56887817382812,663.4589233398438,383.1961364746094,975.4788818359375,340.24664306640625,445.9164733886719,346.32427978515625,314.9620666503906,116.49649810791016,413.23858642578125,107.35839843749909,-127.22445896693694,166.4688820004947,-224.2547607421875,168.64471435546875,280.5908719035126,-0.9747742858232081,173.83058820451936,-151.83687482561425,230.8062173173384,-205.1824951171875,138.0596923828125,247.3061563393671,-0.9921118779355848,0.3036327264112629,0.23581857044767204,0.07932460774338346
353,11.766666666666667,True,True,570.94140625,429.7601013183594,973.4453125,324.80023193359375,674.0081787109375,380.9400634765625,962.599853515625,244.8395233154297,670.880859375,387.2206115722656,961.9139404296875,344.4625244140625,415.9638977050781,319.074462890625,294.15728759765625,62.42268371582031,365.1593933105469,56.10063825334737,-274.07380240304144,279.75655627007984,-399.7979736328125,38.119354248046875,401.6111364108211,-0.292616448920276,110.83243233816916,-365.4119437081479,381.8503851805854,-392.5323486328125,-54.62860107421875,396.3154410044075,-0.1555730737111144,0.2832374668490035,0.21726366904423713,0.04250475319404058
354,11.8,True,True,529.7785034179688,390.12860107421875,967.093017578125,323.11260986328125,645.3701171875,355.2520446777344,958.4949951171875,243.40965270996094,634.07568359375,391.1127624511719,953.7586669921875,345.10772705078125,442.41961669921875,332.4994812011719,322.97625732421875,81.83615112304688,377.0594787597656,-317.9465920584548,-405.02666473388706,514.9142011510676,-123.145751953125,-42.8961181640625,130.40304128986332,0.8418599134299296,-248.01017761230537,-501.47254943847724,559.4495205464146,-190.56884765625,-50.628662109375,197.17947946988878,0.6586039678644386,0.30125165238988966,0.2264050108762073,0.05572374013380888
355,11.833333333333334,True,True,559.8416137695312,390.4019775390625,963.4840087890625,320.0680847167969,662.016357421875,357.05377197265625,955.670654296875,241.12969970703125,636.7440185546875,396.523681640625,948.653564453125,341.72918701171875,409.724365234375,315.70751953125,316.68597412109375,61.749149322509766,352.2928161621094,-863.5172816685272,-616.4471217564177,1060.975565063576,-84.730224609375,-68.39859008789062,108.89250703499496,0.9982501691748258,-767.0800127301906,-759.3666948590965,1079.3745981777492,-108.270263671875,-91.33575439453125,141.6498147771308,0.996834871030428,0.2789888544548167,0.21497105539820965,0.04204613124043004
356,11.866666666666667,True,True,561.2538452148438,352.00152587890625,960.73193359375,307.091796875,660.9906005859375,321.7086486816406,953.1751098632812,228.3965606689453,657.38134765625,400.2911376953125,944.7303466796875,333.70513916015625,401.99456787109375,306.722900390625,294.96295166015625,79.65863037109375,353.9972229003906,-1359.085856846401,-499.7720064435691,1448.0629905858884,-74.8663330078125,-381.9941711425781,389.2614990015606,0.5191993245284887,-1036.6502707345155,-403.296530587333,1112.3362240787287,-82.562255859375,-389.28863525390625,397.94744330179805,0.5480316220463737,0.2737254932917184,0.20885326301278015,0.0542410262127281
357,11.9,True,True,328.497314453125,301.24688720703125,961.8612670898438,292.67633056640625,483.41534423828125,277.34869384765625,952.1602783203125,215.6412353515625,564.7564086914062,409.76727294921875,942.1138916015625,319.368408203125,633.4219360351562,472.7891845703125,388.0343017578125,56.305397033691406,450.01873779296875,-1292.3849487304697,-551.1635153634213,1405.0053652469883,-30.4449462890625,-382.6597595214844,383.86897023800213,0.464003474417515,-905.3403690883098,-270.97045898437545,945.0217846923742,33.8800048828125,-432.4639892578125,433.7890694054436,0.21103577132705129,0.43130864384868217,0.32193084960042795,0.03833938020519577
358,11.933333333333334,True,True,373.5118408203125,284.352294921875,961.759765625,285.734619140625,460.34075927734375,261.3721923828125,952.2433471679688,208.43980407714844,503.4771423339844,412.95391845703125,944.6932373046875,310.0397644042969,588.2495727539062,494.74237060546875,453.0595703125,224.99554443359375,394.4892272949219,-1084.0927015032096,-593.2634190150676,1235.806809252148,2.4920654296875,-216.04293823242188,216.0573108001761,0.46991141436606987,-653.3545466831755,-438.6106109619142,786.9253025033324,-3.0450439453125,-208.2513427734375,208.27360384736383,0.569451809085821,0.40054995104396285,0.3368791776552611,0.15320360350807802
359,11.966666666666667,True,True,383.42535400390625,398.88262939453125,965.8518676757812,281.5182800292969,408.31793212890625,309.8797912597656,954.1378173828125,203.27496337890625,490.45703125,412.11474609375,959.45361328125,303.1236877441406,594.1338500976562,556.1329956054688,481.494384765625,275.1583557128906,343.60467529296875,-642.3593902587893,-672.2717285156255,929.8251788454809,56.8341064453125,-154.94522094726562,165.03980474368623,0.4408847787605358,-155.95040457589312,-695.0289099557064,712.3101251292179,122.7630615234375,-126.49017333984375,176.26835571409583,0.5477112059290382,0.40455666368964155,0.3786811830918133,0.1873603841209144
360,12.0,True,True,415.290771484375,258.5325622558594,978.89599609375,286.7102966308594,479.31036376953125,235.34042358398438,968.1640014648438,206.6263885498047,544.2201538085938,407.20751953125,971.7763061523438,300.3173522949219,564.3092041015625,489.6961975097656,440.715087890625,225.0923309326172,311.4887390136719,400.29528481619684,-402.3667962210522,567.5696906524114,420.7855224609375,100.54275512695312,432.63067565909216,0.5212152559771102,811.7303303309848,-447.62606212071034,926.9709923557175,391.3238525390625,155.760498046875,421.1836776488667,0.635018118523636,0.3842485138040205,0.3334431456034557,0.15326950721500984
361,12.033333333333333,True,True,473.1917724609375,246.56268310546875,982.2166748046875,294.8692626953125,496.64581298828125,223.94862365722656,976.5821533203125,214.3765411376953,567.9892578125,399.4168395996094,976.0656127929688,304.41552734375,511.3119201660156,480.03179931640625,418.9887390136719,228.21888732910156,319.89447021484375,1474.1870335170202,102.0986611502509,1477.7183582802188,252.5445556640625,232.50457763671875,343.2741342099456,0.78073250675075,1712.8326089041573,137.72392272949196,1718.36067954822,99.620361328125,244.76898193359375,264.2651526553475,0.44999398035933685,0.34816168863818725,0.3268624791609849,0.15539843695767866
362,12.066666666666666,True,True,490.5977478027344,170.72300720214844,990.794677734375,298.1180419921875,497.5021667480469,166.2958984375,986.3692016601562,220.33790588378906,584.4983520507812,385.721435546875,983.606689453125,309.684326171875,516.1651611328125,491.8450012207031,406.2869873046875,301.7216796875,380.8062744140625,1614.8211397443497,541.2785175868444,1703.1235266316571,293.6114501953125,178.8409423828125,343.79029415934207,0.975091085377964,1705.854083469936,627.7467482430593,1817.6919799627192,257.340087890625,97.46337890625,275.17818057283876,0.999955590925762,0.3514663496557114,0.33490630556324913,0.20544783987168283
363,12.1,True,True,544.3524169921875,344.6257629394531,993.033935546875,307.4413146972656,637.0327758789062,290.1706237792969,993.0758666992188,228.1608123779297,621.0635375976562,373.40496826171875,989.7740478515625,314.2781982421875,450.2197265625,361.4026794433594,373.42120361328125,108.32118225097656,356.335693359375,1016.6936056954515,1177.6466151646205,1555.8012206161513,201.199951171875,234.68719482421875,309.1269961779878,0.9999940251418671,1208.636300223214,1561.8980353219167,1974.924600829035,67.177734375,279.69818115234375,287.65243008827053,0.9119185185063822,0.3065628906271708,0.24608573004226347,0.0737578848455946
364,12.133333333333333,True,True,733.2857666015625,440.1602783203125,992.623046875,311.0793151855469,764.468017578125,350.4792175292969,996.7454223632812,232.5513458251953,763.5460205078125,402.1617431640625,993.3469848632812,317.2068786621094,289.685546875,260.49908447265625,245.0016632080078,85.66680908203125,312.8486328125,667.7353722708559,1152.227783203125,1331.7279721350326,110.086669921875,131.71600341796875,171.66298509256507,0.9854213717031592,760.712961469377,1737.0328821454732,1896.3036263747742,-12.32666015625,109.1400146484375,109.83391711155909,0.8652010779266764,0.1972522157146851,0.17737861677320993,0.05833210557767
365,12.166666666666666,True,True,538.9379272460938,388.5116271972656,992.259765625,311.1947021484375,593.875244140625,313.7081298828125,997.1072998046875,233.26148986816406,641.193359375,363.7979431152344,993.526123046875,317.18267822265625,459.8680114746094,411.1784973144531,355.4031066894531,165.68138122558594,308.31121826171875,368.53480747767776,727.1451023646762,815.2042101311453,10.8563232421875,21.3043212890625,23.910956901104193,0.9999975963075891,381.9950212751106,1160.9410531180245,1222.1719703436827,-10.8984375,3.46160888671875,11.434975995865338,-0.010334150794169663,0.3131325852401414,0.2799789997272731,0.11281549908845881
366,12.2,True,True,595.8489990234375,552.3668212890625,988.7347412109375,309.6913757324219,587.1757202148438,429.59820556640625,994.9375,231.30743408203125,650.1494750976562,388.8896789550781,989.9864501953125,317.564453125,461.7906188964844,453.41912841796875,347.2412109375,233.9954833984375,337.0519714355469,-308.52082933698443,-133.12305450439487,336.01614511115497,-65.093994140625,-58.621673583984375,87.59982127245999,0.9474025018646121,-397.1624156406956,27.563675471713964,398.1177471591321,-105.750732421875,-45.09979248046875,114.96611974640334,0.8904752778642594,0.3144417239873292,0.30874142218237194,0.15933182744352478
367,12.233333333333333,True,True,624.60986328125,385.9339599609375,988.6265869140625,310.7669372558594,656.468994140625,286.00390625,995.4959106445312,232.09088134765625,647.79443359375,384.17755126953125,986.6234130859375,316.86383056640625,371.6964416503906,343.286865234375,345.45074462890625,187.51800537109375,369.8182373046875,-575.240216936385,-780.7243456159325,969.7586354441219,16.7523193359375,23.50341796875,28.86262045184023,-0.999875775983085,-862.1059962681372,-886.3421957833436,1236.4583441537836,-3.24462890625,32.266845703125,32.42956904383019,-0.643482824544476,0.25309494201462723,0.23375033902691653,0.12768445800924622
368,12.266666666666667,True,True,648.4483032226562,385.5059814453125,986.337646484375,309.2647399902344,672.1397705078125,296.4035949707031,994.3444213867188,230.17221069335938,641.7152099609375,369.52655029296875,983.772705078125,315.5884704589844,346.38409423828125,328.9413757324219,346.2840576171875,130.8014678955078,322.7944030761719,-147.8744724818646,-1035.2870832170765,1045.7945325387352,-34.544677734375,-57.56011962890625,67.13048585751352,0.9215840092575283,-448.95443507603295,-1350.9637233189178,1423.6091691535826,-68.668212890625,-45.06591796875,82.13562213776859,0.7843332245776545,0.23585929920869567,0.22398223143474513,0.08906512471695836
369,12.3,True,True,559.0780029296875,359.562255859375,975.2381591796875,303.3844299316406,611.9410400390625,262.0345153808594,983.4054565429688,221.60305786132812,641.144775390625,360.21826171875,982.3016967773438,313.66668701171875,419.9347839355469,373.6582946777344,344.31829833984375,129.91378784179688,256.87762451171875,-44.12488664899638,-869.3000139508936,870.4191633212188,-328.1689453125,-257.0745849609375,416.8719214583262,0.6557894108910466,-240.09325299944248,-1334.598966326033,1356.023292961581,-332.984619140625,-176.4093017578125,376.82754454910275,0.6172037189265464,0.2859413163014889,0.2544308038162417,0.08846068704538973
370,12.333333333333334,True,True,517.8681640625,311.1638488769531,972.7596435546875,308.2781982421875,599.770263671875,237.321533203125,979.2836303710938,225.1424560546875,696.5266723632812,364.75665283203125,980.849853515625,315.682861328125,454.900634765625,379.708740234375,288.5271301269531,34.88945007324219,34.88945007324219,-291.7622484479639,-358.34977831159335,462.1036390631213,-123.65478515625,106.18194580078125,162.98807166807757,-0.026188889770000227,68.64267621721478,-955.6224714006702,958.0846125704066,-74.35546875,146.81304931640625,164.5685485826917,-0.9221872233603984,0.30975020709699064,0.2585506634536417,0.023756868115286097
371,12.366666666666667,True,True,597.9034423828125,273.2237548828125,964.3135986328125,298.89556884765625,627.32568359375,229.789306640625,974.7105712890625,220.42861938476562,685.7113647460938,370.36517333984375,979.83984375,317.12432861328125,367.3083801269531,347.510986328125,298.90826416015625,31.220579147338867,51.761253356933594,-500.275006975447,7.07326616559692,500.32500806828847,-137.1917724609375,-141.41510009765625,197.02744216632308,0.6860913721366696,120.11019025530072,-563.5605403355195,576.2177890575987,-253.38134765625,-281.4788818359375,378.7247922432688,0.5874440077635641,0.25010703023398223,0.23662662075438862,0.021258666437251075
372,12.4,True,True,580.843505859375,292.4140625,965.017822265625,301.451416015625,599.1258544921875,267.65106201171875,972.6483154296875,224.29127502441406,697.6956787109375,383.3935852050781,973.9302978515625,316.9027099609375,384.2806091308594,376.0307312011719,284.124267578125,35.5133056640625,97.26495361328125,-582.9346357073109,159.93589128766718,604.4768637666754,-61.86767578125,115.87966918945312,131.36097989140825,0.6875934004173213,254.78982107979868,-410.52049909319214,483.1613944652443,21.126708984375,76.6754150390625,79.53274233875608,-0.6790500668561917,0.26166373305451385,0.25604623947031124,0.024181662858768414
373,12.433333333333334,True,True,675.6322021484375,262.472412109375,933.7451171875,282.9837646484375,582.4349975585938,281.4310607910156,945.46728515625,212.65447998046875,683.782958984375,395.69818115234375,964.0396728515625,314.61962890625,258.9266052246094,369.4897155761719,291.7491455078125,104.23633575439453,310.0326843261719,-634.8402622767862,222.65801565987675,672.7545990517291,-815.430908203125,-349.1038513183594,887.0180748205103,0.7372281965149733,228.27124459402808,-187.4696568080359,295.38556723751645,-938.18115234375,-554.029541015625,1089.556151343762,-0.34270550161443003,0.17630788673787112,0.25159234165257727,0.07097643775236818
374,12.466666666666667,True,True,587.121337890625,281.15252685546875,938.7523193359375,302.6390380859375,536.3841552734375,275.56329345703125,942.9219360351562,228.32125854492188,696.3773193359375,397.3642578125,953.1656494140625,327.29437255859375,352.2868347167969,409.2734680175781,266.17669677734375,54.64064407348633,54.64064407348633,-488.2616533551907,139.6055930001392,507.8278879050115,-76.3604736328125,470.00335693359375,476.1660188025544,0.4255358555038089,219.3455723353784,-72.57895333426393,231.04152131214852,150.216064453125,589.658203125,608.4913002931013,-0.07004604754948884,0.2398785837423434,0.278681830248631,0.037205819302484504
375,12.5,True,True,566.267578125,255.43609619140625,905.2225341796875,292.43035888671875,487.8045654296875,269.08392333984375,916.4793701171875,218.43820190429688,687.009765625,399.4241027832031,936.3016357421875,313.26739501953125,340.9678039550781,431.65618896484375,263.7601318359375,38.0137825012207,54.154640197753906,-237.13021414620584,36.51247297014493,239.92477809392886,-793.2769775390625,-296.49169921875,846.8740702129993,0.8725218784322119,325.9916904994411,42.89628165108786,328.8018753811676,-1005.8935546875,-306.2603759765625,1051.483362329219,-0.9864653521390465,0.2321712475580666,0.29392263652357004,0.025884283516904083
376,12.533333333333333,True,True,607.8838500976562,268.4522399902344,890.7857666015625,291.19366455078125,516.1923828125,277.75909423828125,898.6868896484375,214.92864990234375,662.4251708984375,400.8198547363281,922.5824584960938,308.4463195800781,283.8144836425781,387.6205749511719,276.070068359375,31.97419548034668,66.0586166381836,-121.13558088030231,139.13069588797396,184.47541704378978,-533.7744140625,-105.28656005859375,544.0591740212981,0.49828337326788325,88.76953124999909,373.1474304199216,383.5609919000299,-433.10302734375,-37.100830078125,434.6892037845051,-0.3136237503838527,0.1932545008003958,0.2639379771981205,0.02177181765617851
377,12.566666666666666,True,True,684.572265625,268.963623046875,879.6554565429688,290.88232421875,562.2545166015625,270.59918212890625,887.0263671875,210.06942749023438,624.3095703125,405.6176452636719,906.985107421875,299.284423828125,196.31068420410156,330.3643493652344,302.01361083984375,32.2017936706543,58.856727600097656,131.86111450195222,199.18196541922407,238.87404393521268,-349.815673828125,-145.77667236328125,378.9747272063621,-0.8302824725479833,427.70520891462013,411.0653032575331,593.217017013931,-333.9093017578125,-9.3402099609375,334.03990977502116,-0.7400865286859251,0.13367155470974812,0.22495116034750498,0.021926793449120647
378,12.6,True,True,669.3822631835938,305.66552734375,1161.8690185546875,364.3408508300781,545.5362548828125,285.49981689453125,1161.9599609375,279.61444091796875,636.6888427734375,408.714599609375,1178.2108154296875,372.3298034667969,495.9697570800781,616.4517822265625,542.742919921875,234.28732299804688,269.38720703125,137.15829031807993,319.91690499441944,348.0793339228675,1932.5759036779366,514.9275430164669,2000.0,0.6173920582677886,312.4231828962047,591.509562901088,668.9482851569555,1928.0317140442858,531.6894843279855,2000.0,0.6853005231207765,0.3377149276754698,0.4197533540667983,0.15953054639335584
379,12.633333333333333,True,True,608.973876953125,357.7115478515625,1151.04296875,365.7223205566406,513.830322265625,317.58673095703125,1149.101806640625,279.8984375,468.09521484375,429.40264892578125,1164.541748046875,370.2465515136719,542.1282958984375,636.388427734375,698.954345703125,427.682373046875,427.682373046875,-20.631212506976,283.014711652483,283.76570254568486,1932.5759036779366,514.9275430164669,2000.0,0.18652833134945926,70.62966482979846,514.8714229038783,519.6933053994768,1928.0317140442858,531.6894843279855,2000.0,0.3943941079490355,0.36914512553757595,0.43332858259565254,0.2912167921929937
380,12.666666666666666,True,True,671.21484375,328.4514465332031,1137.3228759765625,361.929443359375,550.2758178710938,302.6155700683594,1136.039306640625,276.36907958984375,641.448486328125,412.27801513671875,1152.9029541015625,368.4622802734375,467.30877685546875,586.3511962890625,513.327880859375,239.88616943359375,282.94976806640625,-122.16718401227718,229.5705086844306,260.05276254467634,-391.875,-105.8807373046875,405.9270207280913,0.22325336372189647,-104.07832554408515,388.96123613629993,402.6451801086647,-411.602783203125,-113.78631591796875,427.04118868177403,-0.008255714001016521,0.31819913921157916,0.39925731160098565,0.16334290388502742
381,12.7,True,True,646.4447021484375,369.8791809082031,1129.803466796875,358.67681884765625,523.8951416015625,336.380126953125,1126.34423828125,273.3471984863281,493.365478515625,426.7605895996094,1143.520751953125,367.32806396484375,483.48858642578125,605.7376098632812,652.8660888671875,388.8959045410156,388.8959045410156,4.826071602956972,108.75859941754993,108.86562319843652,-290.85205078125,-90.65643310546875,304.6530884581103,-0.3396024597700254,29.92446899414017,191.09383719308005,193.42266790052463,-225.582275390625,-97.5787353515625,245.78236829199537,-0.5342277688860456,0.32921626906846824,0.41245787708838283,0.2648063725670884
382,12.733333333333333,True,True,654.6650390625,353.7621154785156,1128.86572265625,344.6999816894531,533.766845703125,316.2489013671875,1122.5250244140625,262.65887451171875,569.2813720703125,414.52313232421875,1133.900634765625,365.5310363769531,474.2872619628906,591.1920776367188,566.7407836914062,391.27532958984375,391.27532958984375,110.93013218470924,-29.50947352818116,114.78807975755797,-114.576416015625,-320.64971923828125,340.50550297252784,-0.08309304685983225,186.8703133719298,47.21757071358775,192.7433864074612,-28.13232421875,-419.30511474609375,420.2477922823435,-0.3093292657592015,0.3229509180442486,0.40255355672656357,0.266426566836604
383,12.766666666666667,True,True,649.5135498046875,353.853515625,1119.001708984375,352.43084716796875,528.73828125,315.25726318359375,1111.370849609375,268.1155090332031,530.3811645507812,416.48309326171875,1127.550537109375,365.29144287109375,469.4903259277344,584.53662109375,599.3595581054688,382.7778015136719,382.7778015136719,130.64692905970946,-94.8537336077012,161.4492206610286,-334.625244140625,163.69903564453125,372.5203729826362,-0.9850706350367342,90.20867483956408,25.67295619419633,93.79075485387312,-295.92041015625,231.92596435546875,375.9767839764277,-0.588159738028832,0.31968459609003497,0.3980217339834018,0.26064044371377554
384,12.8,True,True,657.1822509765625,359.2520751953125,1100.543701171875,346.02783203125,542.60205078125,316.3443603515625,1094.933837890625,266.0867614746094,520.07275390625,413.4943542480469,1114.753662109375,365.2757873535156,443.5586242675781,554.6135864257812,596.632568359375,366.9466857910156,366.9466857910156,134.29792131696354,-130.76065063476608,187.44140264222492,-493.1103515625,-60.8624267578125,496.8521448166873,-0.6256294418982482,45.028904506137906,47.33917236328102,65.33451982729586,-553.740234375,-192.0904541015625,586.1117553185778,-0.8886069496456438,0.3020272235876879,0.3776465894418929,0.24986074590967003
385,12.833333333333334,True,True,675.4434204101562,357.2095947265625,1090.4071044921875,355.625,551.8433837890625,306.29443359375,1085.818359375,273.041748046875,509.856689453125,407.7453308105469,1104.5035400390625,366.0826110839844,414.9667053222656,535.0093994140625,596.1045532226562,343.79364013671875,348.28326416015625,36.44563947405072,6.611121041433648,37.04040439974935,-273.46435546875,208.64959716796875,343.9729758430079,-0.6739851053004045,-43.29535348074842,253.6349487304684,257.3036627227259,-304.097900390625,287.9150390625,418.7727339982241,0.7999065965737637,0.2825584602187955,0.3642977380164016,0.23409541137669113
386,12.866666666666667,True,True,679.1082153320312,343.05499267578125,1086.089111328125,355.2330322265625,569.3442993164062,293.1308288574219,1080.1705322265625,273.1181335449219,515.422119140625,399.6855773925781,1095.674072265625,366.9012451171875,407.1630554199219,511.2181091308594,581.1773681640625,229.66162109375,340.3412780761719,12.248774937220333,-38.50943429129495,40.41050626876927,-169.434814453125,2.29156494140625,169.4503101757137,-0.3159682758650244,-60.40211268833764,186.40584673200317,195.94783722483314,-129.539794921875,-11.759033203125,130.0724157162987,0.22099244574775417,0.27724481150382113,0.3480978109793166,0.1563808209075624
387,12.9,True,True,635.5149536132812,390.6263122558594,1074.92578125,355.86004638671875,534.2567138671875,314.09869384765625,1070.142822265625,274.5758972167969,523.15380859375,394.49017333984375,1084.662353515625,367.56048583984375,440.7840270996094,537.341552734375,562.1539306640625,225.11599731445312,332.4034729003906,-102.74132864815942,-89.76788112095471,136.43332838179592,-300.831298828125,43.73291015625,303.9934831297396,0.6505629653471886,-168.72416904994498,96.36441911969848,194.30374801807432,-334.89990234375,18.8104248046875,335.42775179043565,0.8947983167177069,0.30013794935567495,0.3658857440967205,0.15328562208958835
388,12.933333333333334,True,True,643.2191162109375,413.5545959472656,1067.423583984375,355.579833984375,532.512451171875,326.81591796875,1063.23583984375,274.9388427734375,526.5364379882812,384.4593200683594,1076.015869140625,368.34088134765625,428.14776611328125,533.2528076171875,549.7158203125,243.5321807861328,306.94378662109375,-239.8373631068646,-149.05520847865546,282.3816848109478,-207.20947265625,10.88836669921875,207.4953543765688,0.8204682787061365,-329.36959402901834,-8.615275791713543,329.48224906329574,-225.06591796875,-8.4063720703125,225.22285524009465,0.9999374770004089,0.2915336868897336,0.3631016423610345,0.16582554005920824
389,12.966666666666667,True,True,653.3400268554688,364.505859375,1060.5960693359375,355.05615234375,545.1376342773438,293.694091796875,1055.830322265625,275.09210205078125,543.0072021484375,378.48193359375,1069.5133056640625,369.3785400390625,407.36566162109375,511.0313415527344,526.5848388671875,185.14328002929688,252.88502502441406,-288.8188607352131,-47.725851876395495,292.73553124572027,-222.16552734375,4.5977783203125,222.21309841098312,0.9830359199659434,-296.01673671177514,-48.36263384137885,299.94141555571093,-204.825439453125,-15.71044921875,205.4270645796719,0.9963560219766404,0.27738276979179854,0.3479706375010183,0.12606746385666817
390,13.0,True,True,631.388916015625,360.8680725097656,1049.5361328125,352.5289306640625,527.3858642578125,285.58843994140625,1044.56591796875,272.8186950683594,556.74267578125,366.1620178222656,1060.631591796875,370.6209411621094,418.2303771972656,517.3377075195312,503.90863037109375,231.0897216796875,370.1962890625,-116.72188895089334,22.986046927315556,118.96368233040464,-337.93212890625,-68.20220947265625,344.74579783379875,0.9235386036106562,-52.131761823382476,-110.31404767717675,122.01192444073777,-331.798095703125,-75.816650390625,340.3500268674506,0.6179355142572012,0.28478075441211687,0.352264758051655,0.15735324085698144
391,13.033333333333333,True,True,598.8440551757812,351.3607177734375,1043.372314453125,357.5782470703125,501.5726318359375,271.7514953613281,1038.3427734375,277.1156921386719,554.5933227539062,356.79449462890625,1053.60400390625,370.2637939453125,444.5717468261719,536.7969360351562,499.1924133300781,239.35745239257812,396.89801025390625,-157.2946602957595,100.69640023367708,186.7655620760403,-186.6943359375,128.909912109375,226.87560580897826,0.9993919698968725,-64.14027622767912,-93.01506042480503,112.98573582710833,-184.91455078125,151.4794921875,239.03854844776473,-0.08254621545775949,0.3027170773675155,0.3655149045716044,0.16298289072955077
392,13.066666666666666,True,True,615.40478515625,371.7480773925781,1035.0255126953125,359.3330078125,502.98779296875,320.2567443847656,1031.3094482421875,278.3319396972656,558.6494140625,374.4136657714844,1047.017333984375,369.322021484375,419.8043518066406,529.9825439453125,488.3944396972656,246.51654052734375,373.09466552734375,-137.49523707798562,253.71871948242148,288.5795017580617,-210.999755859375,36.4874267578125,214.13133652999645,0.6193005414362696,-16.205226353237094,88.68134634835349,90.14982280246744,-250.404052734375,52.642822265625,255.8778152984151,0.3782963626839919,0.28585250266648127,0.3608748596920084,0.1678576454845354
393,13.1,True,True,656.00439453125,388.5591125488281,1029.1201171875,358.3333740234375,532.1480102539062,332.9368896484375,1025.6259765625,277.56634521484375,555.25927734375,455.8572692871094,1042.252197265625,368.7835998535156,374.3380126953125,496.57464599609375,494.71600341796875,295.28594970703125,295.28594970703125,91.62427629743263,200.5359976632251,220.47606302230022,-170.504150390625,-22.96783447265625,172.04414177992868,-0.5332806673541964,243.19100516182993,76.46556309291259,254.92910255743143,-177.161865234375,-29.989013671875,179.68212886743845,-0.9906365312567011,0.2548936363133229,0.3381268076613112,0.2010656329853425
394,13.133333333333333,True,True,626.816162109375,364.95440673828125,1027.171142578125,355.57342529296875,500.3687744140625,320.42572021484375,1023.3631591796875,275.40301513671875,556.240234375,354.69403076171875,1039.228271484375,368.2550354003906,400.4648742675781,524.9287109375,483.1783752441406,318.7850341796875,334.9544677734375,204.35992649623267,135.27550833565817,245.07640178731273,-67.884521484375,-64.89990234375,93.91648194747745,-0.9841649693596155,310.51581246512205,93.27905927385586,324.22376947085536,-58.46923828125,-82.7984619140625,101.36191158676937,-0.7874583764051055,0.2726838967884996,0.3574336118651944,0.2170665917128351
395,13.166666666666666,True,True,632.29345703125,376.971923828125,1026.188232421875,355.20159912109375,510.1809387207031,329.0088195800781,1021.0201416015625,275.19512939453125,541.7998657226562,429.3681945800781,1035.9156494140625,367.6136779785156,394.4959411621094,513.6658325195312,497.9598693847656,265.0637512207031,336.9135437011719,196.7133440290171,-61.949419294085146,206.23741239152707,-70.29052734375,-6.236572265625,70.56665691306928,-0.9235405068304896,197.6951163155686,25.096860613141416,199.28173882135223,-29.4873046875,-11.15478515625,31.52666125068677,-0.9724255512132249,0.2686195404779844,0.3497645108443275,0.18048678229877518
396,13.2,True,True,680.9449462890625,369.8477783203125,1020.6837158203125,355.1009521484375,551.0253295898438,309.7495422363281,1014.4649658203125,276.15130615234375,543.062744140625,369.15887451171875,1030.6640625,366.56500244140625,340.05865478515625,464.65594482421875,487.60821533203125,256.4064636230469,262.27130126953125,176.66280473981487,-162.0785849434992,239.74823101709225,-196.6552734375,28.685302734375,198.7363659820231,-0.8267299080690133,140.88939121791213,-64.08511570521796,154.7795936572553,-165.135498046875,-3.0194091796875,165.16309983462963,-0.9025368166500594,0.23155219117048767,0.3163927771002214,0.17459187598004944
397,13.233333333333333,True,True,659.6591796875,385.5101318359375,1018.6512451171875,357.6573791503906,540.4486083984375,322.1513671875,1011.8453979492188,277.6325988769531,544.348388671875,363.4127197265625,1025.8065185546875,367.9913024902344,360.0709228515625,473.4942932128906,481.47991943359375,225.3070526123047,294.4571228027344,286.6637093680239,-481.28731318882546,560.1906462135489,-78.5870361328125,44.43878173828125,90.28137997684006,-0.8683353474671214,113.21424211774456,-148.13484191894565,186.44408279333058,-60.97412109375,76.69281005859375,97.97770439155444,-0.9998167755979119,0.24517891249006463,0.32241097104096406,0.1534157151550926
398,13.266666666666667,True,True,656.4304809570312,379.95751953125,1015.910888671875,360.42364501953125,541.7682495117188,311.732666015625,1009.4951782226562,279.6788330078125,543.52880859375,360.26446533203125,1022.6244506835938,368.8197021484375,360.0107421875,468.8240051269531,479.1720275878906,281.8077697753906,283.3531188964844,130.25367736816338,-815.323742457799,825.6626584043394,-70.506591796875,61.38702392578125,93.48554002237779,-0.7674043852111363,-193.20909772600544,-444.78064400809217,484.932548637798,-82.210693359375,82.98797607421875,116.81439241602162,-0.3712033126636451,0.24513793436927964,0.3192308860042239,0.19188809242801358
399,13.3,True,True,670.9718627929688,355.77337646484375,1014.1474609375,362.61309814453125,549.4208984375,290.5936279296875,1008.0287475585938,282.8119812011719,553.8224487304688,360.0100402832031,1019.9716186523438,371.1973876953125,343.2437438964844,458.6738586425781,466.28338623046875,246.23211669921875,281.94873046875,-51.55641828264561,-981.4798573085244,982.833034939555,-43.992919921875,93.99444580078125,103.78021412893939,-0.8822230671784669,-445.6653703962061,-636.001314435687,776.6049795966475,-52.90283203125,65.68359375,84.33886485388388,-0.2778389662938713,0.2337209769150153,0.31231946461827703,0.1676639760698721
400,13.333333333333334,True,True,644.4242553710938,329.6304626464844,1010.3868408203125,366.4605712890625,566.478759765625,195.64097595214844,1004.8795776367188,286.99700927734375,554.3579711914062,353.8598327636719,1018.1549072265625,374.3017883300781,367.8111877441406,447.8182678222656,464.2471923828125,279.3320007324219,290.31390380859375,22.400207519530568,-881.4574159894676,881.7419948600312,-94.47509765625,125.55084228515625,157.12593062785706,-0.8140630422200449,-308.9569963727688,-424.47326660156307,525.0066472599035,-112.818603515625,115.4241943359375,161.4025462541284,-0.16684942332849184,0.250449401186342,0.3049276932120128,0.19020229576127778
401,13.366666666666667,True,True,592.7601928710938,275.31951904296875,1006.1635131835938,367.51202392578125,537.4112548828125,161.9441680908203,1001.952880859375,288.845947265625,499.5047912597656,318.2855529785156,1016.7014770507812,377.32647705078125,423.5584411621094,481.56304931640625,520.5556640625,343.3829650878906,368.34576416015625,13.441510881695876,-642.9340471540181,643.0745393845319,-87.8009033203125,55.4681396484375,103.85428801894233,-0.5516501301585691,-238.67209298270154,-173.3511788504468,294.98304896651763,-126.6998291015625,31.5435791015625,130.56739285480765,0.6431647137406469,0.28840873114023613,0.3279051354431895,0.2338157751842958
402,13.4,True,True,590.8948974609375,262.216796875,1005.2490234375,368.5889892578125,528.7736206054688,149.90228271484375,1000.478759765625,289.72381591796875,477.9902038574219,300.7075500488281,1014.3082275390625,380.15081787109375,427.7901306152344,491.9916687011719,542.169921875,325.1083984375,388.02044677734375,-19.637799944197013,-252.5649424961636,253.32724560287377,-44.2236328125,26.3360595703125,51.47152351374375,-0.4435193453613915,-185.75448172433062,23.704212733677082,187.26082660823138,-27.4346923828125,32.3089599609375,42.38550742762215,0.7385496181464777,0.29129016630277654,0.33500617414767747,0.22137228671239534
403,13.433333333333334,True,True,633.3001708984375,358.7635498046875,1005.1983642578125,371.6402587890625,560.0838623046875,198.69024658203125,1001.1218872070312,292.8287353515625,484.75079345703125,335.43096923828125,1014.7802734375,383.13232421875,372.1210632324219,450.9729309082031,532.171630859375,302.0574951171875,313.8950500488281,-33.369598388672784,73.9201028006417,81.1030930031571,19.2938232421875,93.1475830078125,95.12478034402021,0.8090371264951669,-109.76185389927514,184.94502476283452,215.0635412056895,-1.519775390625,91.5380859375,91.55070122254162,0.8683090882880696,0.2533840746579347,0.3070757613163667,0.2056765027728583
404,13.466666666666667,True,True,625.134521484375,346.5038146972656,1008.99169921875,380.75042724609375,551.4097900390625,188.22389221191406,1004.9281616210938,300.82318115234375,477.43359375,345.9137878417969,1016.6077270507812,385.2728271484375,385.3818359375,467.2873840332031,540.6088256835938,299.5235595703125,334.03802490234375,12.829873221260186,134.05018942696697,134.6627600054274,114.188232421875,239.8333740234375,265.62944061059613,0.9397360881554419,-130.81492832728873,275.7470594133647,305.20318846367144,113.800048828125,273.3050537109375,296.05084613495376,0.6693141103525095,0.2624135786369308,0.3181845724455192,0.20395109946402504
405,13.5,True,True,612.528076171875,324.0844421386719,1011.43310546875,383.1517333984375,545.7998046875,204.71389770507812,1006.4046630859375,303.8864440917969,468.953125,350.95513916015625,1018.69580078125,390.1083068847656,403.25445556640625,471.1602783203125,551.1351928710938,306.21429443359375,360.51708984375,-97.82769339425317,68.25290679931624,119.2841853784321,44.2950439453125,91.89788818359375,102.01604173227594,0.15934192492307933,-378.39085170200997,135.1404026576447,401.79916013133084,73.2421875,72.0391845703125,102.73296522217544,-0.43555310238924466,0.2745833739907486,0.3208216973818582,0.2085069438641987
406,13.533333333333333,True,True,585.684326171875,326.56329345703125,1009.8927612304688,387.05682373046875,542.9593505859375,177.351318359375,1004.966064453125,307.98583984375,466.58935546875,350.5772399902344,1019.5049438476562,393.4006652832031,428.5000305175781,480.1203918457031,554.5714721679688,328.763916015625,390.4676208496094,-206.96855817522396,-61.28484453473783,215.85137535530797,-43.157958984375,122.98187255859375,130.33476282909018,0.04960077805237733,-524.6163940429694,-178.78375462123358,554.2436213571733,-46.2103271484375,117.1527099609375,125.93709456056688,0.04724501164822224,0.2917735502001905,0.3269228034432561,0.22386139585038167
407,13.566666666666666,True,True,562.4599609375,329.76953125,1009.336669921875,390.3309020996094,536.7069702148438,183.3414306640625,1003.2506103515625,310.8250427246094,465.04156494140625,349.80633544921875,1019.308837890625,397.0952453613281,450.9617004394531,483.64764404296875,556.2809448242188,355.86041259765625,407.8624267578125,-290.6087493896491,-166.93048749651257,335.1406165740572,-51.463623046875,85.17608642578125,99.51618057342736,0.022106482405690204,-683.5187203543537,-378.1567709786557,781.1532400956016,-16.6827392578125,98.22235107421875,99.62903211258875,-0.33074594946279895,0.3070681142836847,0.32932457432482287,0.2423118986337234
408,13.6,True,True,533.5501708984375,330.2366638183594,1005.1837768554688,396.1429138183594,516.73974609375,184.99325561523438,999.856689453125,317.16400146484375,470.7482604980469,356.73504638671875,1018.1082153320312,401.86419677734375,476.21624755859375,500.8703308105469,549.21728515625,364.30853271484375,450.27728271484375,-343.6390359061111,-240.64083644322,419.5185325615235,-101.817626953125,190.16876220703125,215.71042459213723,-0.11905537202935187,-738.1020028250565,-489.25243377685587,885.5295085602379,-124.5867919921875,174.3603515625,214.29745900477494,0.03505111019530661,0.3242643998072802,0.3410518184421508,0.24806437896874717
409,13.633333333333333,True,True,547.831787109375,312.0916748046875,1002.869140625,398.9736328125,521.8379516601562,188.90176391601562,998.2645263671875,319.8064880371094,462.9326171875,355.4013671875,1016.7889404296875,406.5280456542969,463.2574462890625,494.08331298828125,556.2110595703125,351.9176025390625,436.1870422363281,-338.9944349016471,-202.22060067313078,394.7282587184364,-47.764892578125,79.27459716796875,92.5523998562087,0.004409052095504106,-644.5557076590408,-578.1435503278464,865.8533507826448,-69.4390869140625,84.92156982421875,109.69712764183203,-0.04568776379462215,0.31544051373151305,0.33643041320471717,0.239627166762943
410,13.666666666666666,True,True,472.9931640625,235.62576293945312,1000.913330078125,406.06085205078125,485.7126159667969,144.28407287597656,996.9384765625,327.24420166015625,404.446533203125,265.1217346191406,1015.7210693359375,413.9184265136719,554.750244140625,542.9790649414062,629.1240234375,356.7745056152344,518.6637573242188,-253.5757991245821,-180.22969927106607,311.10035422835716,-39.781494140625,223.13140869140625,226.64993452607027,-0.42727143231184217,-499.57325526646264,-518.7771279471264,720.2104871900987,-58.67431640625,212.6165771484375,220.56401402780602,-0.5098345310415452,0.3777396421928438,0.3697244298231966,0.2429343213780808
411,13.7,True,True,462.89984130859375,238.3902130126953,1001.475341796875,418.41595458984375,482.0107116699219,150.03924560546875,996.6298828125,339.843017578125,373.9931640625,226.8891143798828,1015.3580322265625,424.9232482910156,567.866943359375,548.5055541992188,671.242431640625,364.2455749511719,537.3126220703125,-195.59774126325374,-134.42311968122232,237.33531446482837,-9.2578125,377.9644775390625,378.0778403631475,-0.5460346496319995,-427.31555393763983,-403.7156786237448,587.8647223670279,16.8603515625,370.653076171875,371.0363517641969,-0.719070864236191,0.38667104388572127,0.3734875179820177,0.24802150986977178
412,13.733333333333333,True,True,471.7149658203125,239.15292358398438,1006.992431640625,424.7232360839844,484.30096435546875,150.2094268798828,1000.8816528320312,346.0050048828125,363.0516052246094,215.49710083007812,1017.866455078125,433.1030578613281,566.5317993164062,552.44140625,690.0252075195312,355.3181457519531,509.55615234375,-133.86935642787432,-48.02967616489968,142.22466165513768,127.5531005859375,184.859619140625,224.59490701684047,-0.8125176789614756,-326.3072204589847,-194.4644492013116,379.8589529375844,165.5126953125,189.21844482421875,251.39226752488705,-0.950893513950097,0.38576191975572977,0.37616751201733206,0.2419426591670761
413,13.766666666666667,True,True,476.5712890625,253.66184997558594,1014.0714111328125,430.29547119140625,492.71832275390625,163.41336059570312,1007.5399169921875,352.001953125,355.06732177734375,219.3423309326172,1020.6451416015625,438.7439880371094,565.7789306640625,548.2763061523438,700.807373046875,386.1653137207031,529.2822265625,-46.31616864885655,70.42112077985479,84.28713858116325,199.7479248046875,179.908447265625,268.8238881894748,0.15084015098710962,-130.8878435407371,-19.37111990792448,132.31352112778066,212.369384765625,167.16705322265625,270.26945678133234,-0.8678557176117572,0.3852492776463151,0.37333141877140064,0.2629470630663999
414,13.8,True,True,448.5406188964844,242.41372680664062,1017.6541748046875,435.790283203125,475.770751953125,158.18988037109375,1010.7238159179688,357.3587646484375,348.35150146484375,219.78286743164062,1024.4996337890625,441.85955810546875,601.0696411132812,570.8265991210938,711.6841430664062,409.5785217285156,569.7109985351562,-73.77845764160202,73.71865408761141,104.29621648201132,95.5169677734375,160.704345703125,186.9475270243001,0.2461705439376083,-206.96744646344894,-50.65957750592946,213.07725521200024,107.48291015625,164.8443603515625,196.78983488832014,-0.7296770789691565,0.40927937133013137,0.38868632791714613,0.27888954692985146
415,13.833333333333334,True,True,458.05853271484375,241.97576904296875,1019.6734008789062,437.886474609375,483.2484130859375,160.23062133789062,1013.2136840820312,360.0471496582031,346.0384521484375,210.71205139160156,1028.86767578125,443.449951171875,594.8043823242188,566.3831176757812,721.4032592773438,424.0457458496094,551.8131103515625,-94.67360360281862,64.82288360595686,114.73925857410384,74.696044921875,80.65155029296875,109.92802959950677,-0.1461721105570322,-256.6435350690575,-77.64378138950923,268.1314246432231,60.5767822265625,62.8857421875,87.31645386407476,-0.8725900186533423,0.40501324141270834,0.3856606796926139,0.288740545862698
416,13.866666666666667,True,True,443.2248229980469,226.12188720703125,1021.080810546875,446.359619140625,473.3214111328125,156.73846435546875,1014.60498046875,367.238525390625,355.2710876464844,214.87144470214844,1029.2821044921875,446.32489013671875,618.4028930664062,580.7738037109375,712.64404296875,424.02935791015625,581.6283569335938,-98.322895595006,54.99384743826715,112.65751219625726,41.7388916015625,215.74127197265625,219.74173819396856,0.31348734117353144,-239.11965506417505,-87.96373639787964,254.78584803533676,42.2222900390625,254.1943359375,257.67708900647204,-0.49436160134288465,0.4210819013154127,0.39545956243533426,0.2887293870133767
417,13.9,True,True,423.67431640625,235.21217346191406,1020.0065307617188,455.02508544921875,469.53375244140625,169.68215942382812,1014.575927734375,376.4967041015625,357.25732421875,209.88592529296875,1022.78466796875,451.6918029785156,635.5547485351562,582.9607543945312,708.09375,413.79791259765625,600.11767578125,-70.6448364257817,123.34308079310819,142.1415086917283,-0.87158203125,277.745361328125,277.746728863776,0.8693038464279634,-185.40112086704846,2.247881208147078,185.4147474951328,-32.2283935546875,259.9639892578125,261.95408960722847,0.13505307825236582,0.4327609150988958,0.39694869737027033,0.2817626077604059
418,13.933333333333334,True,True,428.9068908691406,232.72747802734375,1022.069091796875,461.14239501953125,471.1197814941406,166.68115234375,1016.6787109375,381.91412353515625,357.695556640625,209.1439666748047,1020.3551635742188,454.99359130859375,635.62158203125,586.4808959960938,706.79541015625,438.4888610839844,607.0111694335938,-139.15188380650136,128.32242148263094,189.28785122681288,63.08349609375,162.5225830078125,174.3362196072333,0.36597586295470974,-296.983468191965,33.988184247697916,298.9220250295775,61.8768310546875,183.519287109375,193.67000532478835,-0.20968113521452178,0.4328064232553457,0.39934562651647054,0.29857512861125435
419,13.966666666666667,True,True,426.72906494140625,235.00738525390625,1025.9227294921875,465.151611328125,469.8011779785156,171.71119689941406,1020.6690063476562,386.9519348144531,360.55401611328125,209.48141479492188,1020.961181640625,457.9507751464844,641.871826171875,591.42529296875,705.6023559570312,420.4037170410156,601.499755859375,-141.26541137695335,132.19001770019514,193.46864663577344,119.7088623046875,151.13433837890625,192.79989613978626,0.0822431297482918,-285.8015441894538,85.46107700892844,298.30541118893956,115.609130859375,120.2764892578125,166.82896932560837,-0.45738691064994785,0.4370623294225525,0.4027123573345954,0.286260621475922
420,14.0,True,True,416.51922607421875,245.55679321289062,1030.620361328125,467.2881774902344,463.4910583496094,185.5953369140625,1026.810791015625,389.349365234375,375.85552978515625,226.71937561035156,1025.438232421875,460.0702819824219,652.9050903320312,599.0365600585938,690.224853515625,410.4251708984375,585.9482421875,-182.33384268624468,94.75343431745233,205.48441182650322,184.2535400390625,71.92291259765625,197.7935094320754,-0.6589177665431332,-300.23535592215444,56.48708888462596,305.5029625983394,140.928955078125,64.09698486328125,154.82052140454726,-0.818028209045432,0.444575081873041,0.4078950090549306,0.2794660459181567
421,14.033333333333333,True,True,382.44915771484375,239.66152954101562,1033.818115234375,469.18231201171875,446.421142578125,180.2388916015625,1030.4493408203125,391.4663391113281,386.25927734375,235.25738525390625,1030.2509765625,462.07073974609375,690.6238403320312,621.0523071289062,682.7661743164062,389.3583068847656,522.2283935546875,-204.77587018694237,66.2763650076729,215.23409016568394,109.156494140625,63.50921630859375,126.28761130532183,-0.6674952968272739,-342.4319131033765,27.716200692312782,343.55174703740767,95.9326171875,56.82403564453125,111.49904962543124,-0.8164698395664098,0.4702584723346946,0.42288593606899766,0.2651212308257771
422,14.066666666666666,True,True,385.92144775390625,245.46710205078125,1036.1407470703125,476.1429443359375,447.323486328125,184.52169799804688,1032.4014892578125,398.19598388671875,400.4015808105469,255.4124298095703,1033.5113525390625,464.6466064453125,689.9249877929688,622.874755859375,666.7884521484375,415.2396240234375,562.74755859375,-131.06316702706533,84.64047023228215,156.01782895652107,58.564453125,201.88934326171875,210.21204078852958,0.2869901551571723,-242.52914428710972,93.07697296142555,259.7762666686463,69.678955078125,208.8189697265625,220.13749998226652,0.04436467247265273,0.4697826107900819,0.42412687492145096,0.2827442955809558
423,14.1,True,True,373.6846923828125,242.74147033691406,1044.2579345703125,479.933837890625,436.4652099609375,184.42474365234375,1038.698486328125,402.0721130371094,412.1573486328125,246.24061584472656,1037.9613037109375,466.6515808105469,711.28662109375,640.3555908203125,663.4844360351562,420.16357421875,537.4280395507812,22.074296133858525,337.3127010890413,338.03421848355856,188.909912109375,116.28387451171875,221.83077866840063,0.5786927319566215,-5.799080984933312,466.82933807373047,466.8653555647786,243.515625,113.726806640625,268.76317859374774,0.41186166029218896,0.4843281397103835,0.43602989689056404,0.2860971038124043
424,14.133333333333333,True,True,367.9346923828125,236.22413635253906,1050.007568359375,484.2735595703125,435.02490234375,179.18264770507812,1045.4029541015625,405.6492004394531,418.03070068359375,255.0287322998047,1044.85498046875,467.08203125,725.7767944335938,651.0364379882812,661.721435546875,420.84820556640625,540.771728515625,210.54349626813575,784.4821275983538,812.2442811999666,201.134033203125,107.3126220703125,227.97126610202767,0.6833364975706597,297.39604404994384,1074.3050439017159,1114.7088114701633,172.489013671875,130.191650390625,216.10720873892893,0.7935483075189687,0.4941947651882758,0.44330268213069496,0.28656328188628377
425,14.166666666666666,True,True,386.58673095703125,269.1597900390625,1055.470703125,488.0318603515625,451.3220520019531,200.9236297607422,1051.47265625,410.39788818359375,423.83953857421875,253.01531982421875,1051.5355224609375,468.4453125,703.7831420898438,635.6573486328125,663.6356811523438,460.82061767578125,638.7913818359375,344.51815468924326,773.217945098877,846.4979323857863,182.091064453125,142.46063232421875,231.197291324722,0.8833914260294198,523.1461879185263,1099.248226710728,1217.385969140587,163.89404296875,112.7490234375,198.93114287801293,0.8658154537224644,0.47921888287981135,0.4328307773920394,0.3137812323194028
426,14.2,True,True,436.35504150390625,501.4512939453125,1062.036376953125,493.6709899902344,482.2137145996094,381.523193359375,1058.692138671875,414.93475341796875,453.4822692871094,415.6300964355469,1059.219970703125,469.8819274902344,625.7296752929688,577.44580078125,608.1622924804688,371.6792907714844,480.4829406738281,320.6858662196563,858.6934334891184,916.6208799227642,216.58447265625,136.10595703125,255.8000495214541,0.7946754231967964,642.6589311872208,1128.896484375,1299.0064565924743,196.97021484375,169.17388916015625,259.64797382064404,0.9415332630520763,0.4260708420611242,0.39319346404393235,0.25308326366580314
427,14.233333333333333,True,True,449.31781005859375,479.25634765625,1066.9580078125,494.7149963378906,491.0596923828125,356.1302185058594,1063.831298828125,415.47479248046875,455.315673828125,411.32855224609375,1065.6463623046875,471.190185546875,617.8336181640625,575.8377075195312,613.25927734375,392.4007873535156,490.61907958984375,122.20424652099553,965.8649253845216,973.5650630316454,154.1748046875,16.201171875,155.02370260883353,0.22851620672276188,597.297886439732,1088.1607001168386,1241.3132056109528,147.64892578125,31.3201904296875,150.9342890562279,0.6526149028098811,0.4206942715663644,0.3920984837718004,0.26719291172323156
428,14.266666666666667,True,True,481.58343505859375,383.7842102050781,1073.856201171875,493.80010986328125,506.0552673339844,277.4933166503906,1069.578125,414.9087219238281,460.6026916503906,337.25225830078125,1070.32080078125,471.64276123046875,602.4039306640625,580.0353393554688,624.353271484375,423.59564208984375,520.7295532226562,-144.48828016008713,903.3571570260184,914.8393390392382,172.40478515625,-16.98211669921875,173.2391475168318,-0.2539744255556589,322.78152465820267,903.3052335466656,959.2435861727041,206.94580078125,-27.44659423828125,208.75794594763013,0.20976622953470803,0.4101879136206797,0.3949567284765335,0.28843406193599525
429,14.3,True,True,465.7707824707031,520.905029296875,1082.9510498046875,488.97979736328125,441.4634094238281,421.5586242675781,1078.198486328125,410.90301513671875,431.24420166015625,418.2984313964844,1077.5128173828125,471.16546630859375,618.0054321289062,636.8242797851562,648.4273681640625,454.6488037109375,547.7440185546875,-309.8615046909882,342.89391108921586,462.1583996330938,258.61083984375,-120.17120361328125,285.167818420232,-0.920684647844308,-27.4905068533767,188.24581146240212,190.2425123367377,272.845458984375,-144.609375,308.7985036011102,-0.5910600315851202,0.42081126285440673,0.433625362271642,0.30957873070108916
430,14.333333333333334,True,True,472.31024169921875,467.31207275390625,1088.182373046875,490.3900146484375,445.214111328125,391.10235595703125,1084.2587890625,412.7745666503906,440.08001708984375,425.7443542480469,1083.8074951171875,471.58319091796875,616.3043823242188,639.4120483398438,645.3574829101562,429.7947692871094,542.0440673828125,-349.4259044102264,-339.71036093575674,487.34135059525454,181.80908203125,56.14654541015625,190.28130982979,-0.8907648944863121,-353.4443010602681,-585.245868137905,683.6926210838255,156.939697265625,42.3065185546875,162.54202561197562,-0.7219475840716845,0.4196529867628473,0.43538742146539655,0.292655161636511
431,14.366666666666667,True,True,441.559326171875,506.021484375,1093.6654052734375,493.06103515625,428.82965087890625,414.19525146484375,1089.591552734375,414.067138671875,460.2962951660156,416.3975830078125,1090.27880859375,471.5245666503906,652.23486328125,660.7619018554688,632.389892578125,450.8070068359375,504.6678771972656,-247.7286039079944,-614.0301704406743,662.1197107816739,159.98291015625,38.77716064453125,164.61530830914404,-0.5820695084020344,-396.5158081054692,-759.6770749773301,856.9329287194216,164.490966796875,80.130615234375,182.97047208664594,-0.8042216184886722,0.4441187119497753,0.44992492931337413,0.3069627805644864
432,14.4,True,True,400.33868408203125,290.99395751953125,1102.183349609375,486.965087890625,442.96417236328125,210.98646545410156,1098.162353515625,409.36932373046875,516.2158813476562,360.3714904785156,1098.239990234375,470.91937255859375,728.6910400390625,684.5731811523438,592.4296875,391.8011169433594,467.82684326171875,-100.04684993198964,-1130.1034763881146,1134.5233534510498,257.1240234375,-140.9344482421875,293.2154193251403,0.40144942392748567,-371.1890520368311,-1256.537099565779,1310.2163160856996,255.538330078125,-182.87841796875,314.2361435256447,0.32775032543267313,0.49617912860929086,0.46613846723743385,0.26678458511398967
433,14.433333333333334,True,True,393.76678466796875,268.1532897949219,1108.060791015625,487.5054931640625,444.2835388183594,203.05540466308594,1104.14453125,409.5900573730469,512.8434448242188,355.4710998535156,1103.978759765625,469.62322998046875,747.2156982421875,691.4282836914062,602.0562133789062,405.382080078125,482.7843933105469,18.705122811453407,-1290.6923593793604,1290.8278925478994,179.46533203125,6.62200927734375,179.58746172257136,-0.022388637546362562,-200.15579223632858,-1360.0596673148027,1374.708929127255,176.3232421875,16.212158203125,177.06699243256756,-0.23557087746817978,0.5087929090182263,0.47080623261050203,0.27603211264434285
434,14.466666666666667,True,True,431.8920593261719,279.1116943359375,1115.12255859375,490.3251953125,452.770751953125,201.44900512695312,1110.5087890625,411.7518615722656,514.0527954101562,336.7674255371094,1110.4307861328125,469.1291198730469,715.1328735351562,690.540771484375,610.8897705078125,417.6990966796875,499.2080993652344,48.28062874930208,-983.8195855276931,985.0035512526388,190.927734375,64.8541259765625,201.64190390331666,-0.27483234466715006,46.66171482631103,-1015.6219155447831,1016.6932629684267,211.85302734375,84.591064453125,228.11697302047568,-0.32780906227180695,0.48694712372408294,0.47020190922882404,0.28441899573831064
435,14.5,True,True,404.34210205078125,239.38180541992188,1120.88037109375,491.89971923828125,434.3199462890625,179.52560424804688,1118.1802978515625,413.00384521484375,519.2471313476562,271.469482421875,1118.38818359375,468.8194885253906,759.7317504882812,722.6182250976562,630.806640625,414.24859619140625,493.0111389160156,-24.973248073033346,-348.1184577941898,349.01307106800795,230.145263671875,37.55950927734375,233.189963608539,-0.23127507604283634,126.53568812778974,-372.29616982596303,393.2120527616818,172.734375,47.2357177734375,179.07645668879107,0.060660156441262034,0.5173153191424983,0.49204403724646734,0.2820694865067308
436,14.533333333333333,True,True,430.1080322265625,257.93408203125,1126.6622314453125,492.2522277832031,441.96856689453125,181.72549438476562,1123.8248291015625,413.5611572265625,536.3330078125,328.9113464355469,1125.685791015625,468.3650817871094,734.9100341796875,720.1914672851562,605.626953125,392.89349365234375,469.8355407714844,-26.398021153041782,71.98271615164617,76.67050896769176,169.3359375,16.7193603515625,170.1593275126853,-0.2503892418710337,255.5502646309984,151.21974400111583,296.9399749591428,173.455810546875,10.57525634765625,173.7778877167404,0.8900085345527708,0.5004137560768609,0.4903916132277948,0.2675284045021736
437,14.566666666666666,True,True,444.2545471191406,285.742919921875,1136.0491943359375,487.9910888671875,443.5635070800781,200.5612030029297,1132.7562255859375,408.7426452636719,524.569580078125,346.7235412597656,1132.612548828125,467.46734619140625,720.7525024414062,719.94873046875,619.9155883789062,446.0638122558594,527.8367309570312,-53.325315202986076,230.75232369559134,236.8337478747756,267.94189453125,-144.55535888671875,304.4488637322589,-0.6607778478834612,198.17331586565263,300.34561157226534,359.8335024867832,281.60888671875,-127.83416748046875,309.2654837746985,0.15647283329652764,0.4907736323822122,0.49022632926596726,0.3037330521552537
438,14.6,True,True,423.96588134765625,266.5946960449219,1147.34521484375,482.68048095703125,432.8678894042969,208.55911254882812,1143.039794921875,404.6013488769531,495.70367431640625,358.42486572265625,1141.41064453125,467.2851867675781,754.9640502929688,736.7337646484375,654.819091796875,428.3819580078125,491.1986083984375,54.02605329241021,307.0944213867185,311.81051630950134,308.507080078125,-124.2388916015625,332.583704719151,-0.207184271903348,409.41336495535666,528.3266013009207,668.3923256937127,338.880615234375,-159.3182373046875,374.4627780160549,0.21802954953945392,0.5140689044092339,0.5016555676884791,0.2916931524571291
439,14.633333333333333,True,True,465.25128173828125,308.09039306640625,1152.736572265625,484.4456787109375,446.2582092285156,213.69808959960938,1148.417236328125,405.4266052246094,477.67864990234375,336.4261169433594,1147.8076171875,466.4294128417969,709.7444458007812,727.8648071289062,682.6226806640625,496.43011474609375,585.5498046875,111.24392918177955,171.9447163173129,204.79305957293082,161.3232421875,24.7576904296875,163.21192268121536,0.664275400417153,464.5210484095977,389.95526994977666,606.5021986581376,161.74072265625,52.9559326171875,170.18928334275952,0.9279427736784326,0.483278044195298,0.49561653142768197,0.3380283936754908
440,14.666666666666666,True,True,454.98724365234375,323.8599548339844,1156.676025390625,479.7901611328125,431.25537109375,241.51242065429688,1153.0390625,402.4788818359375,442.4446716308594,347.4005126953125,1153.6446533203125,466.256103515625,718.8055419921875,739.5146484375,721.0631103515625,563.385009765625,666.2894287109375,133.95531790597056,-7.510855538504586,134.16571896803566,138.65478515625,-88.43170166015625,164.45459952593825,0.8718997326691701,464.19453212193037,240.21704537527864,522.6669996668304,118.18359375,-139.66552734375,182.95852360541397,0.22284789100445385,0.4894479112108934,0.5035491225963955,0.38361921288624534
441,14.7,True,True,508.1300964355469,352.350341796875,1161.9273681640625,476.9315490722656,457.3719482421875,230.8291778564453,1158.00732421875,399.64495849609375,403.7125244140625,350.2752380371094,1158.570556640625,464.5643310546875,665.5609130859375,720.686279296875,763.4609375,541.0328979492188,572.3880004882812,170.12489318847645,-109.14892469133679,202.1285903667901,149.0478515625,-85.0177001953125,171.590417570146,0.9986452038526018,525.1088169642853,172.12201799665138,552.5986416314022,157.540283203125,-85.75836181640625,179.36955553592276,0.6856872431984217,0.4531926643062355,0.49072853982536463,0.3683992489313608
442,14.733333333333333,True,True,521.7015380859375,315.7601318359375,1162.7822265625,475.7439270019531,467.90966796875,204.0563201904297,1159.65185546875,397.10821533203125,376.28570556640625,353.898193359375,1161.44921875,463.42840576171875,660.741455078125,718.1756591796875,792.7664184570312,537.4429931640625,568.5798950195312,41.27020699637228,-121.74831390380893,128.55303156263494,49.3359375,-76.102294921875,90.69506062283628,0.9693206353675466,251.1586107526499,86.76181248256103,265.72214785459676,25.645751953125,-35.628662109375,43.898817261348036,0.28718185105315785,0.44991100672669765,0.48901901242133855,0.3659548167506197
443,14.766666666666667,True,True,509.2205810546875,312.94683837890625,1164.3017578125,474.14892578125,458.1727294921875,195.5159912109375,1161.05810546875,395.18170166015625,358.4739685058594,352.8802795410156,1163.502685546875,462.7802734375,674.6239624023438,730.6943359375,812.4956665039062,521.7952880859375,583.77001953125,-119.40382821219362,-16.220643179757474,120.50055376176516,42.1875,-57.79541015625,71.55483625429636,-0.475490758576021,-80.74951171875,227.30382646833107,241.22088046013286,45.5859375,-47.85003662109375,66.08860493605474,-0.9131591349666567,0.45936386124055817,0.4975432096239003,0.3553000066269999
444,14.8,True,True,535.7821044921875,319.6060791015625,1164.4111328125,473.61126708984375,465.634521484375,199.20843505859375,1161.2403564453125,394.7345886230469,351.123046875,339.66326904296875,1164.093505859375,462.392333984375,647.2186889648438,722.5634765625,822.1820678710938,540.2725830078125,562.615234375,-295.8057076590404,368.3832059587749,472.44809568473323,5.467529296875,-13.41339111328125,14.484921048112028,-0.9583861706466147,-483.195353916714,522.8234972272598,711.914432568719,3.28125,-16.1297607421875,16.460127070065802,-0.8549522064872757,0.4407031066184221,0.49200675796214266,0.3678815365067983
445,14.833333333333334,True,True,489.16278076171875,351.0533752441406,1164.7294921875,474.96051025390625,435.9114685058594,215.7945556640625,1161.779541015625,396.12921142578125,360.109619140625,349.4619140625,1164.631103515625,462.34332275390625,686.8357543945312,747.933837890625,812.4019775390625,569.6528930664062,599.72705078125,-340.64513070242776,718.9827346801758,795.597434535493,16.175537109375,41.83868408203125,44.856699460535246,0.6885020062216034,-652.7553340366915,807.2533525739395,1038.1461849639568,9.55078125,40.477294921875,41.58880650701339,0.6124134081900398,0.4676790949630926,0.5092819035102711,0.38788712988195817
446,14.866666666666667,True,True,437.8165283203125,394.15936279296875,1165.2001953125,474.60870361328125,409.1728820800781,248.10504150390625,1162.756591796875,396.3345031738281,378.927001953125,352.8266296386719,1165.46142578125,462.5263366699219,731.8190307617188,768.0237426757812,794.1475830078125,513.7756958007812,563.2166748046875,-331.0544586181645,830.9297398158483,894.4502708822886,29.3115234375,6.15875244140625,29.9515548488161,-0.17119036095901044,-697.525896344867,831.5727342878067,1085.3826921794032,14.12109375,-10.55419921875,17.629418874295094,-0.9734380919803851,0.498309035011025,0.5229614890992583,0.3498393187727382
447,14.9,True,True,420.41192626953125,450.0382080078125,1166.489501953125,475.20538330078125,411.9217834472656,309.31195068359375,1163.9088134765625,396.81982421875,416.3988037109375,355.4400939941406,1166.0760498046875,462.6639709472656,746.501953125,757.0615234375,757.306396484375,535.4138793945312,609.0878295898438,-297.88823808942584,712.7180589948382,772.4664614139517,34.566650390625,14.55963134765625,37.50781497511352,0.002758159420771301,-622.6072147914347,714.741799490792,947.8900694962908,38.67919921875,17.900390625,42.62046969158527,-0.2794040893361417,0.5083069068433179,0.5154971124424754,0.36457315587283373
448,14.933333333333334,True,True,410.4830627441406,450.6602783203125,1167.392578125,476.49554443359375,411.585693359375,335.5769958496094,1164.5419921875,397.6450500488281,439.9135437011719,360.42071533203125,1166.3170166015625,462.9990234375,757.350341796875,755.5101928710938,733.6104125976562,528.6781616210938,581.4674072265625,-163.40289524623347,417.3600769042967,448.20747424425224,18.995361328125,24.75677490234375,31.20451338430619,0.5168413239268215,-308.40539114815886,423.5507747105187,523.9362022681096,27.09228515625,38.704833984375,47.24464084682615,0.3247282314586149,0.5156937741742752,0.5144407829333557,0.3599866817819719
449,14.966666666666667,True,True,398.66217041015625,451.2939453125,1169.53466796875,475.62432861328125,399.2071228027344,331.942626953125,1166.5447998046875,396.9951171875,448.85101318359375,361.3357238769531,1167.635498046875,463.014404296875,771.25634765625,770.0901489257812,725.9405517578125,522.1146850585938,577.8727416992188,-65.81013270786866,136.73057556152315,151.7439417585186,60.084228515625,-19.49798583984375,63.16871035669948,-0.6906414079156437,-60.97879682268467,187.49797276088123,197.16466075689735,64.2626953125,-26.136474609375,69.37441397110115,-0.6447638532662201,0.5251626292728235,0.5243685431127437,0.355517489898874
450,15.0,True,True,411.5269775390625,456.30950927734375,1172.2216796875,476.11785888671875,396.62347412109375,314.35357666015625,1169.146728515625,397.41619873046875,431.4328308105469,361.785888671875,1168.727294921875,463.0374755859375,760.9525756835938,776.9758911132812,744.2142944335938,513.2265014648438,573.6748046875,-28.40462820870573,-44.51307024274604,52.80375295478953,78.057861328125,12.6324462890625,79.07343684428318,-0.6656920672030288,51.923740931919156,91.84609549386107,105.50725155093608,80.6103515625,14.805908203125,81.95879267503402,0.6412972704664077,0.5181466014669823,0.5290571715858464,0.34946536225060504
451,15.033333333333333,True,True,417.99072265625,440.97271728515625,1174.721923828125,476.66339111328125,397.67950439453125,293.9306640625,1170.976806640625,398.34124755859375,404.8321533203125,360.63397216796875,1170.08984375,463.6936340332031,757.5723876953125,780.314208984375,772.1661987304688,514.6314697265625,575.7684326171875,60.34407479422407,-111.02014814104393,126.3601228870495,54.90234375,27.75146484375,61.5175678177954,0.029853136579304832,117.83069065638904,107.83205304826981,159.72421020360852,75.00732421875,16.365966796875,76.77202326142705,0.8646743847106734,0.5158449693095853,0.5313302936105269,0.3504220309750976
452,15.066666666666666,True,True,420.11151123046875,456.65264892578125,1177.546875,485.4968566894531,403.1808776855469,307.97210693359375,1173.8948974609375,404.9112854003906,379.19342041015625,360.1744079589844,1173.23876953125,463.7408447265625,757.984375,776.7864990234375,800.7708740234375,523.4342041015625,584.4295654296875,170.17420087541814,-156.23755318777933,231.0182496464107,87.542724609375,197.10113525390625,215.66776799144446,-0.31907001166935317,227.96336582728748,3.3812386648993424,227.9884403521694,84.74853515625,265.00396728515625,278.2254785026028,0.31869626535465584,0.5161254990411256,0.5289282110292584,0.35641597467904707
453,15.1,True,True,423.70416259765625,478.05804443359375,1179.706787109375,487.3029479980469,409.19720458984375,326.537353515625,1177.65966796875,407.8331298828125,341.6029968261719,359.95184326171875,1177.386962890625,464.860595703125,756.05908203125,772.7506713867188,842.3424072265625,539.7059326171875,600.836181640625,192.99015590122747,-51.78261893136198,199.81651557909504,112.943115234375,87.65533447265625,142.96714636712363,0.60411550412222,166.91901070730967,44.951542445591144,172.86583613815873,64.79736328125,54.1827392578125,84.46577722179784,0.907560107250655,0.5148145316556878,0.5261801417790902,0.3674956938360398
454,15.133333333333333,True,True,427.5853271484375,466.25091552734375,1183.593017578125,489.67218017578125,421.5135498046875,306.76806640625,1181.1768798828125,410.7861633300781,335.0167236328125,359.3635559082031,1181.269775390625,466.752197265625,756.3704223632812,766.7516479492188,853.0396118164062,603.9295043945312,669.593017578125,236.37702941894497,-70.93705313546366,246.79174529239904,105.516357421875,88.59100341796875,137.77542440574598,0.5487132404099083,184.65244838169633,10.259072440010755,184.9372197819693,116.5869140625,71.07696533203125,136.54465764513648,0.8813985412870139,0.5150265290128118,0.5220952964081825,0.41122670482658313
455,15.166666666666666,True,True,456.97406005859375,433.35650634765625,1186.334228515625,490.789306640625,431.71759033203125,277.52349853515625,1184.5640869140625,412.72247314453125,450.2608642578125,353.9434509277344,1185.7392578125,468.1127014160156,731.617919921875,764.8899536132812,744.2869262695312,508.95428466796875,641.687255859375,260.0005122593467,-144.76141793387296,297.5838276811227,101.6162109375,58.08929443359375,117.04794083232409,0.5170934318592705,191.81932721819146,-96.51325770786877,214.73114168146432,82.236328125,33.5137939453125,88.80308580275536,0.657618706679441,0.49817209494207315,0.5208276345013024,0.3465563312744731
456,15.2,True,True,434.9771728515625,472.1724853515625,1194.4017333984375,490.7575378417969,427.8619079589844,309.5828857421875,1191.8095703125,413.65087890625,352.02630615234375,362.78106689453125,1193.119384765625,469.1098327636719,759.6519165039062,771.0032958984375,847.787353515625,559.9222412109375,675.2665405273438,209.48563711983797,96.17660522460915,230.5085064635029,217.364501953125,27.8521728515625,219.1416670601084,0.954457201388018,141.42477852957563,29.827390398297553,144.53595123744117,242.025146484375,-0.95306396484375,242.027022998888,0.9776545232014054,0.5172609587145198,0.5249903216777175,0.3812613501026596
457,15.233333333333333,True,True,454.437744140625,448.7183837890625,1202.76025390625,490.6919860839844,447.2582092285156,287.1254577636719,1199.1182861328125,413.02911376953125,452.31024169921875,355.52587890625,1198.0103759765625,469.8863830566406,749.498779296875,762.3289184570312,754.4183349609375,514.8770141601562,643.5203247070312,198.4577832903177,236.27890450613802,308.566382587487,219.261474609375,-18.6529541015625,220.05346383229826,0.5759383264219562,109.94430541992153,112.01346261160666,156.95466256378236,250.755615234375,-1.966552734375,250.7633264678609,0.6948661693504435,0.5103475008905217,0.5190837785701279,0.35058922669509557
458,15.266666666666667,True,True,456.83563232421875,444.21221923828125,1214.543212890625,492.4644775390625,456.5798034667969,288.27154541015625,1209.24658203125,414.53668212890625,470.3773498535156,356.64117431640625,1200.300048828125,470.459716796875,759.2423706054688,763.1842041015625,738.7434692382812,527.3157958984375,659.07470703125,252.18844822474864,175.73900495256657,307.38121491028846,303.848876953125,45.22705078125,307.1963967042014,0.8956746440661605,98.69891575404563,70.63489641462002,121.37036113701029,353.48876953125,53.17474365234375,357.4658914458968,0.8907288227495366,0.5169820913813886,0.5196661582928054,0.3590590219097186
459,15.3,True,True,449.0482177734375,496.9095153808594,1218.2021484375,495.5484924316406,445.81280517578125,365.5893249511719,1214.6729736328125,418.2575988769531,438.9600830078125,372.34515380859375,1202.512451171875,472.0620422363281,769.1551513671875,770.6619873046875,770.0361328125,599.2257080078125,664.903564453125,306.99528285435235,20.232271466936027,307.6612560975717,162.791748046875,111.62750244140625,197.38756934889133,0.8601360184917346,188.19128853934137,-67.1443176269537,199.81071160397502,109.76806640625,92.52044677734375,143.5585646154426,0.5035873721345139,0.5237318860820082,0.5247579183801215,0.4080238033716777
460,15.333333333333334,True,True,459.7879638671875,468.05096435546875,1226.15185546875,498.39227294921875,464.2865295410156,328.6702880859375,1221.73828125,418.8455810546875,472.0659484863281,361.38714599609375,1204.8934326171875,473.5826110839844,766.9642944335938,762.8005981445312,741.3663330078125,589.5091552734375,711.2877807617188,274.7362191336491,61.83249337332563,281.608322569868,211.959228515625,17.63946533203125,212.69194928379136,0.9904458465290226,131.2543814522876,17.302878243582086,132.3899627839469,238.4912109375,85.31341552734375,253.29120901321534,0.9775139440584989,0.5222400913096175,0.5194049539427713,0.40140762394319185
461,15.366666666666667,True,True,472.9363708496094,442.0157775878906,1234.41162109375,505.07379150390625,486.37493896484375,293.31829833984375,1228.800537109375,423.5772399902344,484.892333984375,360.13720703125,1207.1378173828125,476.17120361328125,764.0816650390625,753.7659912109375,731.5069580078125,591.6358032226562,714.3998413085938,265.292064121791,15.975788661411457,265.77265681283797,211.86767578125,141.94976806640625,255.0248001568777,0.862728890810929,116.68892996651778,47.51783098493297,125.99305789702679,247.79296875,200.445556640625,318.7158241112425,0.9572530226771147,0.5202772559480007,0.513253123949915,0.40285569763742246
462,15.4,True,True,480.20904541015625,447.8052978515625,1238.5357666015625,509.069091796875,494.7248229980469,298.2825622558594,1233.3726806640625,429.18408203125,496.831787109375,358.8719482421875,1209.0460205078125,478.29888916015625,760.7974243164062,750.1571655273438,722.1578369140625,609.52783203125,686.0233764648438,95.73800223214232,62.285025460379075,114.21553952068763,137.164306640625,168.20526123046875,217.0416018228156,0.9523581818823131,9.95799473353759,132.025909423828,132.4009154738063,123.724365234375,119.8590087890625,172.2611405411725,0.7478468378688988,0.5180409560480823,0.5107958081815032,0.41503870905859275
463,15.433333333333334,True,True,471.7274475097656,470.0040283203125,1244.1015625,515.8897705078125,493.7809753417969,323.778564453125,1237.8170166015625,435.5887451171875,504.8408203125,357.40655517578125,1210.47314453125,479.7562255859375,773.7359619140625,752.3902587890625,716.160888671875,587.3097534179688,660.5614624023438,-123.22792053222679,386.97323390415715,406.1199381425866,133.330078125,192.139892578125,233.86886935364444,0.6098518907590246,-113.75139508928635,380.8443995884485,397.4692901126384,166.973876953125,204.620361328125,264.1018134258259,0.5614335720218671,0.5268510442170538,0.5123163624463717,0.3999100107763693
464,15.466666666666667,True,True,471.21234130859375,483.68109130859375,1244.294677734375,515.69970703125,496.990234375,331.244873046875,1238.6083984375,436.4839782714844,514.7194213867188,357.7493591308594,1211.7330322265625,480.3329162597656,773.7451171875,749.0479125976562,707.7108764648438,570.909912109375,642.27880859375,-209.07319205147917,546.1451830182752,584.7958281046984,23.741455078125,26.85699462890625,35.84626688685624,0.4629219776251785,-138.54897635323698,503.38848658970414,522.1070649585222,5.79345703125,-5.701904296875,8.128705738533142,-0.8654343027640995,0.526857278211088,0.5100404974643161,0.38874305726285757
465,15.5,True,True,444.9329833984375,518.2347412109375,1250.1474609375,520.3756103515625,451.3268127441406,373.0970764160156,1243.24072265625,440.823486328125,506.9383850097656,369.9617614746094,1213.5494384765625,481.1249084472656,805.2173461914062,794.8047485351562,715.3016357421875,558.1106567382812,629.005859375,-168.23351178850498,495.66555568150073,523.4375393279927,138.9697265625,130.18524169921875,190.42264061066905,0.4128341098266864,-79.68305315290229,464.5636858258922,471.3478621441987,175.58349609375,140.277099609375,224.73813378090162,0.4831180516364622,0.5482872976631086,0.5411971684481806,0.3800278089231269
466,15.533333333333333,True,True,446.06646728515625,523.7646484375,1252.120849609375,522.685302734375,448.5592346191406,384.888671875,1245.477294921875,444.18890380859375,433.24847412109375,384.1468505859375,1215.077880859375,482.6981201171875,806.0551147460938,799.121337890625,788.0162353515625,590.0947875976562,659.8267211914062,-65.75497218540795,383.8306535993301,389.42224770754007,67.09716796875,100.9625244140625,121.22483774163948,0.7274359177085138,18.897759573799704,380.4830932617182,380.95210929316886,59.20166015625,69.290771484375,91.13752014486676,0.7915758414168346,0.5488577496772007,0.5441364135153983,0.4018063917615813
467,15.566666666666666,True,True,461.52545166015625,531.9090576171875,1253.6629638671875,523.6356201171875,466.2583923339844,389.05322265625,1247.207275390625,445.680419921875,491.2330017089844,383.1225891113281,1217.1993408203125,484.53485107421875,792.1806640625,782.9992065429688,733.0153198242188,570.9879760742188,639.9353637695312,68.1356702532081,314.9550737653458,322.24085410045126,51.8994140625,44.7454833984375,68.5252323205888,0.7983567732083982,104.13691929408424,345.5276053292404,360.87923742523884,46.263427734375,28.509521484375,54.3424103348552,0.7479741942345285,0.5394103810780903,0.5331585578209249,0.3887962124519894
468,15.6,True,True,470.60205078125,537.7050170898438,1253.76416015625,519.1917114257812,476.8775634765625,391.0919189453125,1246.2073974609375,445.16522216796875,480.8820495605469,386.92779541015625,1218.53857421875,487.10198974609375,783.3809204101562,771.227783203125,744.4273071289062,576.7379150390625,641.4458618164062,250.9176308768134,213.45686776297418,329.42903921787564,-29.996337890625,-15.4559326171875,33.7441274878398,-0.9738662493893068,196.58886500767267,312.8737531389503,369.50936016325454,3.035888671875,-133.3172607421875,133.35182275405322,-0.8343959648659368,0.533418473812192,0.5251431792114368,0.3927114516252059
469,15.633333333333333,True,True,472.4827880859375,547.802490234375,1253.843505859375,528.8388671875,481.755126953125,397.9757995605469,1247.857421875,451.589599609375,472.6328125,386.9256591796875,1219.4332275390625,490.30950927734375,781.5908203125,767.9760131835938,753.9224853515625,600.8583984375,661.23876953125,261.68217250278985,237.38819667271162,353.313904800394,49.500732421875,192.7313232421875,198.98664645896878,0.8350161439929967,164.41631862095392,352.7782549176891,389.2110262719147,2.38037109375,289.4146728515625,289.42446169652095,0.9098369296418457,0.5321995617386596,0.5229289892103599,0.4091355323077816
470,15.666666666666666,True,True,477.0654296875,566.8199462890625,1254.514404296875,533.7584228515625,488.4630126953125,410.57733154296875,1248.4423828125,456.62933349609375,463.166748046875,391.0365295410156,1220.125244140625,492.82879638671875,778.1516723632812,761.3734130859375,763.7721557617188,593.873779296875,655.1847534179688,201.7839595249717,261.2045615059985,330.0675525905513,17.548828125,151.1920166015625,152.2070538858431,0.8565745872867746,97.62993948800181,356.40864780970924,369.5385356332628,20.126953125,147.586669921875,148.95274210542226,0.991322915421441,0.5298577826596821,0.5184331573927556,0.40437957669910923
471,15.7,True,True,481.7755432128906,581.5718994140625,1254.501708984375,536.7053833007812,497.6219787597656,419.4059143066406,1248.699951171875,458.58538818359375,463.8917236328125,390.2768859863281,1220.798828125,494.242919921875,774.027587890625,752.0991821289062,764.0139770507812,583.7822875976562,645.0650634765625,111.47310529436345,206.67395455496626,234.8198813886007,7.72705078125,58.681640625,59.188193588059995,0.9345803288929304,7.284229823520718,241.08862740652853,241.1986448321918,-0.380859375,88.4088134765625,88.40963383137125,0.9994044983724657,0.527049617707024,0.5121181629960435,0.3975080944349417
472,15.733333333333333,True,True,481.5636901855469,590.704345703125,1254.1190185546875,538.988037109375,505.2005920410156,432.01251220703125,1248.416748046875,460.814453125,318.1560974121094,391.06280517578125,1221.430908203125,495.471435546875,774.2843627929688,743.7740478515625,909.2890014648438,580.9188842773438,643.1390991210938,16.150752476282833,128.9299883161267,129.93763385850428,-8.49609375,66.8719482421875,67.40950282203981,0.9686666152202871,-48.28618730817561,147.60681152343682,155.30398157444523,-11.480712890625,68.4796142578125,69.43532485252561,0.9887639340184192,0.527224460459704,0.5064494259808795,0.3955583504607967
473,15.766666666666667,True,True,481.4938659667969,596.202392578125,1253.452880859375,546.2430419921875,504.8646545410156,435.8930969238281,1247.52197265625,466.92047119140625,317.3916320800781,392.4891052246094,1221.4114990234375,495.96807861328125,773.5739135742188,743.30517578125,909.9230346679688,575.4032592773438,636.975830078125,-46.33817400251155,35.22419520786775,58.2062736990525,-26.84326171875,183.1805419921875,185.1368997910813,0.7141947593745629,-45.45328412737217,38.638000488280795,59.656484305530526,-19.984130859375,217.650146484375,218.56566919549493,0.7146262221417302,0.5267407025226479,0.5061301623664066,0.3918026599748962
474,15.8,True,True,465.3614501953125,572.4822998046875,1251.45166015625,547.47021484375,490.5725402832031,422.96722412109375,1245.747802734375,468.082763671875,320.1898193359375,394.8824157714844,1220.718017578125,497.2151794433594,786.488037109375,756.5217895507812,906.3239135742188,585.7797241210938,648.235107421875,-80.44209071568139,-30.056926182338657,85.8740284966326,-53.22509765625,34.8687744140625,63.62972929108004,0.5917654476874864,-5.886350359236076,-36.9185747419092,37.38489376105828,-60.03662109375,36.815185546875,70.4255192327706,-0.38200709544859457,0.5355341667075281,0.5151295977141777,0.3988681856933692
475,15.833333333333334,True,True,465.3569641113281,585.0728759765625,1248.8017578125,545.7636108398438,482.959228515625,424.3316955566406,1242.66357421875,467.8968811035156,439.77679443359375,400.0866394042969,1219.7738037109375,498.4051208496094,784.4303588867188,760.9524536132812,786.1690673828125,586.2183227539062,644.37158203125,-104.41072736467686,-104.47527204241123,147.70471372693802,-92.52685546875,-5.57647705078125,92.6947467725806,0.7481603089560903,25.08734566824728,-132.00007847377333,134.36292505658113,-79.4970703125,-51.1981201171875,94.55702878054348,0.3749548031819357,0.5341330557683553,0.5181465183470619,0.39916683556756893
476,15.866666666666667,True,True,479.2708740234375,582.5806884765625,1248.414306640625,546.3291015625,488.6978759765625,421.2672119140625,1241.8697509765625,468.7301025390625,440.18524169921875,397.8514709472656,1218.748779296875,499.0921630859375,769.9972534179688,754.6658935546875,785.118408203125,582.7537231445312,632.9939575195312,-80.33775329589889,-104.2020852225171,131.57594449348798,-23.814697265625,24.99664306640625,34.52494707371298,-0.15222010803698982,49.184940883091144,-157.31578281947645,164.8254043944011,-11.62353515625,16.9647216796875,20.564735621880452,-0.9560213871809139,0.5243052888532764,0.5138658840035193,0.39680772598517633
477,15.9,True,True,486.85174560546875,579.2117309570312,1247.492431640625,546.88037109375,490.899169921875,421.07220458984375,1240.901611328125,469.076416015625,414.74127197265625,397.002685546875,1217.391357421875,499.4166564941406,761.3275146484375,751.537109375,809.157470703125,596.14404296875,625.5234985351562,-10.138778686523892,-89.81754847935315,90.38797955533282,-29.044189453125,10.389404296875,30.846469208532476,-0.22906881217202887,107.19203404017844,-167.16888427734443,198.58390678049153,-27.65625,16.5380859375,32.22384909564087,-0.8953054621614228,0.5184019043026641,0.5117354373223021,0.40592544097975675
478,15.933333333333334,True,True,481.1602478027344,557.5986328125,1248.486328125,546.7288818359375,482.6524658203125,409.95635986328125,1241.4346923828125,469.5417785644531,429.2270812988281,397.46820068359375,1217.103515625,499.43365478515625,767.4030151367188,761.1181640625,794.4471435546875,590.0275268554688,642.2999877929688,37.5058855329238,-108.31469944545222,114.6244544831836,15.992431640625,13.96087646484375,21.228846917501002,-0.3749397758305928,123.47619192940817,-241.00021362304756,270.79045946957325,29.81689453125,-4.544677734375,30.16125486774398,0.5848809360391557,0.5225388243037377,0.5182593536390814,0.4017605926854098
479,15.966666666666667,True,True,479.098388671875,559.1358642578125,1244.41552734375,549.12353515625,482.50408935546875,413.2350769042969,1240.564697265625,470.4808044433594,433.7453918457031,400.1732482910156,1217.812255859375,499.48480224609375,765.3826293945312,760.218994140625,790.3313598632812,584.4511108398438,641.5913696289062,74.87673078264459,-100.03447396414663,124.95367459174686,-26.099853515625,28.1707763671875,38.403059704497146,-0.9945227969259594,141.7350115094863,-222.59739467075974,263.8909123137896,-122.1240234375,71.839599609375,141.68699718957404,-0.8906294967660717,0.5211631065002643,0.5176470923049998,0.3979635084791221
480,16.0,True,True,488.9193420410156,546.0928955078125,1249.320556640625,544.7478637695312,489.73681640625,406.1920166015625,1242.9449462890625,468.58465576171875,437.5870666503906,401.39410400390625,1218.0555419921875,499.5323181152344,760.4024658203125,755.7879028320312,786.6143798828125,584.7119140625,636.0343627929688,165.02883911132778,-103.03145272391237,194.55075941468925,71.407470703125,-56.88446044921875,91.29550214997663,0.9934449248875669,251.81138174874388,-201.37749808175317,322.43118445937904,147.15087890625,-131.2701416015625,197.19338538342538,0.9985502342691545,0.5177720215454458,0.5146298807523939,0.39814109418917715
481,16.033333333333335,True,True,499.9239196777344,541.1121826171875,1250.374755859375,544.7623291015625,496.73345947265625,403.2962951660156,1243.9735107421875,468.7113037109375,437.5491943359375,402.59503173828125,1218.9912109375,499.512451171875,750.459716796875,750.0978393554688,787.4291381835938,586.0801391601562,625.8942260742188,247.0224870954238,-132.7521841866635,280.4340413308246,30.85693359375,3.7994384765625,31.089967570685577,0.8164043682452332,361.78292410714255,-234.54659598214357,431.16005132934725,31.6259765625,0.4339599609375,31.62895374146126,0.831549236156731,0.5110018209043542,0.5107554119001614,0.3990727438176123
482,16.066666666666666,True,True,512.0650634765625,542.5631103515625,1248.54541015625,549.8815307617188,505.74188232421875,403.2507629394531,1244.2564697265625,471.9665832519531,432.6556396484375,403.6363525390625,1220.5185546875,499.9800720214844,736.5167236328125,741.70458984375,793.7317504882812,583.8946533203125,618.9404907226562,286.1311994280128,-165.463485717774,330.528710389868,8.48876953125,97.65838623046875,98.02662704231992,-0.4237572449960799,412.73689270019486,-268.7450408935556,492.51968448041856,-54.88037109375,153.5760498046875,163.08727174430126,-0.7958294038713221,0.5015077804699076,0.5050402939693828,0.39758460632172177
483,16.1,True,True,537.6480102539062,532.592529296875,1249.749755859375,549.708984375,522.1054077148438,396.8013000488281,1245.53466796875,472.5263977050781,439.4455871582031,402.5970153808594,1221.39111328125,500.20263671875,712.3074340820312,727.3817138671875,788.0137939453125,583.8466186523438,597.657958984375,306.0780552455351,-196.71023777553057,363.8388290831458,38.345947265625,16.79443359375,41.862449419891476,0.55368089698268,407.4365779331747,-318.1202479771214,516.9188110437858,36.13037109375,-5.1763916015625,36.49929787523059,0.8675146596611849,0.48502323004519987,0.4952875843424759,0.39755189863302215
484,16.133333333333333,True,True,546.9666137695312,503.500732421875,1250.85986328125,552.7250366210938,527.7680053710938,380.5919494628906,1246.974365234375,474.2823791503906,446.6678466796875,402.882568359375,1222.347412109375,500.477294921875,705.6123046875,725.283203125,781.7951049804688,580.362060546875,598.0285034179688,309.86212594168455,-246.87619890485553,396.184798646806,43.19091796875,52.679443359375,68.12179642109338,0.01400316588140285,385.99858965192436,-388.32536969866123,547.532194455154,33.30322265625,90.4815673828125,96.41586319347145,-0.42206777897206377,0.48046439332788976,0.4938586697899105,0.39517919894363496
485,16.166666666666668,True,True,556.2325439453125,506.7609558105469,1253.7568359375,558.034423828125,537.7112426757812,380.9892578125,1249.4755859375,477.3994140625,459.1439208984375,403.5830078125,1223.15087890625,500.74176025390625,699.40625,718.26416015625,770.1600341796875,586.9000244140625,592.6717529296875,268.77835954938564,-212.06317356654597,342.36325174465475,75.03662109375,93.51104736328125,119.8949977444632,0.008233614542749342,317.62991768973154,-319.60137503487795,450.5927246813583,86.9091796875,159.2816162109375,181.4492732879428,-0.285001798833463,0.4762385765718881,0.48907927436366944,0.3996310187633575
486,16.2,True,True,566.5044555664062,483.04376220703125,1256.5068359375,562.0418701171875,550.300537109375,367.4175720214844,1251.86083984375,479.020751953125,473.078857421875,406.9051818847656,1224.0556640625,499.543701171875,694.5098876953125,710.3816528320312,756.6690673828125,563.9810791015625,593.1163330078125,215.67626953124966,-110.86888994489448,242.50394635248594,71.5576171875,48.64013671875,86.52372782983572,0.47852619669255075,221.86471121651698,-132.81238010951506,258.57895968841467,82.5,120.223388671875,145.80779534630074,0.06197636630450567,0.4729045534424628,0.48371193018008024,0.38402508745783376
487,16.233333333333334,True,True,577.5245971679688,468.5899353027344,1258.3411865234375,563.1370849609375,558.227294921875,355.64984130859375,1253.57177734375,479.2271423339844,482.07452392578125,406.53729248046875,1225.45166015625,498.6103515625,687.3502807617188,706.240234375,749.0574340820312,561.7526245117188,595.5430908203125,199.21626499720935,10.660334995814424,199.5012856641814,51.328125,6.19171142578125,51.700229268309585,0.9977837349978859,216.37272426060235,97.02144077845935,237.12932289087055,55.030517578125,32.8564453125,64.0929314627567,0.9931945889037948,0.4680294454278162,0.4808919621987173,0.3825076917499426
488,16.266666666666666,True,True,577.7862548828125,492.61895751953125,1259.431640625,563.5877075195312,557.7697143554688,369.101318359375,1254.4017333984375,480.3782043457031,482.53863525390625,407.11474609375,1226.887451171875,499.20550537109375,685.329833984375,705.4634399414062,750.02392578125,559.8780517578125,586.98291015625,201.59539358956397,62.41718837193059,211.03698282715348,24.898681640625,34.5318603515625,42.57221778086045,0.7985965807915248,264.94812011718705,163.11201913016134,311.13186454998385,32.713623046875,13.5186767578125,35.39683254382023,0.987232374043604,0.4666536860643827,0.4803630285848932,0.3812312606914544
489,16.3,True,True,579.02880859375,511.2513122558594,1262.405029296875,565.557373046875,562.3648681640625,378.4156494140625,1257.0670166015625,482.0751953125,495.4229736328125,404.80609130859375,1228.3402099609375,499.96630859375,685.5306396484375,702.393310546875,739.069091796875,575.7495727539062,581.9481811523438,102.79429844447418,47.84437997000532,113.38321078275158,79.95849609375,50.90972900390625,94.7900923347235,0.9913857003608718,128.36334228515557,134.5066942487441,185.92793883744622,89.20166015625,59.0899658203125,106.99794500492436,0.975083418029867,0.4667904183335334,0.47827252102545537,0.3920384711892309
490,16.333333333333332,True,True,595.324462890625,527.4998779296875,1262.210693359375,565.7639770507812,570.8209228515625,385.06298828125,1257.694091796875,483.696044921875,504.66497802734375,403.5439758300781,1229.61328125,501.46826171875,667.9830932617188,693.9187622070312,731.5321044921875,566.3992919921875,569.6405639648438,-18.384769984654667,-97.16795785086549,98.89191979275269,18.812255859375,48.62548828125,52.13769347706676,-0.9834565040576554,-74.81885637555865,-115.79936436244498,137.86716090531772,-5.830078125,6.1981201171875,8.509201133519404,-0.2399873292769862,0.45484197132789095,0.4725020452276528,0.3856716930820744
491,16.366666666666667,True,True,618.9461059570312,513.6490478515625,1262.786865234375,565.0755615234375,585.370361328125,381.05572509765625,1258.61328125,482.7303161621094,518.8453979492188,403.5436706542969,1230.219970703125,501.87060546875,645.891357421875,680.877197265625,718.1378784179688,508.38958740234375,544.0931396484375,-5.934448242187727,-173.57780456542991,173.6792213066773,27.57568359375,-28.97186279296875,39.997339403480574,0.7003643650835276,-51.26305716378465,-247.99206324986096,253.23499849882617,17.28515625,-20.6524658203125,26.931412347778757,0.6210516802827435,0.4397993021633398,0.46362180384581625,0.346171818522442
492,16.4,True,True,572.9793090820312,483.2239074707031,1264.323974609375,558.7017211914062,559.835205078125,360.044677734375,1260.1611328125,478.3565673828125,534.755126953125,403.285888671875,1232.1552734375,500.61260986328125,695.45263671875,710.2493286132812,704.15869140625,598.1980590820312,606.0073852539062,-55.01358032226631,-197.49974931989436,205.0186454966854,46.435546875,-131.21246337890625,139.18681891451192,0.8186126457548706,-111.00082397461006,-330.27881077357733,348.43259860272957,46.11328125,-191.2152099609375,196.69695276756835,0.8467963248095786,0.4735464885881473,0.48362182818630556,0.4073240583213158
493,16.433333333333334,True,True,544.146484375,438.027587890625,1264.61376953125,563.162353515625,543.4620971679688,330.5775451660156,1260.4708251953125,481.4516906738281,547.0257568359375,403.6655578613281,1233.4781494140625,501.3109130859375,731.2536010742188,732.71044921875,693.3624877929688,575.7625122070312,649.8353881835938,-143.99047851562568,-171.5139443533766,223.94260651071298,9.290771484375,92.85369873046875,93.31734995542645,-0.8260938517411365,-253.74213082449842,-308.7137276785718,399.61135445899964,8.69384765625,133.8189697265625,134.10107995742888,-0.8120753388214841,0.49792402353947113,0.49891601823015763,0.3920472819007993
494,16.466666666666665,True,True,592.541015625,479.04034423828125,1263.900634765625,564.788818359375,572.1871948242188,355.3308410644531,1259.935546875,482.39849853515625,561.1333618164062,404.60382080078125,1233.310302734375,501.56793212890625,676.8135375976562,699.3883056640625,679.1346435546875,474.2868347167969,594.74072265625,-197.59296962193162,-101.82570321219362,222.2868765327169,-16.058349609375,28.40423583984375,32.629299805885786,0.0387058012898278,-305.803397042411,-178.48689488002287,354.08090782558554,-21.39404296875,48.7939453125,53.27808342750293,-0.11485487614944871,0.46085478325378404,0.47622635794358104,0.322950627124527
495,16.5,True,True,571.2840576171875,466.01141357421875,1262.934326171875,565.984619140625,558.30810546875,353.6187744140625,1258.5916748046875,483.4639892578125,579.1092529296875,406.753173828125,1232.7890625,502.44854736328125,698.838134765625,712.2196655273438,660.6473388671875,509.53582763671875,611.7216186523438,-185.8574131556927,-54.166554042271514,193.58975593181623,-40.316162109375,31.9647216796875,51.45032904937818,0.5784628830414591,-234.1939217703689,-111.1940002441412,259.25064837812795,-28.9892578125,35.8740234375,46.122907823703954,0.23417576288241018,0.4758517364620842,0.4849634668223917,0.3469523145755273
496,16.533333333333335,True,True,541.6365966796875,464.6085510253906,1262.44482421875,566.8975219726562,539.9480590820312,351.565673828125,1258.1416015625,484.095703125,583.18603515625,407.6853942871094,1232.6966552734375,503.14398193359375,728.0299072265625,730.3192138671875,656.4879150390625,470.93743896484375,644.4725952148438,-228.32042149135145,80.00505719866032,241.9318582728395,-13.502197265625,18.951416015625,23.269411251622568,0.8169366859856827,-278.2461547851567,144.11992754254993,313.35519170359254,-14.68505859375,27.3870849609375,31.07576818937031,0.8249424215816178,0.4957289511200992,0.4972877821083379,0.3206699619670651
497,16.566666666666666,True,True,535.6565551757812,461.20208740234375,1262.09326171875,566.85595703125,532.2064208984375,347.348876953125,1258.0211181640625,484.350830078125,592.6591186523438,410.13043212890625,1232.631591796875,503.27740478515625,734.0797119140625,738.6315307617188,646.7156372070312,438.9179992675781,544.1468505859375,-294.20758928571513,48.0353328159872,298.10316803424735,-3.614501953125,7.65380859375,8.464361190243821,0.5671516941627182,-386.66237967354937,86.3779122488836,396.19305846933753,-10.546875,-1.2469482421875,10.620332018553821,0.9435960924707051,0.49984837437791674,0.502947791531854,0.2988673366916187
498,16.6,True,True,522.7470703125,437.99114990234375,1262.4912109375,564.8924560546875,520.2630615234375,333.26702880859375,1258.1126708984375,483.11993408203125,595.72314453125,412.3368225097656,1232.6734619140625,503.19384765625,750.5499877929688,752.9129638671875,643.3977661132812,386.7987976074219,523.3806762695312,-312.6076616559717,61.48743765694712,318.5973244012439,2.74658203125,-36.9268798828125,37.02888292581952,-0.26524213238991184,-394.0155683244982,95.35975864955356,405.3908628123954,11.9384765625,-58.905029296875,60.102659667431226,-0.42360294482742206,0.5110632880855317,0.5126722819457659,0.2633784138936082
499,16.633333333333333,True,True,515.9861450195312,511.8341369628906,1261.929931640625,564.748046875,515.7457275390625,372.2671813964844,1257.667724609375,483.2884826660156,579.5648193359375,414.48443603515625,1232.728515625,503.2271728515625,747.8181762695312,750.1826171875,659.1646728515625,398.0494384765625,478.0807189941406,-254.7998264857706,29.09460885184137,256.45554749589735,-13.348388671875,5.05645751953125,14.274005842168657,0.9693045568535421,-346.5229143415187,7.906363351004188,346.61309950026066,-16.83837890625,-4.332275390625,17.386765491334494,0.9625238839505231,0.5092031473856387,0.5108131386849183,0.2710391821424494
500,16.666666666666668,True,True,515.4078369140625,484.2374572753906,1262.39453125,567.6773071289062,515.592529296875,363.94244384765625,1258.13232421875,484.4330749511719,564.6316528320312,415.496337890625,1233.383544921875,504.2398681640625,751.6324462890625,752.252197265625,674.6143188476562,392.17840576171875,472.1330871582031,-163.56654575892935,155.50859723772282,225.69213257522344,13.93798828125,34.3377685546875,37.05873536217268,0.36586310478962597,-236.27102443150216,166.08058384486583,288.80228066302215,13.93798828125,87.8778076171875,88.97626980791946,0.4398121530825984,0.5118003539801785,0.5122223538163355,0.2670414880081402
501,16.7,True,True,472.74407958984375,465.7156066894531,1261.720458984375,567.8228759765625,482.77630615234375,356.19091796875,1258.094970703125,484.957763671875,544.7889404296875,418.672607421875,1233.38720703125,503.375244140625,795.55615234375,785.9389038085938,693.7882080078125,380.00640869140625,488.9560546875,-117.73805890764538,9.523282732282155,118.12257798295447,-1.12060546875,15.74066162109375,15.78050014690175,0.15119937758080482,-181.63872855050295,-2.5206429617751382,181.65621748342124,-20.22216796875,4.3670654296875,20.68833820836053,0.9744438595596656,0.5417088131185497,0.5351602517453551,0.25875335137967453
502,16.733333333333334,True,True,478.217529296875,448.64385986328125,1261.813720703125,569.2412109375,495.187255859375,344.49749755859375,1258.163818359375,485.9403076171875,569.380126953125,421.87213134765625,1233.709716796875,502.77783203125,792.822021484375,775.9763793945312,669.238037109375,392.446044921875,432.66693115234375,-61.41893659319226,-182.75769914899593,192.8021326917145,2.0654296875,29.476318359375,29.54859292449023,-0.967851483951747,-126.09567914690342,-284.5989990234377,311.2823646541216,2.7978515625,42.550048828125,42.64193509494621,-0.9388877880189139,0.539847093140168,0.5283765856771496,0.26722372843374076
503,16.766666666666666,True,True,506.2503967285156,521.1426391601562,1262.8795166015625,569.4727783203125,509.02606201171875,393.6011047363281,1259.307373046875,486.17059326171875,637.646728515625,420.6392822265625,1234.08349609375,502.20220947265625,758.171142578125,755.9703369140625,601.98779296875,351.2431640625,386.3089599609375,103.6694117954795,-116.01219177246116,155.58333966678762,34.306640625,6.9085693359375,34.9953414220001,0.5060104295051339,74.04667445591463,-118.79415239606647,139.98200113400318,31.973876953125,6.947021484375,32.71987033773126,0.3367311712854327,0.5162526725194239,0.514754103473516,0.23916792920242158
504,16.8,True,True,485.12451171875,442.8658142089844,1263.5191650390625,566.792724609375,494.91497802734375,328.4888610839844,1259.36865234375,484.0906982421875,569.2040405273438,422.9698791503906,1234.572021484375,501.29364013671875,788.197998046875,780.1290893554688,669.9620971679688,434.5624694824219,479.23724365234375,206.60483224051302,-153.61401149204823,257.4545032268996,1.83837890625,-62.3968505859375,62.423926502958416,0.6200391676810993,196.06004987444157,-207.85135541643456,285.73016834982184,19.189453125,-80.401611328125,82.65987064710089,0.8668602771709503,0.5366985105532809,0.5312042422511548,0.2959015763697753
505,16.833333333333332,True,True,485.7764892578125,432.39764404296875,1263.6348876953125,563.277099609375,501.6727294921875,326.57489013671875,1259.3743896484375,481.8502197265625,555.958251953125,426.57958984375,1234.7855224609375,501.70733642578125,788.7921752929688,773.4483032226562,682.971923828125,438.783203125,556.9955444335938,171.24984741210892,-146.69530596051936,225.49062736513235,0.172119140625,-67.21435546875,67.21457584540761,0.6525031805845871,163.4417070661268,-283.7842123849057,327.4853749522425,3.4716796875,-105.46875,105.52587259253107,0.8825054862798752,0.5371030967661022,0.5266551721244983,0.29877555151945473
506,16.866666666666667,True,True,527.4539794921875,471.4172668457031,1263.23583984375,564.2017822265625,535.33837890625,352.92999267578125,1258.5435791015625,482.9313659667969,584.058837890625,428.0880432128906,1235.243896484375,502.514892578125,741.6089477539062,734.796630859375,655.4244995117188,519.1044921875,575.9817504882812,393.56218610490987,-56.38703482491667,397.58105089154094,-24.92431640625,32.43438720703125,40.90490217338865,-0.7156205718200636,416.0769653320307,-207.92521885463225,465.1375470929632,-11.971435546875,27.740478515625,30.21339797720267,-0.7648678954502893,0.5049751695117052,0.5003365376707569,0.3534677942203802
507,16.9,True,True,507.7408752441406,415.45013427734375,1263.3140869140625,564.7799072265625,522.737060546875,325.12030029296875,1258.327880859375,484.1293029785156,589.686279296875,431.3287353515625,1236.1558837890625,503.37445068359375,770.1884765625,752.5807495117188,650.4718017578125,348.9754943847656,710.3309326171875,508.71518816266655,147.67106192452525,529.714909359076,-6.470947265625,35.9381103515625,36.51603667096942,0.10417931477181264,567.710985456194,52.41639273507212,570.1256363600922,2.347412109375,17.34375,17.501885831925094,0.22466295262030492,0.5244354962086712,0.5124460710822438,0.23762383122008376
508,16.933333333333334,True,True,513.9625854492188,421.2999572753906,1263.794921875,565.0330810546875,525.849853515625,336.36578369140625,1258.8424072265625,485.0655517578125,598.857421875,433.46746826171875,1237.0400390625,504.48541259765625,763.4839477539062,747.923583984375,642.1219482421875,339.00225830078125,698.5309448242188,547.1819850376669,194.68015398297962,580.7826504851864,15.435791015625,28.08746337890625,32.04948117114299,0.7475244955459521,637.6893506731301,106.25924246651755,646.4818130245246,14.425048828125,7.59521484375,16.302433015243793,0.9493829401510434,0.5198702592574861,0.5092749214369527,0.23083287137885827
509,16.966666666666665,True,True,609.1497192382812,476.481201171875,1263.182861328125,562.947998046875,603.8229370117188,371.29205322265625,1257.9591064453125,482.2599792480469,622.9366455078125,435.0486755371094,1237.22216796875,504.9506530761719,659.7240600585938,663.4817504882812,618.2499389648438,253.72305297851562,579.5009155273438,463.9727129255016,135.20504542759465,483.2712309340665,-26.4990234375,-84.16717529296875,88.2400795553727,-0.5551709639548784,530.5559430803567,33.88628278459805,531.6369897767127,-18.36181640625,-62.552490234375,65.19179654111713,-0.34224465927752873,0.4492182437496541,0.4517769242610624,0.17276469232861735
510,17.0,True,True,583.9940185546875,446.4898681640625,1262.649169921875,561.0306396484375,588.24462890625,350.14093017578125,1257.142578125,481.7962646484375,634.2171630859375,439.38494873046875,1237.814208984375,504.94537353515625,688.253173828125,681.7313232421875,607.1470947265625,250.83653259277344,610.57470703125,405.63138689313564,181.14467075892844,444.2411662342981,-24.495849609375,-13.91143798828125,28.17045890621791,-0.9953486501195391,445.8887263706745,100.31498500278974,457.0337542464147,-16.0107421875,-57.520751953125,59.70745992459842,-0.47306688912344047,0.46864424191947174,0.4642033939292494,0.17079920751953595
511,17.033333333333335,True,True,612.6724243164062,461.73065185546875,1262.949951171875,563.306640625,609.607666015625,373.61083984375,1257.01611328125,483.245849609375,682.0733642578125,442.70361328125,1237.981689453125,505.11907958984375,658.1630249023438,656.6258544921875,559.4012451171875,403.5044250488281,569.0448608398438,249.07830374581408,83.2331739153177,262.617140790371,-3.7939453125,43.487548828125,43.65273100405972,0.2333066692576609,206.42538888113745,-48.49950517926925,212.04632318755915,9.0234375,68.280029296875,68.87368746552282,-0.09920844608810794,0.44815530620685806,0.44710861860851125,0.2747535828078631
512,17.066666666666666,True,True,599.2176513671875,442.7093505859375,1263.669921875,564.3378295898438,600.9734497070312,358.0750427246094,1257.498779296875,483.5767822265625,670.5255126953125,444.6383361816406,1237.83642578125,505.05535888671875,675.4926147460938,668.4132080078125,570.5189819335938,260.1777038574219,594.10888671875,14.959651402064083,-25.304619925363113,29.39583235151476,14.47998046875,9.927978515625,17.556611056297086,-0.06705842525689236,-87.70660400390716,-247.63510567801382,262.70819163105523,21.59912109375,30.9356689453125,37.72979784091678,-0.9640046023656399,0.4599553425945257,0.4551348443676189,0.17715978280262842
513,17.1,True,True,588.4508666992188,437.30316162109375,1261.1507568359375,564.9202880859375,596.9228515625,366.23065185546875,1255.9078369140625,483.92138671875,673.110595703125,448.3373718261719,1237.1015625,504.34088134765625,684.6979370117188,669.4119262695312,566.7647094726562,250.8649444580078,589.2684326171875,-42.82346452985553,47.922036307198255,64.26795996581984,-47.728271484375,10.338134765625,48.835078881050535,0.8090773982998745,-86.42878941127333,-156.38407026018444,178.67823893871503,-75.574951171875,17.4737548828125,77.56871375971052,0.274118193804286,0.4662234157961403,0.4558148899968327,0.17081855368102217
514,17.133333333333333,True,True,586.9085083007812,433.590087890625,1260.8681640625,563.3299560546875,603.697998046875,362.9901123046875,1255.9356689453125,483.004150390625,681.7518310546875,449.66717529296875,1235.61962890625,503.2548828125,686.3338012695312,663.187255859375,556.4541015625,259.48370361328125,582.0089721679688,-255.88178362165263,143.23634556361583,293.2441608622716,0.8349609375,-27.51708984375,27.529754688993513,-0.5146946193335112,-35.217263357980755,-136.3605717250283,140.8348719586238,-8.477783203125,-47.7099609375,48.45733361109507,0.9970458564773476,0.467337305850176,0.4515763974529614,0.17668722527485387
515,17.166666666666668,True,True,587.9940795898438,416.1815185546875,1260.1033935546875,563.9489135742188,602.403076171875,357.3134460449219,1255.145263671875,483.24957275390625,688.0560913085938,449.9483642578125,1234.04638671875,501.30926513671875,688.1614379882812,664.7798461914062,548.4006958007812,232.9493865966797,593.368408203125,-273.6791120256705,138.37760925292935,306.6734730975536,-23.712158203125,7.3626708984375,24.828922034770795,0.9860762569498859,-89.95971679687591,-101.95178440638995,135.96660247951013,-22.943115234375,18.5687255859375,29.515828068066465,0.042570231233192944,0.46858177729924877,0.45266082149519543,0.15861952089518389
516,17.2,True,True,577.6603393554688,431.2428894042969,1258.401611328125,563.873046875,578.816650390625,374.2765808105469,1253.4002685546875,483.25738525390625,674.16357421875,450.82257080078125,1232.703369140625,499.70440673828125,693.541259765625,683.3300170898438,560.6746826171875,399.59722900390625,600.2352905273438,-377.85906110491123,222.360240391322,438.43077739361723,-52.349853515625,0.234375,52.350378171967584,0.8641062866407246,22.5957380022312,38.57760838099864,44.70793267713429,-51.053466796875,-2.2760009765625,51.10417451074747,-0.543335996354339,0.4722449968736415,0.4652919739675062,0.27209310117387586
517,17.233333333333334,True,True,616.23974609375,433.9922180175781,1250.6016845703125,561.537109375,542.9444580078125,410.3446350097656,1248.652099609375,480.242919921875,662.185791015625,452.8028564453125,1228.355224609375,499.7365417480469,647.0570068359375,709.1608276367188,568.1114501953125,216.68893432617188,553.1253051757812,-438.5008457728802,262.3534175327843,510.991494483678,-142.445068359375,-90.4339599609375,168.72729066195387,0.44928587949452087,41.11384800502174,127.60669163295165,134.06646205254782,-233.997802734375,-70.078125,244.26607477918643,-0.5668453345728084,0.4405930142837776,0.4828806478555961,0.1475474799408433
518,17.266666666666666,True,True,555.7869873046875,413.980712890625,1250.6044921875,561.3883666992188,560.1082153320312,367.9543762207031,1248.26025390625,479.1476745605469,672.63037109375,455.2185974121094,1225.54931640625,499.2757263183594,710.2819213867188,697.0775756835938,554.6714477539062,270.2529296875,595.2091674804688,-393.55819702148506,232.22230093819724,456.9630745430452,-11.75537109375,-32.85736083984375,34.896918358380454,-0.18836546342872051,55.19034249441893,158.04738725934658,167.40654265636434,0.084228515625,-4.4622802734375,4.463075137341275,-0.9377033172871584,0.4836440212050674,0.4746529394093022,0.1840201893373952
519,17.3,True,True,606.8131103515625,456.44110107421875,1252.525390625,555.4508056640625,528.24609375,414.4228210449219,1248.5958251953125,475.2608642578125,646.593994140625,477.0805358886719,1224.2147216796875,498.58746337890625,653.2589721679688,722.9142456054688,578.02099609375,401.63189697265625,559.6239013671875,-198.7390136718759,188.39456830705876,273.84248925773574,10.067138671875,-116.60430908203125,117.03808003182826,-0.7478425054670738,139.33744158063564,193.46207754952513,238.41664806807333,57.626953125,-178.1268310546875,187.21654218593005,-0.5921558095106809,0.444816046522444,0.492245603053574,0.27347854400804256
520,17.333333333333332,True,True,594.444580078125,452.20428466796875,1251.089111328125,552.99365234375,522.9496459960938,408.6456604003906,1247.5001220703125,473.3179931640625,631.505615234375,484.8377380371094,1223.663818359375,498.1694030761719,664.3346557617188,727.4310302734375,592.3082275390625,396.8267822265625,563.8850708007812,-85.83794730050295,102.74273463657903,133.8813755433011,-32.87109375,-58.2861328125,66.91623183172882,-0.3534933614285273,110.85054670061322,171.83751787458084,204.48955047415436,-43.08837890625,-73.714599609375,85.38413548393541,-0.9990344135920385,0.45235768314529107,0.4953211647903403,0.2702066530191584
521,17.366666666666667,True,True,597.1171264648438,443.89459228515625,1248.990478515625,551.6077270507812,522.1068725585938,405.28826904296875,1245.7056884765625,471.7362365722656,624.2928466796875,493.0888671875,1222.55615234375,497.47735595703125,660.7125244140625,726.6433715820312,598.2793579101562,243.8660430908203,548.076171875,-98.88807024274638,177.15653555733786,202.88737892489186,-53.8330078125,-47.45269775390625,71.76176735744644,-0.21175873023438446,121.53233119419588,203.07606288364923,236.6643083395119,-62.958984375,-41.5777587890625,75.44894790156427,-0.9013739827320638,0.4498913073055495,0.49478483350359553,0.1660528730416564
522,17.4,True,True,620.872314453125,472.08831787109375,1247.1259765625,550.06005859375,543.2646484375,422.69537353515625,1243.943603515625,470.220458984375,615.5399780273438,497.3939208984375,1221.116455078125,496.9168701171875,631.0889282226562,702.288818359375,605.57666015625,406.8499450683594,517.3387451171875,235.98338535853725,-60.6731087820873,243.6583351633161,-52.862548828125,-45.47332763671875,69.72999781272239,-0.5718367441515747,-311.2569972446988,20.63546316964232,311.94028382690834,-55.93505859375,-46.4300537109375,72.69443353852334,0.7255176808630851,0.4297200559289201,0.47820137037354477,0.2770316089078505
523,17.433333333333334,True,True,610.568359375,452.89654541015625,1245.44775390625,549.44189453125,529.5147705078125,408.8598937988281,1242.4541015625,469.3084411621094,599.0665283203125,488.83599853515625,1219.2799072265625,496.24639892578125,642.17822265625,715.4973754882812,620.2576293945312,474.8455810546875,534.0123291015625,377.6363263811378,-145.22169930594328,404.5967584545717,-44.68505859375,-27.36053466796875,52.396119310918344,-0.6085747178229088,-508.5241699218757,-72.39238194056975,513.6511348744029,-50.3466796875,-18.544921875,53.65353933251355,0.9777139113674841,0.43727096042289804,0.48719531980656566,0.3233310877804359
524,17.466666666666665,True,True,582.2843017578125,472.89495849609375,1244.851318359375,548.575927734375,521.7255859375,422.0951232910156,1242.01953125,467.62896728515625,592.7220458984375,485.30560302734375,1219.0166015625,495.37652587890625,666.8753051757812,721.7317504882812,626.3755493164062,495.5225524902344,557.5795288085938,448.68732997349287,-204.85604422433073,493.2406298491468,-13.037109375,-50.38421630859375,52.0435920540356,0.17420814132078577,-622.0181056431366,-108.3610643659323,631.3862874804884,-17.89306640625,-25.97900390625,31.544737586155716,0.7001548159843104,0.4540876580497494,0.4914404203841132,0.33741041784687786
525,17.5,True,True,513.6007080078125,446.06658935546875,1244.120361328125,548.5260009765625,600.0098876953125,385.389892578125,1240.8985595703125,467.4933166503906,583.4849853515625,469.73504638671875,1218.54248046875,495.27838134765625,737.669921875,646.1263427734375,635.5709838867188,474.85211181640625,667.2470703125,451.53514317103736,-352.4255153111053,572.7894284645862,-33.629150390625,-4.06951904296875,33.874485106586626,-0.7086831148003325,-558.4255109514518,-281.26798357282405,625.2605295910756,-21.9287109375,-1.497802734375,21.979803830142192,0.9216866702414654,0.5022930143584589,0.43995930801021826,0.3233355346961803
526,17.533333333333335,True,True,504.77734375,427.96533203125,1243.9742431640625,547.9558715820312,595.6808471679688,376.9312438964844,1240.730224609375,467.04595947265625,589.2620849609375,464.5353698730469,1217.846923828125,495.47540283203125,748.8723754882812,651.3135375976562,629.3458251953125,408.7317810058594,540.34130859375,484.45332118443,-293.76659938267346,566.5631785771862,-5.050048828125,-13.42071533203125,14.339407002727322,0.18414719707516433,-437.6744188581199,-239.0225110735215,498.6889388413229,-4.383544921875,-17.1038818359375,17.656676922337592,0.6821861445288752,0.5099209710186999,0.44349136435013087,0.2783129856016059
527,17.566666666666666,True,True,513.319580078125,441.8742370605469,1244.748779296875,547.3875732421875,603.2559814453125,379.8880310058594,1241.5068359375,466.6719970703125,598.2215576171875,462.3992614746094,1217.917724609375,494.8296203613281,739.00048828125,644.1239013671875,620.544189453125,456.0667724609375,638.474365234375,415.98103114536764,-260.11331830705956,490.611003375865,23.29833984375,-11.2188720703125,25.858765051813798,0.9939503707583399,-195.17002650669747,-294.7236524309434,353.4874404400537,23.236083984375,-17.0489501953125,28.819824803269963,0.04807306360703163,0.5031990214914333,0.43859580883505206,0.3105442516971103
528,17.6,True,True,537.80810546875,406.907470703125,1249.320068359375,536.6307373046875,609.9296875,347.42108154296875,1246.2152099609375,456.76568603515625,588.1629638671875,456.45281982421875,1221.16455078125,491.65582275390625,723.2409057617188,645.612548828125,633.9796752929688,451.27703857421875,636.3960571289062,176.7563520159033,-151.5069580078126,232.80284857095504,141.251220703125,-297.1893310546875,329.04924531573624,0.9137077174016348,71.76429748535065,-190.95297677176382,203.9930237325867,137.138671875,-322.705078125,350.635969021008,0.9991033378156163,0.49246803196071526,0.43960945626501746,0.3072828338182036
529,17.633333333333333,True,True,504.1474914550781,423.923095703125,1250.6016845703125,536.3698120117188,620.3488159179688,369.0824890136719,1247.7421875,456.69085693359375,571.058837890625,454.99957275390625,1222.71533203125,490.681640625,754.8762817382812,633.4805908203125,652.6326904296875,405.36492919921875,471.890869140625,72.70372663225385,-32.65754699707077,79.70161379848831,45.809326171875,-2.244873046875,45.86429787228643,0.9311610901747158,84.89711216517821,-76.72514779227163,114.43018813989941,38.448486328125,-7.8277587890625,39.237226056179864,0.8607611464367528,0.5140091411864258,0.43134858297046147,0.2760204342955187
530,17.666666666666668,True,True,516.8566284179688,402.9847717285156,1250.56005859375,538.994873046875,632.8330078125,361.8793029785156,1247.8995361328125,458.6669006347656,560.89794921875,455.8998718261719,1223.281494140625,490.92877197265625,746.203369140625,622.63525390625,663.3091430664062,377.0810852050781,477.9563903808594,104.44904872349252,2.6766749790735958,104.48334014658086,4.720458984375,59.28131103515625,59.468954682843595,0.10488817526031927,93.33706447056306,-143.76643589564787,171.40768855019158,-1.248779296875,78.7518310546875,78.76173147029175,-0.8472679317545287,0.5081035955178816,0.4239637936375156,0.25676144482587804
531,17.7,True,True,530.931884765625,409.2964172363281,1250.6962890625,538.8734130859375,624.5350341796875,351.890869140625,1247.4613037109375,458.5919494628906,545.87060546875,453.49951171875,1223.38623046875,491.02215576171875,731.3350830078125,631.9985961914062,678.5538940429688,411.21954345703125,479.1609191894531,-28.597608293806843,70.24390084402887,75.84213081072927,-13.14697265625,-2.24853515625,13.337870908547488,0.21553184067076125,52.3454720633365,-164.38391549246694,172.51701399620868,4.0869140625,-3.643798828125,5.47541198944019,0.8605884802443975,0.49797950608637576,0.43033946557616093,0.2800069488005265
532,17.733333333333334,True,True,526.4320678710938,427.12139892578125,1250.9141845703125,544.9423828125,596.4793090820312,380.6164855957031,1247.289306640625,464.1075134277344,526.2883911132812,454.8874816894531,1223.312255859375,491.93682861328125,734.0000610351562,656.1436157226562,698.0078125,433.76629638671875,479.486572265625,8.684496198381112,259.52718462262794,259.67244758034553,-5.159912109375,165.4669189453125,165.54735261619587,0.997912587715013,64.12396022251573,-78.44282422746983,101.31712070228065,6.536865234375,182.069091796875,182.1864012346456,-0.751023526920397,0.4997941386298189,0.4467802533627484,0.2953594474685788
533,17.766666666666666,True,True,541.013671875,388.5465087890625,1250.9755859375,546.8629760742188,643.32275390625,364.321044921875,1247.538330078125,465.6946716308594,540.6672973632812,460.849609375,1223.2447509765625,492.79278564453125,727.3994750976562,612.66064453125,683.324462890625,358.9619140625,461.0596618652344,133.81033761160643,383.1860569545198,405.87776570795864,7.470703125,47.61474609375,48.19725563508949,0.9837835005859553,-81.55125209263474,239.1054970877508,252.63025443413713,1.842041015625,57.6177978515625,57.64723535753267,0.9356659851681944,0.49529967829090227,0.41717189869718496,0.24442376801271853
534,17.8,True,True,526.3240966796875,371.3046569824219,1251.8797607421875,546.0363159179688,597.8345947265625,366.20330810546875,1248.0771484375,464.5480041503906,564.187255859375,466.92279052734375,1223.456298828125,492.2564392089844,746.2989501953125,657.6375122070312,659.755615234375,450.92572021484375,515.3277587890625,311.8720354352672,367.91748046874966,482.3146679513379,16.16455078125,-34.4000244140625,38.0086093095723,-0.4153967573005021,-85.86417061942029,329.29506029401466,340.30558698058377,27.125244140625,-24.7998046875,36.753356067530184,-0.83914825806148,0.508168678415599,0.4477974749492934,0.3070436146871302
535,17.833333333333332,True,True,472.7947998046875,522.989013671875,1252.004638671875,546.4737548828125,640.120361328125,442.7982177734375,1248.44677734375,464.4617614746094,629.1119995117188,473.40289306640625,1223.874755859375,492.22039794921875,779.563720703125,608.7120361328125,595.0603637695312,274.2808532714844,509.75897216796875,417.65710013253306,289.25435747419056,508.0408808441734,11.0888671875,-2.5872802734375,11.386702539160886,0.671222501269005,-46.95380074637342,421.3223811558313,423.9306644574673,3.746337890625,13.1231689453125,13.647439714391377,0.9252643496990807,0.5308192723395612,0.4144832186301829,0.18676287657271382
536,17.866666666666667,True,True,502.5257568359375,483.80609130859375,1250.6070556640625,541.4852294921875,663.6209106445312,425.292236328125,1247.571044921875,460.0208435058594,643.5286254882812,476.2204284667969,1223.9013671875,491.32598876953125,750.3016357421875,584.9818725585938,580.5693359375,257.27728271484375,518.86767578125,391.7875671386712,152.42333548409545,420.3931147920193,-26.27197265625,-133.2275390625,135.79320200916064,-0.5360287208799901,20.02735682896173,335.78422001429954,336.3809409466685,-41.927490234375,-149.65576171875,155.41802164798293,-0.9772775812514983,0.5108941806073632,0.39832491389326635,0.17518483271260504
537,17.9,True,True,529.01904296875,460.9510192871094,1251.3837890625,537.26513671875,677.8682861328125,410.41119384765625,1248.2269287109375,455.3609313964844,642.09228515625,476.7970886230469,1223.963623046875,490.67059326171875,726.3846435546875,572.1271362304688,582.0366821289062,258.7718505859375,443.5242614746094,778.8457162039614,81.59081595284567,783.1077262402107,19.676513671875,-139.79736328125,141.1753093521288,0.03544634426280621,157.12329319545142,78.13931056431318,175.4807143820938,23.302001953125,-126.602783203125,128.72935954863175,-0.27585211712510876,0.4946086608321883,0.38957188754968824,0.17620251145871257
538,17.933333333333334,True,True,527.75341796875,472.4293212890625,1252.145751953125,533.8009033203125,681.4579467773438,420.18365478515625,1249.4801025390625,452.15289306640625,617.5040283203125,481.09954833984375,1224.1414794921875,489.2113037109375,726.9874267578125,568.9210815429688,606.6917114257812,251.6952667236328,467.05303955078125,522.3944091796868,-219.68961443219916,566.7093129917333,37.59521484375,-96.24114990234375,103.3235651420968,0.6964923664478181,246.61324637276687,-294.7329875401091,384.29887747797693,22.85888671875,-103.927001953125,106.41123266359381,0.8868848923678746,0.4950191069994018,0.38738882595882224,0.17138393537996638
539,17.966666666666665,True,True,541.4268188476562,414.4643859863281,1251.517578125,528.8392333984375,696.8806762695312,386.5504150390625,1249.384765625,447.23187255859375,610.2557983398438,475.03594970703125,1223.9814453125,487.109375,719.2429809570312,555.826416015625,613.8444213867188,251.46311950683594,434.6820373535156,327.2071838378897,-193.11983380998902,379.94711653849976,-2.860107421875,-147.630615234375,147.6583176422674,0.4915043878012454,244.85115051269463,-430.494526454381,495.2551092261159,-18.84521484375,-148.85009765625,150.03830742441164,0.8002568942438232,0.4897457714458488,0.3784724274115871,0.17122586207123847
540,18.0,True,True,741.27783203125,494.9457092285156,1254.1766357421875,527.8271484375,796.3562622070312,430.78851318359375,1248.45947265625,448.0639953613281,873.1148681640625,467.63507080078125,1222.8505859375,486.34771728515625,513.9517211914062,452.4331359863281,350.2359619140625,240.4458465576172,439.8643493652344,86.30140032087024,-125.45683724539651,152.27392984014372,-27.7587890625,24.96368408203125,37.33277237446785,-0.9723261112549809,46.71916416713111,-181.29658290318127,187.21947354066944,79.771728515625,-30.362548828125,85.35463105017122,0.5776887655038407,0.3499591776980363,0.30807004180486575,0.1637239983303298
541,18.033333333333335,True,True,556.166015625,401.8041076660156,1252.5433349609375,529.2789306640625,707.8153686523438,378.73974609375,1247.2108154296875,448.42266845703125,571.905517578125,475.5901794433594,1221.8486328125,485.9637451171875,707.9486083984375,543.8778686523438,650.0259399414062,240.70413208007812,379.5884094238281,-131.86928885323778,93.96743774414017,161.92402137687142,-37.459716796875,10.76019287109375,38.97450619475782,0.9429535715480702,-64.40237862723257,87.92791639055497,108.99075581731621,-48.9990234375,43.553466796875,65.55767512545856,0.9776126980485782,0.48205522548550417,0.37033644179751685,0.1638998696920254
542,18.066666666666666,True,True,553.58935546875,410.7374267578125,1248.91796875,532.07080078125,707.154541015625,382.78985595703125,1244.622314453125,450.3695373535156,542.2799682617188,472.1744384765625,1219.923828125,486.3954162597656,705.83544921875,541.69970703125,677.7930908203125,211.42501831054688,333.5892028808594,-321.72598702567075,183.11452593122203,370.18716932743393,-77.655029296875,58.40606689453125,97.1677530108985,0.9918928783094523,-176.99733189174162,472.61967250278985,504.6755495696613,-108.760986328125,83.756103515625,137.27358457906854,0.8492545771110908,0.48061633654248404,0.36885329149685364,0.14396318273092387
543,18.1,True,True,521.4168701171875,449.8956604003906,1236.305908203125,529.357421875,683.941650390625,398.9129333496094,1233.786865234375,449.06622314453125,553.384033203125,468.583251953125,1215.879638671875,487.6866455078125,719.2916870117188,552.1278076171875,662.77099609375,205.61557006835938,323.5756530761719,-419.91766793387296,74.34693472725985,426.4484899098153,-325.0634765625,-39.09942626953125,327.4065193753867,0.9568188353035817,-115.82480294363927,494.92749350411555,508.2997233947695,-378.36181640625,-81.4013671875,387.01918130014053,0.017974160590213666,0.4897789362941109,0.3759539769416797,0.14000742259648494
544,18.133333333333333,True,True,533.5814819335938,572.575439453125,1234.6695556640625,531.5424194335938,678.7918701171875,457.17584228515625,1232.176025390625,448.66815185546875,659.6605224609375,454.73699951171875,1212.71728515625,488.14044189453125,702.287841796875,553.4495239257812,554.0645751953125,173.1700439453125,274.7200622558594,-83.97203717912998,139.39950125558016,162.73759239437481,-48.3251953125,-11.942138671875,49.778902941402436,0.2954285662409347,-29.51588221958764,399.89400591169044,400.98179917210666,-49.090576171875,65.5499267578125,81.89430729202881,0.8423737057967644,0.4782007054141811,0.376853957880421,0.11791466723868557
545,18.166666666666668,True,True,517.5020141601562,500.696533203125,1234.24755859375,533.0762939453125,683.122314453125,419.20343017578125,1230.5438232421875,447.9407958984375,589.8116455078125,449.213134765625,1210.6082763671875,486.84759521484375,717.4765625,548.17529296875,621.9363403320312,184.53541564941406,295.3038024902344,-18.493913922991624,48.539559500557516,51.94337001677102,-48.966064453125,-21.8206787109375,53.6079983531707,-0.055158029679878165,87.16641017368761,302.06570761544333,314.3909584892448,-12.659912109375,46.0162353515625,47.72596034180444,0.8528317128017542,0.48854298463688495,0.373262637037223,0.12565355782276563
546,18.2,True,True,549.9146728515625,474.6638488769531,1234.906005859375,530.1303100585938,691.6314697265625,402.1475524902344,1231.892578125,445.4647216796875,603.7724609375,440.4026184082031,1210.5517578125,486.3630676269531,687.2333374023438,541.994873046875,608.5174560546875,215.9354705810547,416.85504150390625,85.26371547153963,-21.33119855608311,87.89153092221518,40.462646484375,-74.2822265625,84.5876760740126,0.6771803320553677,214.34051513671784,187.80209132603204,284.97628311055087,19.75341796875,-88.3795166015625,90.56012630387613,-0.47908189177468535,0.467949816544019,0.36905427546451713,0.14703443262181642
547,18.233333333333334,True,True,550.738037109375,466.6643371582031,1235.5546875,531.0752563476562,692.3125610351562,402.4398498535156,1232.34765625,446.02618408203125,573.4576416015625,434.2337951660156,1210.953369140625,486.9891052246094,687.839111328125,541.7911987304688,639.6748657226562,172.26431274414062,279.89996337890625,60.07703508649479,-70.92773437500034,92.95156614255906,13.65234375,16.8438720703125,21.68184761936163,-0.1858253785676022,154.92857796805174,113.96538325718461,192.3303742318401,19.46044921875,28.348388671875,34.38517448097709,0.9444153413420101,0.46836229914928373,0.3689155898772357,0.11729793820887945
548,18.266666666666666,True,True,551.0086059570312,493.74505615234375,1238.2781982421875,529.9329833984375,691.5404052734375,413.8825378417969,1234.2344970703125,445.6714782714844,564.8629760742188,429.5176696777344,1212.20361328125,486.22772216796875,688.2216796875,543.6243286132812,649.8199462890625,196.07611083984375,305.11126708984375,17.344796316963766,186.41519818987138,187.22037302453487,56.605224609375,-10.64117431640625,57.59675376190864,-0.09290957816149763,120.39302280970924,268.12581743512806,293.9148412661647,81.705322265625,-34.2681884765625,88.6006118940205,0.024905488025229048,0.468622796979994,0.37016380172272895,0.13351182939260114
549,18.3,True,True,555.9891357421875,507.36773681640625,1235.202392578125,531.68603515625,698.9057006835938,426.72662353515625,1233.8394775390625,450.8440246582031,583.2142944335938,426.14044189453125,1212.4761962890625,488.46258544921875,679.6484375,535.4771728515625,632.340576171875,177.5674591064453,281.91448974609375,-52.29210989815897,345.8804430280411,349.81101415889566,-11.8505859375,155.1763916015625,155.62823939614412,0.9972759046359561,5.294560023716258,545.3547232491626,545.3804236824195,-92.274169921875,52.591552734375,106.20919853658442,0.4867118510013217,0.46278511872650246,0.3646162535515904,0.12090894808323555
550,18.333333333333332,True,True,541.63671875,499.9441223144531,1239.2177734375,545.573486328125,686.9906005859375,426.18231201171875,1236.269775390625,461.1583557128906,576.3160400390625,425.2563171386719,1213.992919921875,490.85723876953125,699.07177734375,550.3916015625,641.0423583984375,208.8353271484375,306.5133972167969,-114.07339913504552,266.2337493896482,289.64314199423643,72.908935546875,309.429931640625,317.9034373480416,0.8043536785883171,-53.256683349610284,425.3539058140344,428.6749578791081,120.46142578125,416.62353515625,433.6889728219322,0.9187004465691265,0.4760108279898377,0.3747717623130288,0.14219981439842216
551,18.366666666666667,True,True,558.7258911132812,553.692138671875,1244.96044921875,550.2109985351562,689.4146728515625,453.08050537109375,1240.10302734375,464.31103515625,579.5693359375,422.9586181640625,1215.11669921875,491.96148681640625,686.243408203125,550.8028564453125,639.2822875976562,229.972412109375,346.82916259765625,-156.77124023437545,134.7826603480744,206.74522314948086,114.99755859375,94.58038330078125,148.89555865722008,-0.17153746504927792,-72.41775512695403,221.05907985142233,232.61867517975634,172.2802734375,139.1253662109375,221.44155016398173,0.35484884082693835,0.46727575554907813,0.3750517933250463,0.1565924442250443
552,18.4,True,True,549.360595703125,584.244873046875,1247.125244140625,540.8250732421875,678.8113403320312,471.8944396972656,1243.28564453125,458.02435302734375,575.5834350585938,416.75567626953125,1217.727294921875,490.456787109375,699.1142578125,564.6447143554688,646.3594970703125,211.24232482910156,304.477294921875,-191.45390101841576,-20.27873447963225,192.52486407543512,95.478515625,-188.6004638671875,211.39130047585135,-0.35518027033108046,-87.50551496233356,33.748234340121826,93.78783753717195,64.94384765625,-281.5777587890625,288.9701327007164,-0.5603188730523456,0.47603975372215646,0.3844769689053948,0.14383878337997086
553,18.433333333333334,True,True,534.355712890625,523.2219848632812,1250.6728515625,526.6536254882812,668.4727783203125,437.80889892578125,1246.563720703125,447.89019775390625,558.63330078125,410.3337097167969,1218.576904296875,487.8359069824219,716.3253784179688,578.1788330078125,664.4788818359375,254.50897216796875,351.52789306640625,-159.79156494140693,-184.6262250627792,244.17245382588894,98.34228515625,-304.024658203125,319.53434532970033,0.5180195843664662,-114.22439575195381,-234.21595982142935,260.5845897592035,106.42822265625,-425.1434326171875,438.2623699056233,0.7654579201821711,0.48775912222702117,0.39369259916627286,0.17329983915649555
554,18.466666666666665,True,True,540.3262939453125,523.8492431640625,1252.685791015625,521.2635498046875,665.7821655273438,433.1893615722656,1248.017822265625,441.60906982421875,545.772216796875,404.7480773925781,1219.0181884765625,484.9969482421875,712.3641967773438,582.2965698242188,678.0117797851562,256.8805847167969,352.3023681640625,-57.4151393345428,-311.14808218819803,316.4010544770649,43.623046875,-188.433837890625,193.41737636740083,0.9171328725062194,20.64474923270018,-398.95026070731103,399.48406249725724,60.38818359375,-161.7022705078125,172.61041974670655,0.9536328816308639,0.4850618808082121,0.3964964418830672,0.17491471375110196
555,18.5,True,True,537.76220703125,512.087158203125,1251.593017578125,522.3543701171875,660.4618530273438,420.83685302734375,1246.93994140625,438.6173095703125,538.0100708007812,397.0507507324219,1219.573486328125,483.3145751953125,713.9046630859375,586.74755859375,687.0007934570312,290.5257873535156,402.48870849609375,154.30343627929574,-362.3926326206757,393.87557759442603,-32.33642578125,-89.7528076171875,95.40026681028812,0.7328149722112128,416.1807468959257,-363.3266666957318,552.4605694699685,-32.783203125,32.724609375,46.32103696897715,-0.9977692833928874,0.4861108126444112,0.39952720198270747,0.19782435090716638
556,18.533333333333335,True,True,523.0874633789062,474.9454650878906,1252.6387939453125,515.256591796875,660.922607421875,403.1405029296875,1247.608642578125,434.98492431640625,529.4553833007812,392.5096435546875,1220.041259765625,481.36199951171875,730.6641845703125,587.5496215820312,696.2783813476562,298.1667785644531,457.64666748046875,383.2360185895641,-160.32227652413542,415.41915975826396,20.06103515625,-108.9715576171875,110.8027323717981,0.5465763654431642,822.673841203961,76.55901227678521,826.2284982751909,31.373291015625,-212.933349609375,215.23218803194706,0.05346660954455734,0.4975226790035476,0.40007334142006606,0.20302724232813263
557,18.566666666666666,True,True,581.5286254882812,506.15216064453125,1252.133056640625,505.0560607910156,686.1483154296875,407.7721862792969,1248.04443359375,426.21173095703125,533.4161987304688,385.1085205078125,1220.2626953125,477.86492919921875,670.6053466796875,562.1986083984375,693.0814208984375,312.6827392578125,410.17291259765625,560.6877790178562,-43.395996093750114,562.3646486195101,13.07373046875,-263.19580078125,263.5203065747552,0.12653589882982694,1178.121446881975,319.3810926164896,1220.6450859787956,-15.172119140625,-306.01593017578125,306.39181242416703,-0.30912203907365726,0.4566275118991744,0.3828113703793299,0.21291142688922132
558,18.6,True,True,653.13671875,498.89105224609375,1251.6815185546875,496.95306396484375,716.6530151367188,389.1908264160156,1246.65380859375,414.935302734375,536.3438110351562,377.6737365722656,1220.45556640625,465.4091796875,598.5479125976562,530.6256713867188,689.7147216796875,321.1311340332031,488.9468688964844,656.1502729143407,7.355542864118092,656.1914999879148,-41.71875,-338.2928466796875,340.8555474335265,-0.13351170158963446,1415.7444109235487,430.9757341657362,1479.8892933260113,-13.546142578125,-243.08990478515625,243.46704045353493,-0.3439973860163828,0.40756228001334377,0.3613127769929328,0.2186640942440661
559,18.633333333333333,True,True,700.5029296875,565.657470703125,1248.494140625,499.2244873046875,745.2257080078125,421.61810302734375,1243.9796142578125,413.30828857421875,535.77099609375,370.544677734375,1220.087158203125,456.2108154296875,552.0033569335938,498.8231201171875,689.6574096679688,316.7416687011719,524.2327270507812,608.6916896275104,62.74762834821388,611.9173456316785,-80.225830078125,-48.8104248046875,93.90762152955551,-0.9031011264254788,1357.8622218540734,515.3142765590121,1452.3562294299627,-95.621337890625,68.1427001953125,117.4174937984171,-0.5554715842505561,0.3758692361827744,0.3396578350361572,0.21567522658433586
560,18.666666666666668,True,True,755.0093994140625,579.516845703125,1244.4345703125,500.70501708984375,765.13232421875,423.81744384765625,1240.637451171875,414.13409423828125,730.069580078125,366.80938720703125,1219.379638671875,457.0622253417969,495.7300720214844,475.60369873046875,497.56396484375,334.4346923828125,476.7468566894531,426.8023681640618,71.32798331124388,432.7215532807448,-100.264892578125,24.774169921875,103.28024099033117,-0.9179849141570674,975.2003043038496,390.2004350934702,1050.3675609335307,-121.787109375,44.4158935546875,129.63360525025732,-0.7449584283354306,0.3375517217116537,0.32384730404643014,0.22772273175518218
561,18.7,True,True,783.9432983398438,556.619140625,1234.935546875,499.4197082519531,775.431884765625,404.7253112792969,1234.21142578125,417.8256530761719,738.0263671875,362.39239501953125,1222.246826171875,458.0176696777344,454.6051025390625,458.966552734375,493.57232666015625,348.9068298339844,426.2748107910156,155.4784502301893,41.2448992047988,160.85611644073552,-192.78076171875,110.74676513671875,222.32693961171015,-0.7103924418500808,468.9842442103791,225.72123936244373,520.476992014919,-284.970703125,-38.55926513671875,287.56758956363745,-0.9510804712120342,0.30954897376956575,0.3125187654075513,0.23757707626482705
562,18.733333333333334,True,True,776.6328125,574.7455444335938,1239.62890625,538.4186401367188,774.6112060546875,413.1510314941406,1236.7076416015625,441.06109619140625,572.8546752929688,362.3731994628906,1220.7677001953125,455.7314147949219,464.4190368652344,462.93853759765625,654.6044921875,342.6269836425781,540.942138671875,54.635729108537134,-92.4077388218476,107.35107400202502,74.886474609375,697.0632934570312,701.0743321250492,-0.8015107358615065,371.571350097656,-82.19624110630662,380.55418834300184,140.80078125,1169.9679565429688,1178.4098944501188,-0.09778023670359107,0.3162314621145957,0.31522336293932074,0.23330101351690952
563,18.766666666666666,True,True,774.7800903320312,579.990966796875,1244.997802734375,501.1604309082031,770.2237548828125,419.6205749511719,1240.2462158203125,413.23785400390625,583.11669921875,363.5031433105469,1219.322265625,457.1488037109375,476.77978515625,470.0657958984375,643.0606689453125,319.4027099609375,473.8645324707031,-73.63677978515716,-30.230418613979168,79.60058760275673,106.1572265625,-834.697265625,841.4207520576692,0.26002984590558,170.99827357700815,-20.417829241072468,172.21294178207083,161.06689453125,-1117.7462768554688,1129.2914964428817,0.25896993670096535,0.324648122920067,0.3200764441750464,0.2174871785103443
564,18.8,True,True,742.3170166015625,561.1502075195312,1239.048583984375,501.18524169921875,745.1990966796875,406.90972900390625,1234.578857421875,416.8948669433594,597.6226806640625,364.638427734375,1198.99169921875,463.7523193359375,500.3379211425781,489.48162841796875,609.48193359375,326.51190185546875,446.6369323730469,-240.98268781389606,27.702680315289626,242.56977207117302,-170.020751953125,109.71038818359375,202.34481799665858,0.8966763641512989,-36.1420767647885,28.430066789898774,45.98389294687836,-178.4765625,0.74432373046875,178.47811456767505,0.7885440895248244,0.3406892909090804,0.33329704156327356,0.2223279579978424
565,18.833333333333332,True,True,827.618896484375,544.5391235351562,1207.5299072265625,492.42352294921875,777.2483520507812,399.1757507324219,1210.54248046875,412.87957763671875,740.9560546875,364.1053466796875,1200.5364990234375,467.8253173828125,383.4689025878906,433.5107727050781,471.1390686035156,227.99720764160156,369.2462463378906,-351.3209315708709,-19.19798714774049,351.84507907650124,-721.09130859375,-120.45867919921875,731.0834211797359,0.9938534333800898,-168.425510951452,-43.50651332310372,173.9539290754626,-945.560302734375,-262.8515625,981.4149122648455,0.999831608790193,0.26111102714343926,0.29518545669508345,0.15524749118212988
566,18.866666666666667,True,True,790.5303955078125,585.749755859375,1189.770751953125,485.72991943359375,750.816162109375,420.19256591796875,1193.07861328125,406.6854248046875,728.143798828125,367.4158935546875,1195.83447265625,468.9048156738281,411.5784606933594,442.4686584472656,478.5755615234375,269.55029296875,409.6326599121094,-427.2170366559717,-40.614525931222374,429.1432582783141,-523.916015625,-185.8245849609375,555.8945653667429,0.9698799966281013,-337.522561209543,-63.59259469168569,343.46105663534945,-532.774658203125,-200.80810546875,569.3616878974254,0.9848625042579058,0.2802513421466483,0.30128504581793303,0.18354175107524834
567,18.9,True,True,745.8211059570312,569.9451904296875,1172.1826171875,485.94732666015625,713.9813232421875,415.4645080566406,1175.1842041015625,407.3583984375,702.257080078125,369.0105895996094,1183.431884765625,469.0567626953125,434.5570068359375,461.27410888671875,491.465576171875,207.021728515625,357.6670837402344,-453.31035069057,8.973279680524001,453.39915504049236,-536.832275390625,20.189208984375,537.2117795250683,0.9998416214645107,-467.04339163644045,4.6627153669078325,467.066666104382,-527.64404296875,6.522216796875,527.684352044244,0.9999971743539456,0.29589785675333485,0.3140900228238982,0.14096490174020193
568,18.933333333333334,True,True,727.4686279296875,559.70751953125,1163.380615234375,492.9510498046875,700.9339599609375,405.52142333984375,1167.4912109375,412.50531005859375,720.9508056640625,368.7477722167969,1179.39501953125,470.6690673828125,440.9939880371094,466.6095275878906,469.63714599609375,223.6138916015625,420.8812255859375,-441.0102408272885,24.002282278878056,441.66292811276105,-230.789794921875,154.4073486328125,277.67887703585956,0.860130390298962,-575.7858712332602,16.649584089005657,576.0265429319915,-264.06005859375,210.1116943359375,337.45316510777184,0.8001787158430501,0.3002809156188599,0.317723007527225,0.15226281068839262
569,18.966666666666665,True,True,706.9379272460938,552.69970703125,1152.564697265625,503.69622802734375,687.910888671875,402.48089599609375,1156.9090576171875,419.3077392578125,734.917236328125,369.4617614746094,1176.310546875,471.5419006347656,448.3130187988281,469.2999267578125,453.0434875488281,203.36819458007812,333.8966369628906,-160.12099129813123,-9.923548017229564,160.42820406507852,-317.464599609375,204.0728759765625,377.39834487512826,0.8061333946997835,-157.15131487165218,-55.73076520647396,166.7406787691243,-324.4775390625,322.3553466796875,457.3823814807887,0.43305955692948417,0.3052645782496225,0.31955494979410315,0.138477143300923
570,19.0,True,True,698.4891967773438,565.8411865234375,1146.602783203125,502.38336181640625,680.3549194335938,412.38836669921875,1149.0501708984375,419.68292236328125,703.3604125976562,373.5063171386719,1172.068359375,473.60101318359375,452.5844421386719,468.75201416015625,479.2766418457031,182.9221649169922,304.421875,146.99092320033378,24.088211059569858,148.95158077488404,-235.7666015625,11.2554931640625,236.03511717262938,-0.9780026620371812,308.7601579938612,19.21312604631612,309.35736515697465,-178.857421875,-39.385986328125,183.14265827166258,-0.9880727525675953,0.30817306894627144,0.31918186603113474,0.12455506573399441
571,19.033333333333335,True,True,722.807373046875,568.7398681640625,1145.75,503.94720458984375,695.70947265625,416.1737976074219,1148.417236328125,421.6849060058594,712.193115234375,375.4148864746094,1169.76806640625,475.7060241699219,427.8768005371094,452.7413024902344,468.4369201660156,246.04730224609375,388.64666748046875,330.72153363908933,-18.563870021275306,331.24213210694995,-18.988037109375,60.05950927734375,62.98960396686379,-0.35440962188063746,597.5399780273428,-60.21214076450974,600.5660057282317,-25.58349609375,46.915283203125,53.437431360501826,-0.5643659982677712,0.29134918144630056,0.3082798780440579,0.16753813251030114
572,19.066666666666666,False,True,766.6411743164062,567.1702880859375,1144.13427734375,500.3865051269531,720.0416564941406,414.34339904785156,1146.6968994140625,421.99383544921875,713.5171508789062,376.4826965332031,1151.862060546875,477.4240417480469,381.43174743652344,425.5971221923828,452.9838104248047,179.06647109985352,,347.56883893694203,-44.96740068708209,350.46564014825555,-51.610107421875,9.26788330078125,52.43564483225487,-0.9987988122809665,634.9203709193632,-54.15435791015693,637.2256836388841,-48.4716796875,-106.82098388671875,117.30399110965588,-0.33432950667251876,0.25972389074089325,0.28979690654178786,0.1219296529139472
573,19.1,True,True,810.4749755859375,565.6007080078125,1139.6884765625,503.67694091796875,744.3738403320312,412.51300048828125,1142.6463623046875,424.5026550292969,714.8411865234375,377.5505065917969,1140.6890869140625,477.9830322265625,334.9866943359375,398.45294189453125,437.53070068359375,112.08563995361328,235.48704528808594,209.04278346470346,-90.73995862688378,227.8873085765846,-121.51611328125,75.26458740234375,142.93678289309096,-0.989503526791158,437.53764561244384,-96.33178710937568,448.0167458206965,-133.3740234375,98.71307373046875,165.93041027257107,-0.9129099534295289,0.22809860003548588,0.2713139350395179,0.07632117331759322
574,19.133333333333333,True,True,821.6279296875,531.93115234375,1134.4305419921875,502.820068359375,752.9542236328125,392.40625,1136.9532470703125,422.01312255859375,716.3922729492188,384.48773193359375,1133.1259765625,476.7765808105469,314.154296875,385.1387023925781,426.8304443359375,122.16171264648438,252.67208862304688,-27.054290771484602,-159.04076712472136,161.3254482614813,-170.79345703125,-74.68597412109375,186.40922642160749,0.5486335333025774,85.13514927455321,-194.33925083705435,212.169126071415,-157.738037109375,-25.7061767578125,159.8189471702979,-0.24870742746091778,0.21391343753032283,0.2622480245353619,0.08318215649680817
575,19.166666666666668,True,True,793.1536865234375,559.5047607421875,1128.5426025390625,501.7658386230469,731.4224243164062,403.03271484375,1128.851806640625,420.6437072753906,710.3792724609375,388.7413330078125,1124.7794189453125,474.6954650878906,340.3226623535156,397.8193664550781,423.2204895019531,124.34333801269531,260.82098388671875,-221.84551783970528,-205.6028366088874,302.46976742674275,-243.043212890625,-41.08245849609375,246.49091611716835,0.8364809745636591,-226.5996878487731,-279.22609601702106,359.6034360654359,-176.63818359375,-31.62689208984375,179.44722958731336,0.7571258599958168,0.23173195877845468,0.2708825218723692,0.08466766532521429
576,19.2,True,True,769.3855590820312,553.7744140625,1127.23876953125,483.51275634765625,710.6109619140625,400.23126220703125,1125.3594970703125,403.4315490722656,709.7784423828125,383.9000549316406,1116.732421875,468.3382263183594,364.6856384277344,414.7608642578125,415.62164306640625,133.14991760253906,266.592041015625,-293.50570678710983,-170.389088221959,339.37890521025525,-104.769287109375,-516.36474609375,526.8862823512011,0.6640041741427007,-339.9827139718202,-231.9172014508938,411.5505243933714,-39.114990234375,-547.5924682617188,548.987699095341,0.6209476328144522,0.24832115718301698,0.28241829925292594,0.09066422730665817
577,19.233333333333334,True,True,753.238037109375,519.2413330078125,1128.2838134765625,474.4766845703125,697.8968505859375,379.26263427734375,1124.6929931640625,393.2114562988281,715.1480712890625,379.7387390136719,1113.376953125,462.2571716308594,377.70782470703125,427.0240173339844,406.6885070800781,138.7222442626953,278.3363952636719,-246.37605939592686,-148.724572317941,287.78492152060323,-19.9951171875,-306.602783203125,307.2540827706677,0.5714082688687344,-253.3843558175231,-225.5677904401516,339.241005565532,31.351318359375,-271.0821533203125,272.8890598973295,0.5747056691036321,0.25718820327748115,0.29076850568199236,0.09445852699561061
578,19.266666666666666,True,True,751.715576171875,503.92510986328125,1127.633544921875,473.26055908203125,696.1221313476562,369.9366455078125,1124.7288818359375,392.1611328125,721.351318359375,377.7881774902344,1114.4852294921875,458.5261535644531,377.16656494140625,429.18255615234375,401.3388671875,150.7401885986328,290.4283142089844,-141.86455862862817,-139.30647713797453,198.82617425150164,1.07666015625,-31.50970458984375,31.52809351088766,0.6758700699883301,-100.16765049525748,-251.81232997349366,271.00370427804063,-19.508056640625,-36.4837646484375,41.3718425600844,0.9936866666446673,0.2568196495501776,0.2922382944554422,0.10264176628446035
579,19.3,True,True,764.6160278320312,525.54052734375,1119.096435546875,477.84912109375,702.1242065429688,382.4061584472656,1115.5584716796875,394.2358093261719,735.1317749023438,377.5021057128906,1115.8651123046875,456.97296142578125,357.6741943359375,413.60345458984375,388.9389343261719,136.52011108398438,278.72027587890625,-40.656934465681616,-86.81566510881714,95.86420618996968,-275.1123046875,62.24029541015625,282.0649474202907,0.2138241412825488,51.62985665457518,-204.54031808035757,210.95588121355098,-256.11328125,137.6568603515625,290.7635190915311,-0.6746109245631632,0.24354693597182434,0.2816301977271189,0.09295905402056782
580,19.333333333333332,True,True,767.7123413085938,501.0137634277344,1118.033203125,471.07696533203125,700.6656494140625,369.9856262207031,1114.363037109375,391.32562255859375,738.26171875,379.6910095214844,1108.8179931640625,456.6314392089844,351.59765625,414.2474060058594,378.4597473144531,148.88221740722656,285.2624206542969,-1.3370622907377765,-29.59252493722147,29.622715401012574,-35.863037109375,-87.30560302734375,94.38445714563676,0.9412074261803897,122.00905936104846,-138.82899693080412,184.82343183422677,-31.89697265625,-203.1646728515625,205.65335192871518,0.6396661581731778,0.23940930945142685,0.28206867608750635,0.10137663953515422
581,19.366666666666667,True,True,759.313232421875,514.2371826171875,1102.001708984375,465.48956298828125,692.5078735351562,378.808837890625,1102.426025390625,385.80572509765625,723.4620361328125,383.2030029296875,1101.125732421875,455.5753173828125,346.1383056640625,409.97784423828125,384.53558349609375,174.19215393066406,293.0926513671875,-11.98431832449819,-70.69519042968784,71.70379233759348,-358.1103515625,-165.596923828125,394.5445032915237,0.5655151594129317,107.45564052036752,-224.75048610142403,249.1174335177465,-480.94482421875,-167.6220703125,509.3182525677369,-0.11039632868521326,0.2356919372488568,0.27916145296964434,0.11861064072265678
582,19.4,True,True,776.0657958984375,494.4461975097656,1096.363525390625,464.90216064453125,700.040283203125,373.5081481933594,1095.8558349609375,383.6109313964844,712.8438720703125,388.6596374511719,1093.7225341796875,454.6358642578125,321.65740966796875,395.9444580078125,386.5506591796875,183.21897888183594,299.9613952636719,25.219835553849634,-115.9720720563621,118.68260867713205,-197.105712890625,-65.84381103515625,207.81258264540878,0.10805618264780109,156.90713065011118,-302.87488664899615,341.10562090281263,-169.1455078125,-17.6220703125,170.06098957505566,-0.36551124260122175,0.21902244500113363,0.26960586223409977,0.12475717182058406
583,19.433333333333334,True,True,776.7305297851562,486.13714599609375,1092.397705078125,459.1942138671875,698.07421875,368.8741760253906,1090.29345703125,381.1351318359375,708.0424194335938,392.65478515625,1086.205322265625,454.31011962890625,316.8149108886719,392.41082763671875,383.15606689453125,200.0280303955078,297.37158203125,63.229849679129075,-181.42890930175827,192.1313691745075,-166.871337890625,-74.27398681640625,182.65450590393556,0.08332555742496127,193.16835675920652,-408.664692470006,452.0186333821391,-118.974609375,-171.2384033203125,208.51270572227452,0.4986328671331091,0.21572509853660968,0.2671997483366891,0.1362027640874456
584,19.466666666666665,True,True,774.285400390625,462.4608459472656,1089.921142578125,456.66900634765625,695.3021240234375,355.78973388671875,1085.8551025390625,379.3923645019531,691.6582641601562,395.0707702636719,1082.215576171875,454.0828857421875,315.6888732910156,391.2655029296875,394.99041748046875,210.79039001464844,290.1706237792969,55.08080618722056,-265.319202968053,270.97633600341754,-133.150634765625,-52.28302001953125,143.04756454009126,0.16865898908594912,160.03529139927377,-551.2853785923556,574.0443041638575,-74.296875,-75.7562255859375,106.10858282812507,0.49043955818034585,0.21495835883035994,0.26641987568300723,0.14353105265446128
585,19.5,True,True,803.2437744140625,466.38140869140625,1084.373046875,462.418701171875,711.6906127929688,359.1014404296875,1081.153564453125,383.5107116699219,683.6093139648438,401.8403015136719,1076.112060546875,454.85595703125,281.1571960449219,370.2684020996094,396.0669860839844,180.958740234375,243.50721740722656,-18.622153145927086,-212.94924054827038,213.7619321532145,-141.046142578125,123.5504150390625,187.5065849310188,-0.5908767065785604,17.01023646763315,-434.24057006835994,434.5736080780551,-166.44287109375,172.4908447265625,239.70048154397557,-0.746238059001891,0.19144510481194138,0.25212256362516844,0.12321813376340404
586,19.533333333333335,True,True,799.1156005859375,416.43927001953125,1079.038818359375,468.55999755859375,709.1280517578125,332.5854797363281,1075.28271484375,389.4739990234375,707.4141845703125,408.9697265625,1070.798583984375,457.39581298828125,284.7342224121094,370.547607421875,366.596923828125,185.5205841064453,239.95208740234375,-76.88382829938655,-124.58358764648472,146.39738168710153,-176.12548828125,178.89862060546875,251.047613167001,-0.2379859718444425,-106.74715314592663,-277.79012407575374,297.5941997734206,-160.02685546875,184.2388916015625,244.03393954486842,-0.469510945863281,0.1938807678410743,0.2523126796632323,0.12632437714080874
587,19.566666666666666,True,True,784.897705078125,401.3160400390625,1071.480712890625,472.506103515625,699.0468139648438,326.804443359375,1068.9244384765625,393.94403076171875,702.3567504882812,415.7252197265625,1064.45166015625,460.39691162109375,295.2928161621094,375.9217529296875,364.840087890625,194.3929901123047,246.86663818359375,-94.02864728655186,39.39066205705899,101.94611698261097,-190.748291015625,134.1009521484375,233.1694145733936,0.9767534414532486,-162.2181047712063,-13.041883196149683,162.74152584040766,-226.7431640625,118.3831787109375,255.7870978974107,0.8465119316799178,0.20107030848086815,0.2559720341613238,0.13236576153935872
588,19.6,True,True,767.6363525390625,431.237060546875,1073.027099609375,472.64337158203125,688.9896850585938,343.03851318359375,1068.4521484375,393.2541198730469,674.9739990234375,420.5648498535156,1064.3306884765625,461.69903564453125,308.18499755859375,382.7706604003906,391.52349853515625,214.29518127441406,261.6770324707031,-127.74503435407382,146.38379778180786,194.28589772587384,-14.168701171875,-20.69732666015625,25.08249237566129,-0.2503033803476429,-244.16074480329303,155.91283525739368,289.6951527052152,46.3916015625,4.1180419921875,46.57401598942453,-0.7919316038925407,0.2098488318600463,0.26063558119842883,0.14591752947066414
589,19.633333333333333,True,True,754.068359375,442.2178649902344,1073.52880859375,470.612548828125,682.5776977539062,349.3813171386719,1067.530029296875,391.0960693359375,665.8843383789062,425.26214599609375,1064.5609130859375,461.9176330566406,320.7198791503906,387.2059020996094,400.358154296875,225.6305389404297,276.8062744140625,-108.9378792899006,220.77163696289028,246.18606222013295,-27.66357421875,-64.74151611328125,70.40409964769485,-0.6507701797167897,-210.61477661132858,276.97778974260586,347.95873338334104,15.05126953125,-60.9246826171875,62.75633566826033,-0.9179446373455854,0.21838406323204862,0.2636556188283302,0.15363598294430197
590,19.666666666666668,True,True,767.09423828125,469.5798034667969,1074.384765625,473.5169677734375,692.170166015625,371.04034423828125,1067.2696533203125,392.68560791015625,662.961669921875,429.5723876953125,1064.6754150390625,462.16241455078125,307.31573486328125,375.7234802246094,403.0335693359375,219.64613342285156,255.94024658203125,-844.9860027858201,573.817863464355,1021.4050544885488,-7.811279296875,47.6861572265625,48.32168949126496,0.6881347397897305,-976.8686240059994,571.8829454694472,1131.9551280356413,25.6787109375,87.132568359375,90.83766104602671,0.2406526221542941,0.2092569349064765,0.25583702663052255,0.14956109118386895
591,19.7,True,True,758.9066772460938,465.82666015625,1070.45703125,470.5306701660156,688.74267578125,371.4808654785156,1065.36376953125,392.5162353515625,671.42431640625,432.45587158203125,1064.2586669921875,462.52252197265625,311.58587646484375,377.20806884765625,393.9832763671875,224.78363037109375,269.4026184082031,-1762.0157653826693,946.2031701520057,2000.0,-57.176513671875,-5.0811767578125,57.40184729531135,0.8356707798058425,-1831.481831622134,803.538609693627,2000.0,-117.83203125,-89.58892822265625,148.022172827537,0.48580242709340377,0.21216455284396066,0.25684791032313276,0.15305930732616577
592,19.733333333333334,True,True,751.0990600585938,446.8221435546875,1065.1097412109375,461.9476318359375,681.0455322265625,362.1517639160156,1062.14306640625,389.2334289550781,675.7544555664062,437.25860595703125,1062.195068359375,450.36773681640625,314.374755859375,382.0585632324219,386.6628723144531,226.9300537109375,275.7771911621094,-1782.9292407424423,906.1806221804343,2000.0,-96.62109375,-98.48419189453125,137.96656047957833,0.3008848911312873,-1847.809784152545,765.244404878891,2000.0,-160.418701171875,-257.49114990234375,303.3741122174115,0.16379048152982184,0.21406355210666703,0.2601507011424466,0.15452084644751027
593,19.766666666666666,True,True,242.1820526123047,670.940185546875,1060.807373046875,473.30035400390625,200.40557861328125,609.9517822265625,1060.1131591796875,396.872802734375,258.6097717285156,577.7129516601562,1058.832275390625,457.95892333984375,842.1453857421875,885.7199096679688,809.133544921875,669.8203125,798.2293701171875,-1795.315379853445,881.3867962240416,2000.0,-60.897216796875,229.18121337890625,237.1339275165689,0.6564370789758999,-1857.2563035263852,742.0235985447301,2000.0,-129.071044921875,340.5816650390625,364.21862280504666,0.6760193106248877,0.573432278840006,0.6031029734459118,0.4560929676907195
594,19.8,True,True,229.691162109375,675.12890625,1070.780517578125,472.704833984375,197.76124572753906,608.281982421875,1070.936279296875,397.80816650390625,263.3092041015625,575.04345703125,1064.7362060546875,461.50531005859375,865.1051025390625,898.1837158203125,809.4295654296875,673.5700073242188,817.3526000976562,-1792.3518241057197,887.3978454296251,2000.0,324.693603515625,28.0609130859375,325.9038984227995,-0.854644546439946,-1854.6372358193144,748.5457374520777,2000.0,299.1943359375,-17.8656005859375,299.7272599237144,-0.9479787985593208,0.5890659721989622,0.6115898082442284,0.4586462038473379
595,19.833333333333332,True,True,240.38339233398438,671.6429443359375,1074.8004150390625,476.93634033203125,204.3223876953125,606.1493530273438,1077.150146484375,401.14031982421875,264.8360290527344,569.5120239257812,1070.1761474609375,464.61627197265625,856.832763671875,896.5807495117188,812.1427001953125,667.1992797851562,809.0066528320312,-1787.1484940158873,897.8308620110378,2000.0,186.416015625,99.964599609375,211.52742625145066,-0.5753433570493055,-1847.3086170529803,766.4534362739886,2000.0,120.596923828125,126.9451904296875,175.09625755576903,-0.3583233615590691,0.5834331845493956,0.6104983190087556,0.4543082583186406
596,19.866666666666667,True,True,242.76486206054688,673.2984008789062,1079.7740478515625,484.3784484863281,206.35140991210938,608.691650390625,1081.9208984375,407.0195007324219,267.76202392578125,569.6215209960938,1074.74755859375,466.9162902832031,858.064697265625,898.4951171875,813.4949340820312,671.252685546875,814.1929931640625,-745.1030976431714,356.26473018101206,825.8953832589202,143.12255859375,176.37542724609375,227.1395124470058,-0.23350874984233477,-831.3028662545346,310.15470232282337,887.2769549672547,149.208984375,223.26324462890625,268.53267477244896,-0.22996329595152637,0.5842720307866412,0.6118018471613126,0.4570682968373545
597,19.9,True,True,240.9447479248047,657.420654296875,1088.8466796875,486.6398620605469,209.4695281982422,599.5773315429688,1088.760986328125,407.6551208496094,273.82000732421875,566.46337890625,1081.05908203125,468.27783203125,864.929931640625,899.9931030273438,813.1883544921875,693.0478515625,764.4287719726562,38.81002153669067,-42.043304443360284,57.217630326635096,205.20263671875,19.068603515625,206.08671416751588,0.6073895113738137,2.2075980050221915,-52.31408255440965,52.360640966869056,272.178955078125,67.8424072265625,280.50664128628887,-0.2007319191111034,0.5889466951131074,0.6128218532651929,0.4719090261551569
598,19.933333333333334,True,True,234.0264892578125,664.8607177734375,1088.3857421875,490.8612060546875,206.2696533203125,599.8648681640625,1088.2879638671875,409.6659240722656,275.07012939453125,513.60791015625,1082.03271484375,468.20684814453125,871.897705078125,902.2926025390625,808.23876953125,678.1558227539062,742.9765014648438,6.527873447962918,-35.972965785436145,36.56046223932048,-14.190673828125,60.3240966796875,61.970733930755706,-0.9986727645624462,-56.91485268729093,-21.908307756696786,60.985854139941075,-13.828125,126.64031982421875,127.39304394744651,-0.2558122017846483,0.5936911801727567,0.6143876247667897,0.46176876989912224
599,19.966666666666665,True,True,228.69021606445312,669.0543212890625,1093.2327880859375,490.3179016113281,200.20555114746094,603.8568725585938,1092.0869140625,407.6717529296875,274.5842590332031,527.220947265625,1085.833984375,466.9913635253906,882.8253784179688,913.2036743164062,813.4825439453125,723.2227172851562,761.56689453125,11.110986982072916,-55.93205043247872,57.02497959050171,113.968505859375,-59.82513427734375,128.71622671256566,0.6283950613396155,-23.742239815848393,-14.026598249163953,27.576065889040553,145.411376953125,-16.29913330078125,146.32200891786735,-0.7989546682777485,0.6011320338920504,0.6218171741769013,0.49245564709256723
600,20.0,True,True,241.08621215820312,663.3917236328125,1094.183837890625,489.5658874511719,212.60728454589844,599.6724243164062,1091.7154541015625,406.79156494140625,278.36798095703125,522.3714599609375,1087.1209716796875,465.855712890625,870.6268310546875,900.0189819335938,810.7252197265625,687.7648315429688,750.9522705078125,-13.752920968192086,-28.246634347098734,31.416797849176728,-11.143798828125,-26.4056396484375,28.660810483390986,0.9985555174232353,-15.680187770298744,47.438572474887906,49.96285066894221,28.531494140625,-22.5604248046875,36.3733271129337,-0.8350855190556316,0.5928258186808855,0.6128394746883297,0.468311720677686
601,20.033333333333335,True,True,227.8804931640625,667.5535888671875,1093.4346923828125,481.260009765625,205.27069091796875,599.5440673828125,1091.6932373046875,402.549560546875,282.8565673828125,492.22479248046875,1087.769287109375,466.2353210449219,885.375244140625,908.04833984375,805.3322143554688,692.2774658203125,752.3218994140625,-73.35514068603538,-21.536996023995925,76.45141504776521,-0.66650390625,-127.2601318359375,127.26187717599187,0.2867295627668183,-69.7220012119841,49.75747244698641,85.65607694329996,-22.474365234375,-249.17633056640625,250.1878110684592,-0.5054303736419109,0.6028682843505032,0.6183068121362278,0.47138445633715675
602,20.066666666666666,True,True,241.73464965820312,662.6689453125,1093.4705810546875,483.0579528808594,210.49484252929688,591.3768920898438,1090.815673828125,403.89935302734375,279.47076416015625,563.8255615234375,1086.30859375,467.276123046875,870.4678344726562,900.0625,812.5940551757812,684.6111450195312,812.7921142578125,-93.28075953892323,-52.483912876674594,107.03205693157909,-26.326904296875,40.4937744140625,48.29960306414327,0.0639356092826405,-68.69270324707065,3.753662109374318,68.79518485055087,1.07666015625,53.93829345703125,53.94903797241315,0.034624738148094275,0.5927175549844911,0.6128691069399723,0.4661643175326958
603,20.1,True,True,231.19760131835938,674.1407470703125,1087.486572265625,476.15875244140625,200.6856689453125,597.8857421875,1087.2716064453125,400.1040344238281,274.1899108886719,562.1511840820312,1084.2490234375,467.9455261230469,878.8786010742188,908.37890625,815.5184936523438,689.9827880859375,823.1923217773438,-127.16928209577316,-66.99057442801427,143.73504572980679,-106.322021484375,-113.85955810546875,155.78309030346173,0.9444843873419114,-76.87880924769837,-40.09355817522351,86.70550569885413,-179.520263671875,-206.97601318359375,273.9828372402087,0.9302860734097863,0.5984446006238552,0.6185319008808237,0.469821968072418
604,20.133333333333333,True,True,210.4474639892578,677.1907958984375,1077.028076171875,478.5252685546875,183.83212280273438,599.910400390625,1077.88671875,402.1624450683594,268.2871398925781,563.2655029296875,1078.8480224609375,467.505859375,889.061279296875,915.6624755859375,816.1978759765625,693.6488037109375,801.1134033203125,-128.97668021065874,-46.02689470563723,136.94326954767197,-281.546630859375,61.7523193359375,288.2392310072187,0.8479510498279176,-60.37502288818382,-49.21103341238904,77.89010975896741,-313.7548828125,70.9954833984375,321.68693655736695,0.6165810512731109,0.6053781734686037,0.6234914171746937,0.47231822552356356
605,20.166666666666668,True,True,226.6392822265625,658.8270263671875,1067.2265625,479.67498779296875,191.8966522216797,587.9226684570312,1068.185546875,402.44586181640625,260.27264404296875,562.9303588867188,1069.93212890625,466.7266845703125,859.4663696289062,895.7029418945312,815.3549194335938,676.17724609375,806.9013061523438,-128.2873371669225,-29.363904680525366,131.60501424895114,-291.03515625,8.50250244140625,291.15932875528483,0.9678592782471169,-83.40885707310275,-54.04521397181975,99.38773863762603,-294.04541015625,34.4915771484375,296.06143303061936,0.7701608214042577,0.5852264552732815,0.6099006036607539,0.4604215206684052
606,20.2,True,True,228.42489624023438,651.895263671875,1064.81396484375,473.0045166015625,190.84710693359375,583.7340087890625,1062.497802734375,395.76666259765625,259.4638366699219,561.1024169921875,1061.9100341796875,465.04986572265625,855.3060913085938,891.6875610351562,808.1744384765625,669.9447631835938,798.2775268554688,-92.30284554617765,-35.76350620814833,98.98910885658984,-170.63232421875,-200.3759765625,263.18419795205824,0.8796127659419142,-38.62994057791593,-63.00449916294656,73.9042571427861,-72.3779296875,-200.1141357421875,212.80092112040148,0.9794715997978061,0.5823936452642081,0.6071664569972622,0.45617770844962474
607,20.233333333333334,True,True,219.48976135253906,664.530517578125,1063.46142578125,468.8738098144531,181.1727752685547,593.640869140625,1061.0186767578125,391.88916015625,259.89715576171875,560.2099609375,1058.1248779296875,460.0776672363281,866.3543090820312,902.6807861328125,804.4837036132812,676.7276000976562,778.6817626953125,-144.8677008492608,-33.43728201729982,148.67650311348922,-44.373779296875,-116.3250732421875,124.50122470838613,0.5574119369078053,-146.88079833984392,-17.799421037947013,147.95535918051772,-40.576171875,-123.92120361328125,130.39513192214596,0.42324836485385336,0.5899165799049525,0.614651946113841,0.46079626682978275
608,20.266666666666666,True,True,217.5979766845703,660.6935424804688,1057.399169921875,462.292724609375,181.2534942626953,590.4635009765625,1054.06298828125,384.22454833984375,259.9848327636719,560.7672729492188,1052.564697265625,456.9443664550781,862.9188232421875,896.844970703125,799.3510131835938,681.732666015625,762.8215942382812,-241.39034271240263,39.83963012695244,244.65586787049187,-208.670654296875,-229.9383544921875,310.50779190104197,0.5424739900815175,-296.1055101667136,107.66601562499909,315.07212518985597,-181.86767578125,-197.43255615234375,268.4314916751055,0.38539918558361425,0.5875772944235887,0.6106782320765834,0.46420430824837444
609,20.3,True,True,216.79556274414062,663.6363525390625,1053.453369140625,462.21295166015625,177.262939453125,591.1511840820312,1048.48193359375,385.15814208984375,258.3238220214844,559.6408081054688,1046.5675048828125,447.77789306640625,860.5624389648438,895.2406005859375,796.1415405273438,668.8145751953125,760.314208984375,-192.45038713727695,60.9110151018408,201.8596127758707,-167.431640625,28.0078125,169.75803911277458,0.9901064930072828,-251.67625972202882,122.04515729631635,279.7069182683058,-118.3740234375,-2.3931884765625,118.39821272243154,0.8907821742283465,0.5859727890390592,0.6095857869620254,0.4554081426660795
610,20.333333333333332,True,True,174.92266845703125,665.5142211914062,1045.58203125,453.97528076171875,151.71585083007812,585.1121826171875,1041.906005859375,379.5044860839844,255.00877380371094,555.9312744140625,1042.262939453125,453.0122985839844,895.9891357421875,913.6263427734375,793.9530639648438,695.4168090820312,741.3026123046875,-378.3170127868654,-69.39278738839334,384.62854951954364,-197.27783203125,-169.60968017578125,260.1653063348011,0.8634539335645764,-491.12565176827593,55.82650320870516,494.2883817017404,-236.14013671875,-247.130126953125,341.81202994835866,0.6047695823148721,0.6100954783142638,0.6221049769014815,0.4735220928914934
611,20.366666666666667,True,True,171.0837860107422,683.5418701171875,1043.719970703125,454.8303527832031,144.18821716308594,600.2283325195312,1040.1204833984375,379.6387939453125,258.3154296875,531.0059814453125,1040.744140625,454.9273376464844,902.1102294921875,922.6886596679688,786.1187133789062,706.238037109375,749.5198974609375,-494.0106664385118,-125.67143031529099,509.7448841847396,-53.565673828125,4.02923583984375,53.71700060608519,0.9479105392013025,-612.2464534214569,13.417903355188628,612.3934681702617,-55.86181640625,25.65216064453125,61.47012183116623,0.9176890859355399,0.6142634436056279,0.6282756751162815,0.4808904660401491
612,20.4,True,True,196.62136840820312,675.583740234375,1042.8980712890625,451.86004638671875,165.4759063720703,600.0762329101562,1038.1192626953125,375.7326965332031,262.52337646484375,523.925048828125,1042.48583984375,453.30517578125,875.3494262695312,901.0196533203125,783.1530151367188,702.4214477539062,749.115966796875,-354.9161318370276,-232.36675807408005,424.21665560891927,-60.03662109375,-117.18292236328125,131.6671301652516,0.8689829474871146,-471.257134846279,-139.87246922084364,491.57664182654145,-24.656982421875,-89.10919189453125,92.45763820393124,0.5298942460623091,0.5960415206035412,0.6135208502362707,0.4782916801671206
613,20.433333333333334,True,True,95.91677856445312,665.3367919921875,1039.869873046875,439.22027587890625,85.01744842529297,562.6177978515625,1035.3345947265625,364.1363830566406,208.3210906982422,367.8135070800781,1045.789306640625,449.7925720214844,970.6575927734375,970.8231201171875,841.4710693359375,721.4038696289062,815.108642578125,-28.673188345772985,-353.9660862513956,355.12552984267774,-83.5400390625,-347.889404296875,357.77922766504844,0.9880358173146097,-113.08292933872792,-346.1371503557484,364.1410108244136,-90.845947265625,-379.193115234375,389.9235883807733,0.9967516822723724,0.660938603738696,0.6610513143508348,0.4912171602777674
614,20.466666666666665,True,True,100.47425842285156,660.3778686523438,1039.7303466796875,432.61053466796875,84.47159576416016,565.3999633789062,1035.02490234375,358.57373046875,206.43838500976562,369.181396484375,1048.1331787109375,446.2152404785156,966.4780883789062,972.7942504882812,845.212646484375,724.1810913085938,774.291748046875,337.7794769832066,-496.20875767299185,600.2650300179268,-9.290771484375,-166.87957763671875,167.13800246199102,0.7940913023891553,237.83303669520785,-573.8248770577568,621.1598368165909,-4.185791015625,-198.292236328125,198.3364107632168,0.9155094884170502,0.6580927023421507,0.662393493266404,0.49310822158807016
615,20.5,False,True,144.87017440795898,629.6130676269531,1037.41650390625,427.56500244140625,131.39768028259277,544.5376281738281,1032.83984375,354.140869140625,230.19232940673828,394.37886810302734,1048.989990234375,443.5982666015625,915.3207855224609,921.4542236328125,820.7649536132812,709.3629150390625,,744.0182713099889,-552.5476946149558,926.7535502318871,-65.5517578125,-132.98583984375,148.26417824699323,0.17982919065115807,652.0628029959543,-718.7480163574228,970.4558774455801,-69.415283203125,-151.365966796875,166.52368434106518,0.3931270772607344,0.6232587541273463,0.6274351249206664,0.48301825288391165
616,20.533333333333335,False,True,189.2660903930664,598.8482666015625,1033.77734375,429.80780029296875,178.3237648010254,523.67529296875,1030.050048828125,356.8362731933594,253.94627380371094,419.5763397216797,1047.34033203125,442.9334716796875,864.1634826660156,870.1141967773438,796.3172607421875,694.5447387695312,,1921.600991367432,-554.4814035221858,2000.0,-83.69384765625,80.86212158203125,116.37586881417809,-0.8836141266660972,1851.3693191925797,-756.5921231852947,2000.0,-109.1748046875,67.283935546875,128.24299575894895,-0.9865231940314898,0.588424805912542,0.592476756574929,0.4729282841797531
617,20.566666666666666,False,True,233.66200637817383,568.0834655761719,1035.34033203125,428.47479248046875,225.249849319458,502.8129577636719,1030.6826171875,354.82391357421875,277.7002182006836,444.77381134033203,1047.488525390625,441.8976135253906,813.0061798095703,818.774169921875,771.8695678710938,679.7265625,,1950.0452714822281,-444.21102809618685,2000.0,18.97705078125,-60.37078857421875,63.28317761796702,0.5042689117236152,1922.3367074813768,-551.925340393533,2000.0,46.8896484375,-39.990234375,61.62676347139916,0.9103943628978559,0.5535908576977376,0.5575183882291915,0.4628383154755945
618,20.6,True,True,278.05792236328125,537.3186645507812,1031.793701171875,426.4308166503906,272.1759338378906,481.95062255859375,1028.8076171875,353.64019775390625,301.45416259765625,469.9712829589844,1048.295654296875,440.52069091796875,761.848876953125,767.4341430664062,747.421875,664.9083862304688,707.296630859375,1962.7585376480292,-384.1600206968649,2000.0,-56.25,-35.511474609375,66.52163053422763,-0.7273053754206154,1947.4084858755277,-455.63163601777586,2000.0,-106.39892578125,-61.31927490234375,122.80384717895913,-0.7298760322280358,0.5187569094829333,0.522560019883454,0.452748346771436
619,20.633333333333333,True,True,748.1605224609375,461.4559020996094,1032.27978515625,428.62725830078125,723.84375,345.4805603027344,1029.493408203125,354.9018249511719,704.8168334960938,382.5221252441406,1050.283447265625,440.36822509765625,286.00958251953125,305.7947998046875,350.2760925292969,193.33383178710938,244.7704315185547,1971.2473165516394,-337.9112540708453,2000.0,20.57373046875,37.84881591796875,43.079127797496746,0.3222717305383476,1961.9801600271915,-388.1157691834538,2000.0,14.58251953125,65.89324951171875,67.48755594250625,0.022496034590366653,0.1947491839900223,0.2082213022575504,0.131644561159529
620,20.666666666666668,True,True,1110.769775390625,388.32843017578125,1036.545654296875,435.3890686035156,1116.069580078125,340.57965087890625,1033.4527587890625,361.0621643066406,1155.567626953125,398.62396240234375,1053.4898681640625,442.49298095703125,87.88585662841797,85.11798858642578,111.10517883300781,29.593416213989258,55.79356002807617,1977.6509903218775,-298.15525976094057,2000.0,118.780517578125,184.8101806640625,219.68981367648954,0.4092230718915058,1971.917119739388,-333.9803456878268,2000.0,127.97607421875,202.85430908203125,239.8494241927449,0.3848432408273246,0.05984309585669103,0.057958403610293203,0.020150701275045337
621,20.7,True,True,1108.2913818359375,399.9675598144531,1042.8197021484375,446.23284912109375,1109.7606201171875,352.67779541015625,1037.43359375,370.9808654785156,1114.4725341796875,407.57720947265625,1054.317138671875,447.36322021484375,80.16868591308594,74.60697937011719,72.12210845947266,18.23519515991211,18.23519515991211,1986.651132062658,-230.6887020269461,2000.0,119.425048828125,297.56103515625,320.6320506918469,0.26293681364705507,1982.973310718898,-260.4166790227196,2000.0,188.221435546875,325.31341552734375,375.840560771975,0.38383436232971635,0.05458833241036497,0.05080126415449223,0.012416679700055763
622,20.733333333333334,True,True,1109.726318359375,408.251220703125,1037.1156005859375,457.4288635253906,1110.804443359375,361.7412109375,1034.9150390625,381.00579833984375,1113.71728515625,417.5682678222656,1050.0911865234375,452.1495056152344,87.69696044921875,78.29640197753906,72.41645050048828,16.44801902770996,16.851808547973633,1292.3765945434566,1.8620518275664608,1292.377935961749,-75.556640625,300.74798583984375,310.09378731161036,-0.2422597583178125,1256.17822919573,-29.5366450718476,1256.5254302669007,-171.123046875,335.88043212890625,376.95989423131505,-0.4747750975922209,0.05971447297477983,0.05331345985038533,0.01119975860836806
623,20.766666666666666,True,True,1101.340576171875,410.8516845703125,1032.2918701171875,464.642578125,1109.5079345703125,363.9923095703125,1031.7620849609375,388.01605224609375,1142.64111328125,421.47412109375,1046.3099365234375,455.64739990234375,87.52819061279297,81.3729476928711,102.21305084228516,21.759456634521484,36.4701042175293,-53.43632289341622,206.38821193150056,213.19365522606773,-94.588623046875,210.3076171875,230.5998730636855,0.9857015089485716,-78.43518938337183,183.47324916294622,199.53574138989222,-144.7119140625,216.41143798828125,260.337182445743,0.9828601465900694,0.059599554489753875,0.05540833640064217,0.014816414143571406
624,20.8,True,True,1097.4263916015625,422.13983154296875,1026.02783203125,473.0672607421875,1105.0146484375,377.7508850097656,1025.771728515625,397.2891540527344,1138.581787109375,432.1116943359375,1037.88818359375,462.31256103515625,87.70038604736328,81.61608123779297,105.12513732910156,17.853168487548828,52.35676956176758,-42.226213727679806,136.5010397774829,142.88312351747376,-179.710693359375,278.19305419921875,331.19074369975493,0.9628198153087142,-73.49173409598325,119.19901166643376,140.0337079516547,-187.921142578125,252.740478515625,314.9477818753056,0.9962306721468253,0.059716805527547635,0.055573890502211135,0.012156550713992536
625,20.833333333333332,True,True,1096.4373779296875,427.46539306640625,1027.40478515625,469.3597106933594,1103.649658203125,383.2921142578125,1023.8798217773438,395.3250732421875,1132.871826171875,439.88665771484375,1028.792236328125,465.162841796875,80.75043487548828,80.67229461669922,107.1048355102539,6.747697353363037,57.50940704345703,-46.760689871653085,52.45631626674083,70.27252118395396,-56.7572021484375,-58.92242431640625,81.81217564055622,-0.07598472142568949,-70.7261875697559,42.221897670200406,82.37039669095425,41.30859375,-111.22650146484375,118.64962935345153,-0.7794560669191444,0.05498445597628487,0.05493124883720274,0.004594631207118194
626,20.866666666666667,True,True,1098.370361328125,422.44757080078125,1025.419921875,464.2462158203125,1105.4488525390625,379.043212890625,1021.063720703125,392.58154296875,1131.9268798828125,437.18463134765625,1025.9879150390625,465.90313720703125,84.07671356201172,85.46424102783203,109.7625503540039,12.845199584960938,44.858463287353516,-27.795933314733702,-27.14826311383979,38.85411302469015,-84.4830322265625,-82.305908203125,117.94763778616186,0.9999991996464884,-29.41981724330526,-29.634998866490264,41.75833814277528,-59.5458984375,-153.40484619140625,164.55625438049466,0.9165239276009239,0.05724938029881034,0.058194173264667685,0.008746532599792474
627,20.9,True,True,1094.63232421875,422.049560546875,1024.1790771484375,459.9538879394531,1102.146728515625,377.1768493652344,1018.2223510742188,387.770263671875,1129.3426513671875,433.4472351074219,1024.725341796875,465.4488525390625,80.00248718261719,84.59031677246094,109.40239715576172,20.730703353881836,71.27507019042969,-6.985604422434335,-98.88705662318682,99.13348897695516,-85.2410888671875,-144.33837890625,167.62938542077862,0.8947490117240102,-7.574680873327452,-87.64369419642878,87.97040935865807,-37.225341796875,-128.76983642578125,134.04251879540547,0.9810087119865863,0.05447516463866363,0.057599102169135476,0.014115917117679106
628,20.933333333333334,True,True,1091.880126953125,413.819091796875,1024.059326171875,453.54620361328125,1101.0194091796875,368.8404846191406,1017.5883178710938,381.3769226074219,1126.67919921875,427.1585693359375,1025.404296875,462.23309326171875,78.59964752197266,84.3676986694336,107.17662048339844,25.86454963684082,71.7979507446289,3.4040614536816065,-115.56740897042437,115.61753176105155,-19.02099609375,-191.80023193359375,192.7410886712504,0.9917815611953791,8.327113560266298,-102.31090000697577,102.64921373533733,-3.592529296875,-192.23052978515625,192.26409661772723,0.9950143676316127,0.053519945317784035,0.05744751740919821,0.01761164745485477
629,20.966666666666665,True,True,1096.4869384765625,408.9843444824219,1024.8470458984375,450.12646484375,1104.0247802734375,363.5248718261719,1018.1815185546875,377.47723388671875,1122.367919921875,420.85516357421875,1027.30224609375,459.736572265625,82.61324310302734,86.9697265625,102.70952606201172,17.46816635131836,39.42036056518555,11.979544503346915,-100.75796944754495,101.4676199272461,17.7960205078125,-116.99066162109375,118.33644093201275,0.9994680507640442,28.63272530691802,-89.04235839843795,93.53274585757278,23.631591796875,-102.5921630859375,105.27869707355676,0.9964130632077561,0.05625287635243908,0.05921928604866103,0.011894395679868185
630,21.0,True,True,1097.2001953125,410.06976318359375,1021.2152099609375,449.11151123046875,1104.0677490234375,363.5650939941406,1014.2622680664062,376.4884033203125,1117.369140625,418.6121826171875,1025.366943359375,459.1468200683594,85.42819213867188,90.7305679321289,100.5358657836914,20.545623779296875,70.9397964477539,17.89358956473052,-62.486703055245925,64.99822002351691,-117.5775146484375,-29.6649169921875,121.26202724289624,-0.031746609185122544,38.16414969307925,-46.59246172223823,60.22756687044559,-108.955078125,-30.4486083984375,113.1296901906226,-0.40206822396038966,0.05816962691315792,0.061780112093016135,0.013989893032030926
631,21.033333333333335,True,True,1099.18994140625,408.2422790527344,1015.1666870117188,445.8962097167969,1105.00341796875,362.20721435546875,1008.397705078125,374.43682861328125,1114.155517578125,417.40740966796875,1021.8935546875,458.8722839355469,92.0745620727539,97.3767318725586,101.15139770507812,28.133888244628906,80.15714263916016,10.651506696427077,-13.038875034877492,16.8364740096964,-175.9368896484375,-61.5472412109375,186.3916630105644,-0.3414357114930148,32.49258858816802,3.641510009765284,32.696007528613755,-181.4556884765625,-96.45904541015625,205.50064311807367,-0.9297774354806443,0.06269526241724073,0.06630560733223317,0.019156881842355065
632,21.066666666666666,True,True,1102.466552734375,405.20013427734375,1010.4265747070312,446.02764892578125,1106.2552490234375,359.43450927734375,1003.7744750976562,374.2413635253906,1112.228759765625,417.1917419433594,1018.1312255859375,459.13897705078125,100.6888427734375,103.54492950439453,103.02386474609375,5.822475433349609,75.90670776367188,23.201424734931607,14.462160382951652,27.339718225923846,-138.6968994140625,-5.86395263671875,138.820804808214,-0.8702216487314101,41.920166015623636,30.5385916573656,51.86430274468911,-142.203369140625,3.94317626953125,142.25802906703527,-0.7916345827976135,0.06856088454899069,0.07050564652290332,0.0039646305884501395
633,21.1,True,True,1098.5469970703125,413.5474548339844,1003.5072021484375,446.41571044921875,1103.8968505859375,364.4464111328125,998.335693359375,375.01055908203125,1107.73388671875,417.2765197753906,1012.375,459.7905578613281,100.5628433227539,106.08845520019531,104.40670776367188,32.95038986206055,62.80979919433594,75.05780901227536,38.337478637695085,84.28188988162837,-163.1634521484375,23.07586669921875,164.7871589078335,-0.8180840849855076,82.0893205915163,53.01191057477638,97.71857151005038,-207.5811767578125,11.641845703125,207.90737725134616,-0.8083632757553688,0.06847508920609463,0.07223757994048743,0.022436526361319317
634,21.133333333333333,True,True,1098.860107421875,413.53314208984375,1000.13232421875,445.21142578125,1103.6893310546875,365.54644775390625,996.6669921875,374.6567687988281,1104.35205078125,415.03411865234375,1013.0716552734375,459.4356994628906,103.6855239868164,107.4094009399414,101.50669860839844,13.080924987792969,89.25160217285156,134.95749337332427,73.16757202148426,153.5155321559677,-50.06103515625,-10.61370849609375,51.17380236952645,-0.9588488426156149,128.62740652901675,93.09134347098188,158.779746629138,-101.246337890625,-36.1285400390625,107.49926670269313,-0.9600205121952103,0.07060137989128894,0.07313703618473086,0.008907042361188746
635,21.166666666666668,True,True,1108.636474609375,414.4079284667969,1002.1393432617188,453.2332763671875,1111.8641357421875,365.9569091796875,997.9411010742188,380.3873291015625,1104.4603271484375,418.0299072265625,1014.191650390625,460.7691345214844,113.35363006591797,114.83333587646484,99.87530517578125,14.43101692199707,96.03490447998047,213.95233154296739,84.05593872070301,229.87170553787263,38.2232666015625,171.91680908203125,176.11475620924472,0.5589541032286323,202.72090366908378,100.83768572126098,226.41555522099128,60.2105712890625,240.655517578125,248.07335817405001,0.6493608999039976,0.07718457110134368,0.07819212999713564,0.009826344785189888
636,21.2,True,True,1117.6435546875,419.67425537109375,1008.385498046875,457.3761901855469,1123.7005615234375,370.9552001953125,1007.21875,387.28857421875,1111.140869140625,423.41021728515625,1012.9405517578125,467.05169677734375,115.58009338378906,117.62139129638672,107.46107482910156,9.943729400634766,90.46607208251953,309.1495186941952,62.34185355050181,315.37268685313376,278.3294677734375,207.037353515625,346.88868298317095,0.9045084324987346,310.4477364676327,78.89030456542957,320.3146534773315,187.3846435546875,124.28741455078125,224.85632313954403,0.9438170436786929,0.07870061091553243,0.08009056820037894,0.00677086819795267
637,21.233333333333334,True,True,1125.7261962890625,427.2677917480469,1006.2330322265625,471.1398010253906,1132.7042236328125,376.7864990234375,1010.6723022460938,395.69677734375,1116.4814453125,428.48284912109375,1027.678466796875,468.0811767578125,127.2924575805664,123.48841857910156,97.23165893554688,19.806760787963867,82.2469253540039,379.78467668805706,38.54958670479891,381.7361278188938,103.6065673828125,252.24609375,272.69472421919545,0.4714061649152992,383.40885707310144,55.831571306500905,387.45259843838295,-64.573974609375,412.9083251953125,417.9271266769485,-0.010528903236555007,0.08667577506850474,0.08408553496229813,0.013486787634739896
638,21.266666666666666,True,True,1141.1546630859375,425.3779296875,1012.3347778320312,480.983154296875,1146.94287109375,375.55560302734375,1016.106201171875,401.7256164550781,1128.8326416015625,426.5643005371094,1039.9561767578125,468.671875,140.30860900878906,133.4282684326172,98.3467025756836,17.395246505737305,95.53529357910156,409.4072178431911,-7.233025687081636,409.471106041308,163.0169677734375,180.86517333984375,243.48869113225297,0.6562796536068768,413.44704764229755,-0.6815774100169847,413.4476094402991,183.0523681640625,295.30059814453125,347.43432869391216,0.5254671023262487,0.09553871192190133,0.0908537615052788,0.01184474321613432
639,21.3,True,True,1161.23779296875,425.907958984375,1025.1365966796875,472.90130615234375,1164.2943115234375,373.55902099609375,1028.9825439453125,396.6153259277344,1140.6942138671875,426.0101013183594,1047.7503662109375,467.88079833984375,143.9857940673828,137.2620391845703,101.93975830078125,13.429539680480957,93.45671081542969,431.51628766740987,-83.33165849958175,439.48887566189177,386.290283203125,-153.3087158203125,415.60046347859605,0.9825582762461301,436.1107962472083,-79.85101972307496,443.36081463542644,384.0545654296875,-242.4554443359375,454.1833899599621,0.9279104695543848,0.09804257484576868,0.09346424650711156,0.009144420515898935
640,21.333333333333332,True,True,1175.23828125,421.3350524902344,1048.649169921875,473.576416015625,1179.1436767578125,370.9381103515625,1042.1920166015625,398.1568298339844,1164.276123046875,416.26385498046875,1074.8662109375,470.35699462890625,136.9451141357422,139.6302947998047,104.49976348876953,2.0293214321136475,109.63975524902344,473.8262067522314,-122.82620021275136,489.48702706395727,396.2841796875,46.2451171875,398.9733849948896,0.9323958050173182,484.8314993722088,-124.12065778459873,500.46730210113185,705.377197265625,20.2532958984375,705.6679009399946,0.9612404151690598,0.09324844641362671,0.09507683530390541,0.0013818022790568843
641,21.366666666666667,True,True,1187.03076171875,413.5419616699219,1055.5654296875,463.3147277832031,1191.7431640625,364.7938537597656,1053.70361328125,392.8707275390625,1173.554931640625,416.9794616699219,1061.366455078125,469.4561767578125,140.5718994140625,140.86599731445312,123.85499572753906,22.303159713745117,94.76481628417969,488.67383684430706,-93.91832624162998,497.61709257235697,345.347900390625,-158.58306884765625,380.0181075019367,0.9711947918096452,490.1303100585924,-92.35954284668003,498.75645960025383,207.48779296875,-307.85064697265625,371.24547818461826,0.7027880863530707,0.09571799120033565,0.09591824786869516,0.01518663156803282
642,21.4,True,True,1201.091552734375,405.32989501953125,1052.02001953125,458.3469543457031,1207.857177734375,354.5640563964844,1050.875,385.4032287597656,1183.549072265625,409.7933044433594,1063.3216552734375,467.10211181640625,158.21861267089844,159.98268127441406,133.1875762939453,49.54704284667969,111.90365600585938,514.1503470284588,-56.532047816685576,517.2489263206185,-84.8583984375,-224.02496337890625,239.55820170116863,-0.24989976216849552,519.468906947543,-62.725099836077334,523.2421843035221,-106.3623046875,-149.033203125,183.09515420167213,-0.4791471630581142,0.10773396275135884,0.10893514950185391,0.0337374925640843
643,21.433333333333334,True,True,1228.007080078125,406.13983154296875,1062.947265625,458.7779541015625,1230.357666015625,355.489990234375,1064.421875,391.3587646484375,1197.588623046875,403.9192810058594,1075.8726806640625,464.97906494140625,173.24986267089844,169.7682342529297,136.17294311523438,59.1689567565918,121.56468200683594,504.8302786690829,-250.77824183872804,563.6872686524217,406.40625,178.66607666015625,443.94550002021117,0.6408108127921613,513.6655099051331,-224.2317417689735,560.4749147667967,327.8173828125,12.92999267578125,328.07228042709266,0.9000027912824752,0.11796901727667398,0.11559831246537773,0.04028923067673885
644,21.466666666666665,True,True,1240.509033203125,415.15765380859375,1096.23095703125,459.4917907714844,1245.361328125,363.8406066894531,1092.1654052734375,384.9768981933594,1206.91162109375,411.33984375,1090.3497314453125,463.0834655761719,150.93600463867188,154.64712524414062,127.53068542480469,72.1550064086914,117.89627075195312,-63.97198268345528,-327.23329271589034,333.42771694947,832.305908203125,-191.45599365234375,854.0424593281267,0.03303297132726688,-62.01762608119543,-270.70104871477474,277.7143203366111,998.5107421875,21.41510009765625,998.7403610428612,-0.24416374757813525,0.10277510102686242,0.10530207128861664,0.0491316706772504
645,21.5,True,True,1265.677734375,412.9791259765625,1111.651123046875,455.9947509765625,1267.235595703125,363.8042297363281,1107.6302490234375,385.8816223144531,1214.247802734375,407.9402160644531,1113.4666748046875,464.1119384765625,159.92042541503906,161.1250457763672,115.37806701660156,93.68255615234375,134.3716278076172,-1017.2377232142871,-317.1442304338732,1065.5294685871809,463.9453125,27.1417236328125,464.73855677410995,-0.970431480230593,-1030.738351004466,-238.12807355608288,1057.8877670371924,462.60498046875,-104.91119384765625,474.35190159736163,-0.9004233220166099,0.10889275834242117,0.1097130064974647,0.0637901751544373
646,21.533333333333335,True,True,1269.474853515625,348.6733703613281,1138.5445556640625,465.7916259765625,1273.372314453125,290.48577880859375,1137.9483642578125,389.0837097167969,1216.18310546875,376.26336669921875,1140.77587890625,464.57965087890625,175.66851806640625,167.5147705078125,116.12930297851562,87.3326416015625,148.05738830566406,-1575.4085540771498,-270.9037726266047,1598.5308774880712,909.54345703125,96.0626220703125,914.6022783633229,-0.9978839459225057,-1609.6778869628918,-188.00898415701772,1620.620337371179,806.802978515625,293.90625,858.6686962564471,-0.9729615742461292,0.11961592421062625,0.11406388756378304,0.05946640157217781
647,21.566666666666666,True,True,1086.119873046875,473.90753173828125,1167.897216796875,453.8140563964844,1090.3502197265625,381.74383544921875,1165.937744140625,379.923828125,1102.79638671875,435.57537841796875,1173.456298828125,464.4154968261719,84.20974731445312,75.60942840576172,76.31890869140625,7.277351379394531,71.34400939941406,-1746.208648681642,-197.35578264508968,1757.3257949720144,839.681396484375,-274.79644775390625,883.5032174814733,-0.9094573784162543,-1781.4495849609389,-114.24548557826483,1785.109143647109,880.579833984375,-359.32708740234375,951.0713957222144,-0.899804131991232,0.0573399654271227,0.05148385013627494,0.004955282372921772
648,21.6,True,True,949.7064208984375,380.95684814453125,1223.0372314453125,451.793212890625,958.3704223632812,315.3849792480469,1212.68505859375,382.4591064453125,948.4497680664062,300.3771667480469,1207.529541015625,464.897216796875,282.3606262207031,263.01116943359375,306.9025573730469,187.3518829345703,278.3374328613281,-1528.26752798898,-35.984720502581126,1528.6911189691646,1402.41943359375,76.058349609375,1404.4803808763995,-0.9995306670951328,-1587.7810886928037,42.86997658865789,1588.359726416915,1654.200439453125,-60.62530517578125,1655.3110044685163,-0.9999535399569867,0.1922645425477605,0.17908914161628148,0.12757134218749516
649,21.633333333333333,True,True,973.1158447265625,386.50335693359375,1171.4541015625,508.05511474609375,982.0125732421875,323.80218505859375,1164.853271484375,405.60516357421875,970.8974609375,302.5910339355469,1170.9608154296875,431.80108642578125,232.6217803955078,200.30589294433594,238.1608428955078,80.52555084228516,246.538818359375,-893.6045183454248,130.09947640555208,903.0254198904688,-1434.95361328125,694.3817138671875,1594.1323147160801,0.9535114134351864,-926.1075701032378,200.87712969098743,947.6427874655161,-1351.5876430183025,1474.1814134449712,2000.0,0.8166816125143267,0.1583964478086591,0.1363919658063844,0.054831328302824126
650,21.666666666666668,True,True,987.9110107421875,386.50396728515625,1218.6103515625,534.15380859375,997.2457275390625,320.809326171875,1207.408447265625,423.68658447265625,991.8742065429688,300.9249267578125,1184.480712890625,434.431640625,273.90264892578125,233.99166870117188,234.3529510498047,102.05462646484375,253.23606872558594,90.94296046665659,30.550248282295797,95.93716552280341,1276.6552734375,542.442626953125,1387.116682450177,0.9969831100983095,81.7966788155677,100.78708648681607,129.8026712658799,1414.6875,782.9608154296875,1616.9008507495353,0.9273436591102602,0.18650535027915988,0.1593292299460105,0.06949087177901674
651,21.7,True,True,1004.9022216796875,393.86663818359375,1243.849365234375,511.6221923828125,1020.4785766601562,325.43768310546875,1234.27099609375,405.9727478027344,1014.12841796875,300.9069519042969,1213.458740234375,442.4834289550781,266.38714599609375,228.4580841064453,244.49227905273438,130.1856231689453,252.42918395996094,705.6587219238277,-16.865256173270495,705.8602331148568,805.87646484375,-531.4151000976562,965.3180228302286,0.8477450808431496,709.8503330775663,67.4584415980745,713.0484813202905,757.17041015625,-675.948486328125,1014.9942788929735,0.6796351571111181,0.18138790613642275,0.1555613104418129,0.088645784718256
652,21.733333333333334,True,True,1038.409912109375,389.9517517089844,1045.189208984375,373.9661865234375,1045.998779296875,314.1515197753906,1051.165771484375,304.4534912109375,1040.5330810546875,302.3751525878906,1033.017578125,387.4703674316406,17.36367416381836,10.98861026763916,85.42645263671875,2.756011962890625,143.1250762939453,747.407815115791,-31.734891619001587,748.0812425413634,-1690.2045620442286,-1069.2093039368044,2000.0,-0.8216626670752962,762.4226597377221,36.64081028529529,763.3026012401016,-1594.7046255919013,-1207.0282327732514,2000.0,-0.825403603339854,0.011823245027957535,0.007482346793960889,0.0018766192241234999
653,21.766666666666666,True,True,1065.307373046875,387.7200622558594,1066.96044921875,377.7353820800781,1072.923828125,312.717041015625,1074.432373046875,304.86016845703125,1066.126708984375,302.37786865234375,1059.8350830078125,386.2204284667969,10.120597839355469,8.000384330749512,84.07829284667969,1.3352572917938232,137.733642578125,778.926348005021,-30.46217782156839,779.5217764078641,-1690.2045620442286,-1069.2093039368044,2000.0,-0.8235654617109185,808.2066127232131,11.967544555663721,808.2952127609203,-1594.7046255919013,-1207.0282327732514,2000.0,-0.8062004869726188,0.006891301170201402,0.005447608804902995,0.0009092012431989629
654,21.8,True,True,1092.2547607421875,399.9835205078125,1098.7471923828125,379.92608642578125,1101.0501708984375,319.74737548828125,1107.3857421875,306.64544677734375,1094.8992919921875,303.25811767578125,1088.1015625,388.8487548828125,21.08203887939453,14.553350448608398,85.86015319824219,2.8282485008239746,150.40565490722656,844.8248944963716,-30.397567749023892,845.3715836754047,988.60107421875,53.558349609375,990.0507970601036,0.9959447855583746,877.7044241768967,-32.38053458077616,878.3015172703705,953.602294921875,65.72113037109375,955.8643229337106,0.994420476001933,0.014355147937491344,0.009909643932974738,0.0019258064111151226
655,21.833333333333332,True,True,1120.616455078125,390.9652099609375,1232.5478515625,543.3468017578125,1127.854736328125,318.8772888183594,1229.310791015625,461.0689697265625,1116.75,392.0509033203125,1183.404052734375,475.3909606933594,189.07350158691406,174.67628479003906,106.71611022949219,40.29566192626953,69.68275451660156,884.6794346400652,-51.82594299316429,886.1961579933621,1493.2209806887809,1330.522867170477,2000.0,0.7064272846722484,901.5550885881689,-70.3117479596823,904.292717907408,1519.9737834618877,1299.876799876724,2000.0,0.7071512709210087,0.1287436239856515,0.11894029432718674,0.027438057177482513
656,21.866666666666667,True,True,1144.261962890625,388.81756591796875,1247.1746826171875,506.8608093261719,1149.643798828125,313.84051513671875,1251.2783203125,434.85980224609375,1146.9412841796875,302.9060363769531,1189.8868408203125,479.46636962890625,156.6053466796875,158.03558349609375,181.7082061767578,67.3433837890625,74.68169403076172,912.3558262416277,-108.23890686035179,918.7539467318587,1493.2209806887809,1330.522867170477,2000.0,0.6630363470315643,958.9131382533474,-111.11935206822034,965.3299524613045,1519.9737834618877,1299.876799876724,2000.0,0.6801204914918949,0.10663546027259756,0.10760933482062458,0.045855348357606886
657,21.9,True,True,1188.96142578125,383.46710205078125,1278.150634765625,524.6450805664062,1195.906005859375,314.13458251953125,1277.5155029296875,444.2081298828125,1181.4371337890625,387.9877624511719,1204.9903564453125,449.5392150878906,166.99082946777344,153.55531311035156,65.90398406982422,15.115378379821777,85.16172790527344,588.9795030866339,-37.888069152832486,590.1968831163954,787.115478515625,280.4498291015625,835.5853536066659,0.9185037292606241,617.987234933034,-48.4128243582594,619.8806531119684,929.278564453125,533.5281372070312,1071.5460435947984,0.8256961300508907,0.11370712647519425,0.10455863633006485,0.010292339086120286
658,21.933333333333334,True,False,1219.1219482421875,374.63427734375,1195.4270891462054,530.6968645368304,1223.04638671875,299.05181884765625,1202.2928641183037,454.1644199916295,1198.900634765625,383.6815490722656,1116.4935825892858,452.3037894112723,232.66458320617676,230.04499626159668,118.47279834747314,57.72189724445343,,30.188162667409415,156.71028137206986,159.59147048933184,-1982.708322139212,262.42657221693094,2000.0,-0.05867913657898665,1.1869594029003565,146.0614231654573,146.0662459630661,-1994.6694790867832,145.92349360080965,2000.0,0.064854824389524,0.1584255930295179,0.1566418681089969,0.039303901245845735
659,21.966666666666665,True,False,1256.276123046875,372.5484619140625,1112.7035435267858,536.7486485072544,1252.7532958984375,294.420654296875,1127.0702253069196,464.12071010044644,1212.58935546875,375.44708251953125,1027.9968087332588,455.06836373465404,298.3383369445801,306.5346794128418,171.04161262512207,100.32841610908508,,-657.9065595354368,411.97257995605423,776.2489598804,-1982.7083221392124,262.4265722169302,2000.0,0.9098558815616883,-763.1772722516753,362.75785173688564,845.0046200336824,-1994.6694790867832,145.92349360080692,2000.0,0.9320785167541116,0.20314405958384152,0.20872509988792898,0.06831546340557118
660,22.0,False,False,1169.1243489583333,401.92734781901044,1029.9799979073662,542.8004324776786,1176.5550028483074,329.1939646402995,1051.8475864955358,474.07700020926336,1116.5749104817708,393.3818766276042,939.5000348772321,457.8329380580357,364.0120906829834,383.0243625640869,223.610426902771,142.93493497371674,,-1386.4394705636182,671.8522426060265,1540.6491623440663,-1982.7083221392122,262.42657221692946,2000.0,0.9493455844049884,-1571.5532575334837,589.9823216029574,1678.6479026490695,-1994.6694790867832,145.92349360080965,2000.0,0.9593499611514922,0.24786252613816515,0.26080833166686107,0.09732702556529663
661,22.033333333333335,False,False,1081.9725748697917,431.3062337239583,947.2564522879464,548.8522164481027,1100.356709798177,363.96727498372394,976.6249476841517,484.03329031808033,1020.5604654947916,411.31667073567706,851.0032610212054,460.5975123814174,429.6858444213867,459.51404571533203,276.1792411804199,185.5414538383484,,-1809.2810353011141,852.3509439074228,2000.0,-1982.7083221392124,262.4265722169302,2000.0,0.952739026440457,-1886.3903506437637,664.4783228906136,2000.0,-1994.669479086783,145.92349360080942,2000.0,0.9649220648914464,0.2925809926924888,0.3128915634457931,0.12633858772502207
662,22.066666666666666,False,False,994.82080078125,460.68511962890625,864.5329066685268,554.9040004185268,1024.1584167480469,398.74058532714844,901.4023088727679,493.9895804268973,924.5460205078125,429.25146484375,762.5064871651786,463.3620867047991,495.35959815979004,536.0037288665771,328.74805545806885,228.14797270298004,,-1819.4920608105767,830.3304387191254,2000.0,-1982.708322139212,262.42657221693094,2000.0,0.956355706269678,-1895.213975302806,638.8771281846383,2000.0,-1994.6694790867832,145.92349360080965,2000.0,0.9683881645905472,0.3372994592468124,0.3649747952247252,0.15535014988474752
663,22.1,False,False,907.6690266927083,490.0640055338542,781.8093610491071,560.9557843889509,947.9601236979167,433.5138956705729,826.179670061384,503.9458705357143,828.5315755208333,447.18625895182294,674.0097133091517,466.1266610281808,561.0333518981934,612.4934120178223,381.3168697357178,270.7544915676117,,-1792.470588748597,887.157925426767,2000.0,-1982.7083221392124,262.4265722169306,2000.0,0.9466900425899767,-1883.0126166360458,673.9907136978992,2000.0,-1994.669479086783,145.9234936008067,2000.0,0.9635847194855373,0.382017925801136,0.41705802700365724,0.18436171204447296
664,22.133333333333333,False,True,820.5172526041666,519.4428914388021,699.0858154296875,567.007568359375,871.7618306477865,468.2872060139974,750.95703125,513.9021606445312,732.5171305338541,465.12105305989587,585.512939453125,468.8912353515625,626.7071056365967,688.9830951690674,433.8856840133667,313.36101043224335,,-1177.4882071358827,727.9082489013671,1384.3153169573507,-1982.7083221392124,262.4265722169306,2000.0,0.9122336884985969,-1430.3119768415186,612.1510968889504,1555.8024670627817,-1994.6694790867832,145.92349360080965,2000.0,0.9455978300333213,0.4267363923554597,0.46914125878258933,0.2133732742041984
665,22.166666666666668,True,True,733.365478515625,548.82177734375,78.43570709228516,324.192626953125,795.5635375976562,503.0605163574219,90.3077621459961,205.46548461914062,636.502685546875,483.05584716796875,167.48306274414062,353.98779296875,692.380859375,765.4727783203125,486.4544982910156,355.967529296875,525.6018676757812,-365.22992815290263,466.6009194510324,592.544781810728,-1792.5481314827039,-887.0012376602501,2000.0,0.2032054282133374,-555.9524972098218,387.78523036411775,677.8352041922792,-1837.678248571568,-789.2646285998035,2000.0,0.5278544410091084,0.4714548589097833,0.5212244905615214,0.24238483636392386
666,22.2,True,False,778.134033203125,547.9271240234375,61.12598419189453,293.0101318359375,847.1849365234375,502.0108642578125,74.8914909362793,179.36666870117188,695.6296997070312,485.30706787109375,134.2052001953125,354.1871643066406,768.3307800292969,838.3474426269531,573.9579925537109,437.4359436035156,,-165.72828020368433,377.86748613630016,412.6132571043227,-1792.5481314827039,-887.0012376602501,2000.0,-0.0461606700814812,-147.48219081333764,473.2105037144246,495.6603448257296,-1837.678248571568,-789.2646285998035,2000.0,-0.1033605970639056,0.5231705564791862,0.5708461895348272,0.29785817773735795
667,22.233333333333334,True,True,839.545654296875,544.0059814453125,43.816261291503906,261.82763671875,902.8082275390625,498.3985595703125,59.4752197265625,153.26785278320312,749.6558837890625,483.54766845703125,100.92733764648438,354.38653564453125,844.2807006835938,911.2221069335938,661.4614868164062,518.9043579101562,765.6803588867188,-511.10827854701506,446.31645747593416,678.5499632401143,-462.4881362915039,-782.9644775390625,909.3561729588719,-0.18324218446102744,-195.85144042968773,801.2650190080911,824.8535733113,-519.2916870117188,-935.474853515625,1069.9425488125785,-0.7340799225980604,0.5748862540485891,0.6204678885081332,0.353331519110792
668,22.266666666666666,True,True,881.401123046875,535.8733520507812,73.56553649902344,261.9461364746094,948.8248901367188,489.40765380859375,97.81399536132812,152.66273498535156,802.7462158203125,483.7248229980469,126.56804656982422,353.7200927734375,853.014892578125,915.2139892578125,688.5623779296875,532.9747924804688,800.8088989257812,-915.3064400809164,507.9175022670199,1046.788454446632,1150.1632690429688,-18.153533935546875,1150.3065227364216,-0.8819433723738314,-454.5574297223782,1008.8690512520922,1106.543817248152,892.4782562255859,3.55499267578125,892.485336466873,-0.4071553592808664,0.5808335259172023,0.623186034586937,0.3629123367421951
669,22.3,True,False,679.141357421875,720.0,76.91164767357611,263.7330578219506,657.2373046875,591.1394653320312,100.91823218560988,153.8895710606729,642.5430297851562,378.35858154296875,130.16439356650076,353.727627858808,848.7911915440714,910.160883257466,686.1953831826487,529.8607693579889,,-1408.5080827985505,576.4261518205909,1521.8942564487006,93.12710472845268,36.8050822596399,100.13626573446332,-0.7215037471890076,-926.8615722656257,1121.6882106236046,1455.0796596732055,100.38333523658025,53.60764042023618,113.80067268977365,-0.19874743434367867,0.5779575302161016,0.6197452817928751,0.3607919411362626
670,22.333333333333332,True,False,690.2049560546875,720.0,80.25775884812879,265.51997916929184,669.7283325195312,587.68505859375,104.02246900989164,155.1164071359942,648.9248046875,383.9064025878906,133.7607405631773,353.73516294417846,844.5674905100176,905.1077772571194,683.8283884356099,526.746746235509,,-1540.738939557758,558.409325735909,1638.809767770011,93.12710472845268,36.80508225963905,100.13626573446301,-0.7491105511029132,-1126.7368207659056,1055.0169263567238,1543.5661884638603,100.38333523658025,53.607640420237885,113.80067268977446,-0.32192300785911987,0.575081534515001,0.616304528998813,0.35867154553033
671,22.366666666666667,True,False,668.481201171875,720.0,83.60387002268145,267.30690051663305,660.2831420898438,590.58056640625,107.12670583417339,156.34324321131552,649.3698120117188,386.6078796386719,137.35708755985382,353.7426980295489,840.343789475964,900.054671256773,681.4613936885711,523.6327231130292,,-1304.3937247140077,436.9521658761156,1375.634466105408,93.12710472845268,36.8050822596399,100.13626573446332,-0.7650937437417124,-1017.3604038783494,787.176949637276,1286.3396679803375,100.38333523657982,53.60764042023618,113.80067268977326,-0.409377951509916,0.5722055388139003,0.6128637762047512,0.3565511499243975
672,22.4,True,False,667.5521240234375,718.19189453125,86.94998119723412,269.0938218639743,663.697998046875,587.129638671875,110.23094265845515,157.57007928663685,648.3790893554688,386.7993469238281,140.95343455653037,353.75023311491935,836.1200884419103,895.0015652564264,679.0943989415323,520.5186999905494,,-590.998208182199,181.1357443673262,618.1335130552907,93.12710472845268,36.8050822596399,100.13626573446332,-0.7814721465666836,-499.8662894112731,295.917827061244,580.8904093393546,100.38333523658025,53.607640420237885,113.80067268977446,-0.5190895610551572,0.5693295431127997,0.6094230234106892,0.354430754318465
673,22.433333333333334,True,False,670.6785888671875,720.0,90.2960923717868,270.8807432113155,663.21630859375,589.6331787109375,113.33517948273689,158.79691536195816,647.526611328125,383.81591796875,144.5497815532069,353.75776820028983,831.8963874078567,889.9484592560799,676.7274041944935,517.4046768680696,,-244.3243626185831,34.4742475237158,246.7445397801202,93.12710472845225,36.80508225963905,100.13626573446261,-0.8695291486996332,-260.7022966657373,1.9372558593745453,260.70949435541235,100.38333523658025,53.60764042023618,113.80067268977365,-0.8785732000875734,0.5664535474116991,0.6059822706166272,0.3523103587125325
674,22.466666666666665,True,False,649.1895751953125,720.0,93.64220354633946,272.6676645586567,642.3971557617188,591.4755859375,116.43941630701865,160.0237514372795,644.7584228515625,379.2268981933594,148.14612854988343,353.7653032856603,827.6726863738029,884.8953532557333,674.3604094474547,514.2906537455897,,-224.41203526088248,25.96644810267776,225.90931365705268,93.12710472845268,36.8050822596399,100.13626573446332,-0.8815930089743783,-100.26469639369452,3.8745117187495453,100.33952951842292,100.38333523657982,53.60764042023618,113.80067268977326,-0.8632502874624098,0.5635775517105983,0.6025415178225653,0.35018996310659994
675,22.5,True,False,656.9002075195312,720.0,96.98831472089213,274.454585905998,642.653564453125,592.6884765625,119.5436531313004,161.25058751260082,640.14599609375,376.0769348144531,151.74247554655997,353.77283837103073,823.4489853397492,879.8422472553868,671.9934147004158,511.1766306231099,,-169.5809718540745,18.173937116349634,170.55203899479315,93.12710472845268,36.8050822596399,100.13626573446332,-0.8855426999712689,67.90531703403917,5.811767578124545,68.15356721313647,100.38333523658025,53.607640420237885,113.80067268977446,0.9190548253395201,0.5607015560094977,0.5991007650285033,0.3480695675006674
676,22.533333333333335,True,False,622.9390869140625,720.0,100.33442589544481,276.2415072533392,612.5696411132812,595.5564575195312,122.64788995558216,162.47742358792212,632.048583984375,372.5785217285156,155.33882254323652,353.7803734564012,819.2252843056956,874.7891412550404,669.626419953377,508.06260750063007,,-138.86679513113904,-5.915025983538499,138.99271319885685,93.12710472845268,36.80508225963905,100.13626573446301,-0.9448028444110698,137.20007760184126,-4.547473508864641e-13,137.20007760184126,100.38333523658025,53.60764042023618,113.80067268977365,0.8820979073667701,0.557825560308397,0.5956600122344414,0.3459491718947349
677,22.566666666666666,True,False,671.62255859375,720.0,103.68053706999748,278.02842860068046,631.4058837890625,592.022705078125,125.75212677986391,163.70425966324345,621.119384765625,367.5933837890625,158.93516953991306,353.7879085417717,815.001583271642,869.7360352546938,667.2594252063382,504.9485843781502,,-181.7186410086506,-4.271785191127947,181.76884397153978,93.12710472845268,36.8050822596399,100.13626573446332,-0.9383847759131364,91.5178135463168,-4.547473508864641e-13,91.5178135463168,100.38333523658025,53.607640420237885,113.80067268977446,0.8820979073667631,0.5549495646072964,0.5922192594403793,0.3438287762888024
678,22.6,True,False,696.799072265625,720.0,107.02664824455016,279.81534994802166,642.0889282226562,589.8304443359375,128.85636360414566,164.93109573856478,607.9191284179688,364.88031005859375,162.5315165365896,353.79544362714216,810.7778822375882,864.6829292543473,664.8924304592994,501.83456125567034,,-342.45731898716554,2.133113316126355,342.46396233807826,93.12710472845225,36.8050822596399,100.13626573446292,-0.9276963627945729,-120.59757777622849,-4.547473508864641e-13,120.59757777622849,100.38333523658025,53.60764042023618,113.80067268977365,-0.8820979073667733,0.5520735689061956,0.5887785066463175,0.34170838068286985
679,22.633333333333333,True,False,676.7159423828125,720.0,110.37275941910282,281.6022712953629,623.968017578125,589.1116333007812,131.96060042842743,166.15793181388608,640.5171508789062,359.453125,166.12786353326612,353.8029787125126,806.5541812035345,859.6298232540007,662.5254357122606,498.72053813319053,,-696.6320800781257,6.523720877510186,696.662625614482,93.1271047284531,36.80508225963905,100.13626573446341,-0.926521165549858,-477.56397792271264,-90.17274039132326,486.00254744090194,100.38333523657982,53.607640420237885,113.80067268977407,-0.9541832861173745,0.549197573205095,0.5853377538522555,0.3395879850769373
680,22.666666666666668,True,False,639.831298828125,720.0,113.7188705936555,283.38919264270413,588.479736328125,594.4398193359375,135.06483725270917,167.3847678892074,643.5172119140625,359.1225891113281,169.72421052994267,353.81051379788306,802.3304801694809,854.5767172536542,660.1584409652218,495.60651501071067,,-1054.3850816999172,292.5773620605464,1094.2254855840497,93.12710472845225,36.8050822596399,100.13626573446292,-0.7978659886921261,-1075.1401192801352,-240.4606410435274,1101.7021357775284,100.38333523658025,53.60764042023618,113.80067268977365,-0.9636467735855012,0.5463215775039943,0.5818970010581935,0.3374675894710048
681,22.7,True,False,606.4216918945312,720.0,117.06498176820817,285.17611399004534,554.6505126953125,595.06689453125,138.16907407699094,168.61160396452874,622.3946533203125,359.6339416503906,173.3205575266192,353.81804888325354,798.1067791354271,849.5236112533078,657.791446218183,492.49249188823086,,-1247.6295580182762,503.75479561941916,1345.4918833461768,93.1271047284531,36.8050822596399,100.13626573446372,-0.7247499160724954,-1397.0367540631983,-287.4849700927741,1426.3096789381611,100.38333523658025,53.60764042023618,113.80067268977365,-0.9589415570641846,0.5434455818028937,0.5784562482641317,0.3353471938650723
682,22.733333333333334,True,False,472.58941650390625,720.0,120.41109294276083,286.9630353373866,464.879638671875,594.0201416015625,141.27331090127268,169.83844003985004,554.3170776367188,361.98785400390625,176.91690452329573,353.825583968624,793.8830781013735,844.4705052529612,655.4244514711442,489.378468765751,,-1209.7220502580922,332.55896432059103,1254.6006948948443,93.12710472845225,36.80508225963905,100.13626573446261,-0.7993093200622001,-1502.9488481794097,-151.57987322126155,1510.5733011706475,100.38333523657982,53.607640420237885,113.80067268977407,-0.9249151790928917,0.5405695861017931,0.5750154954700696,0.33322679825913976
683,22.766666666666666,True,False,467.21856689453125,663.8925170898438,123.7572041173135,288.7499566847278,444.6203308105469,678.2685546875,144.37754772555445,171.06527611517137,416.03009033203125,530.270751953125,180.51325151997227,353.83311905399444,789.6593770673198,839.4173992526147,653.0574567241054,486.2644456432712,,-1002.1960340227407,134.59298270089243,1011.1934343157263,93.1271047284531,36.8050822596399,100.13626573446372,-0.872806738025438,-1339.8552376883379,-15.674776349749436,1339.9469230437776,100.38333523658025,53.60764042023618,113.80067268977365,-0.887548108688076,0.5376935904006924,0.5715747426760077,0.33110640265320723
684,22.8,True,False,436.1673889160156,677.3164672851562,,,414.7026672363281,687.256103515625,,,404.9568786621094,534.0464477539062,,,,,,,,-760.9102085658487,-57.24236624581545,763.0603082280873,93.12710472845225,36.8050822596399,100.13626573446292,-0.9549557037768044,-1103.4641810825906,120.23032052176268,1109.9948328280802,100.38333523658025,53.60764042023618,113.80067268977365,-0.8258840386003188,,,
685,22.833333333333332,True,False,391.308837890625,720.0,,,400.1381530761719,602.9630126953125,,,509.3595886230469,369.65362548828125,,,,,,,,-563.1466892787395,-275.35066877092663,626.8589828966334,93.1271047284531,36.80508225963905,100.13626573446341,-0.9969286455635138,-933.4529113769538,256.1354173932755,967.956450364033,100.38333523658025,53.607640420237885,113.80067268977446,-0.72600388610966,,,
686,22.866666666666667,True,False,399.9469299316406,720.0,,,396.4193115234375,599.970458984375,,,482.19598388671875,372.1463623046875,,,,,,,,-541.0803876604358,-496.37348720005616,734.2714925052667,93.12710472845225,36.8050822596399,100.13626573446292,-0.9337811314987035,-779.7795213971826,271.81019374302355,825.7946981017976,100.38333523658025,53.60764042023618,113.80067268977365,-0.6778940506233032,,,
687,22.9,True,False,379.67376708984375,720.0,,,378.3905029296875,598.3931274414062,,,459.4388427734375,372.1153869628906,,,,,,,,-421.3308824811668,-364.43572998046943,557.0755010039092,93.1271047284531,36.8050822596399,100.13626573446372,-0.9438355358087867,-616.723741803851,137.19706944056907,631.7999759161307,100.38333523658025,53.607640420237885,113.80067268977446,-0.7587556984350878,,,
688,22.933333333333334,True,False,316.8492431640625,720.0,,,339.9261169433594,590.7009887695312,,,440.03509521484375,367.34771728515625,,,,,,,,-292.84175327846026,-96.84068952287998,308.4386675020975,93.12710472845225,36.80508225963905,100.13626573446261,-0.998375886496112,-380.42904445103284,-4.547473508864641e-13,380.42904445103284,100.38333523658025,53.60764042023618,113.80067268977365,-0.8820979073667721,,,
689,22.966666666666665,True,False,308.0442810058594,720.0,,,333.38446044921875,589.734619140625,,,431.30499267578125,367.7865295410156,,,,,,,,-138.53658403669124,-105.40845598493365,174.0785101891756,,,,,-209.83294895717108,-4.547473508864641e-13,209.83294895717108,,,,,,,
690,23.0,True,False,327.5067138671875,720.0,,,346.9554748535156,585.7848510742188,,,427.8295593261719,364.36956787109375,,,,,,,,125.15092032296275,-107.35983712332654,164.8905318228787,,,,,155.2547018868579,-4.547473508864641e-13,155.2547018868579,,,,,,,
691,23.033333333333335,True,False,345.12310791015625,720.0,,,357.0097351074219,585.1780395507812,,,429.4986572265625,361.0016784667969,,,,,,,,412.41178240094854,-98.59725952148506,424.03407628193565,,,,,547.0111737932475,-4.547473508864641e-13,547.0111737932475,,,,,,,
692,23.066666666666666,True,False,354.1468505859375,720.0,,,365.2297668457031,577.62548828125,,,432.9618225097656,359.44012451171875,,,,,,,,545.6024060930521,-89.04137747628442,552.8203618151215,,,,,709.78278023856,-4.547473508864641e-13,709.78278023856,,,,,,,
693,23.1,True,False,390.75054931640625,720.0,,,392.5821533203125,575.2281494140625,,,439.2493896484375,358.2898254394531,,,,,,,,599.4979640415734,-69.4161987304692,603.5034527955739,,,,,750.3903416224887,-4.547473508864641e-13,750.3903416224887,,,,,,,
694,23.133333333333333,True,False,423.012939453125,720.0,,,422.6754455566406,572.4170532226562,,,451.6263427734375,357.9320983886719,,,,,,,,633.3990587506973,-37.634909493583564,634.5161574293121,,,,,760.2111380440848,-4.547473508864641e-13,760.2111380440848,,,,,,,
695,23.166666666666668,True,False,449.9856262207031,720.0,,,440.78997802734375,574.2613525390625,,,466.3505859375,358.0429382324219,,,,,,,,534.7955540248323,-10.125405447824733,534.8913987345563,,,,,612.1634347098209,-4.547473508864641e-13,612.1634347098209,,,,,,,
696,23.2,True,False,468.0977783203125,720.0,,,458.4638977050781,573.20263671875,,,475.6586608886719,358.37823486328125,,,,,,,,370.7161821637834,-4.622235979353491,370.744996977087,,,,,383.0738394601002,-4.547473508864641e-13,383.0738394601002,,,,,,,
697,23.233333333333334,True,False,485.9209289550781,720.0,,,475.84185791015625,576.740234375,,,482.538818359375,358.1852722167969,,,,,,,,198.90312194824173,7.8099060058584655,199.0563903836736,,,,,148.43922206333662,-4.547473508864641e-13,148.43922206333662,,,,,,,
698,23.266666666666666,True,False,466.12249755859375,720.0,,,464.1746520996094,573.2054443359375,,,491.55535888671875,358.1572265625,,,,,,,,179.7252437046593,16.975904192242524,180.52519089546306,,,,,116.9440678187774,-4.547473508864641e-13,116.9440678187774,,,,,,,
699,23.3,True,False,469.2109375,720.0,,,468.56597900390625,572.438232421875,,,500.56378173828125,357.7438049316406,,,,,,,,151.7383902413501,30.423823765345105,154.7583539765819,,,,,110.09284973144486,-4.547473508864641e-13,110.09284973144486,,,,,,,
700,23.333333333333332,True,False,457.03558349609375,720.0,,,464.135498046875,576.061279296875,,,509.1240234375,358.4039306640625,,,,,,,,90.69517953055197,27.48491559709737,94.7683289683775,,,,,51.36510576520584,-4.547473508864641e-13,51.36510576520584,,,,,,,
701,23.366666666666667,True,False,499.3130187988281,720.0,,,495.3487243652344,579.0709838867188,,,512.3128051757812,358.6056213378906,,,,,,,,51.14855085100396,30.611964634486185,59.60928311044154,,,,,7.383760724748527,-9.848066057478263,12.3087094170264,,,,,,,
702,23.4,True,False,496.4497985839844,720.0,,,492.67987060546875,580.1620483398438,,,514.6845703125,358.68731689453125,,,,,,,,30.252979823520832,27.464773995535097,40.86020801254173,,,,,-13.055092947823937,-6.5653773716521755,14.612995309262393,,,,,,,
703,23.433333333333334,True,False,471.6489562988281,720.0,,,476.1270751953125,578.4424438476562,,,515.9825439453125,359.4944152832031,,,,,,,,-10.064097813198032,6.196289062499545,11.818632024886337,,,,,-42.25672040666882,-3.282688685826315,42.38403549139031,,,,,,,
704,23.466666666666665,True,False,453.65625,716.9361572265625,,,465.5320129394531,577.3594360351562,,,516.088134765625,360.51416015625,,,,,,,,-106.21075221470505,-1.1996677943648137,106.21752722046541,,,,,-161.41868591308628,-4.547473508864641e-13,161.41868591308628,,,,,,,
705,23.5,True,False,476.62359619140625,720.0,,,483.4542236328125,580.326904296875,,,515.8592529296875,360.41485595703125,,,,,,,,21.87466212681329,13.837280273436818,25.883801276626343,,,,,11.577170235769927,3.2826886858251783,12.033574517824773,,,,,,,
706,23.533333333333335,True,False,473.27984619140625,720.0,,,477.9833984375,578.0859375,,,513.4738159179688,361.3468017578125,,,,,,,,98.17919049944157,26.545257568358693,101.70449422958723,,,,,123.85005405970924,6.565377371651266,124.0239495848487,,,,,,,
707,23.566666666666666,True,False,462.8822937011719,720.0,,,469.66064453125,579.4536743164062,,,511.7881164550781,362.0585021972656,,,,,,,,103.89992850167391,28.17182268415104,107.65150596252798,,,,,150.02893720354302,9.848066057477354,150.3518087802641,,,,,,,
708,23.6,True,False,499.3548278808594,720.0,,,499.64581298828125,583.5506591796875,,,512.9768676757812,363.39788818359375,,,,,,,,64.65035574776721,27.10209437778917,70.10129826169732,,,,,99.18712071010009,-4.547473508864641e-13,99.18712071010009,,,,,,,
709,23.633333333333333,True,False,484.2947998046875,720.0,,,488.52703857421875,582.8645629882812,,,509.64007568359375,364.95538330078125,,,,,,,,33.66021292550204,35.739113943916436,49.09474717000156,,,,,75.34381321498279,-4.547473508864641e-13,75.34381321498279,,,,,,,
710,23.666666666666668,True,False,486.526123046875,720.0,,,487.2537536621094,582.6106567382812,,,507.1484375,366.0989074707031,,,,,,,,-25.30654907226608,34.79710170200815,43.02626770714501,,,,,21.595655168805365,-1.0384041922438882,21.62060603767664,,,,,,,
711,23.7,True,False,491.5134582519531,720.0,,,491.0986328125,584.605224609375,,,510.1301574707031,367.247802734375,,,,,,,,-86.25676836286334,34.939858572822686,93.06462166416146,,,,,-37.00545174734975,-11.8035670689178,38.842343577285234,,,,,,,
712,23.733333333333334,True,False,481.908935546875,720.0,,,478.2941589355469,586.083740234375,,,506.396484375,369.5574951171875,,,,,,,,-46.91109793526812,57.15545654296784,73.94185095145646,,,,,-0.8539581298830399,-7.75366646902944,7.80055050624921,,,,,,,
713,23.766666666666666,True,False,478.8253173828125,719.6769409179688,,,475.16473388671875,588.010498046875,,,503.78607177734375,372.42755126953125,,,,,,,,-75.0370461600171,67.84371512276698,101.1599129007123,,,,,-51.220714024135304,-3.7037658691410797,51.3544489480285,,,,,,,
714,23.8,True,False,493.02740478515625,716.5431518554688,,,484.7051086425781,589.83251953125,,,504.16796875,374.50146484375,,,,,,,,-147.4483272007535,58.44543457031182,158.6091990283447,,,,,-159.20350211007292,0.34613473074705325,159.2038783866895,,,,,,,
715,23.833333333333332,True,False,483.92431640625,720.0,,,480.94287109375,594.6965942382812,,,504.696044921875,377.145263671875,,,,,,,,-135.9732055664067,48.53727068219814,144.37651913410735,,,,,-176.07693263462647,4.396035330635641,176.1318010259561,,,,,,,
716,23.866666666666667,True,False,471.9440612792969,720.0,,,468.54241943359375,595.7404174804688,,,504.48529052734375,378.99822998046875,,,,,,,,-50.484662737165536,34.10149710518931,60.923011059045535,,,,,-55.99685668945392,8.445935930524229,56.6302197845087,,,,,,,
717,23.9,True,False,446.92706298828125,720.0,,,449.8009338378906,594.1217651367188,,,499.2003173828125,380.7412414550781,,,,,,,,-29.540764944894136,12.35687255859284,32.021072639104254,,,,,-8.227157592773892,11.11129760742142,13.825594257644989,,,,,,,
718,23.933333333333334,True,False,455.4227294921875,720.0,,,458.28814697265625,595.1407470703125,,,494.94927978515625,381.52105712890625,,,,,,,,-197.49052865164663,-1.6132899693086529,197.49711798310358,,,,,-246.5063258579803,-0.4276820591521755,246.50669686632142,,,,,,,
719,23.966666666666665,True,False,498.8062744140625,720.0,,,487.4503479003906,595.2726440429688,,,494.67266845703125,381.8774108886719,,,,,,,,-232.90812901088225,-3.4575544084827925,232.93379154136778,,,,,-325.0939178466805,-0.28512137276834437,325.0940428785207,,,,,,,
720,24.0,True,False,486.05364990234375,720.0,,,474.59442138671875,593.4927368164062,,,486.6522216796875,382.7441711425781,,,,,,,,-149.01214599609432,-7.0005798339852845,149.17649872675432,,,,,-210.81658499581522,-0.14256068638451325,210.81663319777945,,,,,,,
721,24.033333333333335,True,False,380.53399658203125,719.866943359375,,,402.9169006347656,595.3095092773438,,,477.134765625,380.84149169921875,,,,,,,,-107.14906964983265,-13.022264753069976,107.9374935141804,,,,,-149.80329241071456,-4.547473508864641e-13,149.80329241071456,,,,,,,
722,24.066666666666666,True,False,404.85546875,720.0,,,421.9027099609375,594.4222412109375,,,470.83428955078125,379.6638488769531,,,,,,,,-243.1649780273442,2.8518676757803405,243.18170097332353,,,,,-341.1118207659043,-2.132001604353718,341.1184833706192,,,,,,,
723,24.1,True,False,454.47528076171875,720.0,,,455.8763732910156,592.4105224609375,,,477.7706298828125,377.63201904296875,,,,,,,,-222.84916469029065,-11.70776367187591,223.15649650717495,,,,,-306.2612915039065,-1.2312534877239614,306.26376648045033,,,,,,,
724,24.133333333333333,True,False,465.43731689453125,720.0,,,463.56610107421875,592.6876220703125,,,488.03399658203125,374.5323486328125,,,,,,,,-205.05981445312534,-24.040832519531932,206.46425630549803,,,,,-254.22082083565908,-0.33050537109420475,254.22103567595778,,,,,,,
725,24.166666666666668,True,False,381.77972412109375,719.2923583984375,,,401.4980773925781,597.6629638671875,,,474.84710693359375,373.9807434082031,,,,,,,,-370.4999869210384,-22.1422903878356,371.1610450089137,,,,,-496.8825204031815,-4.547473508864641e-13,496.8825204031815,,,,,,,
726,24.2,True,False,369.7479248046875,720.0,,,392.3216552734375,588.8595581054688,,,464.33380126953125,370.6540832519531,,,,,,,,-450.51449366978284,-20.635397774833336,450.98683866368697,,,,,-626.9176810128354,0.758187430245016,626.9181394844869,,,,,,,
727,24.233333333333334,True,False,349.0799560546875,720.0,,,376.9673156738281,589.7877807617188,,,458.07476806640625,368.844482421875,,,,,,,,-333.3215332031257,-33.67198399135145,335.017980118674,,,,,-468.3068193708152,1.5163748604904868,468.3092743710367,,,,,,,
728,24.266666666666666,True,False,352.4298095703125,720.0,,,382.990234375,590.5580444335938,,,454.16156005859375,367.4180908203125,,,,,,,,-173.57332502092697,-26.801670619420292,175.63037523962717,,,,,-225.112936837333,2.2745622907364123,225.12442773973578,,,,,,,
729,24.3,True,False,345.6724853515625,720.0,,,377.6104736328125,590.035400390625,,,450.3878479003906,365.92193603515625,,,,,,,,-143.53958129882847,-3.004302978516307,143.5710180914996,,,,,-160.4148101806644,-4.547473508864641e-13,160.4148101806644,,,,,,,
730,24.333333333333332,True,False,349.5860595703125,720.0,,,378.901611328125,586.7307739257812,,,445.65301513671875,364.4959411621094,,,,,,,,-104.79753766741123,-7.655901227679124,105.0768134497828,,,,,-80.83374023437511,-4.547473508864641e-13,80.83374023437511,,,,,,,
731,24.366666666666667,True,False,326.3216552734375,720.0,,,356.22979736328125,590.6613159179688,,,440.6571350097656,363.3785400390625,,,,,,,,33.30093383789017,-17.007882254464903,37.39278343821547,,,,,188.29202924455888,-4.547473508864641e-13,188.29202924455888,,,,,,,
732,24.4,True,False,335.9612121582031,720.0,,,362.852783203125,588.6182861328125,,,433.84124755859375,361.0838623046875,,,,,,,,-41.64864676339323,-15.264064243862322,44.357653617641475,,,,,96.76620483398415,-4.547473508864641e-13,96.76620483398415,,,,,,,
733,24.433333333333334,True,False,341.36102294921875,720.0,,,364.9154968261719,588.490478515625,,,428.3789978027344,359.66046142578125,,,,,,,,-146.15194048200397,-2.8113882882259986,146.17897800560246,,,,,-49.34365408761198,-4.547473508864641e-13,49.34365408761198,,,,,,,
734,24.466666666666665,True,False,418.42547607421875,720.0,,,407.1634521484375,585.66748046875,,,467.4927978515625,359.12054443359375,,,,,,,,-155.7601383754187,-25.893663678851226,157.89775972268586,,,,,-73.00451006208164,-7.597242082868888,73.39875051164218,,,,,,,
735,24.5,True,False,324.8714599609375,720.0,,,342.9166564941406,586.7190551757812,,,433.4859619140625,358.61431884765625,,,,,,,,-321.6509464808877,-48.14549037388474,325.23425344725405,,,,,-310.151269095285,-20.266767229353263,310.81272749896306,,,,,,,
736,24.533333333333335,True,False,307.7134094238281,720.0,,,327.5373229980469,589.4678955078125,,,413.7602233886719,358.0377502441406,,,,,,,,-406.3827078683039,-57.613416399275366,410.44635581714147,,,,,-447.4436514718195,-53.05533272879529,450.5781725443414,,,,,,,
737,24.566666666666666,True,False,327.9375305175781,717.6364135742188,,,338.6476745605469,582.6295776367188,,,402.859130859375,357.5803527832031,,,,,,,,-412.2537558419367,-42.676195417132476,414.45677321171195,,,,,-507.4125889369425,-49.00850568498936,509.77384107186805,,,,,,,
738,24.6,True,False,285.3227233886719,715.2705078125,,,306.8375244140625,576.2801513671875,,,393.71405029296875,357.44317626953125,,,,,,,,-202.17106410435304,-30.714699881418255,204.49090921087912,,,,,-198.02352905273472,-22.2741263253356,199.27231308452332,,,,,,,
739,24.633333333333333,True,False,289.8694763183594,707.4347534179688,,,306.7922668457031,578.1876831054688,,,391.47589111328125,359.8182678222656,,,,,,,,-176.91202436174683,-21.83794294084896,178.25476183165227,,,,,-172.26876395089312,4.460253034318612,172.32649503282622,,,,,,,
740,24.666666666666668,True,False,291.36199951171875,714.7062377929688,,,309.88958740234375,582.4739379882812,,,386.9565124511719,358.52911376953125,,,,,,,,-101.58724103655152,3.9905221121646264,101.66558812177348,,,,,-84.28648812430288,31.194632393972825,89.87389593493401,,,,,,,
741,24.7,True,False,286.85443115234375,720.0,,,302.4026184082031,583.306640625,,,384.741455078125,358.79351806640625,,,,,,,,41.28642490931884,38.3579145159033,56.35511057395033,,,,,89.44188799176857,47.15292794363768,101.11008822659568,,,,,,,
742,24.733333333333334,True,False,279.49432373046875,720.0,,,295.64404296875,580.1578979492188,,,383.93695068359375,358.8705139160156,,,,,,,,171.9608851841516,18.88177054268931,172.9944140489621,,,,,211.8710109165733,51.30111694335915,217.99341702548483,,,,,,,
743,24.766666666666666,True,False,306.6056823730469,720.0,,,315.9682922363281,579.57958984375,,,386.4176025390625,359.2264709472656,,,,,,,,300.55991036551313,-16.325487409319976,301.00295888591717,,,,,358.0798775809148,16.800188337052987,358.4737717832692,,,,,,,
744,24.8,True,False,305.947509765625,719.7988891601562,,,318.3133544921875,588.0578002929688,,,393.69317626953125,363.5689392089844,,,,,,,,433.2243674142019,-37.4699183872774,434.8417497267076,,,,,487.60636465890036,-4.547473508864641e-13,487.60636465890036,,,,,,,
745,24.833333333333332,True,False,339.47747802734375,720.0,,,350.1534729003906,581.581787109375,,,404.98028564453125,362.5096130371094,,,,,,,,565.0501033237999,-48.51640973772396,567.1291398615272,,,,,646.1249215262276,0.2154758998321995,646.1249574557055,,,,,,,
746,24.866666666666667,True,False,358.8648681640625,720.0,,,364.00677490234375,575.9114990234375,,,414.757080078125,360.7548828125,,,,,,,,552.6191057477677,-80.34360613141803,558.429020631685,,,,,645.1743752615789,0.430951799664399,645.1745191912203,,,,,,,
747,24.9,True,False,374.6832275390625,720.0,,,380.21331787109375,573.8128662109375,,,423.87945556640625,359.67657470703125,,,,,,,,483.4555598667689,-116.99877057756771,497.4112892594551,,,,,593.3796909877229,-8.442993164062955,593.4397541539107,,,,,,,
748,24.933333333333334,True,False,417.48681640625,720.0,,,413.3762512207031,572.9571533203125,,,434.7591552734375,358.501220703125,,,,,,,,351.2527574811659,-121.40526907784692,371.6419499975577,,,,,449.0682547433032,-21.079493931362094,449.56272363553296,,,,,,,
749,24.966666666666665,True,False,421.2318115234375,720.0,,,414.4990234375,567.2405395507812,,,439.61395263671875,357.3218078613281,,,,,,,,411.8470001220702,-125.86362566266848,430.65021046610536,,,,,591.4695085797988,-34.81600080217686,592.4933193644346,,,,,,,
750,25.0,True,False,416.510986328125,717.1721801757812,,,409.36822509765625,562.2037963867188,,,442.7602844238281,356.9194641113281,,,,,,,,391.0354287283757,-157.92186192103873,421.7203113360705,,,,,576.9133431570867,-48.97371564592686,578.9882816921726,,,,,,,
751,25.033333333333335,True,False,425.24066162109375,715.3271484375,,,417.7625732421875,555.1405029296875,,,446.12615966796875,355.6150817871094,,,,,,,,334.9604906354631,-186.15410940987772,383.2125816527099,,,,,489.19457571847045,-53.37910243443093,492.09822341589467,,,,,,,
752,25.066666666666666,True,False,509.4979248046875,713.2261962890625,,,468.44012451171875,552.78662109375,,,500.1324768066406,356.6954345703125,,,,,,,,341.5368543352396,-231.91478184291395,412.83397256821905,,,,,461.77763802664606,-93.74640328543592,471.1973844477744,,,,,,,
753,25.1,True,False,491.4903564453125,710.8372192382812,,,464.0716857910156,542.1619873046875,,,534.08984375,360.3318176269531,,,,,,,,263.9639609200608,-234.60499354771287,353.15219900508873,,,,,320.7971845354348,-94.0799822126121,334.3080565271905,,,,,,,
754,25.133333333333333,True,False,491.84600830078125,710.8170166015625,,,464.84710693359375,534.900634765625,,,552.7318115234375,360.307373046875,,,,,,,,88.94397190638915,-228.31277029854982,245.02602151584415,,,,,53.639602661132585,-105.46691894531273,118.32361541747001,,,,,,,
755,25.166666666666668,True,False,492.5893859863281,696.56787109375,,,468.3326416015625,517.6175537109375,,,562.9276123046875,361.7842102050781,,,,,,,,-101.10904148646796,-205.81728254045856,229.31156111860398,,,,,-234.9773515973776,-97.12862287249004,254.26034914005763,,,,,,,
756,25.2,True,False,477.29937744140625,701.2120971679688,,,458.9746398925781,520.19287109375,,,567.9381103515625,361.7571105957031,,,,,,,,-56.90738133021807,-130.39443969726653,142.27143056083654,,,,,-124.51462881905752,-85.53680419921989,151.06434940965838,,,,,,,
757,25.233333333333334,True,False,463.02789306640625,695.2810668945312,,,450.32403564453125,514.0205078125,,,551.4307861328125,361.0162048339844,,,,,,,,-71.51226588657983,-70.03986903599412,100.09788922256102,,,,,-141.5808432442807,-64.2636762346549,155.48297417066001,,,,,,,
758,25.266666666666666,True,False,460.21771240234375,696.580810546875,,,448.1065673828125,512.4181518554688,,,547.0804443359375,360.8442687988281,,,,,,,,-129.48107038225498,-6.247885567801859,129.63172320617673,,,,,-198.15121241978295,-2.680402483259286,198.1693405673597,,,,,,,
759,25.3,True,False,483.69183349609375,694.1455078125,,,463.5303955078125,517.7821655273438,,,539.1416015625,360.65252685546875,,,,,,,,-183.9042336600172,-4.132298060826315,183.95065383233003,,,,,-253.585346766881,29.921330043246826,255.344500795369,,,,,,,
760,25.333333333333332,True,False,459.4242248535156,693.9825439453125,,,449.42303466796875,515.59228515625,,,530.4109497070312,360.97491455078125,,,,,,,,-273.472791399275,18.056945800780568,274.0682778567481,,,,,-348.00338745117244,90.70423671177377,359.6298322371996,,,,,,,
761,25.366666666666667,True,False,435.97113037109375,700.9321899414062,,,430.0152587890625,517.4869384765625,,,519.4485473632812,360.6072082519531,,,,,,,,-273.2768031529022,-8.705880301339903,273.4154412122536,,,,,-324.6235656738286,89.1622924804683,336.64576900826046,,,,,,,
762,25.4,True,False,416.70849609375,707.61962890625,,,414.8603515625,515.5382690429688,,,514.24462890625,361.20989990234375,,,,,,,,-278.4181104387561,-64.70169067382881,285.8372841256704,,,,,-312.40735735212115,68.73740059988813,319.879957435544,,,,,,,
763,25.433333333333334,True,False,399.6732177734375,713.8787231445312,,,398.5794677734375,517.6565551757812,,,514.1310424804688,360.25628662109375,,,,,,,,-216.87250409807564,-109.045584542411,242.74394439813722,,,,,-197.4640110560831,20.637948172432516,198.5395692730417,,,,,,,
764,25.466666666666665,True,False,429.4747009277344,706.6190185546875,,,417.90863037109375,509.8114013671875,,,513.0201416015625,358.5613708496094,,,,,,,,-129.8375047956198,-143.57698713030186,193.57719102458188,,,,,-65.32431466238882,-45.94338553292482,79.86276203799711,,,,,,,
765,25.5,True,False,418.5640869140625,702.7906494140625,,,408.3996276855469,501.45013427734375,,,508.0533447265625,358.1604919433594,,,,,,,,-110.13856070382315,-162.72668021065897,196.49548342466247,,,,,-51.33391244070913,-98.62295968192029,111.18299664468513,,,,,,,
766,25.533333333333335,True,False,405.34027099609375,699.497802734375,,,395.3459167480469,494.26715087890625,,,491.695068359375,359.0199890136719,,,,,,,,-89.23340933663565,-131.49594988141803,158.91439889782163,,,,,-47.473558698382135,-100.0196620396207,110.71436930231177,,,,,,,
767,25.566666666666666,True,False,416.92987060546875,695.749267578125,,,399.35760498046875,492.40142822265625,,,494.85064697265625,357.5670471191406,,,,,,,,-122.0342036655976,-47.48801095145154,130.94830296121341,,,,,-106.58448355538542,-59.420078822545065,122.02867655615091,,,,,,,
768,25.6,True,False,397.2783203125,691.39697265625,,,387.59716796875,486.93035888671875,,,477.81671142578125,358.6125793457031,,,,,,,,-127.40259443010643,14.131818498883376,128.18396686640483,,,,,-135.30313764299672,-30.859353201730073,138.77765935505917,,,,,,,
769,25.633333333333333,True,False,406.91265869140625,695.2566528320312,,,394.03961181640625,495.0169677734375,,,468.3504638671875,359.30859375,,,,,,,,-154.85762459891248,70.23919241768931,170.04243013997092,,,,,-172.55055018833718,15.326843261718068,173.22991801264337,,,,,,,
770,25.666666666666668,True,False,406.77001953125,695.855712890625,,,392.09869384765625,501.771728515625,,,462.057861328125,360.3438720703125,,,,,,,,-223.05862426757858,89.44744655064142,240.32477099661335,,,,,-232.39513942173585,41.570369175501355,236.08387581585387,,,,,,,
771,25.7,True,False,378.8556823730469,695.7822265625,,,372.70074462890625,499.9718017578125,,,457.09906005859375,360.45306396484375,,,,,,,,-246.12487792968773,78.25440543038462,258.26576913165763,,,,,-196.8407985142304,34.21737670898369,199.7927146533736,,,,,,,
772,25.733333333333334,True,False,373.87677001953125,702.7579345703125,,,363.438720703125,506.12530517578125,,,452.98736572265625,360.0780029296875,,,,,,,,-280.4162815638954,33.19541931152298,282.3742672932321,,,,,-201.8247658865796,0.6622532435819721,201.82585241869114,,,,,,,
773,25.766666666666666,True,False,369.58251953125,700.93310546875,,,353.18017578125,505.7812805175781,,,450.4794006347656,359.7020263671875,,,,,,,,-257.7248055594313,16.53615679059658,258.2547577142575,,,,,-169.14550781250023,-7.519029889788499,169.31254715357662,,,,,,,
774,25.8,True,False,371.89013671875,695.9573364257812,,,347.81793212890625,502.6487731933594,,,455.6546325683594,357.37158203125,,,,,,,,-205.14446803501733,11.497617449078916,205.46641567997338,,,,,-120.84401811872249,-19.82548304966599,122.45948919226603,,,,,,,
775,25.833333333333332,True,False,370.467041015625,693.677978515625,,,342.82635498046875,502.8232421875,,,460.07232666015625,356.04132080078125,,,,,,,,-153.30858503069237,-4.573124476841713,153.37677696311695,,,,,-112.47783115931975,-29.76313999721083,116.34907393184534,,,,,,,
776,25.866666666666667,True,False,360.401611328125,697.1861572265625,,,337.04083251953125,506.1741943359375,,,460.12823486328125,355.3251647949219,,,,,,,,-159.50922284807507,-6.921419416155686,159.65931924047283,,,,,-196.45663670131194,-2.3808942522332472,196.47106342011685,,,,,,,
777,25.9,True,False,349.9483642578125,695.7471923828125,,,329.9278869628906,504.50225830078125,,,459.8011169433594,355.2833251953125,,,,,,,,-138.28157697405197,13.382851736885641,138.927661936139,,,,,-217.15363638741667,30.329393659318384,219.2614282449612,,,,,,,
778,25.933333333333334,True,False,355.8026123046875,696.5459594726562,,,334.83660888671875,504.3800964355469,,,458.42779541015625,355.3334655761719,,,,,,,,-131.62157331194226,2.9941013881134495,131.65562351921506,,,,,-246.48448399135066,31.032322474887906,248.430283755157,,,,,,,
779,25.966666666666665,True,False,326.0272521972656,699.1102294921875,,,316.5087890625,501.9140625,,,455.9100341796875,356.8097839355469,,,,,,,,-123.13646589006737,-13.894598824637796,123.91791278258907,,,,,-236.39981951032416,18.587755475724634,237.12945687564667,,,,,,,
780,26.0,True,False,335.4907531738281,701.9850463867188,,,323.0767822265625,508.0164794921875,,,453.5398864746094,355.6957092285156,,,,,,,,-71.8970162527902,-13.289010184152175,73.1148325425729,,,,,-176.87658037458175,13.690403529574496,177.4056138734298,,,,,,,
781,26.033333333333335,True,False,318.3639221191406,699.01220703125,,,315.6598205566406,503.3892822265625,,,451.8719787597656,356.7593994140625,,,,,,,,-40.98623003278476,-28.797945295061936,50.091842704353844,,,,,-112.39896501813666,-8.194950648717167,112.69731386897924,,,,,,,
782,26.066666666666666,True,False,314.6819152832031,698.9793090820312,,,312.1636962890625,501.38128662109375,,,450.1784973144531,357.7315368652344,,,,,,,,21.622140066963993,-48.37708609444826,52.98923853071555,,,,,-11.24202183314776,-29.907335553851226,31.95045813173302,,,,,,,
783,26.1,True,False,324.8883361816406,698.4168701171875,,,322.95819091796875,501.8753662109375,,,449.96734619140625,358.72650146484375,,,,,,,,9.181398664201765,-70.25335039411311,70.85076797769406,,,,,-7.510724748884286,-39.588056291853036,40.29423267938512,,,,,,,
784,26.133333333333333,True,False,328.52960205078125,695.4605712890625,,,321.4234313964844,497.65826416015625,,,445.8831787109375,358.5362243652344,,,,,,,,18.979993547711615,-52.00398036411866,55.35931835547485,,,,,41.814978463308876,-17.419411795480983,45.29821554087453,,,,,,,
785,26.166666666666668,True,False,324.9956970214844,694.3538208007812,,,321.9051208496094,494.2735290527344,,,441.257568359375,358.4552307128906,,,,,,,,4.088843209402626,-53.377565656389606,53.53394394394328,,,,,38.35814339773947,-19.79690551757858,43.16554914504711,,,,,,,
786,26.2,True,False,324.11700439453125,693.947265625,,,318.68310546875,493.4780578613281,,,437.3946533203125,358.72296142578125,,,,,,,,-15.057972499302878,-64.27462986537421,66.01492694929395,,,,,41.19859967912919,-27.106279645647646,49.316072549922254,,,,,,,
787,26.233333333333334,True,False,325.04718017578125,698.3018798828125,,,317.5694580078125,495.0130310058594,,,431.1174011230469,358.9116516113281,,,,,,,,33.987317766461615,-53.35801260811991,63.263064093092424,,,,,118.85395595005559,-17.57034301757858,120.14566075698751,,,,,,,
788,26.266666666666666,True,False,327.98052978515625,693.4013671875,,,317.94171142578125,490.74322509765625,,,430.7033386230469,359.4170227050781,,,,,,,,30.77568054199196,-22.28004455566429,37.993985026910885,,,,,125.03504071916836,-12.622244698661234,125.67053142593522,,,,,,,
789,26.3,True,False,338.0545654296875,690.0405883789062,,,322.03985595703125,486.2423400878906,,,430.0907897949219,360.16741943359375,,,,,,,,9.866213117326652,-35.80414908272951,37.13864904401921,,,,,90.61977931431329,-58.12114170619452,107.65691578438603,,,,,,,
790,26.333333333333332,True,False,355.51263427734375,693.0516967773438,,,332.1545715332031,487.32373046875,,,429.2177429199219,359.5633544921875,,,,,,,,-24.70622471400702,-52.342006138393344,57.87990278335493,,,,,46.05749947684103,-103.97925240652921,113.7232526314646,,,,,,,
791,26.366666666666667,True,False,338.6292724609375,693.7777099609375,,,321.0086669921875,494.368408203125,,,426.1722717285156,359.83135986328125,,,,,,,,-83.54703630719905,-67.92882646833186,107.67744769022518,,,,,-26.723164149693503,-129.20176914760123,131.93644171737202,,,,,,,
792,26.4,True,False,334.0777282714844,678.997802734375,,,314.72216796875,483.9085693359375,,,422.3221435546875,360.11065673828125,,,,,,,,-163.3255004882816,-92.72647312709273,187.81218791211904,,,,,-138.3598872593475,-146.90362112862772,201.80221084795565,,,,,,,
793,26.433333333333334,True,False,335.11981201171875,674.3094482421875,,,312.3731689453125,480.57659912109375,,,420.4471435546875,359.74932861328125,,,,,,,,-210.56344168526812,-127.79345921107756,246.30901565204357,,,,,-196.44107273646796,-155.45883178711006,250.51256143847812,,,,,,,
794,26.466666666666665,True,False,328.76812744140625,668.3773193359375,,,304.2045593261719,474.5253601074219,,,419.2675476074219,359.4882507324219,,,,,,,,-166.9223458426345,-140.1485334123887,217.95568576949654,,,,,-123.78112792968807,-119.02967180524615,171.72603297581418,,,,,,,
795,26.5,True,False,314.0087585449219,667.2762451171875,,,292.73931884765625,470.52362060546875,,,417.30157470703125,359.310302734375,,,,,,,,-151.51686532156828,-94.35493469238293,178.49429732537146,,,,,-112.78633117675804,-37.595607212612094,118.88728351677632,,,,,,,
796,26.533333333333335,True,False,312.5811767578125,665.89453125,,,288.998046875,466.59002685546875,,,414.3292541503906,359.632568359375,,,,,,,,-149.02205330984964,-100.65157209123902,179.82856096049247,,,,,-129.7074999128074,-44.366389683315674,137.08541887145677,,,,,,,
797,26.566666666666666,True,False,321.4876403808594,667.826171875,,,292.77130126953125,465.663330078125,,,411.89862060546875,359.6866455078125,,,,,,,,-106.93558829171354,-85.09960719517358,136.6644181492304,,,,,-81.19968959263394,-37.97267368861708,89.63991040269003,,,,,,,
798,26.6,True,False,313.472412109375,672.451171875,,,285.7203369140625,467.1409912109375,,,408.3948974609375,359.5121765136719,,,,,,,,-73.90395028250589,-82.93337140764572,111.08437316021373,,,,,-45.255530221121944,-59.86809866769022,75.048332784141,,,,,,,
799,26.633333333333333,True,False,302.4705505371094,657.6073608398438,,,278.3229064941406,455.8057861328125,,,402.09619140625,359.1065368652344,,,,,,,,-79.49628557477706,-92.15430123465421,121.70486701949885,,,,,-69.80873107910179,-85.72867257254507,110.55615874262723,,,,,,,
800,26.666666666666668,True,False,310.90106201171875,660.823974609375,,,281.63922119140625,457.67816162109375,,,391.75006103515625,357.9769287109375,,,,,,,,-70.27856009347136,-92.59816850934737,116.24756694269844,,,,,-53.90696934291327,-87.40585327148506,102.69247552695458,,,,,,,
801,26.7,True,False,307.38836669921875,655.437255859375,,,279.468994140625,453.94921875,,,385.0015869140625,357.5181579589844,,,,,,,,-72.4548993791858,-83.81116594587115,110.78819423230208,,,,,-58.45704214913542,-46.58935546875068,74.75154727374814,,,,,,,
802,26.733333333333334,True,False,301.1195373535156,651.3583984375,,,274.49444580078125,448.88348388671875,,,379.62359619140625,357.02239990234375,,,,,,,,-102.87035260881737,-59.32725088936968,118.75197743175747,,,,,-108.6715262276789,11.92572457449728,109.32393845485018,,,,,,,
803,26.766666666666666,True,False,311.31256103515625,655.41845703125,,,278.0087585449219,449.6455383300781,,,377.8476257324219,356.418701171875,,,,,,,,-169.63683537074542,-61.17978777204269,180.33197815815575,,,,,-215.17233712332632,33.899361746651266,217.82631014169226,,,,,,,
804,26.8,True,False,292.651611328125,662.5711669921875,,,265.76983642578125,448.10479736328125,,,374.8240661621094,355.2623291015625,,,,,,,,-201.3851329258514,-55.898600987026384,208.9991037202543,,,,,-260.28697422572566,68.46823556082518,269.14161371366606,,,,,,,
805,26.833333333333332,True,False,279.5198669433594,660.1590576171875,,,257.3851318359375,445.16522216796875,,,372.21014404296875,355.5339050292969,,,,,,,,-201.6702706473218,-89.58023071289108,220.6706047427677,,,,,-269.0717533656532,4.285779680524229,269.105883188638,,,,,,,
806,26.866666666666667,True,False,265.3601989746094,664.4849853515625,,,246.4940948486328,444.760009765625,,,369.4313049316406,355.5563049316406,,,,,,,,-194.44674355643167,-122.75138854980503,229.9509501406896,,,,,-274.1527666364399,-51.716570172991624,278.98806978950233,,,,,,,
807,26.9,True,False,260.8473205566406,666.4072265625,,,242.35728454589844,440.80096435546875,,,368.1497497558594,354.40350341796875,,,,,,,,-148.59648023332903,-130.25253295898506,197.60221729516508,,,,,-215.4724666050505,-89.58637782505639,233.35402922743452,,,,,,,
808,26.933333333333334,True,False,260.1489562988281,644.7279663085938,542.0211009363975,512.1151251023815,241.9454803466797,428.025390625,532.4071507607737,324.4197855303364,356.23248291015625,351.775146484375,630.0566261045394,354.77500472530244,261.69674781060996,207.77914920929936,357.183113344254,97.01155533329131,,-95.82451956612744,-132.1917506626678,163.26970782524256,,,,,-156.1487797328408,-96.14227294921966,183.37332973989837,,,,,0.17819412776310944,0.14148064341826325,0.06605695191164164
809,26.966666666666665,True,False,253.9132080078125,649.1416015625,545.36721211095,513.9020464497228,238.40640258789062,426.2972412109375,535.5113875850554,325.64662160565774,349.6903076171875,351.37530517578125,633.652973101216,354.78253981067286,257.4730467765562,202.7260432089529,354.8161185972152,93.8975322108115,,-63.40617043631437,-113.89549255371139,130.35538221896124,93.1271047284531,36.8050822596399,100.13626573446372,-0.7735028784820774,-129.86345018659347,-81.88143048967686,153.5222601234154,100.38333523657684,53.607640420237885,113.80067268977145,-0.9974048364768953,0.17531813206200872,0.13803989062420133,0.06393655630570914
810,27.0,True,False,244.42391967773438,648.6304931640625,548.7133232855028,515.688967797064,233.70851135253906,425.7386474609375,538.6156244093372,326.8734576809791,344.05755615234375,351.7144470214844,637.2493200978925,354.79007489604334,253.24934574250256,197.6729372086063,352.4491238501764,90.78350908833164,,-54.25182887486062,-59.35893467494452,80.41606843169772,93.1271047284531,36.8050822596399,100.13626573446372,-0.8987231279250061,-146.11268724714046,-9.463806152344432,146.41885466520299,100.38333523658366,53.607640420237885,113.80067268977747,-0.9107008406375385,0.17244213636090808,0.13459913783013933,0.0618161606997766
811,27.033333333333335,True,False,247.20913696289062,646.572998046875,552.0594344600554,517.4758891444053,237.4137420654297,421.55438232421875,541.719861233619,328.1002937563004,334.93890380859375,352.69537353515625,640.8456670945691,354.7976099814138,249.0256447084489,192.61983120825982,350.0821291031376,87.66948596585183,,-66.11853463309171,17.88858686174615,68.49570907682893,93.1271047284531,36.8050822596399,100.13626573446372,-0.8017368907290408,-191.55941554478278,96.40496390206386,214.45028969161362,100.38333523657684,53.607640420237885,113.80067268977145,-0.5761757106925894,0.16956614065980743,0.1311583850360774,0.0596957650938441
812,27.066666666666666,True,False,239.2920379638672,650.9327392578125,555.4055456346082,519.2628104917464,232.80908203125,422.9191589355469,544.8240980579008,329.32712983162173,326.9433288574219,353.3582763671875,644.4420140912456,354.8051450667843,244.80194367439526,187.56672520791324,347.7151343560988,84.55546284337197,,-45.25248936244424,39.368362426757585,59.98046143255874,93.1271047284531,36.8050822596399,100.13626573446372,-0.4604023434571242,-159.00614057268422,89.18661934988768,182.3107397025254,100.38333523658366,53.607640420234475,113.80067268977587,-0.538894143063837,0.1666901449587068,0.1277176322420154,0.05757536948791155
813,27.1,True,False,231.5293426513672,660.1826171875,558.7516568091607,521.0497318390877,231.9007568359375,427.31884765625,547.9283348821825,330.55396590694306,322.56427001953125,353.7945556640625,648.0383610879221,354.8126801521547,240.5782426403415,182.51361920756676,345.34813960906,81.44143972089216,,-34.812502179827106,39.98274666922396,53.01443519680094,93.1271047284531,36.8050822596399,100.13626573446372,-0.3334959728931075,-121.65510995047458,57.41265433175158,134.52203780228447,100.38333523657684,53.607640420237885,113.80067268977145,-0.5966796471927531,0.16381414925760607,0.12427687944795347,0.05545497388197905
814,27.133333333333333,True,False,217.18589782714844,666.592529296875,562.0977679837135,522.836653186429,226.01217651367188,433.8494873046875,551.0325717064643,331.7808019822644,319.99005126953125,354.4266357421875,651.6347080845986,354.8202152375252,236.35454160628785,177.46051320722017,342.98114486202115,78.3274165984123,,-117.94737134661023,-13.553172520229168,118.72350606740969,93.1271047284531,36.8050822596399,100.13626573446372,-0.9658825970451458,-249.15249415806397,-40.19884381975544,252.37454782451655,100.38333523658366,53.607640420237885,113.80067268977747,-0.9458687844414406,0.16093815355650543,0.12083612665389147,0.05333457827604651
815,27.166666666666668,True,False,227.8299102783203,660.3773193359375,565.4438791582661,524.6235745337701,231.29640197753906,431.2164611816406,554.1368085307461,333.0076380575857,319.55474853515625,354.275634765625,655.2310550812753,354.82775032289567,232.1308405722342,172.4074072068737,340.61415011498235,75.21339347593243,,-133.12652042933888,-96.46136692592131,164.40032162632897,93.1271047284531,36.8050822596399,100.13626573446372,-0.968748343695787,-262.93222699846575,-153.02915300641803,304.2224147958766,100.38333523657684,53.607640420234475,113.80067268976984,-0.9993307545697061,0.15806215785540478,0.11739537385982955,0.05121418267011397
816,27.2,True,False,226.86386108398438,652.0693969726562,568.7899903328189,526.4104958811114,229.22181701660156,428.0928955078125,557.2410453550277,334.234474132907,321.9498596191406,354.2950744628906,658.8274020779518,354.83528540826615,227.90713953818045,167.35430120652723,338.24715536794355,72.09937035345263,,-118.66942814418269,-148.15825326102174,189.82439565404758,93.1271047284497,36.8050822596382,100.13626573445993,-0.8682686848622229,-221.50507245745,-203.14008440290218,300.5501472559919,100.38333523658366,53.607640420237885,113.80067268977747,-0.9684958509667471,0.15518616215430409,0.11395462106576763,0.049093787064181466
817,27.233333333333334,True,False,179.213623046875,633.2440185546875,572.1361015073714,528.1974172284527,203.3119659423828,412.5894775390625,560.3452821793095,335.4613102082283,323.2023010253906,354.63140869140625,662.4237490746283,354.84282049363657,223.6834385041268,162.30119520618064,335.88016062090475,68.98534723097276,,-85.83052498953714,-183.53799002511232,202.61557887397944,93.1271047284531,36.8050822596399,100.13626573446372,-0.7269041052567718,-163.68505750383673,-192.35523768833764,252.57342598969356,100.38333523657684,53.607640420237885,113.80067268977145,-0.9304156987214407,0.15231016645320344,0.11051386827170563,0.04697339145824892
818,27.266666666666666,True,False,189.14205932617188,626.123779296875,575.4822126819242,529.9843385757938,209.38125610351562,404.64739990234375,563.4495190035913,336.68814628354966,325.91064453125,354.8767395019531,666.0200960713048,354.85035557900704,219.45973747007315,157.24808920583416,333.51316587386594,65.87132410849296,,-35.47318594796343,-173.27339172363315,176.86722477810977,93.1271047284531,36.8050822596399,100.13626573446372,-0.5466068013324182,-97.44688306536023,-127.72312709263451,160.65208437326686,100.38333523658366,53.607640420234475,113.80067268977587,-0.9095663407411692,0.1494341707521028,0.10707311547764371,0.04485299585231642
819,27.3,True,False,197.51797485351562,633.007080078125,578.8283238564768,531.7712599231351,215.3968048095703,406.9022216796875,566.553755827873,337.91498235887093,326.9013671875,355.2225341796875,669.6164430679813,354.8578906643775,215.2360364360195,152.19498320548757,331.14617112682714,62.75730098601309,,6.829490661620866,-87.90631975446479,88.17121409775059,93.1271047284531,36.8050822596382,100.1362657344631,-0.2944103025268199,52.28230067661809,-64.01190621512296,82.64964066064654,100.38333523657684,53.607640420237885,113.80067268977145,0.19315593041746493,0.14655817505100216,0.10363236268358171,0.04273260024638388
820,27.333333333333332,True,False,199.04354858398438,633.64404296875,582.1744350310295,533.5581812704763,216.52259826660156,400.7734375,569.6579926521547,339.14181843419226,328.7383728027344,356.48236083984375,673.2127900646578,354.865425749748,211.01233540196574,147.1418772051411,328.77917637978834,59.643277863533285,,400.92620577130987,-170.64376831054744,435.73055680936875,93.1271047284497,36.8050822596399,100.13626573446055,0.7117764982619563,537.6208550589425,-373.0242756434857,654.3571608943053,100.38333523658025,53.607640420237885,113.80067268977446,0.4561960254385784,0.14368217934990143,0.10019160988951978,0.04061220464045138
821,27.366666666666667,True,False,209.95852661132812,633.0037841796875,585.5205462055821,535.3451026178175,224.6981658935547,397.41790771484375,572.7622294764365,340.3686545095136,326.1694641113281,358.28228759765625,676.8091370613345,354.8729608351184,206.7886343679121,142.0887712047945,326.4121816327495,56.52925474105342,,928.1388800484792,-419.5068577357705,1018.5419894854533,93.1271047284531,36.8050822596399,100.13626573446372,0.6960762828698429,1047.2436087472097,-985.4460362025684,1437.9927212365271,100.38333523658025,53.607640420234475,113.80067268977285,0.3195851802242912,0.1408061836488008,0.09675085709545778,0.038491809034518834
822,27.4,True,False,219.33236694335938,629.8079833984375,588.8666573801348,537.1320239651587,214.70863342285156,412.14996337890625,575.8664663007182,341.5954905848349,322.6531982421875,358.7798767089844,680.405484058011,354.8804959204889,202.56493333385845,137.03566520444804,324.0451868857107,53.415231618573614,,1206.797569819859,-608.4565298897885,1351.5101639605382,93.1271047284531,36.8050822596399,100.13626573446372,0.6649510528164789,1321.9610759190152,-1403.5512379237591,1928.0915859269437,100.38333523658025,53.607640420237885,113.80067268977446,0.26188261896649656,0.13793018794770015,0.09331010430139586,0.03637141342858633
823,27.433333333333334,True,True,455.2349853515625,395.47442626953125,592.2127685546875,538.9189453125,453.53900146484375,301.7579345703125,578.970703125,342.82232666015625,363.9287109375,386.98260498046875,684.0018310546875,354.8880310058594,198.3412322998047,131.98255920410156,321.6781921386719,50.30120849609375,75.62797546386719,1220.9332384381973,-615.255268641881,1367.1931166864385,93.1271047284531,36.8050822596399,100.13626573446372,0.6651112005752797,1313.7740870884486,-1482.1558162144265,1980.6029928896248,100.38333523658025,53.607640420237885,113.80067268977446,0.23259784873215403,0.13505419224659942,0.08986935150733394,0.03425101782265379
824,27.466666666666665,True,True,425.06707763671875,399.6659851074219,579.9803466796875,547.69482421875,428.076416015625,303.17010498046875,565.7255249023438,346.3826904296875,363.0968933105469,393.8865051269531,669.8186645507812,355.0294189453125,214.26771545410156,144.27267456054688,309.17327880859375,41.54682922363281,106.23065948486328,660.8263615199495,-418.12096187046643,781.9952805709117,-397.3553466796875,106.8109130859375,411.4606210674192,-0.9548810224458556,778.157877240862,-1225.874682835171,1451.998078486413,-366.97265625,263.2763671875,451.6451881229645,-0.9275963376047375,0.14589882748856145,0.0982379170488312,0.02828999999719507
825,27.5,True,True,420.69866943359375,391.75433349609375,578.9842529296875,554.3289184570312,417.5776062011719,295.9261474609375,561.8908081054688,351.1687927246094,352.30169677734375,395.90899658203125,663.3101806640625,354.9714050292969,226.9026641845703,154.52523803710938,313.6911926269531,30.89455795288086,107.92977905273438,-313.81779261997815,-55.05582536969894,318.61065718524605,-115.04150390625,143.58306884765625,183.98544855700553,0.4810153341090924,-43.680643354143626,-690.6296539306647,692.0096223985773,-29.8828125,199.0228271484375,201.25374085732415,-0.977570402070987,0.1545021964153579,0.10521907604804095,0.021036672610943476
826,27.533333333333335,True,True,398.70159912109375,410.07586669921875,578.1384887695312,563.8404541015625,396.65960693359375,313.3484802246094,558.5628662109375,357.0710144042969,340.63006591796875,398.48040771484375,659.794921875,354.0328063964844,236.30731201171875,167.70309448242188,322.24493408203125,30.97455406188965,131.40652465820312,-1269.9268504551485,475.5058888026644,1356.0309936697408,-99.8382568359375,177.066650390625,203.2738945575512,0.7654155936154086,-1071.5786361694345,87.5173350742881,1075.1465283547404,-25.3729248046875,285.3460693359375,286.4719263708295,0.1693569180504758,0.16090599405708766,0.1141921208210671,0.021091143432566295
827,27.566666666666666,True,True,299.6396179199219,439.10284423828125,565.680908203125,567.0457763671875,272.82110595703125,368.965087890625,546.7205200195312,360.91497802734375,304.4673156738281,447.04315185546875,653.6353149414062,353.7964172363281,295.2073059082031,274.0177001953125,361.404541015625,119.86192321777344,181.9093475341797,-1709.7131620134633,767.3479025704519,1874.0175826126463,-355.2703857421875,115.31890869140625,373.517734099975,0.994173218065498,-1603.956282479423,570.7404981340678,1702.4748081294872,-373.7274169921875,96.15966796875,385.90006990866516,0.9959504529610469,0.20101208297658849,0.18658369080419,0.08161618758540029
828,27.6,True,True,162.79989624023438,460.837890625,557.844482421875,569.2168579101562,157.19288635253906,394.21441650390625,538.6693115234375,363.3475646972656,151.39309692382812,447.3158874511719,652.8078002929688,354.1153869628906,409.6415710449219,382.72320556640625,510.0029602050781,215.33277893066406,278.9110412597656,-1238.8787923540394,646.0121154785154,1397.1944444098071,-241.5362548828125,72.97760009765625,252.3202182521813,0.9825215792328906,-1236.0984093802322,554.7905567714143,1354.891818395504,-235.0927734375,65.1324462890625,243.94845292014728,0.9885300424568925,0.27893247836876717,0.26060326832935143,0.14662404879454324
829,27.633333333333333,True,True,159.503173828125,484.693603515625,546.6954345703125,574.63037109375,153.7769775390625,425.6138916015625,531.6727294921875,366.732421875,146.48895263671875,434.1239318847656,649.7097778320312,354.7835693359375,397.5002746582031,382.4555358886719,509.4370422363281,165.06614685058594,261.1781005859375,-335.91669355119996,290.1871163504461,443.90155158791475,-209.8974609375,101.54571533203125,233.17048786307257,0.96590086668362,-411.3419069562643,383.6142948695591,562.4607467607718,-334.471435546875,162.4053955078125,371.815348912382,0.9557771656146721,0.27066524640029627,0.2604210071237707,0.11239657468935872
830,27.666666666666668,True,True,156.56552124023438,497.9960632324219,547.7308959960938,591.7620849609375,151.85498046875,428.48675537109375,534.8233642578125,378.395263671875,141.58668518066406,426.7420654296875,648.3182373046875,355.3257141113281,402.2467041015625,386.23040771484375,511.7393493652344,235.23873901367188,237.19171142578125,663.5769408089774,-41.556309291295065,664.876893278233,94.51904296875,349.88525390625,362.42728979033774,0.19994526884216465,505.49571990966797,234.32426997593416,557.1658517414253,31.0638427734375,513.951416015625,514.8893282563923,0.4745347272685638,0.27389717748742104,0.26299138676398326,0.16017838305339274
831,27.7,True,True,332.0048828125,440.7867126464844,542.645751953125,585.07275390625,324.26214599609375,340.6358947753906,526.0143432617188,375.56683349609375,245.21743774414062,397.7057189941406,643.6741943359375,355.92333984375,255.31947326660156,204.75379943847656,400.64141845703125,62.84889221191406,142.3443145751953,1199.6016965593612,-226.0500771658766,1220.71408109139,-264.2706298828125,-84.8529052734375,277.5589691434983,-0.8790459989911528,1023.4244809831891,124.29732186453646,1030.9449512454125,-152.5543212890625,-200.679931640625,252.08184366838566,-0.696744884067296,0.17385172425835566,0.13942062712803316,0.042794966396313985
832,27.733333333333334,True,True,331.976318359375,483.0948486328125,542.6683349609375,599.7396240234375,320.947998046875,363.9226379394531,525.5782470703125,386.8028869628906,225.62551879882812,400.8558654785156,641.3906860351562,355.4386291503906,240.825927734375,205.90542602539062,418.2384338378906,55.26530456542969,128.10894775390625,1177.0988355364118,-127.50129154750334,1183.984057311355,-13.0828857421875,337.08160400390625,337.33539638939374,-0.1461648190176897,1222.5488662719727,279.66167449951126,1254.1277377551125,0.677490234375,440.006103515625,440.0066250910554,0.22449366714646968,0.16398280259266076,0.14020479084760856,0.03763116211794233
833,27.766666666666666,True,True,360.37908935546875,495.9220275878906,529.0948486328125,615.10888671875,346.66082763671875,370.85040283203125,512.8236083984375,396.40716552734375,204.63070678710938,403.9102783203125,636.2164306640625,355.05279541015625,206.5684356689453,168.11668395996094,434.34234619140625,32.23877716064453,32.23877716064453,922.7453613281249,108.64020211356024,929.1187735525781,-382.63916015625,288.12835693359375,478.98922425701056,-0.723031007474339,966.953364780971,475.8375876290453,1077.6920800775474,-407.20458984375,461.077880859375,615.1490796608483,-0.26299412040882175,0.14065624630557727,0.11447374150156332,0.021951976187521413
834,27.8,True,True,355.58258056640625,498.0499572753906,523.6210327148438,621.2761840820312,345.44873046875,381.9180908203125,511.1395263671875,399.55029296875,200.52308654785156,402.5430603027344,630.1784057617188,355.7747497558594,208.37855529785156,166.62632751464844,432.1932373046875,28.07917594909668,28.07917594909668,495.06536211286226,313.39745112827836,585.9246326428349,-50.5224609375,94.2938232421875,106.97590458047137,0.07242400531325671,548.3998816353931,585.7094846452983,802.3702577869982,-164.2144775390625,185.0189208984375,247.3830950648195,0.09225590691599066,0.1418887900460645,0.11345893039271154,0.019119627234256767
835,27.833333333333332,True,True,368.470947265625,569.871337890625,523.1969604492188,626.5628662109375,354.1698913574219,425.44403076171875,511.29522705078125,401.9422912597656,219.93418884277344,400.8951416015625,626.7667236328125,356.6903381347656,164.784912109375,158.87322998046875,409.2270202636719,26.394737243652344,90.85260009765625,182.69057137625498,405.53074428013355,444.7820021383302,4.6710205078125,71.75994873046875,71.91181178626991,0.936505932643234,224.06086512974298,588.3736855643128,629.5926184027428,-12.72216796875,158.6004638671875,159.10990131576392,0.903082843438173,0.1122050767826173,0.10817970371479617,0.017972661945623154
836,27.866666666666667,True,True,366.7266845703125,588.1654663085938,522.22705078125,628.9473876953125,352.25213623046875,436.7945556640625,513.5855712890625,402.9307556152344,238.77371215820312,400.7993469238281,625.6222534179688,356.91082763671875,160.7592315673828,164.84912109375,389.3302001953125,51.072566986083984,108.38135528564453,114.58913530622158,341.8686022077285,360.5617992878525,68.7103271484375,29.6539306640625,74.83625231580169,0.6674996181997889,160.46042306082575,509.3097904750275,533.9887733300912,-29.0972900390625,71.53564453125,77.22694300643192,0.7702748371818157,0.10946391687583708,0.11224879786077736,0.034776250002520055
837,27.9,True,True,389.02001953125,578.0693359375,521.1348266601562,630.916259765625,367.04937744140625,426.9269714355469,514.1703491210938,405.37310791015625,252.96054077148438,401.7803039550781,625.237060546875,357.29156494140625,142.29237365722656,148.6914520263672,374.9254150390625,49.181365966796875,97.7791519165039,106.1589595249718,213.26866149902298,238.22939924578884,17.5433349609375,73.27056884765625,75.34152149253947,0.974378616806856,149.94886125837036,353.8829367501389,384.3407263296265,-32.7667236328125,59.066162109375,67.5460560207632,0.615899181116079,0.09688949374923773,0.10124674387946103,0.0334884964523672
838,27.933333333333334,True,True,378.87548828125,581.341064453125,519.9994506835938,634.7457275390625,361.9248962402344,434.4112243652344,518.4326782226562,406.5272216796875,250.75367736816406,400.1368713378906,624.78955078125,357.8989562988281,150.8907928466797,158.9723358154297,376.4131774902344,47.449073791503906,89.0621566772461,100.49537658691372,75.53234645298517,125.71577496893295,127.869873046875,34.6234130859375,132.47446986775753,0.9286296000708273,116.02932521275079,116.14510672432948,164.17213565441662,-34.061279296875,114.884033203125,119.82700794210149,0.47737845312068933,0.10274431548632339,0.10824718670021667,0.03230894685616593
839,27.966666666666665,True,True,387.92181396484375,596.1138916015625,526.9630126953125,629.9425659179688,367.03350830078125,441.71978759765625,524.988037109375,406.37078857421875,248.0138702392578,398.93341064453125,621.6371459960938,358.5367736816406,143.0972900390625,161.8616180419922,375.8008117675781,30.111284255981445,108.75830841064453,116.87631879534035,46.398173740931384,125.74921240963572,196.6607666015625,-4.6929931640625,196.71675400217487,0.9203727782438095,108.4857722691122,74.17452130998845,131.41926189258407,208.9068603515625,-144.0948486328125,253.7821934345678,0.35905801324643083,0.09743757611473695,0.11021455209749842,0.020503327147591417
840,28.0,True,True,385.21649169921875,592.9266357421875,532.68505859375,629.858154296875,366.67596435546875,438.2122802734375,532.91064453125,406.1671447753906,240.57762145996094,396.37091064453125,621.0948486328125,358.70135498046875,152.0227508544922,169.29518127441406,382.3772277832031,35.41664123535156,140.1447296142578,121.37132917131669,103.2168143136156,159.32579923497485,237.67822265625,-6.10931396484375,237.75672701767027,0.7448826940714766,77.7655792236327,179.9224417550215,196.00910784725338,171.661376953125,-2.5323486328125,171.68005454053474,0.3831617448673311,0.10351508650871528,0.11527620199362919,0.02411584227175703
841,28.033333333333335,True,True,392.6084899902344,596.81640625,542.4510498046875,633.5787353515625,375.82452392578125,443.06689453125,541.5913696289062,407.94915771484375,247.5010223388672,395.1722106933594,620.8709106445312,358.6880187988281,154.2863006591797,169.44586181640625,375.148193359375,32.45368576049805,205.35092163085938,155.71383884974864,86.7797633579795,178.26252252728955,260.4217529296875,53.46038818359375,265.8524073686596,0.953557724714255,113.2020459856302,182.63004847935213,214.86841978965464,292.979736328125,111.617431640625,313.5212543751177,0.7949224891810069,0.10505637919373768,0.11537880314544252,0.02209831140498236
842,28.066666666666666,True,True,395.9718322753906,594.882080078125,542.771728515625,630.7085571289062,381.17987060546875,439.20257568359375,549.7506103515625,412.15386962890625,247.3775177001953,394.3653259277344,640.2904052734375,357.35992431640625,151.1083984375,170.72705078125,394.65167236328125,31.206979751586914,166.8621063232422,191.47669110979325,41.27141680036243,195.8740745557319,244.7772216796875,126.141357421875,275.36799070600074,0.9654732412116052,140.31460353306306,109.91847446986571,178.24213585575998,9.620361328125,-86.1053466796875,86.6411107899296,-0.5254575137509686,0.10289248713452692,0.11625118827059232,0.02124940635861273
843,28.1,True,True,400.25396728515625,624.78369140625,548.79541015625,635.5477905273438,389.0423583984375,455.3955993652344,556.9682006835938,414.7118835449219,265.5881042480469,393.14849853515625,649.9630737304688,357.5936279296875,148.93093872070312,172.78382873535156,386.0158996582031,27.268115997314453,182.08595275878906,247.14117867606035,48.360639299664854,251.82834159574787,216.5277099609375,76.74041748046875,229.72448902109784,0.9891616998324381,224.30266244070833,117.90880475725407,253.40515112616518,180.71044921875,145.177001953125,231.80299470226885,0.981467656047207,0.10140981477340637,0.11765168620035169,0.018567361599010828
844,28.133333333333333,True,True,402.287353515625,618.394287109375,555.303955078125,635.6864013671875,390.86199951171875,451.9620666503906,563.798095703125,414.32403564453125,273.4471435546875,392.8565368652344,656.1632080078125,357.12701416015625,153.99057006835938,176.9844970703125,384.3802490234375,26.048498153686523,139.8292999267578,257.9127829415453,48.631439208984034,262.4576546496401,204.8968505859375,-11.63543701171875,205.22695430788244,0.9705975368468447,242.99122401646184,126.97631835937432,274.16732185495687,195.25634765625,4.1583251953125,195.30062203815004,0.8959481610534911,0.10485501079644208,0.12051199851310612,0.01773690138248997
845,28.166666666666668,True,True,417.64617919921875,604.0098876953125,583.8063354492188,627.7013549804688,406.0740661621094,441.28369140625,587.0233154296875,410.12835693359375,278.57489013671875,393.756591796875,665.726806640625,360.0061950683594,167.8406524658203,183.61178588867188,388.6202697753906,33.2130241394043,127.86842346191406,306.39933994838134,75.9806605747765,315.6796102097555,696.756591796875,-125.870361328125,708.0346715191777,0.9123534623402234,294.0747070312499,156.60533360072463,333.1743745063682,855.0714111328125,-239.5513916015625,887.9932360974966,0.7231201049074097,0.11428578658143136,0.1250246413346226,0.022615358870181186
846,28.2,True,True,436.20257568359375,616.976318359375,576.1014404296875,644.9249267578125,420.17059326171875,450.1934509277344,589.3387451171875,420.7285461425781,281.0760192871094,393.9269714355469,677.9685668945312,359.8315734863281,142.66329956054688,171.7150115966797,398.3543395996094,14.696231842041016,216.52096557617188,315.502264840262,74.42472185407325,324.16156209888766,69.462890625,318.00567626953125,325.50376850909515,0.43200334896840903,300.55765424455865,132.02322823660666,328.27585399935646,-231.1468505859375,516.7071533203125,566.0522492033564,-0.006757077158027053,0.09714206401753446,0.11692390895681586,0.010006934501120158
847,28.233333333333334,True,True,435.5878601074219,628.5152587890625,590.891845703125,649.6521606445312,424.39300537109375,455.5733947753906,605.6520385742188,428.02362060546875,292.28814697265625,394.362060546875,686.4178466796875,359.57061767578125,156.7357635498047,183.34072875976562,395.66229248046875,13.227445602416992,182.01986694335938,289.06255449567493,93.16824776785677,303.70624426194763,489.3988037109375,218.85223388671875,536.1039911723319,0.9940965900082189,264.47835649762794,150.16374860490987,304.1347603460758,443.712158203125,141.8170166015625,465.8245866579424,0.9786451741036997,0.10672426351761513,0.12484007355124924,0.00900681094196277
848,28.266666666666666,True,True,452.6007385253906,641.5886840820312,595.0364990234375,652.1385498046875,443.16748046875,463.31201171875,612.9736328125,433.1865234375,317.763671875,394.1131591796875,693.1930541992188,359.2203063964844,142.825927734375,172.45774841308594,377.0473937988281,4.479297637939453,489.2821044921875,251.98716299874434,103.89407566615489,272.56468823873803,219.6478271484375,154.8870849609375,268.76602660813836,0.9752123822493102,217.74503435407337,161.2452261788494,270.94819237508284,124.339599609375,74.5916748046875,144.99742749851785,0.995293354021448,0.09725280053156246,0.11742965211283263,0.0030500361286935965
849,28.3,True,True,454.23797607421875,642.2261962890625,598.2952880859375,655.9778442382812,446.22198486328125,466.2200927734375,620.3087768554688,434.82354736328125,330.4644470214844,394.0089111328125,698.944580078125,359.0167236328125,144.71218872070312,176.8953094482422,370.1379089355469,5.747196674346924,493.81683349609375,246.6080147879461,67.92025974818625,255.79029426839662,220.0543212890625,49.1107177734375,225.46788444967538,0.9987910271017112,185.41949680873267,106.41566685267776,213.78653827709482,97.763671875,115.1788330078125,151.07580584436485,0.9407439485664284,0.09853719032243434,0.12045126902122269,0.003913371897190893
850,28.333333333333332,True,True,454.70892333984375,631.4302368164062,602.1964111328125,663.009033203125,446.3616638183594,459.95062255859375,628.1448364257812,440.45928955078125,338.6896667480469,393.6186828613281,702.9367065429688,358.5993957519531,150.83030700683594,182.82513427734375,365.92657470703125,15.342817306518555,197.86599731445312,209.692480904715,23.347026279993997,210.98819915837237,235.081787109375,169.072265625,289.56670670867544,0.8714637876309482,134.68845912388338,19.02250017438564,136.02513199424033,117.03369140625,210.9356689453125,241.22757171927887,0.6026758893504177,0.10270312956573727,0.12448899578722165,0.010447206433541202
851,28.366666666666667,True,True,466.8348083496094,639.9688110351562,611.394775390625,653.7328491210938,459.7330322265625,463.5526123046875,641.397216796875,434.7615051269531,338.9110107421875,393.3442687988281,707.902099609375,359.3747863769531,145.2137451171875,183.9315185546875,370.5513916015625,4.050046443939209,489.99755859375,184.86024039132246,-14.329180036272874,185.41476175873768,397.5714111328125,-170.93353271484375,432.76009469047904,0.9464653542447593,96.30867004394463,-29.859270368304124,100.83122508707748,275.950927734375,-278.2855224609375,391.90782912416944,0.8828167581434896,0.09887870929560943,0.12524235318627794,0.00275775109746538
852,28.4,True,True,472.3546142578125,645.8338623046875,606.0716552734375,658.863037109375,472.2683410644531,467.12518310546875,641.1758422851562,444.6781921386719,336.17156982421875,392.7373046875,710.3688354492188,356.9239501953125,134.35031127929688,170.39251708984375,375.90716552734375,16.229534149169922,155.43663024902344,190.00037057059103,4.473822457449614,190.0530344518148,-6.6412353515625,297.5006103515625,297.57472870952444,0.001222310283687895,80.08938380650068,7.116721017019472,80.40495703959463,-159.693603515625,153.9056396484375,221.7859168644401,-0.6557878084242268,0.0914815974344559,0.11602339812858165,0.011050988236987492
853,28.433333333333334,True,True,460.12274169921875,632.355712890625,615.67578125,661.622802734375,465.7264099121094,461.1839599609375,647.4969482421875,448.4635314941406,352.5446472167969,392.6362609863281,710.2217407226562,355.9599609375,158.28237915039062,182.215087890625,359.5525817871094,15.428340911865234,215.3158416748047,161.59551348004982,10.662329537527512,161.94689020801786,189.6331787109375,113.5601806640625,221.03542046574543,0.8898951802324204,41.00385393415138,18.21990966796784,44.86960157792946,288.123779296875,82.79296875,299.7832348060058,0.9904477690495818,0.10777738251980723,0.12407360398474096,0.010505441029062187
854,28.466666666666665,True,True,472.75836181640625,634.0782470703125,621.8394165039062,663.6412353515625,479.0410461425781,459.8199462890625,653.431884765625,451.778076171875,366.6423034667969,392.4437561035156,714.4920043945312,356.0143127441406,151.98397827148438,174.57615661621094,349.7520751953125,13.35158920288086,260.7511901855469,107.39966256277853,-14.741330827985962,108.40661581831074,178.048095703125,99.43634033203125,203.93310217357237,0.7986576368378069,-27.600631713867415,-13.437129429409197,30.69774125741564,184.9090576171875,60.552978515625,194.57138226365691,-0.9906851075401626,0.10348868554398033,0.1188721152124324,0.009091342602318139
855,28.5,True,True,469.35906982421875,645.212646484375,631.0909423828125,668.6455688476562,481.5491638183594,468.4886169433594,663.316650390625,457.943115234375,373.384765625,392.4805603027344,717.8109130859375,356.1138610839844,163.42062377929688,182.07313537597656,346.3407287597656,20.119247436523438,254.60263061523438,94.64276994977638,13.78267560686345,95.64107930513083,296.54296875,184.951171875,349.4920146340961,0.9159025645139746,-24.058619907924367,32.977229527063855,40.820520074524126,277.5457763671875,150.1300048828125,315.54821556360946,-0.13403601059936102,0.11127610777161684,0.12397694590724026,0.013699565539866895
856,28.533333333333335,True,True,465.64825439453125,637.5213012695312,629.9973754882812,664.1187133789062,479.83416748046875,462.4122009277344,667.2640380859375,456.24114990234375,376.3197326660156,392.4226989746094,718.3001708984375,356.651123046875,166.48739624023438,187.53143310546875,343.8462219238281,24.187240600585938,215.66671752929688,138.49734715053,59.38852582659024,150.69343770579394,118.421630859375,-51.0589599609375,128.96007152482002,0.6879259545063142,42.98734392438587,110.80836704799026,118.85455795010795,-32.8070068359375,-135.8056640625,139.71212577650465,-0.9911635498075863,0.11336432953324213,0.12769360120049641,0.016469536889075306
857,28.566666666666666,True,True,459.64007568359375,637.04443359375,623.6541137695312,662.689208984375,482.828125,459.67352294921875,664.83251953125,459.75390625,379.6836853027344,391.2919921875,718.4411010742188,356.797607421875,166.00680541992188,182.00442504882812,340.50909423828125,21.156543731689453,190.9184112548828,154.6327972412107,72.94006347656239,170.97238035017918,-72.945556640625,105.3826904296875,128.16616431730327,-0.16397462553865957,88.63900320870482,111.82257516043478,142.69254081886646,-190.2978515625,-42.8851318359375,195.07026129548558,-0.778274917283945,0.11303708640640542,0.12393015978201338,0.014405879661442383
858,28.6,True,True,467.5615234375,651.8199462890625,615.2283935546875,671.9412231445312,490.0472412109375,471.5559997558594,659.4830932617188,466.2362976074219,381.0096130371094,390.0624694824219,718.0924682617188,357.5447998046875,149.03143310546875,169.5193328857422,338.6476745605469,43.74911880493164,465.238037109375,204.8775591169083,31.910378592354505,207.34774291419149,-160.4827880859375,194.47174072265625,252.13881734381155,-0.5102035857212508,160.3190721784316,42.53134591238813,165.86476506260266,-252.7716064453125,277.5604248046875,375.4108075731205,-0.461221751098301,0.10147824324792208,0.1154288309475672,0.029789579469635948
859,28.633333333333333,True,True,480.2008056640625,657.724365234375,627.713623046875,678.0149536132812,501.0506896972656,474.77471923828125,674.5633544921875,477.91424560546875,384.21063232421875,389.925048828125,717.7963256835938,360.96783447265625,148.9017791748047,173.5410614013672,334.8401794433594,43.01226043701172,253.4873809814453,253.66261073521162,43.73258318219837,257.40485410495154,452.4078369140625,350.33843994140625,572.1974077203071,0.8831783966698117,216.04594639369384,33.61999511718682,218.64618685178687,374.556884765625,182.2119140625,416.52615950459773,0.9558107592637574,0.10138995950240735,0.11816729984692265,0.029287839057288663
860,28.666666666666668,True,True,492.4693603515625,655.7601318359375,632.185791015625,674.260986328125,510.74365234375,475.27374267578125,675.706787109375,477.1932067871094,394.5486145019531,390.1167907714844,717.342041015625,363.46685791015625,140.93601989746094,164.97430419921875,323.89166259765625,49.33285140991211,243.92738342285156,270.75769696916825,4.354084559849184,270.7927039644943,34.302978515625,-21.63116455078125,40.55368805505124,0.8371799805327443,234.11175319126653,-42.223728724888815,237.8889578137697,134.1650390625,-112.6190185546875,175.1664952177305,0.8678823021074087,0.09596592753306693,0.11233403733920536,0.03359164567615603
861,28.7,True,True,494.5018005371094,639.39208984375,630.4717407226562,677.446044921875,518.6083374023438,464.8081970214844,675.5821533203125,483.43341064453125,404.1793518066406,391.7665100097656,716.25244140625,364.9587097167969,141.19464111328125,158.0749053955078,313.2223815917969,44.31649398803711,455.82470703125,263.301478794642,-79.660263061524,275.0880336301027,-3.739013671875,187.20611572265625,187.24345111966676,-0.3086363804264023,189.95917184012228,-165.23417881556952,251.76739426510477,-51.4215087890625,95.5517578125,108.50949261332985,-0.9354757155721874,0.0961420274745438,0.10763610982500159,0.03017591566492211
862,28.733333333333334,True,True,501.31878662109375,645.1023559570312,638.603271484375,680.487060546875,527.9991455078125,471.35552978515625,680.275146484375,486.2915954589844,416.2850341796875,392.20135498046875,717.376220703125,367.3022766113281,141.7713165283203,153.0067596435547,302.11895751953125,54.708003997802734,446.63848876953125,256.8153926304401,-125.01296997070358,285.6263092798406,140.789794921875,85.74554443359375,164.84557847985192,0.5402590003127701,166.7720358712329,-239.7758265904024,292.07081156073525,243.9459228515625,91.23046875,260.4469460451499,0.24725590295606364,0.09653469636876974,0.10418511618751405,0.037251685913591334
863,28.766666666666666,True,True,505.2030029296875,634.497314453125,639.18896484375,676.66650390625,535.9100341796875,464.48394775390625,681.978271484375,484.3711853027344,435.3651428222656,393.55181884765625,722.0296020507812,367.3865966796875,140.46522521972656,147.4158477783203,287.8561096191406,17.29554557800293,88.13079071044922,269.581930977957,-117.43348257882292,294.0493841863891,51.09375,-57.6123046875,77.00486309622163,0.907095102199422,183.1246948242184,-225.12307303292482,290.1982974902691,17.57080078125,-114.61669921875,115.95568455188294,0.862418674840029,0.09564535477984684,0.10037816149067212,0.011776855021101583
864,28.8,True,True,507.0419921875,619.4510498046875,642.66796875,677.759521484375,542.9718627929688,454.93939208984375,688.465087890625,486.3108825683594,449.03070068359375,393.7073059082031,727.6351318359375,369.80126953125,147.62887573242188,148.8369903564453,279.6282043457031,37.020416259765625,122.49552154541016,323.0831255231577,-89.40454755510632,335.2251170800687,194.6044921875,58.19091796875,203.11841697295827,0.8469754770854385,273.03062438964787,-192.5156511579246,334.0778319424393,104.3701171875,32.79052734375,109.3999087989277,0.6069688449268458,0.10052321614185854,0.10134584360462515,0.02520788217670283
865,28.833333333333332,True,True,518.8032836914062,608.965087890625,651.9141845703125,677.310302734375,553.6961059570312,449.5461120605469,695.817138671875,489.70770263671875,457.7032775878906,394.0179138183594,734.6263427734375,375.14276123046875,149.63148498535156,147.68663024902344,277.5655822753906,38.58787155151367,134.11337280273438,311.2794930594305,-70.95546177455412,319.26415450998604,220.5615234375,101.90460205078125,242.96488128986655,0.7918732629162496,335.99676949637194,-129.36322893415218,360.03982295333384,277.386474609375,-13.4765625,277.7136547471763,0.9495574935701714,0.1018868296069154,0.10056254225422445,0.026275191307815346
866,28.866666666666667,True,True,531.332763671875,614.5569458007812,683.2152709960938,685.352783203125,566.2308349609375,454.3856506347656,714.9801025390625,498.1490478515625,470.2623291015625,396.7306213378906,740.061279296875,380.16094970703125,167.57191467285156,155.053466796875,270.3072814941406,25.716222763061523,,308.21136474609284,-42.5838579450342,311.1392458628965,574.888916015625,253.2403564453125,628.194192817929,0.8513601982063115,380.79483032226494,-78.35632324218795,388.7729622700076,939.0325927734375,241.2744140625,969.5336782041185,0.8985083344396626,0.11410279807654666,0.10557875672383578,0.01751064895900774
867,28.9,True,True,554.9019165039062,608.3726806640625,677.6343994140625,685.6497802734375,587.7066040039062,453.2859802246094,715.643310546875,501.28192138671875,484.51116943359375,396.9918212890625,748.933349609375,384.04913330078125,145.03451538085938,136.64337158203125,264.7387390136719,21.57445526123047,449.5269470214844,309.4438607352113,-23.717651367187955,310.35146194772193,19.896240234375,93.9862060546875,96.06907569045379,0.13173281447631457,333.17079816545686,-63.60913957868388,339.18859560449266,-167.4261474609375,8.909912109375,167.66305910190346,-0.9908361518208729,0.09875666847239938,0.09304298436024863,0.014690443306622268
868,28.933333333333334,True,True,564.62158203125,623.90380859375,671.7199096679688,672.388427734375,582.5576171875,456.9303894042969,715.0618896484375,488.96044921875,495.6488037109375,398.6416015625,755.6500244140625,388.14385986328125,117.56194305419922,136.3206024169922,260.21307373046875,57.29275131225586,167.79470825195312,222.34863281249977,-65.79973493303623,231.8803994106567,-17.442626953125,-369.6441650390625,370.05547419603397,0.2382528227283206,210.65440586634998,-132.51820155552514,248.87015179489822,-177.4346923828125,-397.840576171875,435.61473128184355,0.1415321930588202,0.08005008879911668,0.09282320490057194,0.03901168788931455
869,28.966666666666665,True,True,573.2532348632812,607.3487548828125,676.7691650390625,664.7356567382812,594.0706787109375,448.66168212890625,724.5625,488.3487548828125,506.97998046875,400.1910400390625,762.915283203125,394.0823669433594,118.35879516601562,136.3934783935547,256.0081787109375,51.050601959228516,150.55862426757812,176.15883963448573,-97.95952933175283,201.56390095517352,285.018310546875,-18.350830078125,285.6084563025946,0.9033805795016215,99.92529732840353,-185.91234479631726,211.06507288946364,151.4776611328125,-229.5831298828125,275.05253198081186,0.9959486951544049,0.08059268005487076,0.0928728274930844,0.03476129361183294
870,29.0,True,True,563.2988891601562,597.6234741210938,681.0775146484375,674.803955078125,606.8846435546875,447.30194091796875,735.487548828125,495.8905029296875,516.249755859375,401.2366638183594,769.3953247070312,399.9371643066406,140.81417846679688,137.47564697265625,253.14891052246094,54.17623519897461,160.08865356445312,50.766710553849634,-123.55996268136198,133.5826458724258,327.75146484375,226.25244140625,398.26020382347076,-0.21272069214131215,-135.52047729492278,-258.3984375000007,291.77997235705783,129.25048828125,302.0489501953125,328.5411040266224,-0.9969054422623074,0.09588296346246142,0.09360969597792014,0.036889594760103284
871,29.033333333333335,True,True,556.912353515625,579.3674926757812,678.071533203125,661.06201171875,593.6473388671875,435.3389892578125,741.8773193359375,493.40545654296875,528.1860961914062,403.2011413574219,776.015625,406.3065490722656,146.12850952148438,159.19749450683594,247.84898376464844,103.26266479492188,140.3622283935547,70.77366420200792,-98.94205365862206,121.64884515179017,191.693115234375,-74.5513916015625,205.6797520855879,0.8370304726110542,-174.86408778599412,-255.38968767438655,309.517918330504,-90.179443359375,-412.25830078125,422.0062067880641,0.9267881721179418,0.09950158919952934,0.10840050139349844,0.07031344729183306
872,29.066666666666666,True,True,561.521240234375,584.814453125,670.1708984375,663.327880859375,608.96630859375,439.08349609375,744.7333374023438,498.81640625,533.7826538085938,407.8540344238281,785.3047485351562,411.5015869140625,134.04888916015625,148.32635498046875,251.5485382080078,84.63642883300781,156.11875915527344,198.76170567103736,-109.96578761509522,227.15345052864222,85.6805419921875,162.3284912109375,183.55297419245056,-0.01968043630504223,-23.999764578683653,-268.51645333426404,269.5868587506524,-237.01904296875,67.97607421875,246.57407283819433,-0.18901311216933886,0.09127635357086902,0.1009981425873661,0.05763050071908787
873,29.1,True,True,520.2538452148438,563.3687133789062,654.5875244140625,653.9822387695312,586.0360107421875,431.1839294433594,743.064697265625,498.29266357421875,543.6639404296875,409.8940124511719,794.2796630859375,418.9029235839844,162.03810119628906,170.7676544189453,250.777587890625,119.01236724853516,175.02284240722656,321.32472446986526,-136.84184483119463,349.24957988870875,-50.0592041015625,-15.7122802734375,52.467129392343786,-0.7604818317022871,129.54522269112658,-323.5357883998329,348.5073472648676,-467.501220703125,-280.3692626953125,545.1277967809247,0.1586839419751655,0.11033472272249821,0.11627883603413411,0.08103770930398917
874,29.133333333333333,True,True,546.1448974609375,578.0389404296875,667.26416015625,634.2125244140625,609.2386474609375,440.53973388671875,752.119873046875,491.0374755859375,554.7720947265625,414.83477783203125,804.23828125,424.36810302734375,133.5115966796875,151.54229736328125,249.6482696533203,83.50477600097656,230.61912536621094,415.215257917131,-74.03519766671332,421.76405833207144,271.6552734375,-217.6556396484375,348.09562631146827,0.8780456632986068,229.37367030552423,-225.03040858677537,321.32688250153984,380.299072265625,-593.0914306640625,704.5458320742799,0.9748428508769158,0.09091050124098032,0.10318793689178908,0.05685993749649712
875,29.166666666666668,True,True,589.442138671875,542.1995849609375,720.72802734375,599.6002197265625,656.8754272460938,420.34326171875,789.0000610351562,473.86700439453125,573.89794921875,420.8706970214844,832.15625,430.6472473144531,143.28578186035156,142.55422973632812,258.4432678222656,57.1915283203125,212.42465209960938,424.55782209123856,-65.42087009974932,429.5686610350714,1106.4056396484375,-515.1141357421875,1220.4409089699054,0.9602665516771256,267.95327322823607,-197.87488664899638,333.0967237906715,1603.916015625,-1038.369140625,1910.695438153521,0.9981071960535961,0.09756592366191165,0.0970677963686067,0.03894276329277362
876,29.2,True,True,587.040771484375,524.0050048828125,745.5220947265625,578.6221923828125,664.6094970703125,414.24066162109375,812.78271484375,459.9385986328125,607.4387817382812,425.489013671875,857.9989624023438,439.4958801269531,167.628662109375,155.05999755859375,250.9513702392578,72.00687408447266,241.7145538330078,426.95035661969825,-112.54178728376132,441.53398612418374,713.4796142578125,-417.8521728515625,826.8334767764601,0.9632161287783774,328.78149850027853,-261.7017255510614,420.22025999764895,743.822021484375,-629.3408203125,974.3413507373648,0.9995518777750245,0.11414143844956882,0.1055832036395802,0.04903080465377659
877,29.233333333333334,True,True,588.197265625,556.9540405273438,754.9832763671875,597.1007080078125,662.1168212890625,432.48126220703125,823.1904907226562,473.9269104003906,635.7586059570312,430.7782287597656,881.5328369140625,446.4512939453125,171.54978942871094,166.32037353515625,246.27345275878906,117.03434753417969,339.73626708984375,360.16054425920674,-123.46363612583764,380.73466756588016,312.2332763671875,419.64935302734375,523.0632833293279,0.304510076296199,358.7599836077003,-295.95399039132303,465.07793999150795,283.83544921875,554.35546875,622.7941457385754,-0.21486407983229275,0.11681140614447817,0.11325060070207771,0.07969083930790924
878,29.266666666666666,True,True,585.9569091796875,545.5411376953125,787.2042236328125,633.8945922851562,671.8734741210938,426.6318054199219,853.8762817382812,502.149658203125,662.0116577148438,434.8026428222656,909.2449951171875,454.42010498046875,219.78810119628906,197.0481414794922,248.0104217529297,116.2191162109375,371.9669494628906,290.8171299525661,-118.65178789411323,314.0905121844933,920.57373046875,846.6824340820312,1250.7306414301297,0.42576394158402886,379.3916538783477,-306.6787719726567,487.8420812221971,966.62841796875,1103.8165283203125,1467.2359819122062,0.039416689863233684,0.14965775965135972,0.13417370292920514,0.07913573330913146
879,29.3,True,True,596.4150390625,498.69744873046875,790.3104248046875,584.7412109375,675.361328125,401.3968811035156,865.0267944335938,481.35931396484375,658.4881591796875,438.0367736816406,929.7756958007812,462.34228515625,212.1295623779297,205.83241271972656,272.3741760253906,141.10556030273438,226.42564392089844,314.5842851911266,-42.74351937430265,317.4748508743857,334.515380859375,-623.7103271484375,707.7535674393338,0.5869888867325963,477.1741594587047,-235.40774754115546,532.082687237164,93.18603515625,-1474.6014404296875,1477.5429080962256,0.49810611007654404,0.14444291974182785,0.1401550747451856,0.09608137071259078
880,29.333333333333332,True,True,653.4718017578125,507.7870788574219,814.5750122070312,599.3060913085938,706.5433349609375,410.6293640136719,878.3148193359375,487.3121337890625,673.1011352539062,442.28558349609375,945.93359375,468.8846130371094,185.2834930419922,188.11085510253906,274.1259765625,130.44390869140625,173.63223266601562,282.9635402134477,-0.2749524797716276,282.9636737975275,398.6407470703125,178.5845947265625,436.81449460660923,0.912211099316026,420.9769984654009,-192.22405569894022,462.7869064983229,727.9376220703125,436.9464111328125,849.0084497973068,0.5661688103994463,0.12616293747530236,0.1280881402929326,0.08882165607995161
881,29.366666666666667,True,True,660.448486328125,477.01922607421875,768.13232421875,580.5831298828125,714.9811401367188,396.1983642578125,864.584716796875,479.81365966796875,682.7476196289062,445.92669677734375,929.674072265625,475.233642578125,149.4031219482422,171.38479614257812,248.6595458984375,45.64669418334961,174.7489776611328,155.78148978097033,93.65893772670177,181.76872441229477,-411.903076171875,-224.9542236328125,469.32776062160957,-0.9991412416932127,220.2025059291284,20.891712733677196,221.191336354782,-1393.2806396484375,-561.6888427734375,1502.240092966275,-0.9586377143306585,0.10173133301572165,0.11669905918199133,0.031081673438135136
882,29.4,True,True,664.822509765625,516.6416015625,787.43212890625,607.08837890625,715.6806640625,430.4654235839844,877.51416015625,497.63262939453125,690.15869140625,449.7308044433594,910.3268432617188,479.2355041503906,152.3605499267578,175.21847534179688,222.13632202148438,33.898006439208984,247.0338592529297,24.06352451869361,166.2848445347372,168.01697156598047,387.88330078125,534.569091796875,660.4676895424132,0.8851470800756379,-62.02370779854937,214.22130039759998,223.0195190406405,578.994140625,795.157470703125,983.6206677846259,0.6128020352480646,0.10374510010859815,0.11930948184388375,0.02308177591383203
883,29.433333333333334,True,True,645.246337890625,523.6434326171875,856.6490478515625,616.1787109375,707.738525390625,431.57281494140625,919.913818359375,506.84954833984375,701.0940551757812,453.10614013671875,956.555419921875,486.7210998535156,230.7680206298828,225.13316345214844,257.6634826660156,99.90312957763672,270.507568359375,-125.6527927943639,165.87674822126098,208.09545871422316,1271.98974609375,276.507568359375,1301.6967194887052,-0.42071794090910214,-355.33224923270154,275.0127410888665,449.32506618925976,1982.9721060988602,260.4258485903971,2000.0,-0.7043825952391825,0.15713418869660872,0.1532973108284025,0.06802587798597826
884,29.466666666666665,True,True,618.1265869140625,532.4586181640625,878.2337036132812,619.3633422851562,695.708251953125,429.04083251953125,940.12060546875,514.8221435546875,734.86474609375,453.25445556640625,985.1455078125,478.4081726074219,274.24102783203125,259.02862548828125,251.54159545898438,13.617530822753906,271.13006591796875,-102.71602085658537,93.78662109374989,139.09173676675798,606.20361328125,239.1778564453125,651.6815693028443,-0.4394703495666439,-362.6783098493311,208.10217721121603,418.14121130930846,647.5396728515625,95.5389404296875,654.5497055649296,-0.7854266816724409,0.1867357586986649,0.17637735421139253,0.009272427141524875
885,29.5,True,True,605.7496337890625,533.35498046875,863.62841796875,629.144287109375,692.4853515625,429.06414794921875,931.6708984375,522.6627197265625,766.0799560546875,451.0546569824219,995.9317626953125,477.0279235839844,275.0946350097656,256.8470764160156,231.31463623046875,43.48088073730469,280.59100341796875,-16.652984619140852,-58.47842625209296,60.803357091914066,-253.4912109375,235.21728515625,345.81059159435347,-0.45341718382205753,-302.95296805245584,-27.308709280832318,304.1813052348506,-438.1585693359375,293.4283447265625,527.3358752934281,0.7775800869589544,0.18731699552243616,0.1748918973329367,0.029606931236925624
886,29.533333333333335,True,True,594.9552001953125,550.51708984375,761.98095703125,637.0123291015625,689.1060180664062,440.7998046875,872.4749755859375,531.9105224609375,791.9830322265625,448.4053039550781,960.6176147460938,479.31597900390625,188.0931396484375,204.75677490234375,171.4441375732422,26.49662208557129,232.2371063232422,15.273154122488677,-84.60293361118909,85.97049268480762,-1775.877685546875,277.43408203125,1797.4179324508386,-0.3274228885484537,-200.3201293945317,-128.88650076730005,238.20135247450037,-1994.0352248460467,154.348694382406,2000.0,0.7967039803147032,0.1280760775144764,0.13942265317609429,0.018042037207982805
887,29.566666666666666,True,True,607.3590087890625,515.9412841796875,763.5304565429688,603.3829345703125,705.8258666992188,419.32305908203125,866.6732177734375,513.6468505859375,822.5728759765625,449.41400146484375,972.4773559570312,492.1141052246094,178.9848175048828,186.4640655517578,155.86741638183594,41.90011215209961,203.8606414794922,68.02204677036775,-103.36346217564198,123.73764245275352,-174.052734375,-547.91015625,574.8912015897562,0.6297046186123771,-30.05519321986708,-243.27932085309817,245.12882856618114,46.4849853515625,-1008.8818359375,1009.952183396697,0.9857598019986878,0.12187405347965442,0.126966811006016,0.028530556839488335
888,29.6,True,True,603.552490234375,507.2608337402344,773.404052734375,583.407470703125,713.9755859375,416.51898193359375,888.1092529296875,513.4874267578125,836.962646484375,454.3675842285156,974.6258544921875,472.4013366699219,186.1393585205078,199.31234741210938,138.83938598632812,51.1749267578125,208.1593017578125,103.79902430942957,-115.45839582170788,155.2574591229411,643.0810546875,-4.78271484375,643.0988394168224,0.674072707619701,99.12525721958627,-241.68790544782428,261.2256883589468,296.2078857421875,-599.263916015625,668.4731502567914,0.9975613931043699,0.12674571201760207,0.13571544238379998,0.03484594865332023
889,29.633333333333333,True,True,592.1041259765625,506.14849853515625,769.7490234375,577.6851806640625,695.8651123046875,416.8468322753906,886.7621459960938,515.6824340820312,845.8583984375,458.94049072265625,961.50927734375,510.91302490234375,191.50772094726562,214.96546936035156,126.792236328125,36.5157585144043,196.25218200683594,136.8920026506687,-98.7543705531532,168.79527864564275,-40.4132080078125,65.8502197265625,77.26240236699401,-0.9228398158605966,241.4155360630573,-205.11759076799717,316.7880791555782,-109.65087890625,-171.668701171875,203.69943104228744,0.13545491147175195,0.13040112870946197,0.14637394095389003,0.02486425143804864
890,29.666666666666668,True,True,615.00732421875,489.328125,804.300048828125,584.3763427734375,706.32763671875,413.1217956542969,900.4215087890625,526.1900634765625,851.790771484375,466.85198974609375,968.7291259765625,523.1433715820312,211.8157196044922,224.6260528564453,129.78173828125,54.94765853881836,223.13258361816406,191.57684326171807,-72.64539446149615,204.88787228772537,409.7808837890625,315.2288818359375,517.0006002535013,0.524932466570029,447.28212629045663,-127.74215698242233,465.1659479899983,1036.53076171875,200.73486328125,1055.7890439504447,0.8918023184048005,0.14422921842633452,0.15295200989884666,0.03741487109742729
891,29.7,True,True,628.3054809570312,502.2200927734375,760.494140625,592.5042724609375,716.6175537109375,412.4211730957031,867.4303588867188,531.5291748046875,847.030029296875,461.75360107421875,966.07861328125,543.843505859375,160.07833862304688,192.1749725341797,144.6074676513672,71.74710845947266,355.9508056640625,324.12721906389424,-207.00684683663553,384.5910669468806,-989.7344970703125,160.17333984375,1002.6115267079897,-0.9179487991924593,709.0010506766179,-303.17387172154054,771.1010869887145,-1314.17724609375,243.837890625,1336.6071790376566,-0.9757621900380506,0.10900028434952153,0.13085547258466654,0.04885392546304545
892,29.733333333333334,True,True,652.2796630859375,501.8277587890625,754.1199951171875,591.3555908203125,727.0494995117188,415.80987548828125,857.4141845703125,530.7807006835938,849.3707885742188,459.4150085449219,969.5712890625,555.1226196289062,135.59751892089844,173.81956481933594,153.64930725097656,66.10404968261719,317.0526428222656,333.9093017578116,-228.64798409598257,404.6916386973494,-300.4852294921875,-22.4542236328125,301.32302484530607,-0.7806989452164378,695.3418404715395,-317.5737108503073,764.4300732791603,-191.224365234375,-34.46044921875,194.3046073042214,-0.8215221974452506,0.09233084405174866,0.11835693794544384,0.04501146297518357
893,29.766666666666666,True,True,701.9615478515625,481.13079833984375,760.090087890625,588.1594848632812,749.7941284179688,398.67022705078125,859.7076416015625,535.884521484375,844.6699829101562,454.766357421875,975.2177734375,562.0709228515625,121.79518127441406,175.80882263183594,168.9881591796875,81.89348602294922,187.70498657226562,443.56567382812455,-182.89408002580967,479.79240459503467,68.8037109375,153.1146240234375,167.86315476783366,0.03122948547624894,725.8443668910431,-224.2471912928994,759.6952334655085,179.102783203125,-95.8831787109375,203.15361407274835,0.9816467065146977,0.08293257854564787,0.1197114601692008,0.05576278052144823
894,29.8,True,False,738.4682006835938,425.4519958496094,659.58935546875,512.4765167236328,771.9552001953125,363.33856201171875,702.3787841796875,450.770751953125,822.1883544921875,453.5348815917969,750.4530029296875,462.53306579589844,132.85012817382812,188.244873046875,232.19143676757812,60.657827377319336,,462.94477190290195,-128.27927725655718,480.3888370952166,-1759.0801685792771,-951.6495988652089,2000.0,-0.7205413524728934,869.3806457519528,-111.24010358537987,876.4685207431972,-1597.6511779542875,-1203.1253930749242,2000.0,-0.7160161432225048,0.09046009517200738,0.12817939557560365,0.04130303006030882
895,29.833333333333332,True,True,701.5734252929688,456.9616394042969,559.088623046875,436.7935485839844,744.9374389648438,383.484375,545.0499267578125,365.656982421875,807.4190063476562,451.79730224609375,525.688232421875,362.9952087402344,143.9050750732422,200.68092346191406,295.39471435546875,39.42216873168945,99.27702331542969,148.3735002790172,-52.58076259068116,157.4148410400528,-1759.0801685792771,-951.6495988652089,2000.0,-0.6700842782723948,661.2139238630014,-20.178892953055538,661.5217614191674,-1597.6511779542875,-1203.1253930749242,2000.0,-0.7801039408611434,0.0979876117983669,0.1366473309820065,0.02684327959916941
896,29.866666666666667,True,True,827.233642578125,496.21435546875,212.00973510742188,401.80133056640625,810.4773559570312,393.0030517578125,214.8878173828125,319.41064453125,921.4580078125,451.83404541015625,217.52337646484375,351.9642028808594,622.4260864257812,600.1189575195312,710.9838256835938,498.2294006347656,700.7076416015625,-49.904349190848734,-3.350731985909988,50.016711937147214,-1962.3386444788512,-386.2991623612834,2000.0,0.9919046462716311,222.6066153390061,30.085830688476335,224.630501937969,-1967.797601810826,-357.45292954292154,2000.0,-0.9989717076245067,0.4238213676538136,0.4086320333896172,0.33925356052303757
897,29.9,True,True,824.9281005859375,493.4248046875,201.81369018554688,371.89410400390625,806.6451416015625,392.778564453125,206.1038055419922,298.9332275390625,970.8285522460938,449.5062255859375,217.29827880859375,339.9892578125,634.8552856445312,607.82958984375,761.4472045898438,493.20465087890625,660.5354614257812,-345.7873535156199,-28.571831839420284,346.96576693673455,-1962.3386444788512,-386.2991623612834,2000.0,0.9937423618239626,-184.40719604491647,-45.391006469722655,189.91144626241638,-1967.797601810826,-357.45292954292154,2000.0,0.9980998878738314,0.4322846379546808,0.4138823447252038,0.33583211601727225
898,29.933333333333334,True,True,672.2791748046875,473.445556640625,189.18716430664062,370.53765869140625,722.46875,393.49102783203125,196.4381561279297,292.8206481933594,807.830810546875,450.5414733886719,213.96151733398438,342.589111328125,493.93109130859375,535.5769653320312,603.6011962890625,434.74676513671875,529.94482421875,-641.6703578403959,-53.792931692934104,643.9212122854336,-289.969482421875,-183.37738037109375,343.0882748911348,0.8868713389972864,-591.421007428845,-120.86784362792613,603.6454618825645,-378.7957763671875,-40.693359375,380.9753137551608,0.9955311431504738,0.3363267626639081,0.36468420408656343,0.2960270666696843
899,29.966666666666665,True,True,710.5761108398438,448.12213134765625,176.95285034179688,364.7701416015625,746.6900634765625,374.4280700683594,187.87689208984375,286.56549072265625,739.0379638671875,445.7910461425781,212.66744995117188,347.4200439453125,540.0938720703125,565.6783447265625,535.483642578125,395.93817138671875,515.3099365234375,-937.5533621651722,-79.01403154644794,940.876997321351,-256.8379211425781,-187.65472412109375,318.08805891105845,0.8541336825640027,-998.434818812773,-196.34468078612957,1017.5575271652713,-367.0294189453125,-173.0255126953125,405.7689273648359,0.9698090569830029,0.36775984894325014,0.3851807868318591,0.26960158155819625
