frame,time_sec,present_A,present_B,pelvis_A_x,pelvis_A_y,pelvis_B_x,pelvis_B_y,torso_A_x,torso_A_y,torso_B_x,torso_B_y,body_A_x,body_A_y,body_B_x,body_B_y,dist_pelvis,dist_torso,dist_body,contact_proxy_min_dist,contact_proxy_hand_torso,torso_A_vx,torso_A_vy,torso_A_speed,torso_B_vx,torso_B_vy,torso_B_speed,dir_sim_torso,pelvis_A_vx,pelvis_A_vy,pelvis_A_speed,pelvis_B_vx,pelvis_B_vy,pelvis_B_speed,dir_sim_pelvis,dist_pelvis_norm,dist_torso_norm,contact_proxy_min_dist_norm
0,0.0,True,True,285.9251708984375,1022.3533935546875,545.8441162109375,974.8079833984375,270.6651611328125,979.5117797851562,618.8721923828125,939.496826171875,238.90435791015625,1023.3153076171875,460.1025390625,1053.69677734375,264.23175048828125,350.4986877441406,223.27488708496094,159.63876342773438,235.70777893066406,,,,,,,,,,,,,,,0.11994683846728313,0.15910733439169222,0.07246731301063877
1,0.0333519041251919,True,True,291.8775939941406,1017.4345092773438,545.4075927734375,1001.41259765625,276.8725280761719,978.9686889648438,615.5681762695312,960.7379150390625,261.40460205078125,1023.4918212890625,539.7838134765625,1098.588623046875,254.03575134277344,339.1859436035156,288.33056640625,115.59368133544922,242.1057586669922,186.11731792160936,-16.283652599681222,186.82829917418965,-99.06529177102087,636.8778462379705,644.5365180208128,-0.239237863125731,178.47326117752434,-147.4843612790413,231.5261146765686,-13.088411260161847,797.6940134496571,797.8013823018463,-0.6495702398068608,0.11531840959657094,0.15397196405277666,0.052473242134452154
2,0.0667038082503838,True,True,286.4130554199219,1023.5821533203125,562.4334716796875,1004.0452880859375,275.01593017578125,983.4853515625,627.742919921875,962.3726196289062,262.46826171875,1025.1104736328125,532.6575927734375,1092.345458984375,276.7109680175781,353.3582763671875,278.42919921875,153.9364471435547,253.9144287109375,-55.66692364614557,135.42442976275683,146.41920148940048,365.03893770634,49.013830925743115,368.3147861052967,-0.2537241140212388,-163.8448753542436,184.3266285454812,246.6200502205598,510.4919599894669,78.93673536015396,516.5588537651895,-0.5423448023274632,0.12561172425946596,0.16040543204277935,0.0698787716678065
3,0.1000557123755757,True,True,282.7693176269531,1028.9342041015625,529.7272338867188,985.75439453125,274.55523681640625,984.0953369140625,610.295166015625,942.9132690429688,259.9667663574219,1025.504150390625,519.2003784179688,1104.27685546875,250.7044219970703,338.2561950683594,270.9376220703125,173.09230041503906,233.2784423828125,-13.813105172217787,18.289371103755244,22.919488865802116,-523.1411628180797,-583.4554606805538,783.643382434006,-0.1917981165923242,-109.25126731269604,160.47212060697316,194.131761702018,-980.6407955060216,-548.4212681239908,1123.5756570616013,0.08770298370878676,0.11380616732374803,0.1535499088033394,0.07857448682622996
4,0.1334076165007676,True,True,285.44287109375,1033.68310546875,527.7088623046875,998.9130859375,277.2417297363281,987.8206787109375,607.7208251953125,947.33056640625,260.6416015625,1025.9422607421875,513.7788696289062,1097.8927001953125,244.7483673095703,332.95025634765625,263.1640930175781,165.6820526123047,232.18185424804688,80.54991132853101,111.69802428345056,137.7125152041764,-77.18722177448355,132.44513256874907,153.29572840238185,0.4062593557053938,80.16194388066268,142.3877134379408,163.40195281823182,-60.51743176206545,394.54093406051635,399.15524322802145,0.7869430446219574,0.11110244255114335,0.15114130130831505,0.07521063749868089
5,0.1667595206259595,True,True,284.2334899902344,1028.802734375,532.8883056640625,1006.4342041015625,276.6830749511719,986.4364013671875,607.0581665039062,953.1727294921875,263.689208984375,1026.158935546875,514.6881713867188,1087.4864501953125,249.65890502929688,332.0454406738281,258.382568359375,128.95509338378906,217.03439331054688,-16.750311558202096,-41.50519678138572,44.75772890974687,-19.868691422200385,175.16730271255196,176.2905239609362,-0.8792429669500197,-36.26123111220315,-146.32960911109356,150.75553516995004,155.2967812552201,225.5079091085995,273.808157911272,-0.9358410632068778,0.11333155950460222,0.1507305642213799,0.05853859624006373
6,0.2001114247511514,True,True,288.60400390625,1025.23876953125,534.7234497070312,1009.2318115234375,280.4317626953125,984.384765625,607.413330078125,951.682373046875,267.8978271484375,1026.2802734375,516.535888671875,1076.7745361328125,246.63941955566406,328.6128234863281,253.71353149414062,98.3407974243164,217.54269409179688,112.39801272123188,-61.5148009087081,128.13033986734055,10.648974429933135,-44.685797839853464,45.93714384889011,0.6703704553926529,131.04241064048927,-106.85941139588515,169.08887364444072,55.02366629743935,83.88149028534373,100.3180355933178,-0.10335008945103122,0.11196087738297655,0.14917234277922456,0.044641371529351596
7,0.2334633288763433,True,True,295.56622314453125,1025.365234375,542.3343505859375,1015.8585205078125,286.8022155761719,984.6671142578125,603.8807983398438,966.937255859375,285.141357421875,1027.6072998046875,515.6079711914062,1070.212646484375,246.95118713378906,317.5738830566406,234.3716583251953,69.88449096679688,214.07684326171875,191.0071717928555,8.46574251810804,191.19468735477017,-105.91694330318613,457.39166061518614,469.49497343316466,-0.1822396907669764,208.7502774098716,3.7918327923735102,208.78471283746725,228.19989078696892,198.69057429226677,302.5774850641986,0.7659881293819398,0.11210240290087359,0.14416126442803143,0.03172375664117797
8,0.2668152330015352,True,True,297.94970703125,1031.17626953125,531.3508911132812,1021.9542846679688,289.1143798828125,987.7056884765625,598.5927734375,968.5465087890625,298.1181640625,1026.7449951171875,514.839111328125,1082.181640625,233.5832977294922,310.07086181640625,223.69888305664062,96.62628936767578,198.93621826171875,69.3263058673212,91.10646898432569,114.48373411101365,-158.5524137540775,48.250706275926625,165.73170657230898,-0.3476360311503914,71.46470191842565,174.23398479551022,188.3206974233356,-329.32031201061307,182.77109868374498,376.63927359853324,0.11716170156993345,0.10603410842807587,0.14075530100745112,0.04386307815415841
9,0.3001671371267271,True,True,300.18255615234375,1023.8150024414062,526.7429809570312,1012.9683837890625,290.5283508300781,984.600341796875,595.6024169921875,965.8004760742188,301.1836853027344,1028.203369140625,515.4166870117188,1088.720947265625,226.81991577148438,305.65277099609375,222.61660766601562,89.17704772949219,188.40321350097656,42.395508872838285,-93.1085274181368,102.30629037630503,-89.66074123047672,-82.33511059926477,121.72969627577187,0.31034021333024814,66.9481752139962,-220.71504709932043,230.64516075681962,-138.16033228428114,-269.4269222283736,302.78564007950746,0.7190698642735122,0.10296390099951902,0.13874972815339962,0.04048152774688215
10,0.333519041251919,True,True,299.13079833984375,1041.7451171875,519.9521484375,988.67578125,291.54010009765625,995.0180053710938,592.457275390625,947.678466796875,267.9277648925781,1030.3597412109375,519.543212890625,1100.062744140625,227.1088409423828,304.61810302734375,261.0916442871094,180.9872589111328,195.46189880371094,30.33557735655381,312.35588634203083,313.825504040177,-94.30171032384507,-543.3575609152564,551.4800554632768,-0.9971867960534505,-31.535165385222168,537.6039304619638,538.5280426347595,-203.61153876074764,-728.3722826701645,756.2961330581201,-0.9456603934572697,0.10309505730733913,0.13828004518954085,0.08215836843654711
11,0.3668709453771109,True,True,304.58917236328125,1039.2147216796875,526.98779296875,1006.5405883789062,296.66851806640625,995.284423828125,592.4623413085938,957.81298828125,257.2185974121094,1031.3692626953125,521.0489501953125,1087.0902099609375,224.78599548339844,298.1578369140625,269.6502685546875,119.71052551269531,215.48422241210938,153.76687188532424,7.988103348798442,153.97422084397374,0.15189291591071494,303.8663533672139,303.86639133037795,0.052378673258462266,163.6600418059667,-75.86959647983639,180.39070085218907,210.95180967301124,535.6457928713075,575.6883544288959,-0.05888220813552846,0.10204061184974975,0.13534743586263948,0.05434206540270285
12,0.4002228495023028,True,True,305.71112060546875,1039.020751953125,533.8275146484375,998.242431640625,298.6213073730469,995.1368408203125,602.1958618164062,927.799072265625,251.9239501953125,1032.0732421875,520.0005493164062,1079.9185791015625,231.73251342773438,310.95318603515625,272.3127746582031,134.72677612304688,196.9185791015625,58.5510590133177,-4.425024947856731,58.71803264219746,291.8430225535585,-899.9161158224367,946.0556882816879,0.3792919664342409,33.63970578639472,-5.815851647762074,34.13874537507164,205.07739690104262,-248.80608636714544,322.4301588453586,0.7581983103163406,0.10519395305208303,0.1411558281974902,0.061158626179428896
13,0.4335747536274947,False,True,307.8235270182292,1040.92900390625,522.19482421875,1005.9998779296875,301.3390197753906,996.9573160807291,596.506103515625,933.2198486328125,252.86923828125,1033.3253662109375,522.2781982421875,1074.91259765625,229.70610656738282,305.87481486002605,270.73308919270835,131.85201466878254,,81.48597429826992,54.58384785417867,98.07833835208686,-170.59770498931033,162.5327401649908,235.62781791028024,-0.21764003205642599,63.33690588792676,57.21568237789679,85.35337109584168,-348.7863957038935,232.59380513759092,419.22765655010954,-0.24545628107729087,0.10427407458971648,0.13885052398671838,0.059853640888488595
14,0.4669266577526866,False,True,309.93593343098956,1042.837255859375,516.7289428710938,1000.364501953125,304.0567321777344,998.7777913411459,584.4262084960938,928.1414184570312,253.8145263671875,1034.577490234375,521.4070434570312,1069.951171875,227.67969970703126,300.79644368489585,269.1534037272135,128.97725321451824,,81.48597429826992,54.58384785418208,98.07833835208875,-362.19506311205987,-152.2680731126631,392.9005342732335,-0.9815794467715817,63.336905887925056,57.21568237789679,85.35337109584042,-163.8851361271356,-168.96714368718446,235.38953564085088,-0.9978228118768588,0.10335419612734993,0.13654521977594652,0.0585486555975483
15,0.5002785618778784,False,True,312.04833984375,1044.7455078125,515.4287109375,1014.038330078125,306.7744445800781,1000.5982666015625,575.6099853515625,933.673583984375,254.759814453125,1035.8296142578124,519.0980224609375,1069.402099609375,225.65329284667968,295.71807250976565,267.57371826171874,126.10249176025391,,81.48597429826992,54.58384785417867,98.07833835208686,-264.33942456293033,165.87255427989507,312.07216415694285,-0.40793875403435054,63.33690588792676,57.215682377889976,85.3533710958371,-38.98523840537302,409.98643056999146,411.83579502642334,0.5970841973435245,0.10243431766498336,0.1342399155651747,0.057243670306608
16,0.5336304660030704,False,True,314.16074625651044,1046.653759765625,515.0054931640625,1013.5199584960938,309.4921569824219,1002.4187418619791,572.8779907226562,935.2018432617188,255.7051025390625,1037.08173828125,511.89215087890625,1069.5,223.62688598632812,290.6397013346354,265.99403279622396,123.22773030598958,,81.48597429826992,54.58384785417867,98.07833835208686,-81.91420251903025,45.82224965648664,93.85955006236762,-0.4533880482459339,63.33690588792676,57.21568237789679,85.35337109584168,-12.689463601504787,-15.542488371442193,20.064681190348644,-0.9885537341234882,0.10151443920261681,0.13193461135440282,0.05593868501566769
17,0.5669823701282622,False,True,316.2731526692708,1048.56201171875,511.9072265625,985.9522705078125,312.2098693847656,1004.2392171223959,574.6578979492188,915.6439208984375,256.650390625,1038.3338623046875,512.6294555664062,1065.759765625,221.60047912597656,285.5613301595052,264.4143473307292,120.35296885172527,,81.48597429826992,54.58384785418208,98.07833835208875,53.36748450347312,-586.4109674178526,588.8343664479598,-0.4789429847773511,63.336905887925056,57.21568237789679,85.35337109584042,-92.8962433428881,-826.570137788876,831.7739504886785,-0.7490210832813865,0.10059456074025026,0.129629307143631,0.0546336997247274
18,0.6003342742534542,False,True,318.38555908203125,1050.470263671875,508.94921875,1013.481201171875,314.9275817871094,1006.0596923828125,565.1036987304688,925.0347900390625,257.5956787109375,1039.585986328125,502.6942138671875,1064.5823974609375,219.574072265625,280.482958984375,262.83466186523435,117.47820739746093,,81.48597429826992,54.58384785417867,98.07833835208686,-286.4663793373455,281.5692053255735,401.6767405244208,-0.2024039094938494,63.33690588792676,57.21568237789679,85.35337109584168,-88.6908226108059,825.4080654804025,830.1593440873154,0.5872241696260994,0.0996746822778837,0.12732400293285914,0.05332871443378709
19,0.633686178378646,False,True,320.4979654947917,1052.378515625,514.260986328125,1043.1651611328125,317.6452941894531,1007.8801676432291,563.3936157226562,941.25732421875,258.540966796875,1040.8381103515626,495.91064453125,1063.0018310546875,217.54766540527345,275.4045878092448,261.2549763997396,114.60344594319662,,81.48597429826992,54.58384785417867,98.07833835208686,-51.27392431308929,486.40503758926417,489.10006737545837,0.4663684811349083,63.33690588792676,57.21568237789679,85.35337109584168,159.26429742021324,890.0229459017943,904.1603622502273,0.7905675732191719,0.09875480381551716,0.12501869872208732,0.052023729142846795
20,0.667038082503838,False,True,322.61037190755206,1054.286767578125,507.572021484375,1029.3935546875,320.3630065917969,1009.7006429036459,563.6463012695312,932.1912231445312,259.4862548828125,1042.090234375,499.2463073730469,1059.88671875,215.52125854492186,270.3262166341146,259.6752909342448,111.72868448893229,,81.48597429826992,54.58384785418208,98.07833835208875,7.576345444221203,-271.8315883911047,271.9371498297375,-0.5331697914315952,63.336905887925056,57.215682377889976,85.35337109583584,-200.55721012635027,-412.91814685058137,459.04748178394715,-0.9271798787043194,0.0978349253531506,0.12271339451131547,0.050718743851906486
21,0.7003899866290298,False,True,324.7227783203125,1056.19501953125,545.961669921875,999.2191162109375,323.0807189941406,1011.5211181640625,582.3180541992188,909.4456787109375,260.43154296875,1043.3423583984375,500.32373046875,1056.173095703125,213.4948516845703,265.2478454589844,258.09560546875,108.85392303466797,,81.48597429826992,54.58384785417867,98.07833835208686,559.8406873442661,-681.9863821931899,882.3417822494048,0.09699395873428177,63.33690588792676,57.21568237789679,85.35337109584168,1151.0481768416607,-904.7291082181619,1464.0514556079447,0.16916488936199373,0.09691504689078403,0.12040809030054363,0.04941375856096619
22,0.7337418907542218,False,True,326.83518473307294,1058.103271484375,532.0196533203125,994.0185546875,325.7984313964844,1013.3415934244791,570.0239868164062,898.8603515625,261.3768310546875,1044.594482421875,501.48004150390625,1055.27490234375,211.46844482421875,260.1694742838542,256.5159200032552,105.97916158040364,,81.48597429826992,54.58384785417867,98.07833835208686,-368.61665638833335,-317.38299284813604,486.42594864599334,-0.99273125068634,63.33690588792676,57.21568237789679,85.35337109584168,-418.02760493760206,-155.92997341070333,446.16278990714875,-0.9295384005286887,0.09599516842841749,0.11810278608977179,0.048108773270025884
23,0.7670937948794136,False,True,328.9475911458333,1060.0115234375,518.7108154296875,1012.1990966796875,328.5161437988281,1015.1620686848959,559.900390625,911.3646240234375,262.322119140625,1045.8466064453125,511.0057373046875,1053.801513671875,209.4420379638672,255.09110310872396,254.9362345377604,103.10440012613932,,81.48597429826992,54.58384785418208,98.07833835208875,-303.53877707868355,374.9192973810623,482.390162357331,-0.09024376046161989,63.336905887925056,57.21568237789679,85.35337109584042,-399.04282048389416,545.1125646063211,675.5611598304198,0.10257897823295806,0.09507528996605093,0.11579748187899994,0.04680378797908559
24,0.8004456990046056,False,True,331.05999755859375,1061.919775390625,528.5379028320312,1010.3468627929688,331.2338562011719,1016.9825439453125,558.0655517578125,908.083251953125,263.2674072265625,1047.09873046875,513.304931640625,1052.90185546875,207.41563110351564,250.01273193359373,253.35654907226564,100.229638671875,,81.48597429826992,54.58384785417867,98.07833835208686,-55.01451612178208,-98.38634873725128,112.72298169389349,-0.8912355003373377,63.33690588792676,57.21568237789679,85.35337109584168,294.6484664100781,-55.536076134246585,299.8365796733276,0.6050543007568094,0.09415541150368438,0.11349217766822808,0.04549880268814528
25,0.8337976031297974,False,True,333.1724039713542,1063.82802734375,528.001220703125,1019.2559814453125,333.9515686035156,1018.8030192057291,550.9270629882812,905.6919555664062,264.2126953125,1048.3508544921874,507.7180480957031,1054.16552734375,205.38922424316405,244.93436075846353,251.77686360677083,97.35487721761068,,81.48597429826992,54.58384785417867,98.07833835208686,-214.0354188695119,-71.69894641525181,225.72527427761509,-0.9645747635344637,63.33690588792676,57.215682377889976,85.3533710958371,-16.09149891087851,267.12473803300395,267.608972208332,0.6245056534583205,0.09323553304131782,0.11118687345745623,0.04419381739720499
26,0.8671495072549894,False,True,335.28481038411456,1065.736279296875,507.3017578125,1055.9913330078125,336.6692810058594,1020.6234944661459,569.4314575195312,984.41552734375,265.1579833984375,1049.602978515625,528.55078125,1080.038818359375,203.3628173828125,239.85598958333333,250.19717814127603,94.48011576334636,,81.48597429826992,54.58384785418208,98.07833835208875,457.63812491639214,1946.9379402856327,2000.0,0.7318764534058889,63.336905887925056,57.21568237789679,85.35337109584042,-620.6381144814442,1101.4469046387208,1264.2693355789743,0.21972769308624432,0.09231565457895126,0.10888156924668439,0.042888832106264686
27,0.9005014113801812,True,True,337.397216796875,1067.64453125,535.0667114257812,1029.393798828125,339.3869934082031,1022.4439697265625,547.0389404296875,912.8939819335938,266.103271484375,1050.8551025390625,513.8851928710938,1071.22119140625,201.33641052246094,234.77761840820312,248.61749267578125,91.60535430908203,193.46006774902344,81.48597429826992,54.58384785417867,98.07833835208686,-597.5718351460828,-1908.6403271124705,2000.0,-0.7793497476617873,63.33690588792676,57.21568237789679,85.35337109584168,832.4848113337366,-797.4817293744084,1152.8261229636341,0.07214150665838143,0.09139577611658471,0.10657626503591255,0.041583846815324385
28,0.9338533155053732,False,True,338.3038024902344,1063.728271484375,522.4934692382812,1029.6162109375,341.418701171875,1020.4746398925781,536.8521118164062,910.1944580078125,270.5251007080078,1051.8898315429688,496.02020263671875,1065.76318359375,181.6117401123047,219.05463409423828,224.9893035888672,90.9542236328125,,60.91729443828824,-59.04699853394184,84.83787360341154,-305.4346934748703,-80.94062382909652,315.97743046605603,-0.515799228613002,27.182426825057885,-117.42237417463993,120.52758308747741,-376.98723707960573,6.668648019019822,377.0462143919714,-0.24272429027833514,0.08244184892526354,0.09943888560953507,0.041288268914851524
29,0.967205219630565,True,True,339.21038818359375,1059.81201171875,499.7963562011719,1039.32861328125,343.4504089355469,1018.5053100585938,519.8289184570312,917.3402099609375,274.9469299316406,1052.924560546875,476.1408996582031,1061.12744140625,161.88706970214844,203.33164978027344,201.36111450195312,90.30309295654297,159.4162139892578,60.91729443828824,-59.04699853394184,84.83787360341154,-510.4114384436829,214.25319305015498,553.5560199531178,-0.9314639824516597,27.182426825057885,-117.42237417463993,120.52758308747741,-680.5342493163809,291.20983039807527,740.2229595284692,-0.5906156249953584,0.07348792173394238,0.09230150618315759,0.04099269101437867
30,1.000557123755757,True,True,340.193359375,1069.825439453125,484.8583984375,1043.621337890625,346.4801025390625,1026.552490234375,511.6917419433594,919.8851318359375,277.443603515625,1054.5042724609375,464.99310302734375,1063.7830810546875,147.01913452148438,196.65403747558594,187.77890014648438,69.17575073242188,131.77999877929688,90.84019887269908,241.28098190660495,257.8147667629745,-243.97936870793447,76.30514484112253,255.63334579891358,-0.05693186014641189,29.47271579207306,300.2355636664083,301.6786944188241,-447.8892031951092,128.71003086545065,466.0161052840718,0.1809754380393363,0.06673868809278599,0.08927023351067451,0.03140202713573153
31,1.0339090278809488,True,True,581.619140625,1126.7779541015625,474.0935363769531,1050.494140625,619.5794677734375,1045.4344482421875,502.9415588378906,921.7872314453125,656.7679443359375,1114.270751953125,457.9438781738281,1067.0137939453125,131.83692932128906,169.97950744628906,204.36297607421875,46.77486801147461,116.28641510009766,1994.5146291654266,148.02497114569522,2000.0,-262.3593265506967,57.03121483664482,268.4864534643762,-0.9587773693158729,1955.7250258548931,418.49685919164665,2000.0,-322.76604118730916,206.06927594229091,382.9392430022128,-0.7116041116054123,0.05984679296148633,0.07716144817847173,0.021233245161995252
32,1.0672609320061408,True,True,589.6751708984375,1123.2109375,462.4007568359375,1053.296142578125,617.659423828125,1046.6783447265625,488.82525634765625,925.2265625,660.50048828125,1110.77783203125,452.0742492675781,1070.764892578125,145.213134765625,177.0558624267578,212.2322540283203,77.59622955322266,118.95752716064453,1994.5146291654266,148.02497114569522,2000.0,-423.2532702554701,103.12247965745526,435.63468249515245,-0.9513936456418796,1955.7250258548931,418.49685919164665,2000.0,-350.58806529081033,84.01325281480845,360.513825217395,-0.9021770113803966,0.06591886246400477,0.08037372833106862,0.03522446638108847
33,1.1006128361313328,True,True,588.9462890625,1117.749267578125,460.865478515625,1053.826904296875,611.9866333007812,1039.1756591796875,482.9461669921875,925.3414306640625,669.6644287109375,1111.744384765625,450.6324462890625,1071.6146240234375,143.1459503173828,172.07461547851562,222.6778106689453,42.63553237915039,115.85326385498047,-170.088955222766,-224.9552384989003,282.01970146936407,-176.27447396708186,3.444126117397175,176.3081171616439,0.5874130952059171,-21.854279539828408,-163.75886370306526,165.21069873202543,-46.032703696603896,15.913985503127435,48.70590050715704,-0.19884393339362672,0.06498047319535259,0.0781125132349935,0.019354211996848496
34,1.1339647402565245,True,True,577.184814453125,1121.8427734375,458.32183837890625,1053.6923828125,599.319091796875,1042.0889892578125,474.69378662109375,921.9630126953125,689.0120239257812,1111.59716796875,447.07989501953125,1072.8397216796875,137.01417541503906,173.0945281982422,245.01693725585938,31.865997314453125,121.81236267089844,-379.8146413577028,87.35123689458128,389.72990695697666,-247.43356001855463,-101.29610459626377,267.3654192857275,0.8169894793406445,-352.6477698312623,122.7367961963835,373.3962649887054,-76.26671410336199,-4.033397429725491,76.37329359763183,0.925755693152594,0.06219698100574994,0.0785754981185955,0.014465429023621837
35,1.1673166443817165,True,True,582.6783447265625,1119.404052734375,451.7582702636719,1056.17333984375,610.0257568359375,1037.71337890625,465.0856018066406,923.3673095703125,694.2125244140625,1115.844482421875,446.3879089355469,1074.190185546875,145.38978576660156,184.61492919921875,251.3008575439453,27.152204513549805,126.95011138916016,321.0211026894674,-131.19521857396572,346.7949448141253,-288.0850454111169,42.105448304502765,291.1457747700427,-0.9706592792714133,164.71414204168445,-73.12088371239189,180.21490566379168,-196.7974029487772,74.38726802335832,210.38698498567427,-0.9984097929522667,0.06599905240726506,0.08380513337396861,0.012325623558860825
36,1.2006685485069084,True,True,577.904541015625,1116.5089111328125,456.10784912109375,1065.539794921875,612.7457275390625,1022.92236328125,463.5703125,932.69580078125,691.302734375,1116.5361328125,447.54425048828125,1076.130126953125,132.0313720703125,174.33914184570312,247.08468627929688,14.860176086425781,95.9181137084961,81.55368559813374,-443.48339361613273,450.9196425616442,-45.43336719105258,279.6989094212271,283.36490747045724,-0.9997830346354242,-143.1343677715742,-86.80588642540786,167.39984813454603,130.4147085904004,280.83719127299173,309.6409601761724,-0.8304447466844775,0.05993505939035095,0.07914048499791755,0.006745711434527049
37,1.2340204526321004,True,True,582.0355224609375,1116.5506591796875,466.4805603027344,1065.3870849609375,600.2463989257812,1037.132080078125,464.7882385253906,934.2144165039062,688.8916625976562,1122.427490234375,451.2421875,1079.14794921875,126.37507629394531,170.1204376220703,241.55825805664062,12.960309028625488,88.0582504272461,-374.7710645354145,426.05413902416103,567.4288327117569,36.51743603060676,45.533104105716845,58.36768544110264,0.17252337074210067,123.86043776709649,1.2517440299148075,123.86676272097051,311.00806546771463,-4.578747898898901,311.041768446445,0.9996918269321945,0.05736740885419338,0.07722542281058298,0.005883275157773128
38,1.267372356757292,True,True,384.0217590332031,1065.3980712890625,475.5738525390625,1081.6776123046875,386.333251953125,988.9147338867188,463.1247253417969,949.934326171875,305.3421936035156,1049.8970947265625,454.0121154785156,1082.9814453125,92.98822021484375,86.11853790283203,152.30667114257812,18.564929962158203,18.564929962158203,-1948.4173024281745,-451.29814217082566,2000.0,-49.877607507789584,471.3346982817372,473.96642659057335,-0.12187580570847956,-1930.9437713442628,-521.0145384648602,2000.0,272.64686904216757,488.44369672570434,559.3867714467054,-0.6980430007351212,0.042211592697921,0.03909313069220921,0.008427468126795663
39,1.300724260882484,False,True,385.0197151184082,1063.3911102294921,467.8216247558594,1076.580810546875,389.91664123535156,988.4148834228515,451.4288635253906,945.7406616210938,309.0070053100586,1053.9877044677735,439.21929931640625,1086.9859619140625,93.84599458718601,86.4261366445807,153.80910945844047,18.47999487043936,,-1948.4173024281745,-451.29814217082566,2000.0,-350.6804820649488,-125.73988384710016,372.5417008754686,0.9932016917109856,-1930.9437713442612,-521.0145384648646,2000.0,-232.43733713385157,-152.81891368723086,278.1739313350931,0.9498451234923172,0.042600975593392806,0.03923276378520839,0.008388912216282345
40,1.334076165007676,False,True,386.0176712036133,1061.3841491699218,474.6228332519531,1073.380126953125,393.5000305175781,987.9150329589844,446.62322998046875,946.7546997070312,312.67181701660155,1058.0783142089845,435.490478515625,1090.4833984375,94.70376895952829,86.73373538632936,155.3115477743028,18.39505977872052,,107.4418200764705,-14.98716421080031,108.48207129487413,-144.08873109262765,30.40420367398335,147.26159726463865,-0.9975953555778033,29.9220122922846,-60.175306694241414,67.20412454132295,203.9226447330949,-95.96704229346857,225.37550497224942,0.7841340205542838,0.04299035848886463,0.03937239687820757,0.008350356305769026
41,1.367428069132868,False,True,387.01562728881834,1059.3771881103517,477.07818603515625,1070.56982421875,397.0834197998047,987.4151824951172,446.60784912109375,946.73828125,316.33662872314454,1062.1689239501952,425.67529296875,1092.7059326171875,95.56154333187055,87.04133412807802,156.81398609016514,18.310124687001675,,107.4418200764705,-14.98716421080372,108.4820712948746,-0.461168853126508,-0.4922794503612328,0.6745485663330523,,29.922012292282897,-60.1753066942346,67.20412454131609,73.6195682857132,-84.26213759268624,111.89257645734848,0.9672461770304602,0.043379741384336444,0.03951202997120675,0.008311800395255706
42,1.4007799732580597,False,True,388.0135833740234,1057.3702270507813,484.9245910644531,1060.936767578125,400.66680908203125,986.91533203125,446.9077453613281,943.4584350585938,320.0014404296875,1066.2595336914062,422.3824157714844,1097.17236328125,96.41931770421282,87.3489328698267,158.3164244060275,18.22518959528283,,107.4418200764705,-14.98716421080031,108.48207129487413,8.99187761840118,-98.34059785896493,98.75083316288001,0.22776251945254525,29.9220122922846,-60.175306694241414,67.20412454132295,235.26108134168572,-288.83078472718455,372.51979625273674,0.9754382252022491,0.04376912427980825,0.039651663064205936,0.008273244484742386
43,1.4341318773832517,False,True,389.0115394592285,1055.363265991211,467.5311584472656,1048.549072265625,404.2501983642578,986.4154815673828,432.1664733886719,940.7359619140625,323.66625213623047,1070.3501434326172,429.4620056152344,1096.2664794921875,97.27709207655508,87.65653161157536,159.81886272188984,18.14025450356399,,107.4418200764705,-14.98716421080372,108.4820712948746,-441.9919149839974,-81.62871703852338,449.4664618818366,-0.9488501149463306,29.9220122922846,-60.175306694241414,67.20412454132295,-521.5124315510853,-371.4239302799844,640.2585042363406,0.15677804241531088,0.04415850717528007,0.03979129615720512,0.008234688574229067
44,1.4674837815084436,False,True,390.0094955444336,1053.3563049316406,487.4156494140625,1041.83447265625,407.8335876464844,985.9156311035156,442.5858459472656,937.8751220703125,327.33106384277346,1074.4407531738282,429.3516845703125,1098.452392578125,98.13486644889736,87.96413035332402,161.32130103775216,18.055319411845147,,107.4418200764705,-14.98716421080372,108.4820712948746,312.40712732571154,-85.7774066815305,323.9690983734591,0.9916434847153036,29.9220122922846,-60.175306694241414,67.20412454132295,596.2025703886993,-201.32582488156112,629.2770397069426,0.7083096479095332,0.04454789007075189,0.0399309292502043,0.008196132663715747
45,1.5008356856336356,False,True,391.0074516296387,1051.3493438720702,490.06158447265625,1045.769287109375,411.41697692871094,985.4157806396485,434.7911071777344,941.7161865234375,330.9958755493164,1078.5313629150392,426.6943664550781,1102.790771484375,98.99264082123962,88.27172909507269,162.8237393536145,17.970384320126303,,107.4418200764705,-14.98716421080031,108.48207129487413,-233.71195660290957,115.1677708926881,260.54729726395357,-0.949469350007921,29.9220122922846,-60.175306694241414,67.20412454132295,79.33385298367956,117.97870485460206,142.1718503375594,-0.4945898836771154,0.0449372729662237,0.04007056234320348,0.008157576753202427
46,1.5341875897588273,False,True,392.0054077148437,1049.3423828125,493.7525329589844,1048.3115234375,415.0003662109375,984.9159301757812,436.12603759765625,944.898681640625,334.6606872558594,1082.62197265625,423.8393859863281,1108.2252197265625,99.85041519358188,88.57932783682135,164.32617766947686,17.885449228407463,,107.4418200764705,-14.98716421080372,108.4820712948746,40.02561337760484,95.42169182429517,103.47632094766541,0.2557007504155797,29.922012292282897,-60.1753066942346,67.20412454131609,110.66679948687602,76.22462329533853,134.37757887826632,-0.14123632268704,0.045326655861695514,0.04021019543620266,0.008119020842689109
47,1.5675394938840193,False,True,393.0033638000488,1047.3354217529297,495.62811279296875,1046.571533203125,418.58375549316406,984.4160797119141,439.4306335449219,945.379150390625,338.3254989624023,1086.712582397461,425.61614990234375,1109.801513671875,100.70818956592414,88.88692657857001,165.8286159853392,17.80051413668862,,107.4418200764705,-14.98716421080031,108.48207129487413,99.08267710476969,14.406036554809011,100.1244764853557,0.9602278976319191,29.9220122922846,-60.175306694241414,67.20412454132295,56.236064572027885,-52.17064152750194,76.70900074919761,0.9353888938580656,0.04571603875716733,0.04034982852920184,0.00808046493217579
48,1.6008913980092112,False,True,394.0013198852539,1045.3284606933594,489.87823486328125,1052.095458984375,422.1671447753906,983.9162292480469,435.9813232421875,945.2198486328125,341.9903106689453,1090.8031921386719,426.1125793457031,1110.929931640625,101.56596393826642,89.19452532031868,167.33105430120153,17.715579044969775,,107.4418200764705,-14.98716421080372,108.4820712948746,-103.42169040144806,-4.7763916930959756,103.53192726448614,-0.9829826606208854,29.9220122922846,-60.175306694241414,67.20412454132295,-172.4002895937929,165.62549953714873,239.06832903785838,-0.9414149874204364,0.046105421652639145,0.040489461622201024,0.00804190902166247
49,1.6342433021344032,False,True,394.999275970459,1043.321499633789,490.63555908203125,1064.552978515625,425.7505340576172,983.4163787841796,441.19561767578125,953.0196533203125,345.6551223754883,1094.8938018798829,427.0668640136719,1110.0535888671875,102.42373831060868,89.50212406206735,168.83349261706388,17.63064395325093,,107.4418200764705,-14.98716421080372,108.4820712948746,156.34173131528058,233.86384951882027,281.30950403856036,0.4355823914866961,29.9220122922846,-60.175306694241414,67.20412454132295,22.707075911086157,373.5174904703682,374.2070643156185,-0.866743454209202,0.04649480454811096,0.04062909471520021,0.00800335311114915
50,1.667595206259595,False,True,395.9972320556641,1041.3145385742187,486.42657470703125,1054.1689453125,429.33392333984375,982.9165283203125,436.13128662109375,945.054443359375,349.31993408203124,1098.9844116210938,426.29241943359375,1109.973388671875,103.28151268295095,89.80972280381602,170.33593093292623,17.54570886153209,,107.4418200764705,-14.98716421080031,108.48207129487413,-151.84533499729713,-238.8232447250617,283.0080351888407,-0.41481164862297554,29.9220122922846,-60.175306694241414,67.20412454132295,-126.1992226650952,-311.34753698459946,335.9516819241285,0.6625802558963395,0.04688418744358277,0.04076872780819939,0.007964797200635832
51,1.7009471103847869,False,True,396.9951881408691,1039.3075775146485,485.8880310058594,1055.588623046875,432.9173126220703,982.4166778564453,434.79669189453125,943.35546875,352.98474578857423,1103.0750213623046,423.9212341308594,1108.7452392578125,104.13928705529321,90.11732154556468,171.83836924878858,17.460773769813247,,107.4418200764705,-14.98716421080372,108.4820712948746,-40.01554818438184,-50.94085791916459,64.77819928059978,-0.503165909239814,29.922012292282897,-60.1753066942346,67.20412454131609,-16.147314982387872,42.566617157629274,45.526395391955056,-0.9951162459628607,0.047273570339054584,0.04090836090119857,0.007926241290122512
52,1.7342990145099788,False,True,397.9931442260742,1037.3006164550782,491.74749755859375,1072.37451171875,436.5007019042969,981.9168273925782,441.0740051269531,953.4786376953125,356.64955749511716,1107.1656311035156,414.93804931640625,1107.4822998046875,104.99706142763549,90.42492028731334,173.3408075646509,17.375838678094404,,107.4418200764705,-14.98716421080031,108.48207129487413,188.2145381822561,303.52596683276334,357.14524345834946,0.40453173106135154,29.9220122922846,-60.175306694241414,67.20412454132295,175.68611767231928,503.2962618525882,533.0785487501453,-0.6986481736342153,0.047662953234526406,0.04104799399419775,0.007887685379609191
53,1.7676509186351708,False,True,398.9911003112793,1035.2936553955078,483.84210205078125,1059.221923828125,440.08409118652344,981.4169769287109,435.2218017578125,947.9503173828125,360.31436920166016,1111.2562408447266,412.7015380859375,1105.6160888671875,105.85483579997775,90.732519029062,174.84324588051325,17.290903586375563,,107.4418200764705,-14.98716421080372,108.4820712948746,-175.4683434916762,-165.75726206661346,241.38063198097075,-0.625094997526656,29.9220122922846,-60.175306694241414,67.20412454132295,-237.02981029623638,-394.35793054737087,460.1101045996217,0.5380822364349499,0.048052336129998215,0.04118762708719693,0.007849129469095873
54,1.8010028227603625,False,True,,,486.9157409667969,1048.0133056640625,,,439.5213928222656,939.6297607421875,,,416.1133117675781,1105.5020751953125,,,,,,107.4418200764705,-14.98716421080372,108.4820712948746,128.91590981773925,-249.4777092603892,280.81744821493334,0.5774067950176031,29.9220122922846,-60.175306694241414,67.20412454132295,92.15782416734625,-336.0713116105483,348.47810697789004,0.9812792520235545,,,
55,1.8343547268855545,False,True,,,481.2464599609375,1048.945068359375,,,437.91412353515625,938.947021484375,,,416.4290771484375,1104.483642578125,,,,,,107.4418200764705,-14.98716421080031,108.48207129487413,-48.19123013415436,-20.470772980448885,52.358831234664734,-0.8575632728095375,29.9220122922846,-60.175306694241414,67.20412454132295,-169.98372820270737,27.937316316782823,172.26422001296692,-0.5845616357972446,,,
56,1.8677066310107464,False,True,,,495.2310791015625,1051.2532958984375,,,445.511474609375,943.2932739257812,,,358.90606689453125,1104.90771484375,,,,,,107.4418200764705,-14.98716421080372,108.4820712948746,227.79362298778605,130.31497167573616,262.43461379313044,0.7910763711033394,29.922012292282897,-60.1753066942346,67.20412454131609,419.3049694593572,69.20826860134238,424.9781663287045,0.29347814562610386,,,
57,1.9010585351359384,False,True,,,491.39453125,1039.231689453125,,,444.78289794921875,935.617431640625,,,330.00152587890625,1102.3980712890625,,,,,,107.4418200764705,-14.98716421080031,108.48207129487413,-21.845129364171136,-230.1470481668364,231.18147299653037,0.04394789128722831,29.9220122922846,-60.175306694241414,67.20412454132295,-115.03234829296048,-360.4473795615209,378.3579714854176,0.7176574935533172,,,
58,1.93441043926113,False,True,,,489.5048828125,1039.079833984375,,,442.0728759765625,934.7474975585938,,,316.6036682128906,1099.794921875,,,,,,107.4418200764705,-14.98716421080372,108.4820712948746,-81.25538987170667,-26.08349072861952,85.33924578875204,-0.9007895078784323,29.9220122922846,-60.175306694241414,67.20412454132295,-56.65788766982813,-4.55312740705854,56.84054190797067,-0.37208438876337885,,,
59,1.967762343386322,False,True,,,489.683837890625,1039.8629150390625,,,441.9366760253906,933.7440185546875,,,306.5559387207031,1104.968994140625,,,,,,,,,-4.083723395840487,-30.08760759624174,30.363480163498362,,,,,5.365663005424292,23.479350736559912,24.084647610006158,,,,
60,2.001114247511514,False,True,,,482.68768310546875,1053.652099609375,,,440.58416748046875,942.2000732421875,,,302.27825927734375,1104.07177734375,,,,,,,,,-40.552663495463705,253.54038725221795,256.7630161931055,,,,,-209.76777694296024,413.44519696844026,463.6156286622183,,,,
61,2.034466151636706,False,True,,,492.43994140625,1049.4285888671875,,,450.3074951171875,936.5682373046875,,,309.1101379394531,1107.1502685546875,,,,,,,,,291.5374066866056,-168.8610016495601,336.9096279058288,,,,,292.404843338915,-126.63477102638136,318.64864292973135,,,,
62,2.0678180557618977,False,True,,,494.4214172363281,1036.2410888671875,,,447.30133056640625,923.1861572265625,,,319.863525390625,1109.8948974609375,,,,,,,,,-90.1347203295234,-401.2388626416394,411.23824323965516,,,,,59.411175525101264,-395.4047106425628,399.8431854810123,,,,
63,2.10116995988709,False,True,408.9706611633301,1015.2240447998047,488.80364990234375,1034.78515625,475.91798400878906,976.4184722900391,453.2727966308594,923.7371215820312,396.96248626708984,1152.162338256836,351.86883544921875,1109.0723876953125,,,,,,,,,179.0442321385381,16.51972713163884,179.8047230930893,,,,,-168.43917855175988,-43.653658025713185,174.00401929328402,,,,
64,2.1345218640122816,False,False,409.96861724853517,1013.2170837402343,491.9517517089844,1033.250244140625,479.5013732910156,975.9186218261718,458.0662078857422,926.4525451660156,400.62729797363284,1156.252947998047,351.95367431640625,1110.7667236328125,,,,,,107.4418200764705,-14.98716421080372,108.4820712948746,143.72226655755392,81.41734798084039,165.18133810050648,0.7936490396070138,29.9220122922846,-60.175306694241414,67.20412454132295,94.3904670277206,-46.02172348581517,105.0121864276525,0.7926206966122419,,,
65,2.1678737681374733,False,True,410.96657333374026,1011.2101226806641,495.099853515625,1031.71533203125,483.0847625732422,975.4187713623047,462.859619140625,929.16796875,404.29210968017577,1160.343557739258,352.03851318359375,1112.4610595703125,,,,,,107.4418200764705,-14.98716421080031,108.48207129487413,143.72226655755392,81.41734798084039,165.18133810050648,0.7936490396070327,29.9220122922846,-60.175306694238,67.2041245413199,94.3904670277206,-46.02172348581517,105.0121864276525,0.7926206966122555,,,
66,2.2012256722626655,False,True,411.9645294189453,1009.2031616210937,505.12933349609375,1040.34765625,486.66815185546875,974.9189208984375,459.6414489746094,929.0673828125,407.95692138671876,1164.4341674804687,352.4596862792969,1117.504150390625,,,,,,107.4418200764705,-14.98716421080372,108.4820712948746,-96.49134735863025,-3.015897896636846,96.53846774838918,-0.9856114643095445,29.922012292282897,-60.175306694241414,67.2041245413222,300.71686290598086,258.8255287118583,396.76351388325446,-0.24665527436614573,,,
67,2.2345775763878573,False,True,412.9624855041504,1007.1962005615235,514.349853515625,1043.517822265625,490.2515411376953,974.4190704345704,464.5611877441406,932.716796875,411.6217330932617,1168.5247772216796,356.4972839355469,1122.2076416015625,,,,,,107.4418200764705,-14.98716421080031,108.48207129487413,147.50998177088167,109.4214605799213,183.66341703640688,0.7131444249306248,29.9220122922846,-60.175306694238,67.2041245413199,276.46157727368427,95.05202472774137,292.3454995608731,0.1299193221545683,,,
68,2.267929480513049,False,True,413.96044158935547,1005.1892395019531,504.1978759765625,1059.4117431640625,493.8349304199219,973.9192199707031,460.6441345214844,955.7213134765625,415.2865447998047,1172.6153869628906,354.9045715332031,1127.722900390625,,,,,,107.4418200764705,-14.98716421080372,108.4820712948746,-117.44616463134882,689.7512212559509,699.6787468622222,-0.3024408201709055,29.9220122922846,-60.175306694241414,67.20412454132295,-304.38974341480986,476.5521284415137,565.4688736069128,-0.99428405377763,,,
69,2.301281384638241,False,True,414.95839767456056,1003.1822784423828,519.0414428710938,1058.3447265625,497.41831970214844,973.4193695068359,470.83197021484375,962.08349609375,418.9513565063477,1176.7059967041016,347.4474182128906,1131.58349609375,,,,,,107.4418200764705,-14.98716421080372,108.4820712948746,305.4648890545393,190.7592020325434,360.1359071311756,0.766881908915174,29.9220122922846,-60.175306694241414,67.20412454132295,445.05905386431493,-31.992674168085767,446.207454696831,0.5082949590436893,,,
70,2.334633288763433,False,True,415.95635375976565,1001.1753173828125,512.2440185546875,1071.39990234375,501.001708984375,972.9195190429688,475.1480712890625,977.1458740234375,422.6161682128906,1180.7966064453126,371.0875244140625,1144.0789794921875,,,,,,107.4418200764705,-14.98716421080031,108.48207129487413,129.41093432079768,451.619729810579,469.7952429260668,0.14001249352504286,29.9220122922846,-60.175306694238,67.2041245413199,-203.80918255494473,391.4371944775697,441.3176408372834,-0.9998269762314852,,,
71,2.367985192888625,False,True,416.9543098449707,999.1683563232422,502.5633544921875,1082.3800048828125,504.58509826660156,972.4196685791015,472.24822998046875,983.9224853515625,426.2809799194336,1184.8872161865233,388.51275634765625,1151.0941162109375,,,,,,107.4418200764705,-14.98716421080372,108.4820712948746,-86.94679913052985,203.18514057511877,221.0066678396276,-0.5166530351920819,29.922012292282897,-60.175306694241414,67.2041245413222,-290.25821212971897,329.2196600783831,438.90251114668627,-0.9660952938278847,,,
72,2.401337097013817,False,True,417.95226593017577,997.1613952636719,487.2457275390625,1074.725830078125,508.1684875488281,971.9198181152344,468.45440673828125,986.7258911132812,429.94579162597654,1188.9778259277343,400.353515625,1161.682861328125,,,,,,107.4418200764705,-14.98716421080031,108.48207129487413,-113.7513237009424,84.0553436228319,141.4378465449362,-0.8786408815345752,29.9220122922846,-60.175306694238,67.2041245413199,-459.27293673032125,-229.4973856951701,513.4205687872383,0.0019622406364391155,,,
73,2.4346890011390085,False,True,418.95022201538086,995.1544342041016,492.4973449707031,1083.6295166015625,511.7518768310547,971.4199676513672,469.13262939453125,999.0167236328125,433.61060333251953,1193.0684356689453,404.9233093261719,1169.9051513671875,,,,,,107.4418200764705,-14.98716421080372,108.4820712948746,20.33535038072126,368.5196645263663,369.0803023973675,-0.08337449438034733,29.9220122922846,-60.175306694241414,67.20412454132295,157.46079779816495,266.9618649063045,309.93957501017286,-0.5450501443953727,,,
74,2.4680409052642007,False,True,419.94817810058595,993.1474731445312,473.78564453125,1075.951904296875,515.3352661132812,970.9201171875,470.9873962402344,986.3035888671875,437.2754150390625,1197.1590454101563,361.1565246582031,1178.40185546875,,,,,,107.4418200764705,-14.98716421080372,108.4820712948746,55.61202259220194,-381.1816776008992,385.2170406347978,0.2796872257252748,29.9220122922846,-60.175306694241414,67.20412454132295,-561.0384453378031,-230.2001191856486,606.429082432683,-0.0720174194830568,,,
75,2.5013928093893925,False,True,420.94613418579104,991.140512084961,456.5643310546875,1088.97314453125,518.9186553955078,970.4202667236328,454.4140625,1002.490478515625,440.9402267456055,1201.2496551513673,356.8246154785156,1188.1475830078125,,,,,,107.4418200764705,-14.98716421080031,108.48207129487413,-496.9231645072983,485.3362970724948,694.6106482627432,-0.8050681927072944,29.9220122922846,-60.175306694238,67.2041245413199,-516.3517324803839,390.419694944481,647.3381263574977,-0.8951842108802259,,,
76,2.534744713514584,False,True,421.94409027099607,989.1335510253906,846.515380859375,1133.03564453125,522.5020446777344,969.9204162597656,819.4521484375,1087.115234375,444.60503845214845,1205.340264892578,831.848876953125,1101.691162109375,,,,,,107.4418200764705,-14.98716421080372,108.4820712948746,1949.4662900892115,446.74509773984164,2000.0,0.9345266082279886,29.922012292282897,-60.175306694241414,67.2041245413222,1987.0101939569652,227.57523531123107,2000.0,0.340462242368654,,,
77,2.5680966176397764,False,False,422.94204635620116,987.1265899658204,839.5926037299923,1132.84194276391,526.0854339599609,969.4205657958985,812.8335243783346,1084.6268757145579,448.2698501586914,1209.430874633789,828.2776593464176,1104.5649294969512,,,,,,107.4418200764705,-14.98716421080031,108.48207129487413,1949.4662900892122,446.745097739839,2000.0,0.9345266082280004,29.9220122922846,-60.175306694238,67.2041245413199,1987.0101939569652,227.57523531123107,2000.0,0.3404622423686967,,,
78,2.601448521764968,True,False,423.94000244140625,985.11962890625,832.6698266006098,1132.6482409965702,529.6688232421875,968.9207153320312,806.2149003191693,1082.138517054116,451.9346618652344,1213.521484375,824.7064417397104,1107.4386968845274,,,,,,107.4418200764705,-14.98716421080372,108.4820712948746,-198.4481615898514,-74.60919325929491,212.00991617656612,-0.8784386281708187,29.9220122922846,-60.175306694241414,67.20412454132295,-207.56767299992111,-5.807817347184291,207.64890950096617,-0.42002241078261315,,,
79,2.6348004258901603,True,False,453.8326721191406,1006.4853515625,825.7470494712271,1132.4545392292302,546.8150024414062,982.7295532226562,799.5962762600038,1079.6501583936738,457.8588562011719,1220.667236328125,821.135224133003,1110.3124642721036,,,,,,514.0989592335635,414.0344682807686,660.0926304766415,-198.4481615898548,-74.60919325930173,212.00991617657172,-0.9497420215589398,896.2807510338026,640.6147779764003,1101.6834747038142,-207.56767299992453,-5.807817347184291,207.64890950096958,-0.8295011639934222,,,
80,2.668152330015352,True,False,441.70953369140625,1009.435791015625,818.8242723418446,1132.2608374618903,539.0615844726562,987.961669921875,792.9776522008384,1077.1617997332316,459.5601501464844,1223.169921875,817.5640065262958,1113.1862316596798,,,,,,-232.47302281891496,156.87610157366527,280.45287943523545,-198.4481615898548,-74.60919325930173,212.00991617657172,0.5790471647985376,-363.4916430026953,88.46389825450555,374.1016383647396,-207.56767299992111,-5.807817347184291,207.64890950096617,0.9646446784688133,,,
81,2.7015042341405437,True,False,437.538818359375,1027.9801025390625,811.9014952124619,1132.0671356945504,524.2621459960938,999.3099365234375,786.359028141673,1074.6734410727897,449.4520263671875,1225.9302978515625,813.9927889195884,1116.059999047256,,,,,,-443.73593846427343,340.258431991316,559.1756286051444,-198.4481615898548,-74.60919325929491,212.0099161765693,0.5286525747684604,-125.0517906376733,556.0195739897894,569.9085163440492,-207.56767299992453,-5.807817347184291,207.64890950096958,0.19205069869758795,,,
82,2.734856138265736,True,False,421.3232727050781,1008.958740234375,804.9787180830792,1131.8734339272103,517.5560302734375,985.43505859375,779.7404040825077,1072.1850824123476,429.1298828125,1228.6517333984375,810.421571312881,1118.9337664348323,,,,,,-201.07144999828895,-416.01456629300225,462.05827270201445,-198.4481615898514,-74.60919325930173,212.0099161765685,0.7241740832156921,-486.1954985667126,-570.323128577237,749.43614392199,-207.56767299992453,-5.807817347191109,207.64890950096978,0.6697793988824136,,,
83,2.7682080423909277,True,False,427.305908203125,1028.8743896484375,798.0559409536967,1131.6797321598704,509.43426513671875,1002.9986572265625,773.1217800233422,1069.6967237519054,429.6344909667969,1232.43701171875,806.8503537061738,1121.8075338224085,,,,,,-243.51728483724222,526.6145694975802,580.1927031785425,-198.4481615898548,-74.60919325930173,212.00991617657172,0.07345352879281107,179.37912856759425,597.1368033233068,623.4975811090586,-207.56767299992111,-5.807817347184291,207.64890950096617,-0.3143725355178645,,,
84,2.8015599465161194,True,False,434.39739990234375,1030.698974609375,791.133163824314,1131.4860303925304,542.4876098632812,1001.8431396484375,766.5031559641768,1067.2083650914635,424.4742126464844,1233.458740234375,803.2791360994664,1124.6813012099847,,,,,,991.0482052986029,-34.646225108694644,991.6536220575529,-198.4481615898548,-74.60919325929491,212.0099161765693,-0.9231658914936873,212.626291818292,54.70707021969774,219.55136871452297,-207.56767299992453,-5.807817347184291,207.64890950096958,-0.9750484989330802,,,
85,2.8349118506413116,True,False,417.5360412597656,1059.2388916015625,784.2103866949315,1131.2923286251905,530.9114379882812,1015.8831787109375,759.8845319050114,1064.7200064310214,435.0648193359375,1233.7718505859375,799.7079184927592,1127.5550685975609,,,,,,-347.09178317216674,420.9666413587178,545.6057359325264,-198.4481615898548,-74.60919325930173,212.00991617657172,0.32394315946896096,-505.55910029263157,855.7207673978131,993.9054460282414,-207.56767299992111,-5.807817347184291,207.64890950096617,0.4843793871313257,,,
86,2.8682637547665033,True,False,458.3779602050781,1055.552001953125,777.2876095655488,1131.0986268578506,554.4373779296875,1012.5475463867188,753.2659078458461,1062.2316477705792,443.9253234863281,1233.5401611328125,796.1367008860518,1130.428835985137,,,,,,705.3852113839658,-100.01324996911424,712.4401354560162,-198.4481615898514,-74.60919325930173,212.0099161765685,-0.8773613179647676,1224.5753283532356,-110.54510215063429,1229.5547789427394,-207.56767299992453,-5.807817347184291,207.64890950096958,-0.9930459294161591,,,
87,2.9016156588916955,True,False,464.3165283203125,1063.269287109375,770.3648324361661,1130.9049250905107,556.9083251953125,1024.191650390625,746.6472837866806,1059.743289110137,450.7956848144531,1229.77099609375,792.5654832793446,1133.3026033727135,,,,,,74.0871422617998,349.1286122734755,356.9029175511499,-198.4481615898548,-74.60919325930173,212.00991617657172,-0.5385529240161688,178.05784320268418,231.38964202109395,291.96876881036724,-207.56767299992453,-5.807817347184291,207.64890950096958,-0.6317799526865684,,,
88,2.934967563016887,True,False,471.6962890625,1049.975341796875,763.4420553067836,1130.7112233231708,554.17333984375,1004.0113525390625,740.0286597275152,1057.2549304496952,456.915771484375,1225.9041748046875,788.9942656726372,1136.1763707602897,,,,,,-82.00387424047152,-605.0718356532931,610.6034406153414,-198.4481615898548,-74.60919325929491,212.0099161765693,0.4744345255839029,221.2695477441511,-398.59629191181926,455.8938655923695,-207.56767299992111,-5.807817347184291,207.64890950096617,-0.4607091596882481,,,
89,2.968319467142079,True,False,452.65716552734375,978.39794921875,756.5192781774009,1130.5175215558309,548.2725830078125,973.7794189453125,733.4100356683498,1054.766571789253,430.4486999511719,1224.36181640625,785.4230480659298,1139.050138147866,,,,,,-176.92413643874818,-906.4530013119919,923.5578994530418,-198.4481615898548,-74.60919325930173,212.00991617657172,0.5247098852074372,-514.1105461146344,-1932.7934040583145,2000.0,-207.56767299992453,-5.807817347184291,207.64890950096958,0.2839842528402609,,,
90,3.001671371267271,True,False,485.8948059082031,991.15576171875,749.5965010480184,1130.323819788491,568.061767578125,975.2134399414062,726.7914116091845,1052.2782131288109,420.6893615722656,1220.23583984375,781.8518304592226,1141.9239055354421,,,,,,593.3449705309333,42.996675413521054,594.9008053036824,-198.4481615898514,-74.60919325930173,212.0099161765685,-0.9590191528806093,996.5739963780294,382.52126331712384,1067.465337679217,-207.56767299992111,-5.807817347184291,207.64890950096617,-0.9432465622029568,,,
91,3.035023275392463,True,False,497.2319641113281,1072.91943359375,742.6737239186357,1130.130118021151,580.4419555664062,1015.3004760742188,720.172787550019,1049.789854468369,480.9360656738281,1214.01953125,778.2806128525152,1144.7976729230184,,,,,,371.1988359588155,1201.9414538474075,1257.9554182458135,-198.4481615898548,-74.60919325929491,212.0099161765693,-0.6124492212102074,274.68730036926326,1981.0469160985367,2000.0,-207.56767299992453,-5.807817347184291,207.64890950096958,-0.16499427465702132,,,
92,3.0683751795176546,True,False,491.55572509765625,967.43505859375,,,569.917724609375,945.8395385742188,,,444.10943603515625,1207.124267578125,,,,,,,,-299.6064865507513,-1977.431654803481,2000.0,-198.4481615898548,-74.60919325930173,212.00991617657172,0.488163338719874,-107.46688567921723,-1997.1106293735047,2000.0,-207.56767299992453,-5.807817347184291,207.64890950096958,0.08164142358053655,,,
93,3.1017270836428468,True,False,466.83111572265625,1049.083740234375,,,546.408935546875,975.3018798828125,,,437.2532043457031,1196.9862060546875,,,,,,,,-704.8709715120272,883.3780883394834,1130.1327061184581,-198.4481615898514,-74.60919325929491,212.00991617656612,0.3087329950505759,-579.6408339262912,1914.1620883607643,2000.0,-207.56767299992111,-5.807817347184291,207.64890950096617,0.2629380419016658,,,
94,3.1350789877680385,True,False,461.21588134765625,944.4335327148438,,,553.9234619140625,914.7044677734375,,,440.4970397949219,1186.0667724609375,,,,,,,,225.31026531440244,-1816.9101194916059,1830.8268891315333,-198.4481615898548,-74.60919325930173,212.00991617657172,0.23404606879276865,-107.16019642831209,-1997.1271090632958,2000.0,-207.56767299992453,-5.807817347191109,207.64890950096978,0.08148836941042266,,,
95,3.1684308918932307,False,False,469.89537556966144,976.1791585286459,,,558.8445841471354,930.01708984375,,,448.98192342122394,1175.8731689453125,,,,,,,,147.55146256719348,459.122873849542,482.2501917030001,-198.4481615898548,-74.60919325930173,212.00991617657172,-0.6214296852446277,260.2398408626167,951.8384825837725,986.7731612177029,-207.56767299992453,-5.807817347184291,207.64890950096958,-0.2906041642812123,,,
96,3.2017827960184224,False,False,478.5748697916667,1007.9247843424479,,,563.7657063802084,945.3297119140625,,,457.46680704752606,1165.6795654296875,,,,,,,,147.5514625671969,459.122873849542,482.2501917030011,-198.4481615898548,-74.60919325930173,212.00991617657172,-0.621429685244633,260.2398408626184,951.8384825837691,986.7731612177,-207.56767299992111,-5.807817347184291,207.64890950096617,-0.29060416428121516,,,
97,3.235134700143614,True,False,487.2543640136719,1039.67041015625,,,568.6868286132812,960.642333984375,,,465.9516906738281,1155.4859619140625,,,,,,,,147.55146256719348,459.122873849542,482.2501917030001,,,,,260.2398408626167,951.8384825837725,986.7731612177029,,,,,,,
98,3.2684866042688063,True,False,472.2659912109375,1028.0772705078125,,,560.8040161132812,940.6326293945312,,,478.42913818359375,1148.1556396484375,,,,,,,,-236.35269729759827,-599.956887460878,644.8339819919502,,,,,-449.40081221369053,-347.60053293871107,568.1436618652017,,,,,,,
99,3.301838508393998,True,False,489.6922607421875,1049.163818359375,,,562.3489990234375,945.5376586914062,,,484.307373046875,1138.9608154296875,,,,,,,,46.32367928250515,147.06894330420116,154.19194968247444,,,,,522.4969904518077,632.2441972851279,820.2047488474523,,,,,,,
100,3.33519041251919,True,False,481.9543151855469,1065.181640625,,,554.5396728515625,945.0562744140625,,,497.3008728027344,1136.1563720703125,,,,,,,,-234.14933499932718,-14.433487081780829,234.59376937584483,,,,,-232.00910891309124,480.2670997583661,533.3710844514906,,,,,,,
101,3.368542316644382,True,False,458.7191162109375,1043.1192626953125,,,539.1334838867188,921.5982055664062,,,535.5196533203125,1135.7294921875,,,,,,,,-461.9283177060616,-703.3502123177885,841.4744748750436,,,,,-696.6678390352828,-661.5027989668208,960.693515637026,,,,,,,
102,3.4018942207695737,True,False,460.4862060546875,1026.455078125,666.5231754954268,1127.9993985804115,533.2601318359375,897.6002807617188,647.3679228991997,1022.417909203506,550.5477294921875,1144.532470703125,738.9972191787348,1176.4091141863566,147.8857800447488,105.80485737474659,248.462723357768,13.129084092152269,,-176.10245066472515,-719.5368730555026,740.7735043970002,,,,,52.9831771258677,-499.64717180046813,502.44851810564387,,,,,0.06713209800811713,0.04802964864415682,0.005959889853943224
103,3.435246124894766,True,False,478.61846923828125,1103.694580078125,659.6003983660441,1127.8056968130716,535.7985229492188,957.65673828125,640.7492988400343,1019.929550543064,561.4453125,1162.9913330078125,735.4260015720274,1179.2828815739329,148.74355441709108,106.11245611649525,249.96516167363035,13.044149000433427,,76.10933108205691,1800.6905181215257,1802.2982473304817,-198.4481615898548,-74.60919325929832,212.0099161765705,-0.39112752896030034,457.0816789460878,1947.0686519506341,2000.0,-207.56767299992453,-5.807817347184291,207.64890950096958,-0.25568060979110596,0.06752148090358895,0.048169281737156,0.0059213339434299045
104,3.4685980290199576,True,False,489.74566650390625,1094.69580078125,652.6776212366616,1127.6119950457316,549.1497192382812,959.46044921875,634.130674780869,1017.441191882622,561.9115600585938,1170.4669189453125,731.8547839653202,1182.156648961509,149.60132878943335,106.42005485824392,251.46759998949267,12.959213908714585,,400.3128648651235,54.08119820474034,403.9494594324679,-198.4481615898514,-74.60919325929832,212.00991617656732,-0.9747203207015025,333.6300447451882,-269.81305964111044,429.0781909041447,-207.56767299992111,-5.807817347184291,207.64890950096617,-0.7596587681417748,0.06791086379906076,0.048308914830155175,0.005882778032916585
105,3.5019499331451494,True,False,507.07940673828125,1135.962890625,645.7548441072789,1127.4182932783917,566.2660522460938,993.7506103515625,627.5120507217035,1014.9528332221798,577.7174682617188,1185.232177734375,728.2835663586128,1185.0304163490853,150.4591031617756,106.72765359999258,252.97003830535502,12.87427881699574,,513.2040720542823,1028.1320372023947,1149.1013469207332,-198.4481615898548,-74.60919325930173,212.00991617657172,-0.7329113428377324,519.7226571925229,1237.3233530789469,1342.0434868042782,-207.56767299992453,-5.807817347184291,207.64890950096958,-0.41289759970110196,0.06830024669453258,0.04844854792315436,0.005844222122403265
106,3.5353018372703415,True,False,488.74896240234375,1081.9423828125,638.8320669778964,1127.2245915110518,555.556396484375,959.081298828125,620.8934266625381,1012.4644745617378,589.3050537109375,1190.234130859375,724.7123487519054,1187.9041837366615,151.31687753411788,107.03525234174126,254.47247662121737,12.789343725276899,,-321.1107744109087,-1039.5002154389895,1087.9672914846656,-198.4481615898548,-74.60919325929832,212.0099161765705,0.6125041384514969,-549.6071308891732,-1619.7128538666059,1710.4203364392433,-207.56767299992111,-5.807817347184291,207.64890950096617,0.3476891103768396,0.0686896295900044,0.048588181016153545,0.005805666211889947
107,3.5686537413955333,True,False,450.603759765625,1070.0999755859375,631.9092898485137,1127.030889743712,507.16986083984375,923.5460205078125,614.2748026033727,1009.9761159012958,566.6328125,1187.060791015625,721.1411311451982,1190.777951124238,152.17465190646016,107.34285108348992,255.9749149370797,12.704408633558057,,-1450.7878009874448,-1065.4647538840643,1800.0001070175567,-198.4481615898548,-74.60919325929832,212.0099161765705,0.9627422215766616,-1143.7188861401858,-355.0743964155708,1197.5686692226168,-207.56767299992453,-5.807817347184291,207.64890950096958,0.962953265804265,0.06907901248547621,0.04872781410915272,0.005767110301376627
108,3.602005645520725,True,False,462.2497863769531,1079.6778564453125,624.986512719131,1126.837187976372,537.5718994140625,949.662353515625,607.6561785442073,1007.4877572408536,579.7457275390625,1193.255615234375,717.5699135384908,1193.6517185118141,153.0324262788024,107.65044982523858,257.47735325294207,12.619473541839213,,911.5533092233553,783.0537323980219,1201.70819393833,-198.4481615898548,-74.60919325930173,212.00991617657172,-0.939338533120176,349.18625838011627,287.1764329683498,452.1076715716406,-207.56767299992453,-5.807817347184291,207.64890950096958,-0.7898158496975157,0.06946839538094803,0.04886744720215191,0.005728554390863307
109,3.635357549645917,True,False,441.5882873535156,1072.96728515625,618.0637355897485,1126.643486209032,541.2472534179688,965.3753662109375,601.0375544850419,1004.9993985804116,580.8280029296875,1216.4281005859375,713.9986959317836,1196.5254858993903,153.89020065114468,107.95804856698724,258.9797915688044,12.53453845012037,,110.19922551078942,471.12790431188284,483.84436704841823,-198.4481615898514,-74.60919325929832,212.00991617656732,-0.5558531457167415,-619.4998326296795,-201.20504256288513,651.3551349156106,-207.56767299992111,-5.807817347184291,207.64890950096617,0.9593615284829085,0.06985777827641984,0.049007080295151086,0.005689998480349988
110,3.668709453771109,True,False,420.53253173828125,1077.80224609375,611.1409584603658,1126.4497844416921,529.928955078125,971.3463745117188,594.4189304258765,1002.5110399199696,583.5281982421875,1237.8778076171875,710.4274783250762,1199.3992532869665,154.74797502348696,108.26564730873591,260.4822298846667,12.449603358401529,,-339.3598847417719,179.0305068750522,383.6887459437491,-198.4481615898548,-74.60919325929832,212.0099161765705,0.6636852921342202,-631.3209445613091,144.9680629732915,647.7513985504098,-207.56767299992453,-5.807817347184291,207.64890950096958,0.9679937229056874,0.07024716117189166,0.049146713388150264,0.00565144256983667
111,3.702061357896301,True,False,412.5210266113281,1137.400634765625,604.2181813309833,1126.2560826743522,518.4342651367188,1006.63916015625,587.8003063667111,1000.0226812595274,603.6192626953125,1242.0,706.856260718369,1202.2730206745427,155.6057493958292,108.57324605048457,261.9846682005291,12.364668266682685,,-344.6486862716751,1058.194024306796,1112.9048971171812,-198.4481615898548,-74.60919325930173,212.00991617657172,-0.04473932671214176,-240.21132637226987,1786.9561044599604,1803.0290071388874,-207.56767299992111,-5.807817347184291,207.64890950096617,0.10545434559887581,0.07063654406736347,0.04928634648114945,0.0056128866593233495
112,3.735413262021493,True,False,386.52630615234375,1120.577392578125,597.2954042016006,1126.062380907012,522.7110595703125,1018.96435546875,581.1816823075458,997.5343225990854,627.8787231445312,1249.4627685546875,703.2850431116616,1205.146788062119,156.46352376817148,108.88084479223323,263.4871065163914,12.279733174963843,,128.23239169614104,369.5499743053751,391.16585969281107,-198.4481615898514,-74.60919325929832,212.00991617656732,-0.6393180059155821,-779.407387398599,-504.41624335303834,928.3919549898638,-207.56767299992453,-5.807817347191109,207.64890950096978,0.854392034965345,0.07102592696283529,0.049425979574148626,0.00557433074881003
113,3.7687651661466846,True,False,406.6263427734375,1161.839111328125,590.3726270722179,1125.8686791396722,523.2391357421875,1028.544921875,574.5630582483803,995.0459639386432,614.9803466796875,1244.877197265625,699.7138255049542,1208.0205554496952,157.32129814051376,109.18844353398191,264.9895448322537,12.194798083245,,15.833463957343442,287.2569545141338,287.69299000431624,-198.4481615898548,-74.60919325930173,212.00991617657172,-0.4028957839426214,602.6653394554305,1237.1623099873789,1376.1453748184588,-207.56767299992453,-5.807817347184291,207.64890950096958,-0.46291058718183115,0.0714153098583071,0.04956561266714782,0.005535774838296711
114,3.8021170702718767,True,False,403.49603271484375,1175.384765625,583.4498499428354,1125.6749773723323,513.1514892578125,1039.71826171875,567.9444341892149,992.5576052782012,642.752685546875,1240.3427734375,696.142607898247,1210.8943228372714,158.179072512856,109.49604227573057,266.4919831481161,12.109862991526157,,-302.4608863862569,335.0135513045677,451.34982812809227,-198.4481615898548,-74.60919325929832,212.0099161765705,0.36605164669302037,-93.85701178690165,406.1433567939372,416.8471721499547,-207.56767299992111,-5.807817347184291,207.64890950096617,0.19781998948198962,0.0718046927537789,0.049705245760146996,0.005497218927783392
115,3.8354689743970685,True,False,452.8413391113281,1079.720703125,576.5270728134527,1125.4812756049923,494.7669677734375,948.0272216796875,561.3258101300496,990.0692466177592,656.4046630859375,1197.765380859375,692.5713902915396,1213.7680902248476,159.03684688519826,109.80364101747924,267.9944214639784,12.024927899807313,,-393.1846213619235,-1960.9706399309835,2000.0,-198.4481615898514,-74.60919325929832,212.00991617656732,0.5290629958512713,916.8501511560748,-1777.4661172147082,2000.0,-207.56767299992453,-5.807817347184291,207.64890950096958,-0.4333883917421454,0.07219407564925072,0.049844878853146174,0.0054586630172700715
116,3.86882087852226,True,False,510.0296630859375,1062.9295654296875,569.6042956840702,1125.2875738376524,526.30615234375,933.8077392578125,554.7071860708841,987.580887957317,659.6035766601562,1187.37890625,689.0001726848323,1216.6418576124238,159.89462125754056,110.1112397592279,269.4968597798408,11.939992808088473,,945.6486937574821,-426.34694464519373,1037.3153663247856,-198.4481615898582,-74.60919325930173,212.00991617657488,-0.708676030233957,1714.6944222417862,-503.4536448738933,1787.0765328334155,-207.56767299992111,-5.807817347184291,207.64890950096617,-0.9512420237199992,0.07258345854472255,0.04998451194614536,0.005420107106756753
117,3.9021727826474524,True,True,401.9779357910156,1121.13232421875,562.6815185546875,1125.0938720703125,440.0164794921875,962.4486694335938,548.0885620117188,985.092529296875,434.3490905761719,1117.53759765625,685.428955078125,1219.515625,160.7523956298828,110.41883850097656,270.9992980957031,11.855057716369629,15.449392318725586,-1898.1721064003914,630.0338495262333,2000.0,-198.4481615898514,-74.60919325929832,212.00991617656732,0.7775165749876084,-1833.3901768029968,799.1748593006546,2000.0,-207.56767299992453,-5.807817347184291,207.64890950096958,0.9051602345844506,0.07297284144019435,0.05012414503914454,0.005381551196243433
118,3.935524686772644,True,False,383.43304443359375,1118.113037109375,582.8318176269531,1161.2198486328125,434.72357177734375,970.7929077148438,593.9012451171875,1041.3057861328125,407.19854736328125,1156.847900390625,709.8714294433594,1273.4725341796875,207.25624084472656,172.6403579711914,333.8066864013672,51.87633562088013,,-158.69881656459384,250.1877628913935,296.2755998721507,1263.499855774348,1550.3445135771794,2000.0,0.3161942696072801,-1833.3901768029968,799.1748593006546,2000.0,604.1723733861833,1083.17583388628,1240.279865142675,-0.097573461739261,0.09408305699825911,0.07836932954589355,0.023549033897303118
119,3.9688765908978363,True,True,354.38543701171875,1146.415771484375,602.9821166992188,1197.3458251953125,430.5889587402344,990.6226196289062,639.7139282226562,1097.51904296875,381.15545654296875,1146.925048828125,734.3139038085938,1327.429443359375,253.7600860595703,234.86187744140625,396.61407470703125,91.89761352539062,166.60281372070312,-123.96932485741803,594.560113858219,607.3467893194977,1263.499855774348,1550.3445135771794,2000.0,0.6299018947999393,-870.9429996212507,848.6092508769813,1216.0096090340953,604.1723733861833,1083.17583388628,1240.279865142675,0.2605724422671879,0.11519327255632388,0.10661451405264256,0.0417165165983628
120,4.002228495023028,True,True,341.51226806640625,1129.1533203125,632.5635986328125,1165.1422119140625,433.55670166015625,973.3662109375,593.3289794921875,1002.507568359375,359.087890625,1174.898681640625,722.8182983398438,1278.56298828125,293.2679138183594,162.4081268310547,378.21435546875,14.811673164367676,141.97091674804688,88.98271321427286,-517.4040026809702,524.9998335630811,-877.4261537906865,-1797.2543899294058,2000.0,0.8112677387566403,-385.98002971557264,-517.5851761589842,645.65857689553,886.9503169160823,-965.5704561984946,1311.109137547637,0.18595921821708974,0.13312767682689197,0.07372445332092105,0.006723693746847411
121,4.03558039914822,True,True,321.3612060546875,1146.5155029296875,659.770751953125,1206.6585693359375,426.1238098144531,989.199951171875,640.0514526367188,1053.05615234375,347.7757263183594,1174.1832275390625,737.7052001953125,1306.7296142578125,343.71240234375,223.25466918945312,411.8416442871094,23.39780044555664,202.14068603515625,-222.8625933260822,474.74771380189964,524.4550764976511,1357.5363552987924,1468.705225756983,2000.0,0.37631476305647277,-604.1952488253264,520.5754535637807,797.527868827312,815.7601202673749,1244.7972165558065,1488.282461149,0.1306987766175661,0.1560267300464183,0.10134547302831311,0.010621328380660962
122,4.068932303273412,True,True,335.7735290527344,1143.617431640625,688.280029296875,1202.1865234375,444.41156005859375,986.997802734375,677.8184814453125,1035.3275146484375,351.6482849121094,1165.900634765625,742.7154541015625,1293.184326171875,357.3390197753906,238.3580322265625,411.2598571777344,33.80601501464844,343.18096923828125,548.3270213147208,-66.02766754287464,552.288126963659,1132.3799884656944,-531.5629844930328,1250.9371066367432,0.9495347716394987,432.1289406430239,-86.89372811171768,440.77878956049506,854.8020897618229,-134.08667408166366,865.2547883874795,0.9990824366498671,0.16221247296682084,0.10820157810719627,0.015346091507517078
123,4.102284207398604,True,True,317.3212585449219,1149.8984375,709.9896240234375,1199.8870849609375,429.3369140625,985.3450317382812,680.7791748046875,1016.2262573242188,371.4230041503906,1154.04638671875,739.591796875,1258.9051513671875,395.83746337890625,253.33152770996094,382.8101806640625,4.912057876586914,147.27169799804688,-451.9875668720013,-49.55552132465361,454.69606365200707,88.77134415658988,-572.7186445643108,579.5575876260694,-0.04455851190845902,-553.2598810115562,188.32525530770909,584.4338266421914,650.9251959070144,-68.94474354241295,654.5662596931759,-0.9753344276509781,0.17968867174921319,0.11499873038249575,0.0022298070219651626
124,4.135636111523795,True,True,315.5609130859375,1138.908935546875,690.8258056640625,1181.079345703125,431.79864501953125,966.4794921875,669.27490234375,1003.111572265625,343.1086120605469,1142.237548828125,740.4934692382812,1237.401611328125,377.62689208984375,240.28500366210938,408.6207580566406,31.569089889526367,229.47293090820312,73.81080695695019,-565.6510488866339,570.4464429989772,-344.93600178731344,-393.2214787307377,523.0716744999728,0.6601087489514337,-52.78095824384199,-329.50148548862705,333.70205047669407,-574.5944305740516,-563.9180056171466,805.0852605196164,0.8045134731834802,0.17142206318014572,0.109076318296759,0.014330649206769333
125,4.168988015648988,True,True,281.9794921875,1141.920654296875,713.8523559570312,1175.2030029296875,393.6770324707031,952.5797119140625,692.73583984375,995.4639892578125,318.94024658203125,1134.34814453125,742.7117309570312,1220.0018310546875,433.1534118652344,302.117919921875,432.3410949707031,89.00232696533203,205.72119140625,-1143.0115775618788,-416.76122062663563,1216.620475521721,703.4362239689668,-229.299741900973,739.8654558955778,-0.7870732095875387,-1006.8816692559462,90.30125352648575,1010.9228517904298,690.411863938406,-176.19212238616643,712.5392661866754,-0.9871601804161761,0.1966280820852983,0.13714509808898948,0.04040221402611668
126,4.20233991977418,True,True,262.9310302734375,1139.267333984375,713.07373046875,1158.8480224609375,382.6408996582031,950.779052734375,700.3084716796875,977.6171264648438,313.2169494628906,1137.7960205078125,749.5986328125,1203.22314453125,450.568359375,318.79925537109375,441.2591857910156,8.28107738494873,292.3171081542969,-330.89963232905825,-53.989696448167614,335.27519144438827,227.05245875954702,-535.10776254266,581.2857615340046,-0.23726771286041795,-571.1356641756028,-79.55528723458553,576.6497989423774,-23.34575817196374,-490.37621382452016,490.931619993554,0.18490436429129725,0.2045335207466628,0.1447175167890455,0.003759158577998254
127,4.235691823899371,True,True,273.04931640625,1093.384033203125,726.2124633789062,1130.86279296875,385.57098388671875,921.057861328125,716.17919921875,942.8706665039062,308.30279541015625,1137.197509765625,761.1949462890625,1184.30322265625,454.7103576660156,331.3269958496094,455.3353271484375,60.447235107421875,251.73500061035156,87.8535815381655,-891.1392673319815,895.4593489210238,475.856715091561,-1041.8133798451477,1145.344809095541,0.9459802423958343,303.379564022247,-1375.7325701411057,1408.786450961742,393.94251257253075,-839.0894081231555,926.963719913798,0.9754825467034522,0.2064137626139862,0.15040442936014928,0.02743975594085684
128,4.269043728024563,True,True,259.0805969238281,1044.59619140625,722.3890991210938,1126.42431640625,335.46697998046875,856.1058959960938,706.938720703125,936.430908203125,296.6220703125,1135.8465576171875,760.2399291992188,1168.736572265625,470.4791259765625,380.0570373535156,464.78302001953125,205.4409942626953,354.56072998046875,-1221.5794269690641,-1583.5857098222812,2000.0,-277.0599987616699,-193.08517668462196,337.7042024748111,0.9538195211082422,-418.8282453076134,-1462.8202819767575,1521.5979352082516,-114.63706070456632,-133.08015475936375,175.6473264179066,0.9080348842932299,0.2135719254838078,0.17252521691112255,0.09325903381349485
129,4.302395632149755,False,True,218.4813995361328,1002.0216064453125,724.4423828125,1110.1644287109375,319.7808074951172,815.5733337402344,712.2627563476562,920.4520874023438,297.53675842285156,1121.3187255859375,764.3389892578125,1150.40234375,519.5889587402344,408.8951110839844,466.8181915283203,166.6358985900879,,-470.32314636282575,-1215.2997952894589,1303.1337055096183,159.63213448163557,-479.09770730936674,504.9921103425821,0.7706884245166427,-1217.2977361442242,-1276.526365664963,1763.8972024071165,61.56421185725736,-487.52501908971425,491.3967810436201,0.6315336400762285,0.23586511760312764,0.18561613337011768,0.07564363167598322
130,4.335747536274947,True,True,177.8822021484375,959.447021484375,729.3143310546875,1098.5186767578125,304.0946350097656,775.040771484375,720.0227661132812,911.474365234375,298.4514465332031,1106.7908935546875,766.1197509765625,1140.1051025390625,568.6987915039062,437.7331848144531,468.8533630371094,127.83080291748047,343.33538818359375,-470.32314636282575,-1215.2997952894589,1303.1337055096183,232.67066661311202,-269.1816975207587,355.8011036834303,0.4695417919304939,-1217.2977361442242,-1276.526365664963,1763.8972024071165,146.07706426295286,-349.17802322202476,378.5020483497067,0.40128840889936196,0.25815830972244747,0.1987070498291128,0.05802822953847159
131,4.369099440400139,True,True,134.07809448242188,1037.40185546875,726.664306640625,1097.8505859375,192.33660888671875,878.3349609375,722.4253540039062,908.4544677734375,267.6893005371094,1154.50634765625,768.4093017578125,1132.6517333984375,595.6613159179688,530.9437255859375,501.19671630859375,208.52969360351562,335.4427795410156,-1503.6316851531874,1318.7462805913497,2000.0,72.03750291457088,-90.54647823410065,115.70681287964538,-0.9840635037236617,-979.7495376401009,1743.585627524537,2000.0,-79.456465337487,-20.031564548899826,81.94262298830819,0.2618947599148774,0.27039782883620805,0.2410195639637879,0.09466113526505303
132,4.402451344525331,True,True,113.20916748046875,1050.1068115234375,732.7110595703125,1088.7303466796875,162.3241424560547,899.3792724609375,728.2373046875,895.49658203125,234.8863525390625,1201.7601318359375,769.679443359375,1122.20458984375,620.7047119140625,565.9264526367188,540.6780395507812,255.61038208007812,388.27911376953125,-1503.6316851531874,1318.7462805913497,2000.0,174.26143532248204,-388.52011847803135,425.8109090932677,-0.9093055867825115,-625.7192070239273,380.93645289328435,732.5551905362283,181.3015804731871,-273.4548295527047,328.0972521795547,-0.9054020675006553,0.28176616806366545,0.2568998187134578,0.1160332062791955
133,4.435803248650522,False,True,102.83182144165039,1035.8019104003906,736.3148803710938,1063.932861328125,166.9442024230957,872.8956451416016,728.7879028320312,868.925537109375,252.78275299072266,1180.1349487304688,614.2050170898438,1107.2279052734375,638.8011779785156,567.3566741943359,471.1172180175781,210.41960906982422,,138.52462365263628,-794.0664263103316,806.0586583812408,16.508746920850115,-796.6874941273571,796.8585207072987,0.988471304327501,-311.1470337605095,-428.90807881166415,529.8817006539067,108.05442433672486,-743.5103332775552,751.3210860273005,0.7165754368964047,0.2899809790689685,0.2575490614854824,0.0955190540607134
134,4.4691551527757145,False,True,92.45447540283203,1021.4970092773438,739.9019165039062,1053.715576171875,171.56426239013672,846.4120178222656,734.0541381835938,863.1180419921875,270.6791534423828,1158.509765625,581.4688720703125,1088.7154541015625,656.8976440429688,568.7868957519531,401.556396484375,165.2288360595703,,138.52462365263628,-794.0664263103316,806.0586583812408,157.89909121214828,-174.12784275788587,235.05877696682026,0.8452050643192316,-311.1470337605095,-428.90807881166415,529.8817006539067,107.55116467557491,-306.34788100546604,324.6787292380143,0.5692286992985636,0.2981957900742716,0.25819830425750706,0.0750049018422313
135,4.502507056900907,False,True,82.07712936401367,1007.1921081542969,747.6678466796875,1049.322265625,176.18432235717773,819.9283905029297,740.897216796875,861.4422607421875,288.57555389404297,1136.8845825195312,565.7853393554688,1084.621826171875,674.9941101074219,570.2171173095703,331.9955749511719,120.0380630493164,,138.52462365263628,-794.0664263103316,806.0586583812408,205.1780488332726,-50.24544456921192,211.24070730563875,0.40124196377067256,-311.1470337605095,-428.90807881166415,529.8817006539067,232.84818002086308,-131.72592876208748,267.52569081727984,-0.11252854598916098,0.3064106010795747,0.2588475470295317,0.054490749623749196
136,4.535858961026098,True,True,71.69978332519531,992.88720703125,761.3507690429688,1061.851318359375,180.80438232421875,793.4447631835938,747.2970581054688,870.03955078125,306.4719543457031,1115.2593994140625,563.6712036132812,1063.1005859375,693.090576171875,571.6473388671875,262.43475341796875,74.8472900390625,554.0698852539062,138.52462365263628,-794.0664263103316,806.0586583812408,191.88833370865078,257.7750885464034,321.35514448751036,-0.6875980778411948,-311.1470337605095,-428.90807881166415,529.8817006539067,410.25910580457816,375.6622916444328,556.2685423957739,-0.9797085893002784,0.31462541208487776,0.2594967898015563,0.033976597405267095
137,4.56921086515129,True,True,62.712100982666016,986.995849609375,745.9581298828125,1054.7197265625,156.4195098876953,769.473388671875,739.3505859375,863.6893310546875,324.2038269042969,1096.2034912109375,691.6490478515625,1084.54052734375,686.59423828125,590.495849609375,367.6302795410156,20.50670623779297,518.805419921875,-731.1388382801407,-718.7408077733201,1025.2572114353932,-238.2614239397052,-190.40051514677836,304.99321681954586,0.9947370877313263,-269.4803363787729,-176.6423110285042,322.2144592353165,-461.5220499068787,-213.82862489965754,508.6504530389468,0.9893087893953737,0.3116764281336465,0.2680529881734938,0.009308928908260287
138,4.602562769276482,True,True,91.74234008789062,1004.23291015625,751.5975341796875,1060.0751953125,152.49664306640625,778.40185546875,747.6171875,868.2896118164062,327.7579650878906,1080.217529296875,703.8677978515625,1087.40966796875,662.2139282226562,601.8706665039062,376.1786193847656,24.57538604736328,602.3746337890625,-117.62047547761986,267.704859169675,292.40463039192264,247.8599582041835,137.93157789284933,283.6541539639262,0.09369881795205781,870.4222402491563,516.8238815442991,1012.2953130657455,169.08792600586045,160.5746025743346,233.18432561574298,0.9750701789073458,0.3006090938448017,0.27321653616544406,0.011155888174100941
139,4.635914673401674,True,True,97.1820068359375,1047.883544921875,756.8922119140625,1051.211669921875,143.95823669433594,799.760498046875,754.2333374023438,868.0960693359375,330.1588439941406,1060.1617431640625,703.8753662109375,1099.9776611328125,659.7185668945312,614.089111328125,375.83154296875,57.639915466308594,596.4382934570312,-256.0095621533328,640.4024939011516,689.6783671456976,198.37397821452515,-5.8030414018418925,198.45883835739943,-0.3981940195505502,163.09913603817594,1308.789885032504,1318.913299402123,158.75188758340602,-265.7577017898075,309.56310806020576,-0.7884864689153654,0.29947633556882236,0.2787630453375769,0.02616538556372996
140,4.669266577526866,True,True,108.16639709472656,1059.37451171875,758.3492431640625,1048.371337890625,137.5256805419922,800.8797607421875,758.7451171875,866.6752319335938,328.32940673828125,1048.5203857421875,714.1158447265625,1102.9642333984375,650.2759399414062,624.6939697265625,389.6091613769531,27.42527961730957,567.8008422851562,-192.86923253911033,33.559184240610726,195.76710578419622,135.27802695224048,-42.601387825126906,141.82744029530383,-0.9911936197452375,329.34822004636777,344.5370541286564,476.6298686773243,43.68659865807936,-85.16251487736182,95.71401591485426,-0.3277835691858752,0.29518989668416784,0.28357707406400817,0.012449584798566428
141,4.702618481652058,True,True,121.01768493652344,1028.77783203125,770.89501953125,1051.5400390625,141.4273223876953,780.1253662109375,770.4774169921875,871.9261474609375,324.6567077636719,1037.32177734375,734.7916870117188,1107.3790283203125,650.2758178710938,635.7133178710938,416.07537841796875,28.39238739013672,534.6455078125,116.9840807606566,-622.2851460997531,633.1856585613788,351.77301303842705,157.4397523941532,385.39788314943513,-0.232844102796465,385.32396212094625,-917.3892912575633,995.0264657277406,376.1637212704513,95.00810388458646,387.97639748285997,0.14968516992898134,0.29518984127088754,0.2885792585837124,0.012888599109274318
142,4.73597038577725,True,True,119.59587097167969,1053.99072265625,775.380126953125,1052.11328125,131.17138671875,795.7916259765625,773.784912109375,873.177734375,314.26922607421875,1034.46044921875,746.46533203125,1107.6195068359375,655.7869262695312,647.25634765625,438.34429931640625,42.47298049926758,599.3676147460938,-307.50675075245954,469.7260974011888,561.4294330885106,99.16960377351377,37.52670040560386,106.03237032117912,-0.2161619072891643,-42.63066838723017,755.9655523822339,757.1666198900464,134.4783015997949,17.187689954619696,135.57223272905676,0.07072914997198808,0.2976915846367833,0.29381916607592196,0.019280422287463357
143,4.7693222899024414,True,True,118.58650207519531,1087.3310546875,777.2828369140625,1059.62890625,126.00779724121094,813.692138671875,775.4983520507812,879.6477661132812,309.7166748046875,1040.3797607421875,752.5958251953125,1113.0302734375,659.2786254882812,652.8308715820312,448.7984313964844,38.490867614746094,584.5270385742188,-154.82142962982485,536.7163634232085,558.6001520218701,51.37457624531928,193.99287410982333,200.68029870860738,0.8578521468655759,-30.26420598642709,999.6530304867014,1000.1110455970551,57.049515187959365,225.34320594676862,232.45259226248476,0.9615450533981597,0.2992766261066059,0.2963496966409357,0.017472759695683463
144,4.802674194027634,True,True,116.57754516601562,1101.125244140625,785.4384765625,1063.51611328125,122.35964965820312,824.0513916015625,781.2715454101562,885.7344970703125,308.91632080078125,1042.1539306640625,757.9823608398438,1121.629638671875,669.91748046875,661.7927856445312,456.04461669921875,53.95206069946289,547.0686645507812,-109.38348735094362,310.60454272122894,329.3021853315246,173.0993630140085,182.50025348428971,251.53475306145174,0.45576198980134286,-60.23514884303861,413.59525984921953,417.9585052680307,244.5329543351994,116.55127745206762,270.88847526539325,0.29566803509393774,0.30410608743160183,0.3004179180277521,0.024491300147453467
145,4.836026098152826,True,True,132.08401489257812,1132.3408203125,788.4136352539062,1068.124755859375,130.99673461914062,836.5996704101562,783.5917358398438,892.3935546875,304.6306457519531,1042.4608154296875,757.420654296875,1128.9931640625,659.463623046875,654.9757080078125,460.98443603515625,61.596290588378906,579.3873291015625,258.9682714521117,376.2387527108409,456.7495644883571,69.56695548710744,199.6604929119376,211.4329059668411,0.964417815903479,464.93506542704114,935.9458474905109,1045.0642298434952,89.20506248274458,138.1822927058586,164.47458524038888,0.9937121234052945,0.29936060493290695,0.29732333568252145,0.02796136461169071
146,4.869378002278017,True,True,121.18252563476562,1147.9149169921875,781.2930297851562,1084.309814453125,111.20759582519531,844.7122802734375,779.933349609375,901.564453125,298.0226135253906,1037.8819580078125,747.800048828125,1143.8333740234375,663.167724609375,671.1380615234375,462.088134765625,62.17405700683594,650.1142578125,-593.3435980045847,243.24277956752408,641.2672415652942,-109.69047574424509,274.97375871181185,296.04487573525154,0.6951476251781377,-326.86257482906984,466.96274435269265,569.994164388801,-213.49921857599577,485.28139601855116,530.1697366450434,0.980805622051498,0.301042065510459,0.304660164821364,0.02822363913070072
147,4.902729906403209,True,True,121.98959350585938,1104.9002685546875,782.3461303710938,1088.145263671875,108.25421905517578,820.7962646484375,779.6964111328125,908.8164672851562,291.45037841796875,1037.8011474609375,740.3098754882812,1146.435302734375,660.569091796875,677.1869506835938,461.8183898925781,90.7281723022461,559.3030395507812,-88.55196869520678,-717.0809659090909,722.527897612896,-7.104196380305969,217.43928421401708,217.5553077396965,-0.987929891173154,24.19855454322149,-1289.720918962749,1289.947913232197,31.575426158114162,114.9994076605943,119.25548750206036,-0.9591746231576836,0.29986242759934223,0.30740603139364003,0.04118565390971812
148,4.9360818105284014,True,True,106.29168701171875,1082.5380859375,779.33154296875,1089.2626953125,97.0556640625,797.045166015625,775.7298583984375,911.522705078125,284.18890380859375,1040.1849365234375,716.484375,1146.83837890625,673.0734252929688,688.2614135742188,445.2575988769531,65.59900665283203,577.7988891601562,-335.7695845682498,-712.136210983901,787.3240736289233,-118.93032312295834,81.1419276935565,143.97372742260177,-0.15747942423219835,-470.6749706168479,-670.4919315325249,819.2034901142613,-90.38726517766412,33.504283186667095,96.3970678918698,0.2542607733454038,0.3055387146739476,0.3124332350094017,0.029778379926186958
149,4.969433714653593,True,True,86.25666046142578,1072.44189453125,778.6253662109375,1078.929931640625,81.65680694580078,787.7303466796875,769.8038330078125,909.9229736328125,276.19696044921875,1036.4141845703125,688.3920288085938,1135.9122314453125,692.3991088867188,698.9115600585938,424.0337829589844,96.75809478759766,520.4501342773438,-461.70848473589564,-279.2889815517813,539.6082468729959,-177.6817709831703,-47.96522079541974,184.0420445052411,0.9609581869404873,-600.7161232860401,-302.7170913046605,672.6793427360194,-21.17350647092737,-309.81030747417776,310.53299984626267,0.5098596547336322,0.3143115235585944,0.3172678220628258,0.04392291064356692
150,5.002785618778785,True,True,80.60470581054688,1152.521728515625,765.5367431640625,1095.234619140625,82.56979370117188,831.9876708984375,759.776123046875,918.927978515625,267.45684814453125,1028.399658203125,658.9248657226562,1151.1533203125,687.3235473632812,682.7642211914062,410.262939453125,90.98258972167969,545.0870361328125,27.374351759469164,1326.9804342391606,1327.2627577039152,-300.66379188716866,269.9997232245188,404.10217308656905,0.6526596945561226,-140.80772733634305,1995.0371376490154,2000.0,-392.4400537296067,488.86826487620175,626.8982183531588,0.8219587376264181,0.3120074947768242,0.3099378087574607,0.04130114557586222
151,5.036137522903977,True,True,89.84791564941406,1188.255126953125,749.90185546875,1090.267333984375,85.56050872802734,852.828125,748.5097045898438,919.1533203125,256.3106689453125,1025.757080078125,633.914794921875,1156.8240966796875,667.2876586914062,666.2587280273438,399.7041931152344,122.46003723144531,562.2008056640625,89.67149268687402,624.8654956351038,631.2668724366866,-337.80435488003565,6.756489705329633,337.87191704705987,-0.12222723781031958,277.14189283380244,1071.4050479207654,1106.6690586953266,-468.7854593436212,-148.93557913828462,491.8756078779127,-0.5318156868751871,0.30291229142736736,0.3024452128876829,0.05559019412827565
152,5.069489427029168,True,True,74.66179656982422,1139.952392578125,736.3162231445312,1098.242919921875,77.34222412109375,826.4351806640625,734.3792724609375,924.30029296875,244.48480224609375,1026.6988525390625,620.3430786132812,1165.039306640625,662.9677734375,664.2855224609375,400.5090637207031,150.2335968017578,508.6737976074219,-246.41125664324593,-791.3474516137732,828.8240444003279,-423.6769233884018,154.32320256528638,450.90773586385507,-0.04742684221584995,-455.3298972852113,-1448.275162751958,1518.1654265612729,-407.34202980503983,239.13435069740893,472.348141659477,-0.22431564472687437,0.3009512985573206,0.30154948491820494,0.06819787907637763
153,5.102841331154361,True,True,79.68180847167969,1087.664794921875,720.3269653320312,1095.577392578125,83.58605194091797,801.1072998046875,712.93115234375,923.7584228515625,233.73876953125,1028.5262451171875,605.6859130859375,1147.88623046875,640.6939697265625,641.185302734375,390.6296081542969,220.544677734375,441.03387451171875,187.2105351582619,-759.413338569894,782.1485813271768,-643.0853254038637,-16.247051897052135,643.2905272465457,-0.21475580531896268,150.5165007374698,-1567.7544964143526,1574.9632941823352,-479.41064331684544,-79.92129426087642,486.0267258102225,0.06941808397895942,0.2908402035400461,0.29106324199327066,0.1001152843522388
154,5.136193235279553,True,True,82.81563568115234,1074.3306884765625,694.377685546875,1090.5318603515625,90.81385040283203,778.8319091796875,690.385986328125,911.1343994140625,226.93260192871094,1037.5548095703125,693.8289794921875,1171.4281005859375,611.776611328125,613.9956665039062,485.7100830078125,269.92327880859375,383.3276672363281,216.71321777561255,-667.8896215755967,702.1689008828672,-675.9783768566251,-378.5098263089758,774.7363774795712,0.19542308467868913,93.96246756135172,-399.80045502831626,410.6937413098315,-778.0449262432312,-151.28168417680916,792.6159569553258,-0.038782383259269367,0.27771329615549334,0.27872062647150403,0.12253048266146853
155,5.169545139404744,True,True,59.275794982910156,1077.7628173828125,663.1124267578125,1120.8929443359375,83.33869171142578,793.71240234375,659.615234375,938.2235107421875,236.74571228027344,1045.8885498046875,587.19921875,1176.2958984375,605.375,594.11962890625,373.9300842285156,105.77027130126953,229.96018981933594,-224.12989265461434,446.16622511884486,499.2980164372463,-922.6085514524713,812.2208323231421,1229.190473308724,0.9273906520862938,-705.8020018851546,102.90653551194364,713.2644817430366,-937.4354960875148,910.3253556501494,1306.7048490246052,0.8104088846635333,0.2748073129097781,0.2696979868126056,0.04801394844854859
156,5.202897043529936,True,True,57.14893341064453,1064.3704833984375,651.873046875,1123.31787109375,84.10481262207031,793.2500610351562,649.5227661132812,949.3544311523438,247.20042419433594,1058.2899169921875,602.4967041015625,1182.852294921875,597.6383056640625,586.5714111328125,376.4986267089844,83.33734130859375,196.78639221191406,22.97082972440702,-13.862516120767056,26.82961742974036,-302.6054591616418,333.7416768882069,450.5036856748015,-0.9578679273938591,-63.770319208225644,-401.54630854372374,406.5785182680098,-336.99364931680134,72.70729577268318,344.74783616207327,-0.05497121357620528,0.27129527461737546,0.26627150662499266,0.03783061875706744
157,5.236248947655128,True,True,60.77846145629883,1074.495361328125,630.0438232421875,1120.426025390625,94.17926788330078,798.4075927734375,627.4265747070312,943.3450927734375,261.51654052734375,1059.20751953125,646.4901123046875,1182.455078125,571.1152954101562,552.593505859375,404.22100830078125,84.32534790039062,186.7790985107422,302.0653700434713,154.639798643028,339.3478379242389,-662.5166384296466,-180.17976893760556,686.5806910557039,-0.9785253300325155,108.82521225865432,303.57720781644406,322.49348509507854,-654.5120647646651,-86.70706452830932,660.2303824890381,-0.45815190817734514,0.2592552710193503,0.25084738629214715,0.03827911999452992
158,5.269600851780321,True,True,65.84017944335938,1079.966796875,611.5430297851562,1123.819580078125,94.6144790649414,812.9066162109375,604.9522705078125,950.6651000976562,299.4264831542969,1059.0152587890625,611.344482421875,1186.779296875,547.4620361328125,528.6038818359375,337.0704345703125,44.25628662109375,289.354736328125,13.049065504835577,434.7285055472549,434.92430565087886,-673.8537060690065,219.47794335045728,708.6955515595407,0.281025404660567,151.76698661823173,164.05166932409796,223.48639429549556,-554.7147589410624,101.74995330886446,563.9694289457516,-0.5355078433845769,0.24851797822799765,0.23995740220691614,0.020089946241103017
159,5.302952755905512,True,True,54.08382034301758,1085.544677734375,589.4522705078125,1132.0887451171875,84.72665405273438,822.3990478515625,589.5073852539062,957.64892578125,350.934326171875,1057.6171875,623.0880126953125,1190.4248046875,537.3878784179688,522.5859985351562,302.82916259765625,23.62818717956543,329.9316101074219,-296.46958012026664,284.61438378431365,410.9739157095153,-463.08855997940367,209.39810984640644,508.23083612768465,0.9426425343442039,-352.49439001180724,167.24325059335442,390.15714764544254,-662.3537653029472,247.9368196797046,707.2377089521443,0.9964045690497201,0.24394485873768912,0.23722561060783737,0.010725911423077671
160,5.336304660030704,True,True,74.30232238769531,1118.9619140625,577.1126708984375,1129.882080078125,105.21161651611328,842.7483520507812,581.800048828125,956.92236328125,366.64208984375,1060.1129150390625,623.0966796875,1192.3992919921875,502.9289245605469,490.07373046875,288.56304931640625,58.55976486206055,304.4364318847656,614.2066847663391,610.1392029322902,865.7480572120896,-231.09134629466686,-21.78473820483314,232.115887329874,-0.7724636799543594,606.2173232683878,1001.9588747523339,1171.0768675563754,-369.98186259639834,-66.16309014260226,375.85121144878366,-0.660187832425173,0.22830236852048466,0.22246680982496478,0.026582947142467568
161,5.369656564155896,True,True,65.99796295166016,1108.38525390625,569.8036499023438,1134.36083984375,110.79527282714844,841.1055908203125,577.3475341796875,962.6456298828125,378.20269775390625,1066.840576171875,649.599609375,1193.7073974609375,504.4748840332031,482.1234130859375,299.5854797363281,75.53035736083984,387.2760314941406,167.4164176676683,-49.25539556309509,174.51175002489697,-133.50106283959826,171.6023942764788,217.4164563705389,-0.8118400642439645,-248.9920636873795,-317.12312785946955,403.19241808679084,-219.14853702679548,134.28797794612365,257.02012042220224,0.1156092726086288,0.22900415000889776,0.21885779829202964,0.03428667280519955
162,5.4030084682810875,True,True,73.83354187011719,1117.78564453125,562.4588012695312,1140.82958984375,122.38304901123047,846.4700927734375,568.05078125,967.84130859375,386.3863830566406,1072.015625,653.38818359375,1197.075927734375,489.1683349609375,461.89898681640625,294.8390197753906,73.7043685913086,423.7408447265625,347.4397186015345,160.84544777378986,382.8650103253945,-278.74729115287084,155.78357060018698,319.32518408983464,-0.5872052864951229,234.936478860244,281.8546908060804,366.92944257532815,-220.2227676489592,193.9544433720628,293.45594813316393,0.02719792532241175,0.2220558095249482,0.2096770091311429,0.03345777325176851
163,5.43636037240628,True,True,83.22811889648438,1071.321533203125,566.927978515625,1151.623779296875,120.86820983886719,825.0596923828125,570.5445556640625,974.9256591796875,422.95635986328125,1075.221435546875,639.2817993164062,1198.009765625,490.3203125,473.9922180175781,248.7441864013672,55.665252685546875,447.4837341308594,-45.41987068195811,-641.954363692625,643.5591423612664,74.77157540096374,212.41217770791184,225.18819180090134,-0.9643471468387028,281.68037995980933,-1393.1471844520258,1421.3384234589978,134.0006624304853,323.64537306797297,350.2891734554699,-0.8297998102850375,0.22257874465117936,0.2151666781310037,0.025268996098218373
164,5.469712276531472,True,True,102.40885925292969,1096.2484130859375,568.6009521484375,1154.357666015625,137.99282836914062,840.6806030273438,572.7796020507812,975.3709716796875,417.1251220703125,1072.848388671875,627.1946411132812,1200.04052734375,469.7996826171875,455.1714172363281,245.57492065429688,63.15129089355469,454.25164794921875,513.4524993233773,468.36638129851815,694.9823999153444,67.01405647872856,13.35193631909128,68.33123714088083,0.856243061347738,575.1018078142473,747.3900077562386,943.0450217487422,50.16126295316502,81.97093360810534,96.10091704890739,0.9943129652085477,0.21326349516563436,0.2066230585736953,0.028667250146176347
165,5.503064180656663,True,True,109.68634033203125,1098.62646484375,569.95654296875,1155.24267578125,146.16342163085938,843.0179443359375,575.587646484375,977.8233642578125,423.0805358886719,1074.45703125,625.3550415039062,1200.9951171875,463.73919677734375,450.0863037109375,238.593505859375,47.59483337402344,460.7218017578125,244.98131294240574,70.08119535904613,254.8081977369208,84.19442629282244,73.53081158183767,111.78319046556697,0.9050641053671492,218.20286637261643,71.30182879172621,229.5570553964102,40.645080269602154,26.535509406088753,48.540249376811275,0.965730800953173,0.2105123643317294,0.20431469370274133,0.021605464824123906
166,5.536416084781855,True,True,113.86310577392578,1106.1446533203125,573.8441162109375,1151.822265625,149.86077880859375,844.2205200195312,574.2552490234375,973.2733764648438,408.70947265625,1074.400146484375,617.7883911132812,1205.18212890625,462.243408203125,443.5823669433594,246.61289978027344,50.44778823852539,466.1471862792969,110.85895317567872,36.05718219504598,116.57541716440078,-39.94966691964948,-136.42362894453092,142.15267293085273,-0.5640905088194563,125.23319287007872,225.4200674222897,257.87120698733304,116.56225766285635,-102.5551687667044,155.25566834170448,-0.21282187215678175,0.20983335770152134,0.20136226027481113,0.022900551109759526
167,5.5697679889070475,True,True,124.55618286132812,1108.312255859375,578.3480224609375,1155.546142578125,156.87673950195312,846.474365234375,577.875732421875,976.7757568359375,414.0885314941406,1074.4813232421875,621.0053100585938,1205.88916015625,456.2434387207031,440.702392578125,245.1174774169922,48.72349548339844,484.3611755371094,210.3616233431172,67.57770729921651,220.94967549052905,108.55402392761191,105.01290594824765,151.03538170432796,0.8969445346215632,320.6136911183274,64.99186765847145,327.1346539183131,135.04195242028285,111.65410344029566,175.22262333539635,0.8819204411657702,0.2071096980013272,0.20005490860591316,0.02211781601381695
168,5.603119893032239,True,True,134.03231811523438,1104.871337890625,582.882080078125,1146.989501953125,167.4864501953125,845.552001953125,582.36083984375,969.685791015625,407.6043701171875,1077.92138671875,619.0618896484375,1202.530029296875,450.821533203125,433.04730224609375,245.44163513183594,36.026859283447266,483.3005065917969,318.11409188315207,-27.655490906538844,319.3139546464015,134.4783015997949,-212.58054094000565,251.54502576578773,0.6057936901920467,284.1257644042153,-103.17006057087308,302.2772095221161,135.94598977522134,-256.5562851488548,290.34882397789227,0.7416859617836664,0.2046484478900138,0.19657991409139386,0.016354233974417244
169,5.636471797157431,True,True,140.540283203125,1117.2659912109375,584.2402954101562,1134.831298828125,171.50469970703125,853.8587036132812,580.6361694335938,956.4313354492188,409.390869140625,1083.0184326171875,623.2374267578125,1198.9068603515625,444.0475769042969,421.7934265136719,243.22927856445312,48.18860626220703,473.597412109375,120.48036287930022,249.06229128554904,276.67226601149514,-51.71130270950689,-397.41225918176826,400.7624765068097,-0.9488702636607901,195.13024094402223,371.6325542849702,419.745835399523,40.723771780254694,-364.5429981857159,366.8106093261768,-0.8282906029420282,0.2015734402860506,0.19147126680690504,0.021875005409513808
170,5.669823701282623,True,True,149.83570861816406,1104.45361328125,585.9525146484375,1134.65966796875,177.72476196289062,843.80615234375,581.0164184570312,951.7568359375,434.0426330566406,1090.215087890625,630.4607543945312,1194.302001953125,437.16162109375,417.4895324707031,222.29296875,42.22734451293945,463.2744140625,186.49796522895187,-301.4086161856706,354.4413138243061,11.401118868960893,-140.15690061269788,140.61985030863121,0.890237989179919,278.7074878887617,-384.1573147246441,474.6100570591752,51.337975542690195,-5.146058789649764,51.595248365410434,0.6650369376524508,0.19844759099740825,0.18951753307657815,0.019168916914171143
171,5.703175605407814,True,True,156.33705139160156,1102.5906982421875,585.138671875,1128.190673828125,181.26019287109375,841.6317138671875,578.6024169921875,954.7373046875,436.92828369140625,1093.559326171875,627.1036987304688,1199.162353515625,429.56512451171875,413.12677001953125,217.52859497070312,55.41737365722656,462.07391357421875,106.00386997193021,-65.19683159319435,124.4485729079174,-72.37971948415284,89.36427553918111,114.99911971509755,-0.9432149192959741,194.93168213225945,-55.8563322822511,202.77645463647275,-24.40168844281293,-193.96176351258862,195.49068546550617,0.15330956900479845,0.19499919485743497,0.18753707629182453,0.025156472505900567
172,5.736527509533007,True,True,156.15927124023438,1110.5792236328125,583.156005859375,1115.206298828125,182.19422912597656,845.040283203125,582.9322509765625,940.995361328125,435.09954833984375,1097.4774169921875,616.7737426757812,1202.5211181640625,427.0218200683594,412.0659484863281,209.85635375976562,48.68907928466797,452.4635314941406,28.005485125429498,102.20014195120224,105.96780743205241,129.8226922253749,-412.02874977669455,431.99724774492535,-0.8404433647751112,-5.330434829143795,239.52231814527727,239.58162372176037,-59.44686121016463,-389.3143537250826,393.82685957679337,-0.9849388001239732,0.19384467301561611,0.18705552103266057,0.022102192932101174
173,5.769879413658199,True,True,153.67352294921875,1121.825439453125,581.2100830078125,1117.897216796875,177.8730010986328,847.9478149414062,580.122802734375,949.7796630859375,396.0185241699219,1099.211669921875,603.7301025390625,1199.572021484375,427.55462646484375,414.9393310546875,230.68658447265625,29.889101028442383,453.2048645019531,-129.56465727183985,87.17738355709311,156.16304498129463,-84.23651710084589,263.38231618917973,276.52492707612845,0.7844539882291668,-74.53092578117749,337.19861325152425,345.33717389900323,-58.34518006102908,80.68258887556145,99.56826896163646,0.9176943974854821,0.19408653813082408,0.1883598803844221,0.01356802566824718
174,5.803231317783391,True,True,157.8822021484375,1115.264404296875,578.12353515625,1114.9317626953125,179.798828125,847.7396850585938,575.6915283203125,948.5728759765625,374.5247802734375,1102.8045654296875,589.8204956054688,1182.6365966796875,420.241455078125,408.5319519042969,229.6201171875,22.213287353515625,393.7429504394531,57.74264099399772,-6.240419798259493,58.078872477177235,-132.86421061385212,-36.18345461911633,137.703089472298,-0.9310409454062778,126.19007248943794,-196.72145649082185,233.71620790771,-92.54487659764885,-88.91408689684333,128.33654597648115,0.1938054233427791,0.19076675621443695,0.18545127886121254,0.010083623883563719
175,5.836583221908582,True,True,154.39291381835938,1113.83447265625,575.96044921875,1112.115234375,177.8704833984375,848.3720703125,571.01513671875,940.759765625,375.1943359375,1106.2216796875,589.8636474609375,1186.97412109375,421.571044921875,403.85418701171875,229.35533142089844,65.56192779541016,421.380615234375,-57.81812994317021,18.960993996999004,60.8478055765329,-140.21363170177298,-234.26279717747735,273.0181690957881,0.2206183312430908,-104.62036341255069,-42.87406305971361,113.06460862631805,-64.85644505874383,-84.44880117609459,106.47985013953303,0.8643474882969621,0.19137031766351079,0.18332782810663384,0.029761548142294543
176,5.869935126033774,True,True,158.72567749023438,1099.33740234375,579.843505859375,1113.972900390625,179.09339904785156,839.5121459960938,572.31298828125,941.149658203125,368.4166259765625,1109.4410400390625,581.4525146484375,1190.8785400390625,421.3720703125,406.14263916015625,228.07093811035156,48.990509033203125,442.2315673828125,36.66704140260316,-265.6497297170517,268.1683255419305,38.9138670352463,11.690264419730687,40.63190039661017,-0.15405930064265233,129.91053391168472,-434.6699444230483,453.6680586132937,116.42683506312873,55.69894926094602,129.06425094343678,-0.15517037768094682,0.19127999401661486,0.1843666608724975,0.022239025637822447
177,5.903287030158967,True,True,162.052001953125,1085.197021484375,575.1781005859375,1105.397705078125,180.99777221679688,834.2567138671875,570.5833740234375,933.185302734375,369.56561279296875,1114.6964111328125,590.8917846679688,1190.4716796875,413.6196594238281,401.9499816894531,233.93836975097656,51.05364227294922,407.84991455078125,57.0993836452915,-157.57517499388084,167.60153754373601,-51.8595355551547,-238.79762423322134,244.36390234121555,0.8464603035327875,99.73416961156745,-423.97521911482886,435.54780565579256,-139.88422537811118,-257.11261582881696,292.70205624144666,0.7456374480455982,0.187760821264373,0.18246342249384784,0.023175575878234538
178,5.936638934284158,True,True,163.83270263671875,1064.739013671875,578.1844482421875,1113.3299560546875,183.76010131835938,823.5194091796875,574.91357421875,943.79736328125,357.9076232910156,1116.22509765625,577.7399291992188,1187.2977294921875,417.191162109375,409.22833251953125,231.0358428955078,40.8460807800293,406.26751708984375,82.8237299793631,-321.9397803254575,332.4229119716303,129.83367243616365,318.18454823571307,343.6541709833097,-0.8025572665832593,53.39127496018203,-613.3984955014106,615.7177458261763,90.14021043491778,237.83502575407633,254.34377722423918,-0.9008388468637686,0.1893820891661945,0.1857673977720282,0.018541898330878524
179,5.96999083840935,True,True,164.36329650878906,1079.880615234375,558.677734375,1116.313720703125,178.6934814453125,827.5673828125,547.6671142578125,944.5098876953125,352.5916748046875,1119.117431640625,561.5364990234375,1175.301025390625,395.9940185546875,387.0621337890625,216.36668395996094,51.76237487792969,406.47955322265625,-151.91396131472666,121.3715899883185,194.44514521742312,-816.9386628920315,21.36383012459863,817.2179587878701,0.7973197584594851,15.908952906515935,453.99511541120677,454.2737716397643,-584.8755679425624,89.46309743627964,591.6781859922065,0.11649155167105213,0.1797597392812034,0.17570514956134184,0.02349730192035096
180,6.003342742534542,True,True,164.78968811035156,1098.31494140625,564.9586181640625,1118.906005859375,173.25901794433594,843.9398803710938,559.1720581054688,953.164306640625,342.615966796875,1121.4044189453125,556.5769653320312,1190.823486328125,400.6983642578125,401.0721130371094,224.94068908691406,70.38125610351562,410.6422119140625,-162.94312554321945,490.9014339072476,517.2375469491607,344.95613217375944,259.48800142944475,431.6581471606064,0.3187838268436007,12.784625428340416,552.7218506829086,552.8696870598735,188.32159523744616,77.72525210313114,203.73079798418252,0.40278269479593776,0.18189525627756836,0.18206491788853987,0.03194926098537609
181,6.0366946466597335,True,True,178.931884765625,1117.16357421875,564.048828125,1112.603759765625,184.37872314453125,859.87353515625,558.28857421875,949.799560546875,335.5525207519531,1123.88623046875,563.300537109375,1192.4169921875,385.1439514160156,384.571533203125,237.83529663085938,15.950931549072266,407.38250732421875,333.4054079328022,477.74348131209047,582.5787500201444,-26.489758527802394,-100.886176726818,104.30593444965646,-0.93850421299167,424.02966265998964,565.144129155221,706.533114251666,-27.27850366945924,-188.9621075334552,190.92091254215654,-0.8774261408611791,0.174834399127961,0.17457455240329434,0.007240855069020614
182,6.070046550784926,True,True,186.49575805664062,1115.5072021484375,557.3365478515625,1110.5577392578125,189.58351135253906,860.5350341796875,554.9953002929688,953.0189208984375,333.08349609375,1126.3818359375,558.5405883789062,1186.893310546875,370.8738098144531,376.9337463378906,233.43637084960938,21.984216690063477,412.1227722167969,156.05670334355656,19.833920754702753,157.31204362973182,-98.74320558788489,96.52703304369362,138.08580215934447,-0.6212449077288895,226.78984871818332,-49.663493397409425,232.16394650774484,-201.25628354656584,-61.34643767661429,210.3983770911421,-0.8720346302410347,0.16835653124711455,0.17110741272125815,0.00997963826557529
183,6.103398454910118,True,True,193.09617614746094,1101.495361328125,568.2003173828125,1108.787109375,194.57774353027344,855.52294921875,566.7456665039062,954.4835205078125,330.1110534667969,1129.39404296875,570.4713134765625,1134.579833984375,375.17498779296875,385.10015869140625,240.41619873046875,42.529170989990234,253.6112518310547,149.74353964882175,-150.27882492477215,212.14818615139882,352.3147034373376,43.913523014379706,355.0409099831646,0.6128092223578163,197.9022866593928,-420.1211651279859,464.3997291703698,325.731613117831,-53.08931916349205,330.0296344172557,0.5661214027082241,0.17030903203195466,0.17481451961365185,0.019305929713053404
184,6.136750359035309,True,True,192.86788940429688,1099.16796875,567.0479736328125,1117.297607421875,192.51284790039062,852.65625,562.961669921875,959.7562255859375,322.4168395996094,1129.187744140625,569.9163208007812,1149.1185302734375,374.6190490722656,385.61993408203125,248.30067443847656,15.646551132202148,379.13446044921875,-61.912376041016564,-85.95309005415011,105.9295803678136,-113.45668804477825,158.09307493608244,194.59147053464577,-0.31845036917410163,-6.844788900422308,-69.78289963261906,70.11778815840906,-34.551063281859015,255.17277858947529,257.5013066121809,-0.973126055824407,0.17005666610012907,0.17505046936118734,0.007102682920414486
185,6.170102263160501,True,True,208.9105224609375,1103.7587890625,563.8173828125,1108.971923828125,203.80374145507812,856.50048828125,561.6339721679688,957.8896484375,320.6585388183594,1130.1654052734375,574.2886962890625,1155.7015380859375,354.9451599121094,371.9169616699219,254.91244506835938,15.609648704528809,349.5472717285156,338.5381989677489,115.26293271952373,357.62222500766444,-39.8087542145275,-55.966134390138365,68.68001973418244,-0.8113349569170725,481.0110090393023,137.64792244747392,500.31843996710086,-96.86375950788123,-249.63143221143136,267.76564352793866,-0.604276610182194,0.16112579083341447,0.16883006543395446,0.007085931226028761
186,6.2034541672856935,True,True,205.87075805664062,1098.6778564453125,576.960205078125,1111.0804443359375,198.83250427246094,855.560302734375,571.0404052734375,955.413330078125,318.7672119140625,1130.1102294921875,567.084716796875,1155.93896484375,371.2966613769531,385.36907958984375,249.6571807861328,35.00124740600586,341.28570556640625,-149.0540739130463,-28.189861164923528,151.69635863320363,282.0358642840944,-74.24818535336779,291.6453698770892,-0.9028968693707174,-91.14215466938906,-152.3431045530527,177.52553017141278,394.06512492633817,63.220393651223596,399.10417293812674,-0.6428564164151723,0.16854848285008844,0.1749365950701621,0.015888661983291037
187,6.236806071410885,True,True,209.3544464111328,1100.26611328125,566.308837890625,1107.2030029296875,200.83694458007812,858.7595825195312,560.254638671875,954.914306640625,317.74755859375,1129.93505859375,574.559814453125,1153.0250244140625,357.02178955078125,372.0575256347656,257.8481750488281,29.152362823486328,284.45953369140625,60.09972624331098,95.92495148544512,113.19705566844893,-323.39282821983227,-14.962367234771149,323.73877397879005,-0.5695281229860906,104.45245768923975,47.62117419070631,114.79587165322633,-319.3630908603697,-116.25847183103492,339.86587954129243,-0.9969095323444898,0.16206846770463018,0.1688938738262248,0.013233586607463458
188,6.270157975536077,True,True,217.78311157226562,1107.066650390625,567.1360473632812,1102.134521484375,204.43930053710938,865.26904296875,560.0653076171875,953.468994140625,317.3748779296875,1129.8677978515625,566.295654296875,1139.89892578125,349.38775634765625,366.4001770019531,249.12281799316406,26.552318572998047,381.27777099609375,108.01050349356996,195.17507680474287,223.0685532984687,-5.676768977771539,-43.335231912840115,43.7054691196265,-0.9304353360320912,252.7191589869778,203.9025143466489,324.72020059733075,24.802466136601442,-151.96977738623602,153.9804389046849,-0.49437369942931425,0.15860303198096337,0.1663257453505246,0.012053307980293186
189,6.303509879661269,True,True,226.02334594726562,1097.898193359375,567.4412231445312,1101.879638671875,209.78277587890625,860.6417236328125,560.9290771484375,950.75341796875,304.4573974609375,1127.161865234375,561.6978759765625,1129.140625,341.44110107421875,362.5242614746094,257.2480773925781,46.15382766723633,299.9676208496094,160.21500067100382,-138.74228345608364,211.93930182629651,25.898657180342624,-81.42192306866903,85.44161749373177,0.8529735124807333,247.06938302739522,-274.90055730655365,369.61276552223075,9.150175657271983,-7.642226708953562,11.921801190674836,0.989817364672565,0.15499568284643736,0.16456629058094438,0.02095132663511739
190,6.336861783786461,True,True,228.748046875,1108.8717041015625,560.2935791015625,1090.528564453125,206.05929565429688,866.7210693359375,556.0771484375,942.0946044921875,297.3052673339844,1127.5130615234375,563.4349365234375,1127.86865234375,332.05255126953125,358.04144287109375,266.1299133300781,50.43907928466797,297.6327819824219,-111.64220821194121,182.27881923338376,213.75114174093906,-145.47681273983582,-259.61976395890946,297.6002770210759,-0.48861278456551954,81.69551332082146,329.022016284186,339.0127491650774,-214.30992413923005,-340.3426136073629,402.19626828409696,-0.9496787137971933,0.15073379204495763,0.16253133483501153,0.02289659771854282
191,6.370213687911653,True,True,236.4266357421875,1106.340576171875,553.6177978515625,1084.324951171875,215.7765350341797,866.4185180664062,550.9985961914062,939.7310791015625,295.99981689453125,1126.5445556640625,568.873291015625,1126.558349609375,317.95428466796875,343.14508056640625,272.87347412109375,19.73100471496582,216.50833129882812,291.35486068224304,-9.071484146619445,291.4960491461104,-152.271733182926,-70.86628043044007,167.9544891587539,-0.8930549599803453,230.22939974775184,-75.89155690141384,242.4151499331893,-200.16192253795612,-186.0047707610249,273.2445241536455,-0.4826032208166608,0.14433394606277955,0.1557691968262043,0.008956802621069453
192,6.403565592036845,True,True,241.21839904785156,1113.64501953125,547.8929443359375,1084.1671142578125,216.24636840820312,871.9324951171875,547.6488647460938,937.107666015625,294.38262939453125,1128.432861328125,571.3478393554688,1121.14697265625,308.0880432128906,337.7505187988281,277.06103515625,27.514562606811523,204.86233520507812,14.087152933153083,165.32720381072167,165.92628543312222,-100.43598808448021,-78.65857002017289,127.5717772084574,-0.6811976373007188,143.67285560900464,219.01128439193639,261.93096825280423,-171.6499751898966,-4.732470849941071,171.71520102494614,-0.571349899974505,0.13985520924214923,0.15332035928967908,0.012490114418113955
193,6.436917496162037,True,True,254.2019805908203,1107.608154296875,544.0030517578125,1079.092529296875,226.24305725097656,875.4136962890625,548.671630859375,934.8995971679688,302.9488220214844,1132.6513671875,570.523193359375,1115.0531005859375,291.2006530761719,327.87005615234375,268.1524658203125,55.64068603515625,191.49490356445312,299.733676531607,104.37788375763299,317.3878061061514,30.66589869778133,-66.20518095062572,72.96247890284212,0.09851044462501848,389.29056326837366,-181.00511478189148,429.3133986111001,-116.63179899785162,-152.15278089938147,191.7118808861111,-0.21703833549559584,0.1321892529249396,0.1488351668218933,0.025257844175557143
194,6.470269400287228,True,True,259.9380187988281,1103.7677001953125,543.2683715820312,1088.8785400390625,229.03604125976562,876.4061889648438,547.3803100585938,941.109375,308.0558776855469,1140.40087890625,569.7350463867188,1114.370849609375,283.7212829589844,324.8531494140625,262.9706115722656,37.09428405761719,178.0270233154297,83.74286512413606,29.758201272579946,88.87304429453636,-38.718053276180676,186.18960430930179,190.17270151720393,0.13598462505982253,171.98532912773564,-115.14947054137356,206.9742834294498,-22.028132877316576,293.4168527666093,294.24256681439346,-0.6169936506304196,0.12879402582741825,0.14746565530581407,0.01683878674571266
195,6.5036213044124205,True,True,258.8261413574219,1095.598876953125,541.8502197265625,1100.774658203125,228.63937377929688,875.0416870117188,543.6300659179688,948.536376953125,297.5693054199219,1141.45556640625,565.3877563476562,1113.2718505859375,283.0714111328125,323.4510803222656,269.2973327636719,20.50962257385254,164.7061309814453,-11.893398319322126,-40.912265398794496,42.605943055440655,-112.44467861708397,222.68599493589682,249.4651440379789,-0.7313444579599614,-33.33774998970475,-244.92824192359356,247.1866688682026,-42.52086627934291,356.6848273312507,359.210370281079,-0.9679320579928277,0.12849901937639852,0.14682919222155957,0.009310252766160055
196,6.536973208537613,True,True,263.18231201171875,1110.7445068359375,547.737060546875,1098.2332763671875,231.15089416503906,886.5486450195312,547.5989990234375,947.732666015625,296.5140686035156,1138.98193359375,562.545166015625,1111.050537109375,284.82965087890625,322.3086853027344,267.4933776855469,40.82761764526367,125.07649993896484,75.30365811543412,345.01652333309744,353.13884280608943,119.00169449308507,-24.097902610991497,121.41710012380622,0.015091702232907098,130.61235238459747,454.11589772988276,472.5260153329715,176.5068884287766,-76.19900280349817,192.25235939008942,-0.12713187414554777,0.1292971645592607,0.1463106070378323,0.018533517072232504
197,6.570325112662804,True,True,273.4737854003906,1116.2166748046875,547.025146484375,1105.03076171875,237.7703857421875,895.036376953125,546.0860595703125,953.85009765625,296.2979736328125,1138.75537109375,563.3345947265625,1111.05078125,273.77996826171875,313.8751525878906,268.4699401855469,40.93513870239258,150.09591674804688,198.4741726379723,254.4901754854428,322.73401838501485,-45.36291083849159,183.4207611554113,188.94700130611062,0.6178361297092545,308.57228870774884,164.07362974567542,349.4810629150874,-21.345529773284085,203.8110125900762,204.92574385443706,0.37495460057531804,0.12428120983940082,0.14248224203481283,0.018582325782190486
198,6.603677016787996,True,True,277.0707702636719,1115.4288330078125,549.8257446289062,1106.3428955078125,241.3937225341797,898.8782958984375,549.079833984375,957.1276245117188,295.8789367675781,1144.4984130859375,564.3970336914062,1112.326171875,272.90625,313.1512756347656,270.4385681152344,29.472492218017578,151.5237274169922,108.6395780700074,115.19339138452847,158.3416412125957,89.76322319783817,98.27105652396966,133.09634401140457,0.9998729006520612,107.84946040200197,-23.622093476813355,110.40611128569967,83.971162006785,39.34209525600662,92.73055865194834,0.7937962184002183,0.1238845892856232,0.14215364128260866,0.013378907935061338
199,6.637028920913188,True,True,282.3616943359375,1120.30615234375,546.4642333984375,1092.617919921875,244.3291015625,908.0391235351562,544.3135986328125,947.7491455078125,305.3109130859375,1150.275390625,564.19091796875,1114.667724609375,265.54998779296875,302.6013488769531,261.3173522949219,18.989133834838867,161.39122009277344,88.01233708581917,274.6718029151219,288.4281033393789,-142.90744341527386,-281.1977081938883,315.4277864693991,-0.9872108028482626,158.63934042282156,146.23810735452085,215.75918143249484,-100.78918486485091,-411.5200000101502,423.68286511738364,-0.8332364724582577,0.12054524648128867,0.13736454853231436,0.008620033605015436
200,6.67038082503838,True,True,288.06842041015625,1124.6142578125,545.6452026367188,1096.38037109375,247.71063232421875,913.559814453125,544.1387329101562,951.1612548828125,307.6567687988281,1150.9757080078125,564.7012329101562,1117.97705078125,259.11956787109375,298.80340576171875,259.1539611816406,46.37961959838867,156.7363739013672,101.38943638796795,165.52850767518166,194.1120930396725,-5.243050651616847,102.3062839888266,102.44054531159945,0.8248960981642827,171.10645475585466,129.17119971857716,214.38894023678992,-24.55724142898655,112.81068564337484,115.45262622361551,0.41895956067121876,0.11762618570142169,0.13564048899552847,0.021053823887030147
201,6.703732729163572,True,True,293.2459411621094,1117.54150390625,544.4148559570312,1083.2333984375,255.68017578125,901.0565185546875,546.2733154296875,946.552734375,309.7432861328125,1158.049072265625,563.6925048828125,1121.1844482421875,253.501220703125,294.1330871582031,256.61102294921875,71.18323516845703,81.69994354248047,238.95317721939497,-374.890016818959,444.56849372595326,64.00181865235461,-138.17863263559568,152.28121127654518,0.9910752438562282,155.2391351485793,-212.0644710329355,262.81272601637386,-36.88984817985773,-394.1895673152771,395.91195470576326,0.7483549259478535,0.11507576176877869,0.1335204184510483,0.03231331584698492
202,6.737084633288764,True,True,298.0047607421875,1126.9705810546875,540.3316040039062,1090.1512451171875,256.12896728515625,916.64306640625,537.2162475585938,950.594482421875,310.5264587402344,1166.3463134765625,565.0302124023438,1125.486572265625,245.10806274414062,283.1302795410156,257.7628479003906,38.1679573059082,92.5982437133789,13.45624832158418,467.33607151950935,467.5297577290456,-271.5607431916494,121.18492640491016,297.37354225042355,0.3810654184874238,142.68509414680213,282.714807317864,316.6807514966117,-122.42935029429916,207.41984186930424,240.85667234804058,0.5397836027894998,0.11126572470821984,0.12852574243082526,0.01732617598429365
203,6.770436537413955,True,True,303.7772216796875,1126.50537109375,541.14599609375,1094.09619140625,263.194580078125,921.4472045898438,537.9029541015625,954.8582763671875,318.1831359863281,1171.1328125,564.7379150390625,1130.5645751953125,239.571044921875,276.7326965332031,249.8700408935547,59.319908142089844,102.01342010498047,211.85035692255533,144.04389523190704,256.1820006983213,20.58972526399342,127.84259421314125,129.49002155221314,0.6866089021258884,173.07740259243104,-13.948527771945413,173.63855768563383,24.418158758996018,118.28249068642349,120.77662886570147,0.12285088759822076,0.10875221987357955,0.1256215878233601,0.026928010833917125
204,6.803788441539147,True,True,305.241943359375,1133.839111328125,537.7955322265625,1093.218505859375,264.88177490234375,932.555908203125,532.9880981445312,954.3775634765625,319.4798583984375,1178.184326171875,564.7543334960938,1132.3721923828125,236.0745849609375,268.992919921875,249.5161590576172,56.255821228027344,101.48948669433594,50.58766113879389,333.0755441003575,336.89527977880994,-147.36357896036532,-14.41335669533483,148.06677296150806,-0.24568522705513263,43.917183084642616,219.8897012550345,224.23246796152947,-100.45794850605766,-26.315905190314226,103.84761087300632,-0.4379637544221742,0.10716501728582507,0.12210815034562973,0.025537082085000287
205,6.83714034566434,True,True,309.3522033691406,1139.253173828125,534.543212890625,1098.532470703125,268.98040771484375,942.4122314453125,531.3118896484375,958.5799560546875,328.0780944824219,1185.0157470703125,565.4700927734375,1134.716064453125,228.84310913085938,262.8292236328125,242.662353515625,36.55876159667969,151.11317443847656,122.89051914742566,295.52505323804473,320.0580209706874,-50.2582548151321,126.00157887089813,135.6550406546764,0.7153883073450551,123.23914083996772,162.3314363005308,203.81212193185834,-97.51525201467899,159.33017868494562,186.80291811227966,0.3636884485111016,0.10388232070728157,0.11931016758322752,0.01659568868501794
206,6.870492249789532,True,True,315.0538635253906,1144.3740234375,526.5338134765625,1101.774658203125,273.66558837890625,952.61962890625,524.7521362304688,962.35205078125,339.4408264160156,1187.599609375,567.4124755859375,1130.4287109375,215.727783203125,251.27508544921875,235.03103637695312,16.847110748291016,175.19847106933594,140.4771567607024,306.0514153141704,336.7510955993726,-196.68302575306132,113.09983119414464,226.88275482178764,0.09142166775479131,170.95456183994395,153.5399475290239,229.7824573397687,-240.1481901602347,97.21146618285756,259.07763777419524,-0.438903552819172,0.09792867631143333,0.11406521748251033,0.007647671666374224
207,6.903844153914723,True,True,314.15740966796875,1148.967041015625,529.0894165039062,1107.814453125,276.6456604003906,962.4014892578125,527.1763305664062,967.354736328125,379.71368408203125,1184.8475341796875,570.2164306640625,1127.7476806640625,218.83624267578125,250.5796356201172,198.87606811523438,49.934814453125,195.64381408691406,89.35238031082666,293.29241037767036,306.6011837099694,72.68533535110573,149.9969995145282,166.68010630685376,0.9879319663064312,-26.878640993236456,137.71380371220627,140.3123411340833,76.62540098912704,181.0929564682013,196.63700302623198,0.8292467242194628,0.09933974778774075,0.11374952109795702,0.022667688920936003
208,6.937196058039915,True,True,320.6183776855469,1158.6982421875,529.2042236328125,1121.548095703125,282.5628662109375,968.5108642578125,528.7575073242188,977.8963623046875,397.99517822265625,1194.1092529296875,580.0798950195312,1125.108642578125,211.8683319091797,246.37347412109375,194.7201385498047,61.445396423339844,223.21934509277344,177.41733090667515,183.1791965180593,255.0127983906895,47.4088901154576,316.0726876940147,319.6084272482465,0.8135662658655697,193.72111389280235,291.77348121856323,350.2279747682463,3.4422960822657207,411.7798649988167,411.79425277772117,0.8376905146715291,0.09617669540803415,0.11184015262517372,0.02789286687057463
209,6.970547962165107,True,True,328.80859375,1175.650390625,542.4095458984375,1117.9949951171875,288.44775390625,984.2422485351562,540.3289794921875,975.9627685546875,408.86474609375,1198.500244140625,580.618408203125,1122.505859375,221.245361328125,252.01727294921875,187.8149871826172,51.48218536376953,201.2737579345703,176.44832730457003,471.6787448864506,503.6018770678263,346.95087046704475,-57.97551296447529,351.76137738719143,0.191213803434388,245.56966923716834,508.28127755067,564.4947471480966,395.9390809009475,-106.53366514248626,410.0209477494759,0.18613390469102598,0.10043335658118517,0.11440213022676014,0.023370111125402625
210,7.003899866290299,True,True,336.20941162109375,1176.6138916015625,545.7137451171875,1110.963623046875,298.1937561035156,989.22216796875,538.88427734375,973.7474365234375,414.7814025878906,1197.294921875,582.9476928710938,1121.818603515625,219.54959106445312,241.18746948242188,184.32736206054688,31.86621856689453,126.95347595214844,292.2172647379409,149.3143964104957,328.15502249143543,-43.31693156152557,-66.4229551312688,79.29921518070931,-0.8675536346988293,221.9009098645029,28.888934585139108,223.77351125671393,99.07078187641523,-210.82370721380943,232.94131309189936,0.3049034113487125,0.09966356914451868,0.10948598867804828,0.014465529460192389
211,7.037251770415491,True,True,342.8023681640625,1180.1446533203125,531.89306640625,1121.736572265625,304.5728454589844,991.0068969726562,530.9699096679688,979.5557861328125,425.76416015625,1199.7177734375,590.5859375,1118.242431640625,197.90603637695312,226.6864776611328,183.85986328125,67.67475891113281,234.8505859375,191.26612176395628,53.512057278858016,198.61084967554098,-237.29882546056018,174.15346324972623,294.34700835380534,-0.6169620534747787,197.6785648645725,105.86387228437395,224.24088490272962,-414.3894950962707,323.00852084222686,525.4076114625915,-0.40504032884167496,0.08983857289345495,0.10290332735748645,0.0307206585144505
212,7.070603674540683,True,True,350.5068359375,1182.498779296875,534.408447265625,1119.049560546875,314.26800537109375,995.7877197265625,532.7266845703125,976.3779296875,435.3348388671875,1201.8642578125,594.5986328125,1115.47216796875,194.5394744873047,219.31924438476562,181.18650817871094,71.74430847167969,224.17352294921875,290.6928454734394,143.34482181169145,324.1142828535492,52.673901188651904,-95.28260915430462,108.87293269533912,0.046862720478383475,231.0053346434885,70.58445502019609,241.54840079008636,75.41940783749861,-80.56546662714837,110.35796976842727,0.44024863838562955,0.08831033696260424,0.09955900428458458,0.03256801259991332
213,7.103955578665874,True,True,354.1815185546875,1179.204345703125,565.7476806640625,1110.2109375,320.9854736328125,992.6351318359375,556.7050170898438,974.4290771484375,443.7093505859375,1206.437744140625,595.5032958984375,1108.8206787109375,222.53164672851562,236.4215850830078,180.4729766845703,40.11818313598633,181.7089080810547,201.41183653273947,-94.5249746098825,222.48977217052,718.9494317783058,-58.43302174733889,721.3201116597775,0.9367046346927174,110.17909512434342,-98.77797625538253,147.97473296319217,939.6534986668375,-265.01104745617414,976.3091481854747,0.8978213347485908,0.10101726016907107,0.10732253646174993,0.01821147240375433
214,7.1373074827910665,True,True,354.47265625,1175.861083984375,571.53369140625,1109.560302734375,326.27655029296875,988.9763793945312,561.9095458984375,974.989501953125,451.4817810058594,1207.1181640625,596.9378051757812,1107.6722412109375,226.9609832763672,236.04776000976562,176.20143127441406,30.782089233398438,169.53411865234375,158.6439155106502,-109.70145595503382,192.87898114414787,156.04892569424788,16.803382577014272,156.9510142571828,0.7568855530260605,8.729267577037474,-100.24200436054605,100.62136726685466,173.4836703916139,-19.50817450130387,174.57706826762632,0.19753430968818836,0.10302793797157062,0.10715284021747822,0.013973393727820338
215,7.170659386916259,True,True,360.1083984375,1178.6478271484375,574.8128662109375,1106.754150390625,334.05706787109375,989.852294921875,563.7523803710938,971.2826538085938,458.9693603515625,1203.2547607421875,601.0446166992188,1106.4580078125,226.42152404785156,230.44471740722656,171.9156494140625,16.677001953125,150.9110870361328,233.2855584172807,26.26283417150205,234.75921329051667,55.2542507240026,-111.14352363861988,124.12056666757286,0.3421965126300542,168.97812389797318,83.55574403194485,188.5077417954251,98.32046747251893,-84.13769520374736,129.40659209720863,0.3928738074894446,0.10278305283258608,0.10460936372485337,0.00757045152860525
216,7.20401129104145,True,True,365.40252685546875,1176.3544921875,540.4879760742188,1116.76171875,344.78192138671875,988.9155883789062,536.5469970703125,979.7774658203125,468.4147644042969,1201.6795654296875,603.8349609375,1104.5889892578125,184.94921875,191.98268127441406,166.6289520263672,38.679893493652344,189.70460510253906,321.5664531586408,-28.085549162430627,322.7906161411506,-815.7070492485627,254.7024595606915,854.5474434459815,-0.976861886927892,158.73541726722294,-68.76174002926751,172.9887556659448,-1029.1733271921923,300.05988029378875,1072.0231663381956,-0.9921861819031363,0.08395688264208177,0.08714969195331176,0.017558567160234583
217,7.237363195166642,True,True,372.07122802734375,1158.407470703125,541.6668090820312,1111.9642333984375,356.70904541015625,973.5695190429688,540.8580932617188,976.4181518554688,469.41900634765625,1197.9417724609375,606.9404296875,1104.905517578125,175.8397979736328,184.1710662841797,166.03579711914062,10.180980682373047,144.59805297851562,357.6144851780295,-460.125733101579,582.7553605685773,129.2608714400184,-100.72330360011856,163.87054882911272,0.9693653832247107,199.9496384627074,-538.1108501933767,574.0584857113481,35.34529852891022,-143.8444214025785,148.12328546430626,0.9934153124274082,0.07982170123267773,0.08360364376012233,0.004621611305569765
218,7.270715099291834,True,True,367.82513427734375,1147.0765380859375,554.5136108398438,1096.984130859375,363.6746520996094,963.488037109375,549.4649658203125,964.8698120117188,464.34527587890625,1199.9505615234375,613.1368408203125,1095.09228515625,193.29209899902344,185.7954559326172,182.02798461914062,11.265348434448242,90.49720764160156,208.85184435966733,-302.27605283798,367.40972362165917,258.06240406204176,-346.2572871522235,431.84524229901837,0.9993568424176885,-127.31188402501948,-339.73870201398296,362.8094561338581,385.18945453878433,-449.1528424533784,591.7002550040312,0.48238348644032397,0.08774409635781531,0.08434102828113091,0.00511385526700491
219,7.304067003417026,True,True,366.84124755859375,1134.4111328125,551.217041015625,1094.7110595703125,372.73388671875,953.295654296875,547.1497802734375,965.1693115234375,448.2127990722656,1191.882080078125,622.31884765625,1092.0048828125,188.6015167236328,174.81959533691406,200.71963500976562,23.535114288330078,89.97061920166016,271.62570943881605,-305.60122667183265,408.8675039318593,-69.41689260632818,8.979982390046725,69.99532172112683,-0.7547380364210666,-29.500166319044876,-379.7505901281019,380.89469741057434,-98.84202748498343,-68.15416836562464,120.06138872656825,0.6297172956469391,0.08561482720880466,0.07935858474253502,0.0106836613943432
220,7.337418907542218,True,True,378.82611083984375,1133.512939453125,559.0043334960938,1107.3316650390625,389.53802490234375,946.98193359375,554.5175170898438,974.3911743164062,435.244873046875,1186.460693359375,626.628662109375,1089.283203125,182.07046508789062,167.2408447265625,214.64207458496094,9.924712181091309,64.01038360595703,503.8434423568931,-189.30615413816864,538.2332527823118,220.9090308232546,276.50183804657627,353.91251227161314,0.3095220018416251,359.3456984123854,-26.930796994482904,360.3534359406652,233.48869231687212,378.40734434161436,444.6449006696423,0.4600428116695754,0.08265008510598686,0.07591824430818597,0.004505279348979799
221,7.37077081166741,True,True,396.838623046875,1122.8868408203125,567.2691650390625,1107.070068359375,411.59332275390625,941.4609375,563.9376831054688,972.377197265625,429.1937255859375,1180.624755859375,629.607421875,1086.50390625,171.16290283203125,155.44973754882812,221.4145050048828,11.47839069366455,24.667701721191406,661.2905148915721,-165.5376578508389,681.6948446719412,282.44762218867163,-60.38566923260073,288.8305529695632,0.9993993569942603,540.0744778894273,-318.6054563159476,627.0485455384062,247.80688718537132,-7.8435305734135445,247.93098698702312,0.8769393311779216,0.07769864529772119,0.07056572317707817,0.00521056486153964
222,7.404122715792602,True,True,397.12298583984375,1111.338623046875,573.7576904296875,1112.8482666015625,417.627197265625,928.175537109375,571.444091796875,976.6152954101562,425.2417297363281,1171.3271484375,638.2098999023438,1082.4501953125,176.6411590576172,161.26390075683594,230.7694854736328,18.843894958496094,18.843894958496094,180.91544306045023,-398.34008699341564,437.49882564834496,225.066870641919,127.07214942279896,258.46165560770606,-0.08754996379677597,8.526133677446035,-346.2536270819606,346.3585847397161,194.54737475465402,173.24942589478775,260.50728319339044,-0.6464612031556454,0.08018547556455502,0.07320503693798922,0.008554103057275948
223,7.4374746199177935,True,True,430.7947998046875,1100.723876953125,554.5064697265625,1099.448486328125,460.377685546875,932.3369140625,560.20703125,969.1298217773438,446.54510498046875,1166.015380859375,643.672119140625,1080.743896484375,123.71824645996094,106.39368438720703,214.7796173095703,2.0811004638671875,30.203184127807617,1281.8005269138146,124.77179526256077,1287.8589176185312,-336.9241079818061,-224.43916859183014,404.8342808329449,-0.8820485877636104,1009.5919512856302,-318.26506978149706,1058.5691109907505,-577.2150408822943,-401.7695728297612,703.27519014434,-0.6110189173257087,0.056161352661691574,0.048296944071062366,0.0009447063826068711
224,7.470826524042986,True,False,453.6524963378906,1096.038330078125,550.0687866210938,1097.8099365234375,486.2027587890625,932.8890991210938,558.0220387776693,968.6810022989908,450.30914306640625,1162.4642333984375,637.0081850687662,1083.0456949869792,127.83922322591145,111.53637599945068,213.16611544291177,2.548284411430359,,774.3208047507214,16.55632783426793,774.4977860918394,-65.5132751680072,-13.457087087687233,66.88110657072464,-0.9836256941112725,685.3490717472373,-140.48813697149114,699.6000763111167,-133.05636430265483,-49.129123139024735,141.83676117935806,-0.8494289893687257,0.05803205190036924,0.0506314462607536,0.0011567824763742348
225,7.504178428168178,True,False,473.8304443359375,1076.6630859375,545.631103515625,1096.17138671875,507.977294921875,900.2106323242188,555.8370463053385,968.2321828206381,443.7198791503906,1146.280029296875,630.3442509969076,1085.3474934895833,131.96019999186197,116.67906761169434,211.55261357625326,3.0154683589935303,,652.8723532868819,-979.8081295212099,1177.3980976552507,-65.51327516801061,-13.457087087683824,66.8811065707273,-0.3757214355088718,605.0013793007321,-580.9336722694096,838.7553877813306,-133.05636430265483,-49.129123139024735,141.83676117935806,-0.4367497451569698,0.059902751139046896,0.05296594845044484,0.0013688585701415986
226,7.537530332293369,True,False,484.5723876953125,1085.193115234375,541.1934204101562,1094.5328369140625,520.6702880859375,900.6041870117188,553.6520538330078,967.7833633422852,436.33892822265625,1135.56982421875,623.6803169250488,1087.6492919921875,136.0811767578125,121.82175922393799,209.93911170959473,3.4826523065567017,,380.5777660075193,11.80006652761795,380.76065651447016,-65.5132751680072,-13.457087087687233,66.88110657072464,-0.9853134332241293,322.07886299544805,255.75838983154068,411.2750271505224,-133.05636430265483,-49.129123139024735,141.83676117935806,-0.9500446745588876,0.06177345037772456,0.05530045064013608,0.0015809346639089623
227,7.570882236418561,True,False,482.75762939453125,1079.629150390625,536.7557373046875,1092.894287109375,519.2405395507812,899.6837768554688,551.4670613606771,967.3345438639323,437.1673583984375,1124.3763427734375,617.0163828531901,1089.9510904947917,140.20215352376303,126.96445083618164,208.3256098429362,3.949836254119873,,-42.86857295431925,-27.596929782332303,50.98338043471393,-65.5132751680072,-13.457087087687233,66.88110657072464,0.9325507897114167,-54.41243456353358,-166.82600258338283,175.4754346713,-133.05636430265483,-49.129123139024735,141.83676117935806,0.6201943921726617,0.06364414961640223,0.057634952829827314,0.001793010757676326
228,7.6042341405437535,True,False,488.7752990722656,1055.950927734375,532.3180541992188,1091.2557373046875,528.47900390625,886.1006469726562,549.2820688883463,966.8857243855795,447.808837890625,1102.366943359375,610.3524487813314,1092.2528889973958,144.32313028971353,132.1071424484253,206.71210797627768,4.417020201683044,,276.9996076023319,-407.2669983646502,492.539531985807,-65.51327516801061,-13.457087087683824,66.8811065707273,-0.3845146655383087,180.42956873304908,-709.9511490369446,732.5199405422844,-133.05636430265483,-49.129123139024735,141.83676117935806,0.10464059194077346,0.06551484885507988,0.05996945501951855,0.00200508685144369
229,7.637586044668945,True,False,499.22589111328125,1077.440185546875,527.88037109375,1089.6171875,534.1715698242188,898.4117431640625,547.0970764160156,966.4369049072266,463.8630065917969,1090.766845703125,603.6885147094727,1094.5546875,148.44410705566406,137.24983406066895,205.09860610961914,4.884204149246216,,170.68188660535722,369.1272361900091,406.6782793713463,-65.5132751680072,-13.457087087687233,66.88110657072464,-0.5937443047744522,313.3431902954505,644.3187690824641,716.470956212792,-133.05636430265483,-49.129123139024735,141.83676117935806,-0.7217647717434442,0.06738554809375755,0.06230395720920979,0.0022171629452110535
230,7.670937948794137,True,False,516.9259033203125,1065.502685546875,523.4426879882812,1087.9786376953125,549.220458984375,891.75146484375,544.9120839436849,965.9880854288737,470.98883056640625,1080.0125732421875,597.0245806376139,1096.8564860026042,152.5650838216146,142.3925256729126,203.4851042429606,5.351388096809387,,451.21529204652757,-199.69709361456668,493.4310174429027,-65.5132751680072,-13.457087087687233,66.88110657072464,-0.8143110026075158,530.7046980163807,-357.92559115037676,640.1235859558719,-133.05636430265483,-49.129123139024735,141.83676117935806,-0.5840652294514275,0.06925624733243523,0.06463845939890103,0.0024292390389784174
231,7.704289852919329,True,False,525.2183227539062,1064.44873046875,519.0050048828125,1086.340087890625,556.5596923828125,889.822998046875,542.7270914713541,965.5392659505209,475.2926330566406,1072.6728515625,590.3606465657552,1099.1582845052083,156.6860605875651,147.53521728515625,201.8716023763021,5.818572044372559,,220.0544044168654,-57.82179001343312,227.52428508539236,-65.51327516801061,-13.457087087683824,66.8811065707273,-0.8962544395624746,248.63406306478873,-31.601046649954526,250.63424240410157,-133.05636430265483,-49.129123139024735,141.83676117935806,-0.8869357913036987,0.07112694657111288,0.06697296158859227,0.002641315132745781
232,7.73764175704452,True,False,538.2976684570312,1062.62744140625,514.5673217773438,1084.7015380859375,562.3136596679688,889.1859130859375,540.5420989990234,965.090446472168,478.14453125,1066.609375,583.6967124938965,1101.4600830078125,160.80703735351562,152.6779088973999,200.25810050964355,6.28575599193573,,172.52290194760036,-19.101906702120996,173.57717170203537,-65.5132751680072,-13.457087087687233,66.88110657072464,-0.9514559931627682,392.16188838962563,-54.6082483225992,395.94571280691986,-133.05636430265483,-49.129123139024735,141.83676117935806,-0.8813582904138998,0.07299764580979054,0.0693074637782835,0.002853391226513145
233,7.770993661169713,True,False,534.610107421875,1069.5694580078125,510.129638671875,1083.06298828125,556.6814575195312,886.3521728515625,538.3571065266927,964.6416269938151,484.68572998046875,1062.870849609375,577.0327784220377,1103.7618815104167,164.92801411946613,157.82060050964355,198.64459864298502,6.752939939498901,,-168.87198186034882,-84.96487108316474,189.04172972024136,-65.5132751680072,-13.457087087687233,66.88110657072464,0.965469213473,-110.56523253708029,208.1445357813602,235.687968342927,-133.05636430265483,-49.129123139024735,141.83676117935806,0.13417751261736452,0.07486834504846819,0.07164196596797474,0.0030654673202805084
234,7.804345565294905,True,False,543.1580810546875,1074.871337890625,505.69195556640625,1081.4244384765625,568.8482055664062,891.0372314453125,536.1721140543619,964.1928075154623,491.84912109375,1058.517822265625,570.3688443501791,1106.0636800130208,169.04899088541666,162.9632921218872,197.0310967763265,7.220123887062073,,364.79920310411944,140.4734966904395,390.9108106177668,-65.51327516801061,-13.457087087683824,66.8811065707273,-0.9864219133675198,256.2964201601883,158.96783172891764,301.59347889422486,-133.05636430265483,-49.129123139024735,141.83676117935806,-0.9797736785100682,0.07673904428714587,0.07397646815766598,0.0032775434140478723
235,7.837697469420096,True,False,541.53515625,1066.496826171875,501.2542724609375,1079.785888671875,572.8865966796875,884.8900146484375,533.9871215820312,963.7439880371094,502.860107421875,1054.1900634765625,563.7049102783203,1108.365478515625,173.1699676513672,168.10598373413086,195.41759490966797,7.687307834625244,,121.08427447268016,-184.31381829956104,220.5288759794031,-65.5132751680072,-13.457087087687233,66.88110657072464,-0.3696671445212474,-48.66063414537241,-251.09546031659488,255.76705711845,-133.05636430265483,-49.129123139024735,141.83676117935806,0.518527391636921,0.07860974352582353,0.07631097034735722,0.003489619507815236
236,7.871049373545288,True,False,550.532470703125,1068.903076171875,496.81658935546875,1078.1473388671875,586.7857055664062,880.266357421875,531.8021291097006,963.2951685587565,514.3739624023438,1049.5809326171875,557.0409762064616,1110.6672770182292,177.2909444173177,173.2486753463745,193.80409304300943,8.154491782188416,,416.74109024018964,-138.6324813481964,439.19483282404394,-65.5132751680072,-13.457087087687233,66.88110657072464,-0.865957172935782,269.7691387979556,72.14730502245814,279.25010630220754,-133.05636430265483,-49.129123139024735,141.83676117935806,-0.9957358036113133,0.08048044276450118,0.07864547253704846,0.0037016956015825998
237,7.90440127767048,True,False,577.7192993164062,1059.420654296875,492.37890625,1076.5087890625,614.3468017578125,875.599609375,529.6171366373698,962.8463490804037,526.50146484375,1046.8123779296875,550.3770421346029,1112.9690755208333,181.41192118326822,178.39136695861816,192.19059117635092,8.621675729751587,,826.3724939946788,-139.92448615100318,838.1350491750168,-65.51327516801061,-13.457087087683824,66.8811065707273,-0.932209796364009,815.1507185686005,-284.3142580227551,863.3106574680608,-133.05636430265483,-49.129123139024735,141.83676117935806,-0.7716905491322115,0.08235114200317885,0.08097997472673969,0.003913771695349963
238,7.937753181795673,True,False,600.2373046875,1054.8701171875,487.94122314453125,1074.8702392578125,632.5841064453125,871.4701538085938,527.4321441650391,962.3975296020508,541.5452270507812,1048.20166015625,543.7131080627441,1115.2708740234375,185.53289794921875,183.53405857086182,190.57708930969238,9.088859677314758,,546.8144972785738,-123.81468688881013,560.6569103501655,-65.5132751680072,-13.457087087687233,66.88110657072464,-0.910928890661547,675.1640112231279,-136.44009926071402,688.8122695896012,-133.05636430265483,-49.129123139024735,141.83676117935806,-0.8508968374271959,0.08422184124185653,0.08331447691643093,0.004125847789117327
239,7.971105085920864,True,False,609.31103515625,1039.048828125,483.5035400390625,1073.231689453125,639.2918701171875,863.4815063476562,525.2471516927084,961.9487101236979,561.2857055664062,1047.669189453125,537.0491739908854,1117.5726725260417,189.65387471516925,188.67675018310547,188.96358744303384,9.55604362487793,,201.1208609468382,-239.5259782155402,312.76555908237225,-65.5132751680072,-13.457087087687233,66.88110657072464,-0.4757966150938306,272.06034278253645,-474.37438663508294,546.8527121724482,-133.05636430265483,-49.129123139024735,141.83676117935806,-0.1662342421514418,0.08609254048053418,0.08564897910612217,0.004337923882884691
240,8.004456990046055,True,False,596.4559326171875,1031.4119873046875,479.06585693359375,1071.5931396484375,637.9319458007812,861.6471557617188,523.0621592203776,961.4998906453451,582.800048828125,1047.528076171875,530.3852399190267,1119.8744710286458,193.77485148111978,193.81944179534912,187.35008557637533,10.023227572441101,,-40.775012763935415,-54.999875840730446,68.46596240757053,-65.51327516801061,-13.457087087683824,66.8811065707273,0.7450062568556777,-385.43833931666217,-228.97765571783705,448.3229642046264,-133.05636430265483,-49.129123139024735,141.83676117935806,0.9834218650981186,0.08796323971921184,0.0879834812958134,0.004549999976652054
241,8.037808894171247,True,False,606.6472778320312,1012.2767333984375,474.628173828125,1069.95458984375,651.22607421875,849.1199951171875,520.8771667480469,961.0510711669922,597.1107177734375,1049.349609375,523.721305847168,1122.17626953125,197.8958282470703,198.96213340759277,185.7365837097168,10.490411520004272,,398.6017820172136,-375.60556055535767,547.6887051486481,-65.5132751680072,-13.457087087687233,66.88110657072464,-0.5749149921769889,305.57011607459793,-573.7379741325309,650.0371980121937,-133.05636430265483,-49.129123139024735,141.83676117935806,-0.1352594062818893,0.0898339389578895,0.09031798348550464,0.004762076070419418
242,8.07116079829644,True,False,614.872314453125,1014.9887084960938,470.19049072265625,1068.3160400390625,657.234130859375,851.9971313476562,518.6921742757162,960.6022516886393,601.2423095703125,1055.143310546875,517.0573717753092,1124.4780680338542,202.01680501302081,204.10482501983643,184.12308184305826,10.957595467567444,,180.14133819984502,86.2660260616288,199.73164241275484,-65.5132751680072,-13.457087087687233,66.88110657072464,-0.970375304505348,246.61370427966307,81.31395099591322,259.67340596430523,-133.05636430265483,-49.129123139024735,141.83676117935806,-0.999380176189813,0.09170463819656717,0.09265248567519588,0.004974152164186782
243,8.104512702421632,True,False,642.1400146484375,1004.8116455078125,465.7528076171875,1066.677490234375,683.9044189453125,843.7827758789062,516.5071818033854,960.1534322102865,606.4222412109375,1056.6883544921875,510.39343770345056,1126.7798665364583,206.13778177897134,209.24751663208008,182.50957997639975,11.424779415130615,,799.663131251102,-246.29344813165855,836.7326849567304,-65.51327516801061,-13.457087087683824,66.8811065707273,-0.8769254537753651,817.5755151177776,-305.1418878538376,872.6633340774112,-133.05636430265483,-49.129123139024735,141.83676117935806,-0.757759731551832,0.09357533743524483,0.09498698786488712,0.005186228257954146
244,8.137864606546824,True,False,647.49609375,1007.1162719726562,461.31512451171875,1065.0389404296875,691.9462890625,844.572998046875,514.3221893310547,959.7046127319336,614.6183471679688,1059.7138671875,503.7295036315918,1129.0816650390625,210.25875854492188,214.39020824432373,180.8960781097412,11.891963362693787,,241.12176885016842,23.693464846940078,242.28307346962404,-65.5132751680072,-13.457087087687233,66.88110657072464,-0.9945299080507244,160.59290292564916,69.10029652858657,174.82829133302644,-133.05636430265483,-49.129123139024735,141.83676117935806,-0.9986154081877048,0.0954460366739225,0.09732149005457835,0.005398304351721509
245,8.171216510672016,True,False,668.3948974609375,1002.3912353515625,456.87744140625,1063.400390625,702.6649169921875,842.87158203125,512.137196858724,959.2557932535807,624.517822265625,1058.0020751953125,497.0655695597331,1131.3834635416667,214.37973531087238,219.53289985656738,179.2825762430827,12.359147310256958,,321.37978957523245,-51.01405932442277,325.4034471178454,-65.5132751680072,-13.457087087687233,66.88110657072464,-0.9358921696751241,626.6150092207743,-141.67216970154215,642.4308316454726,-133.05636430265483,-49.129123139024735,141.83676117935806,-0.8386153073888312,0.09731673591260015,0.09965599224426959,0.005610380445488873
246,8.204568414797208,True,False,651.4830932617188,983.755859375,452.43975830078125,1061.7618408203125,687.7620849609375,823.7312622070312,509.95220438639325,958.8069737752279,634.3330078125,1055.583984375,490.4016354878744,1133.6852620442708,218.5007120768229,224.67559146881104,177.66907437642416,12.82633125782013,,-446.8360179769572,-573.8898670484416,727.3321156544523,-65.5132751680089,-13.457087087683824,66.88110657072563,0.7605457235113364,-507.0716243287786,-558.7499864059193,754.5350750681118,-133.05636430265483,-49.129123139024735,141.83676117935806,0.8869303321200294,0.09918743515127783,0.10199049443396083,0.005822456539256237
247,8.237920318922399,True,True,653.87646484375,975.4111328125,448.0020751953125,1060.123291015625,689.0782470703125,817.1393432617188,507.7672119140625,958.358154296875,639.7542114257812,1054.4124755859375,483.7377014160156,1135.987060546875,222.62168884277344,229.8182830810547,176.05557250976562,13.2935152053833,216.53353881835938,39.462877574682615,-197.64745426733776,201.5485918701338,-65.5132751680089,-13.457087087687233,66.88110657072632,0.00552060762953919,71.76116760972127,-250.20240317244514,260.29004539163094,-133.05636430265483,-49.129123139024735,141.83676117935806,0.0743239831693279,0.10105813438995549,0.10432499662365206,0.006034532633023601
248,8.27127222304759,True,True,688.3658447265625,1008.2066650390625,438.8092956542969,1075.4945068359375,718.9008178710938,844.088134765625,501.803466796875,962.6617431640625,635.329345703125,1050.385498046875,472.5177307128906,1131.082763671875,258.46881103515625,247.36807250976562,181.71316528320312,87.87779998779297,146.5530242919922,894.1789556853272,808.0135815559283,1205.1729970296137,-178.8127326944091,129.03577711884952,220.50901376204015,-0.20932307168144412,1034.1052718714618,983.3181369033395,1426.9857293173625,-275.62982630643825,460.8797075757382,537.01201662981,0.21944311251674936,0.11733077750411976,0.11229164617977262,0.03989173996129394
249,8.304624127172783,True,True,697.464599609375,1003.574462890625,446.7603759765625,1080.510986328125,716.59765625,840.3019409179688,502.15618896484375,964.645751953125,633.1376342773438,1036.5460205078125,460.7549743652344,1121.079345703125,262.24383544921875,247.88409423828125,191.99391174316406,98.17923736572266,108.97797393798828,-69.05637568543166,-113.5225693095106,132.87647182793543,10.575773024674959,59.487121983056625,60.41990282097863,-0.9321248131062789,272.81065718643276,-138.8886862666,306.13023674141596,238.39959159213,150.4105874542369,281.8824401938209,0.5116029611494135,0.11904443319752851,0.11252589196893874,0.04456803205286893
250,8.337976031297975,True,True,691.8118896484375,1079.080322265625,432.46014404296875,1071.99951171875,699.7417602539062,886.2523193359375,498.55413818359375,966.9769287109375,637.5028076171875,1026.58837890625,466.0438232421875,1117.821533203125,259.4483947753906,216.77850341796875,194.22067260742188,24.4717960357666,105.45489501953125,-505.39531214836643,1377.7437787505742,1467.5157039798435,-108.00135331791269,69.89636181076924,128.64600154253753,0.7992088210291828,-149.31120369613393,1994.4187526512508,2000.0,-428.76808112410794,-255.20205915157854,498.9690956222193,-0.4458792120473178,0.11777545522524124,0.09840564612165212,0.011108863944935257
251,8.371327935423167,True,True,709.3850708007812,1091.1331787109375,432.4671936035156,1082.7183837890625,716.603759765625,915.4056396484375,490.9326171875,973.3339233398438,707.2078857421875,1078.1015625,464.62713623046875,1115.8193359375,277.04571533203125,232.98745727539062,245.49551391601562,88.60364532470703,133.49716186523438,505.57831566151185,874.1126204689298,1009.79319988312,-228.51831689984198,190.6036490463698,297.5741456990649,0.1699738095964603,526.9018850132185,361.38435754882556,638.9242915334025,0.21136905768298284,321.38710971575824,321.3871792220831,0.5661559837428085,0.12576368132738028,0.10576362928025082,0.04022123425264302
252,8.40467983954836,True,True,703.9326171875,1068.125244140625,425.091552734375,1095.181640625,710.073974609375,889.7434692382812,485.55401611328125,979.1053466796875,696.858642578125,1035.915283203125,472.0633850097656,1114.0325927734375,280.150634765625,241.6500701904297,237.98155212402344,68.08170318603516,140.5750732421875,-195.7844785035172,-769.4364409848697,793.9546578604833,-161.2681858891558,173.0462919951963,236.5426958357963,-0.5408522749201594,-163.48252839821563,-689.8537032233123,708.9602731764251,-221.14602037277794,373.6895137727249,434.22277120207855,-0.7199609037305286,0.12717314581855887,0.10969598423042125,0.030905389074334755
253,8.43803174367355,True,True,711.64208984375,1037.9864501953125,423.56964111328125,1086.5625,718.41357421875,863.3924560546875,487.3454895019531,979.6136474609375,626.773193359375,1016.0386352539062,506.29022216796875,1115.001708984375,292.1392822265625,258.6500244140625,155.91612243652344,33.712074279785156,66.25640869140625,250.04868022140298,-790.0902174784641,828.7140002652495,53.71427616088373,15.240532574752217,55.834552892001966,0.030035916679214326,231.15539752426778,-903.6603677013925,932.7566016699202,-45.63192600281538,-258.4302411234641,262.428013363395,0.9109558336960794,0.132615339490519,0.11741303851873142,0.015303447524992943
254,8.471383647798742,True,True,721.5822143554688,989.076904296875,418.9388732910156,1081.12890625,706.4373168945312,836.2672119140625,477.8199157714844,967.304443359375,629.90869140625,994.51953125,484.7218322753906,1115.674072265625,316.3330078125,263.5083923339844,189.096923828125,58.396907806396484,114.90555572509766,-359.0876634588503,-813.304213120963,889.0487574529562,-285.6080928606934,-369.07050510093404,466.674426600581,0.9706640452654851,298.0376914735316,-1466.4693720288776,1496.4487577720938,-138.8456804410108,-162.91704754259624,214.05627147346993,0.6166614595990111,0.1435979745804187,0.11961847322152026,0.026509018899881668
255,8.504735551923934,True,True,721.9503173828125,988.1683349609375,420.6402893066406,1080.984375,703.727783203125,837.5960693359375,480.63372802734375,963.6338500976562,640.0079345703125,964.7005004882812,475.4926452636719,1116.316162109375,315.2817077636719,256.2351989746094,223.724365234375,15.807366371154785,124.60800170898438,-81.24074959065504,39.84352488202513,90.48516933219538,84.36736461274488,-110.05648277053598,138.67329090896027,-0.8956978825699929,11.036941877801468,-27.241902966830153,29.392777399697316,51.01405932442277,-4.333523191284012,51.19778971796656,0.4525997819970675,0.14312074155711849,0.11631683915443278,0.007175684289304047
256,8.538087456049126,True,True,709.2122802734375,974.772705078125,409.20074462890625,1073.004150390625,687.5095825195312,816.9895629882812,474.721435546875,957.73486328125,667.5933227539062,972.1718139648438,471.2079162597656,1114.7772216796875,315.6839294433594,255.1235809326172,242.70050048828125,116.41188049316406,118.44266510009766,-486.2751050949309,-617.8509709762391,786.2590541109001,-177.27001307859305,-176.871065419936,250.41571699809066,0.9928403707587634,-381.92833193453265,-401.6451304408223,554.2454885167039,-342.99524953040606,-239.2734333673995,418.20750485357013,0.9797790345347391,0.14330332831572098,0.11581222504400221,0.05284466003568141
257,8.571439360174319,True,True,709.0084838867188,972.4969482421875,406.00811767578125,1066.6357421875,677.4385986328125,824.2957763671875,471.510498046875,951.472900390625,657.6658325195312,949.2009887695312,466.5943298339844,1114.256591796875,317.2874450683594,242.0338897705078,252.49093627929688,55.39674377441406,96.90115356445312,-301.96128679536986,219.0643554107486,373.05470179940414,-96.2744881955529,-187.7542843466953,210.99869281077397,-0.15320139488135912,-6.110487303926231,-68.23468991140864,68.50774381336416,-95.7254776561166,-190.94586561595176,213.59702869730373,0.9303638517643243,0.14403123716579752,0.10987021743701787,0.02514710766152915
258,8.60479126429951,True,True,694.3641357421875,991.11962890625,399.42108154296875,1066.1971435546875,669.8931884765625,835.6633911132812,462.0035095214844,949.9112548828125,648.0555419921875,940.3663330078125,460.8114929199219,1117.1207275390625,304.3485412597656,237.21444702148438,257.49261474609375,17.49505615234375,70.55484008789062,-226.23626309091836,340.83855312798704,409.0889463621852,-285.0508471631655,-46.8232788733922,288.87091392678116,0.4106631051975504,-439.0858191952478,558.3693390985768,710.3327920515449,-197.50105145682141,-13.150632454631296,197.93838551556092,0.564550503292402,0.138157678813309,0.10768245264398603,0.007941803626564143
259,8.638143168424701,True,True,713.4169311523438,973.5432739257812,401.69000244140625,1056.1275634765625,676.0635986328125,819.0125122070312,463.924072265625,939.8768920898438,635.4979858398438,936.2315673828125,455.38531494140625,1126.18896484375,322.48077392578125,244.1544189453125,261.7716369628906,13.100372314453125,117.2233657836914,185.0092316495137,-499.2482241418111,532.4257742674517,57.58480046390978,-300.8632657164972,306.3245238338973,0.9862908121748134,571.265596669936,-526.9970468400542,777.2195759994702,68.02972597668575,-301.91919598734637,309.4886823812926,0.8230357587606169,0.14638872590974122,0.11083282230916301,0.0059468562690109675
260,8.671495072549893,True,True,704.6432495117188,959.218017578125,409.27490234375,1045.36865234375,663.6615600585938,809.5375366210938,462.34967041015625,925.907470703125,623.7015380859375,939.741455078125,448.90362548828125,1130.617431640625,307.67578125,232.52621459960938,258.8202819824219,23.74011993408203,140.74139404296875,-371.85398853587617,-284.0909937367177,467.956281625063,-47.20575621586617,-418.8492907116251,421.5010222402114,0.6922640212218809,-263.0638900763066,-429.5183955280042,503.6751555904164,227.42029582096936,-322.5876127619924,394.6932465330239,0.39603803844657576,0.13966806474124172,0.10555425020062123,0.01077672280361915
261,8.704846976675086,True,True,689.7041015625,965.9539794921875,409.3535461425781,1039.763671875,649.8004150390625,807.0216674804688,456.9617004394531,923.72119140625,619.232177734375,948.2373657226562,442.690673828125,1131.3466796875,289.9039611816406,225.40086364746094,254.3539276123047,12.047911643981934,188.1508026123047,-415.602808388425,-75.43404811855024,422.3931698736352,-161.54909628183407,-65.55185840869649,174.34206793058033,0.9788731724645532,-447.92488888017255,201.96633717757015,491.35232515094384,2.3580002668789906,-168.05578619172016,168.07232799534776,-0.42379101471539393,0.13160062535490777,0.10231972854264222,0.005469096386631596
262,8.738198880800278,True,True,684.2728271484375,961.406494140625,425.39404296875,1021.494873046875,646.626953125,797.3270263671875,471.24163818359375,915.4426879882812,624.3785400390625,963.7523193359375,437.22991943359375,1131.7977294921875,265.7608642578125,211.45050048828125,251.52310180664062,9.266124725341797,159.30953979492188,-95.15084662483991,-290.677290174822,305.85449258888036,428.15959444289933,-248.21681505481712,494.906279601972,0.20751395032546643,-162.84750620760096,-136.34859750414128,212.3917378792804,480.9469578097014,-547.7587954064043,728.9373595662948,-0.023477992333290724,0.12064097292301425,0.09598702267621276,0.004206316476329606
263,8.77155078492547,True,True,681.3350830078125,974.51513671875,433.760986328125,1005.4755859375,636.0304565429688,809.5291137695312,460.3934631347656,882.2802734375,642.3236694335938,974.9966430664062,432.1394958496094,1126.0660400390625,249.50247192382812,190.10809326171875,258.8423156738281,6.949296951293945,132.28184509277344,-317.7178892771922,365.8587934452316,484.55888590341095,-325.26403914174443,-994.3184780785118,1046.1672576635012,-0.513755625501805,-88.08325094716302,393.0403052527237,402.78944952738664,250.86853596029454,-480.311020601521,541.8797826512227,-0.9661667920759015,0.11326054738589234,0.0862987309876596,0.003154602720292715
264,8.804902689050662,True,True,659.0941162109375,958.4381713867188,456.528564453125,991.2371826171875,620.2465209960938,796.3273315429688,482.8970947265625,838.171630859375,630.48876953125,985.1663208007812,432.70867919921875,1060.3453369140625,205.20375061035156,143.58206176757812,211.5865020751953,4.486043453216553,119.48401641845703,-473.25440513463286,-395.83293886332314,616.9711885238326,674.7330379496703,-1322.5224686589377,1484.6987413642278,0.22289730269329572,-666.8574817614564,-482.0404038007454,822.8376825824257,682.6470248756449,-426.9142555359446,805.1476523913977,-0.3765074133832764,0.09315133810322355,0.06517844406589954,0.0020364196522402525
265,8.838254593175854,True,True,636.5469970703125,960.5968017578125,459.26263427734375,996.002197265625,610.2029418945312,792.44140625,482.0893249511719,838.618896484375,641.057373046875,990.0338134765625,427.631591796875,1016.4332275390625,180.7852020263672,136.1817169189453,215.05230712890625,3.8556559085845947,208.893798828125,-301.13960102134683,-116.51284671430709,322.8936400004924,-24.219599947233217,13.410497443297821,27.684480549230404,0.6411113041697384,-676.0369379808317,64.72285249414766,679.1281095268241,81.97642371349971,142.87084271264476,164.71858347580735,-0.4127481666100455,0.08206664560432352,0.06181909014071515,0.0017502580049437815
266,8.871606497301045,True,True,625.5062255859375,969.0096435546875,446.63800048828125,986.9471435546875,598.7078857421875,801.4485473632812,472.8133850097656,836.9487915039062,653.4207153320312,989.662353515625,423.0877685546875,984.029052734375,179.76539611816406,130.8040313720703,230.40182495117188,10.594261169433594,238.81190490722656,-344.6596664824638,270.0637744541197,437.86382354815385,-278.1232491730449,-50.07525130198666,282.59524504762766,0.665391382474778,-331.03871499904875,252.24472237914824,416.1898975183744,-378.52812666029035,-271.5003520323114,465.82827718658064,0.29309355604861287,0.08160370920734178,0.05937791349019197,0.004809218161034813
267,8.904958401426237,True,True,607.701171875,965.0018310546875,455.99847412109375,985.1390380859375,580.1627807617188,803.8312377929688,465.0919189453125,833.52587890625,655.3671875,987.5396728515625,432.04058837890625,985.4349365234375,153.03338623046875,118.84054565429688,223.33651733398438,10.69997501373291,225.63018798828125,-556.0433644464983,71.44091146171675,560.6139732253043,-231.51499942759855,-102.63020020709403,253.2432683300963,0.8551026116898353,-533.8541884776138,-120.16742687182152,547.2115724617729,280.65784783010923,-54.212960734205055,285.84588970317066,-0.9162345240866732,0.06946883114677573,0.05394714188063454,0.004857206494694541
268,8.938310305551429,True,False,604.4691162109375,962.7864379882812,491.6665445963542,972.5979614257812,572.1813354492188,802.5612182617188,493.216064453125,820.0991821289062,664.9569091796875,987.4390869140625,469.10231526692706,983.5834554036459,103.94864145914713,80.0645584265391,194.27831522623697,9.004902680714926,,-239.31003407002856,-38.07937101530309,242.32071909665368,843.2545680823457,-402.5766183227326,934.422923633571,-0.8235189080586554,-96.90768035103613,-66.42478516640024,117.48766146034664,1069.4463003183992,-376.0228085653293,1133.6262796116143,-0.5906001828673857,0.04718702761100174,0.036344953393359726,0.004087735880572086
269,8.971662209676621,True,False,605.6768798828125,959.6290893554688,527.3346150716146,960.056884765625,574.774658203125,794.9697265625,521.3402099609375,806.6724853515625,671.5025024414062,990.7017822265625,506.16404215494794,981.7319742838541,54.863896687825516,41.28857119878133,165.2201131184896,7.3098303476969395,,77.75636270036587,-227.61793961516642,240.53269710175454,843.2545680823457,-402.5766183227326,934.422923633571,0.6994241937315366,36.21273518121961,-94.66771735013594,101.35748071844708,1069.4463003183992,-376.0228085653293,1133.6262796116143,0.6468566048208976,0.02490522407522776,0.01874276490608491,0.0033182652664496305
270,9.005014113801813,True,True,563.6488037109375,953.2587280273438,563.002685546875,947.5158081054688,551.869873046875,792.5201416015625,549.46435546875,793.2457885742188,679.1932373046875,987.154541015625,543.2257690429688,979.8804931640625,5.779151916503906,2.5125839710235596,136.1619110107422,5.614758014678955,232.7034149169922,-686.7609438511544,-73.44662996579076,690.6772049609428,843.2545680823457,-402.5766183227326,934.422923633571,-0.8515021833024589,-1260.1402310979202,-191.00442674015832,1274.533676709194,1069.4463003183976,-376.0228085653293,1133.6262796116127,-0.8830223322804492,0.0026234205394537816,0.0011405764188101,0.0025487946523271763
271,9.038366017927006,True,True,570.5947265625,954.2664184570312,568.6944580078125,942.71142578125,552.7380981445312,794.5880126953125,550.5185546875,791.8299560546875,681.2689208984375,987.989501953125,531.7799072265625,983.6282958984375,11.710204124450684,3.5402328968048096,149.5526123046875,10.13832950592041,187.93984985351562,26.032249744938795,62.00159025367496,67.2448899230824,31.608366790480343,-42.45132494434765,52.92640022419939,-0.5083443461878534,208.26165802977326,30.213880020312093,210.44190825781834,170.65809614864833,-144.05121537243284,223.32697649714493,0.6636371739652551,0.0053157955466699046,0.0016070731190513806,0.004602249992014713
272,9.071717922052196,True,False,570.04443359375,950.3860473632812,570.1193440755209,936.7288208007812,549.470703125,794.1239013671875,550.0499267578125,788.8262125651041,678.226806640625,987.2505493164062,537.5795491536459,983.62109375,13.873591105143229,4.868980884552002,142.15925089518228,7.810231924057007,,-97.96727069214823,-13.915587139579234,98.950642707907,-14.05100973930686,-90.06212893597686,91.15162062834986,0.2915686169741195,-16.499596745192843,-116.34631351734474,117.51043086394608,42.72278015551451,-179.37821355002853,184.3957142685699,0.9306209397239719,0.006297855530891447,0.0022102524113034243,0.0035454203563944206
273,9.105069826177388,True,False,574.6837158203125,947.1142578125,571.5442301432291,930.7462158203125,547.32373046875,793.7987060546875,549.581298828125,785.8224690755209,678.4067993164062,986.962646484375,543.3791910807291,983.6138916015625,16.036978085835774,6.197728872299194,134.7658894856771,5.4821343421936035,,-64.37331578403986,-9.750427180389027,65.10756188978193,-14.05100973930686,-90.06212893597345,91.15162062834649,0.30038020418911043,139.1009703418487,-98.09903322161294,170.21310251875144,42.72278015551111,-179.37821355002853,184.3957142685691,0.7499899492988924,0.00727991551511299,0.0028134317035554673,0.002488590720774129
274,9.13842173030258,True,True,575.999267578125,942.7099609375,572.9691162109375,924.7636108398438,549.5679321289062,790.3314208984375,549.1126708984375,782.8187255859375,676.4625244140625,988.3631591796875,549.1788330078125,983.606689453125,18.20036506652832,7.526476860046387,127.37252807617188,3.1540367603302,193.095703125,67.28856174844672,-103.96063574766137,123.83684559626208,-14.05100973930686,-90.06212893597686,91.15162062834986,0.7457031150734446,39.44457722336807,-132.05533508574928,137.82048540380262,42.72278015551451,-179.37821355002853,184.3957142685699,0.9984073528834179,0.008261975499334533,0.0034166109958075107,0.0014317610851538373
275,9.171773634427772,True,False,558.9923095703125,940.8878173828125,574.03537109375,925.765966796875,540.849609375,784.94384765625,550.3692236328125,785.4493359375,674.0689697265625,986.7927856445312,550.3798974609375,984.1181372070313,20.670067138671875,12.586454772949219,128.98288208007813,3.7580713653564453,,-261.4040482120775,-161.5372010534796,307.28869771902515,37.6755920638979,78.87436776287385,87.41061793259627,-0.8410070302096483,-509.92464909871603,-54.633868814439566,512.8430631100338,31.969835329644397,30.053934949822295,43.87834747312995,-0.7974227501382771,0.009383085869160644,0.005713565666264095,0.0017059599316734022
276,9.205125538552965,True,False,552.7496337890625,938.7491455078125,575.1016259765624,926.7683227539062,534.6099243164062,783.9517211914062,551.6257763671875,788.0799462890625,666.953857421875,981.77685546875,551.5809619140625,984.6295849609374,23.13976921081543,17.64643268585205,130.59323608398438,4.36210597038269,,-187.08632152371445,-29.747221061791222,189.43650351020983,37.67559206390131,78.87436776287385,87.41061793259773,-0.5673661642339339,-187.17599324515572,-64.12443100616207,197.8554904448563,31.969835329644397,30.053934949822295,43.87834747312995,-0.911260909549313,0.010504196238986753,0.00801052033672068,0.001980158778192967
277,9.238477442678157,True,False,558.3815307617188,935.1961669921875,576.167880859375,927.7706787109375,537.5374755859375,781.86181640625,552.8823291015625,790.710556640625,658.2677001953125,981.249755859375,552.7820263671875,985.1410327148437,25.609471282958985,22.706410598754886,132.20359008789063,4.966140575408936,,87.77763508021015,-62.66223293613,107.8492867700865,37.6755920638979,78.87436776287385,87.41061793259627,-0.17347402752638727,168.86283168469157,-106.53000507222335,199.65795227152964,31.969835329647804,30.053934949825706,43.87834747313477,0.2507654477466931,0.011625306608812863,0.010307475007177264,0.002254357624712532
278,9.271829346803347,True,False,550.3656616210938,947.94775390625,577.2341357421875,928.7730346679688,531.07958984375,790.5758056640625,554.1388818359375,793.3411669921875,646.8260498046875,976.4827880859375,553.9830908203126,985.65248046875,28.07917335510254,27.766388511657716,133.81394409179688,5.5701751804351805,,-193.62869711866392,261.2741157177442,325.20183869707824,37.6755920638979,78.87436776287385,87.41061793259627,0.4683286785206581,-240.34217388416886,382.3345997337155,451.6017124645438,31.969835329644397,30.053934949822295,43.87834747312995,0.19211992562758137,0.012746416978638974,0.012604429677633849,0.0025285564712320967
279,9.30518125092854,True,False,553.8466796875,943.1958618164062,578.300390625,929.775390625,532.1676635742188,785.2733154296875,555.3954345703125,795.97177734375,636.8135375976562,975.5265502929688,555.1841552734375,986.1639282226563,30.548875427246095,32.82636642456055,135.42429809570314,6.174209785461425,,32.62403628843753,-158.98613208023218,162.29885377778342,37.67559206390131,78.87436776287385,87.41061793259773,-0.7972852132604313,104.37239365223861,-142.47738515938207,176.6165389722966,31.969835329644397,30.053934949822295,43.87834747312995,-0.12197180768579656,0.013867527348465084,0.014901384348090432,0.0028027553177516614
280,9.338533155053732,True,False,559.0167846679688,941.6771240234375,579.3666455078124,930.7777465820312,532.8624877929688,783.7901611328125,556.6519873046875,798.6023876953125,628.798828125,972.8643188476562,556.3852197265625,986.6753759765625,33.01857749938965,37.886344337463385,137.0346520996094,6.778244390487671,,20.833119936476855,-44.46985369434184,49.10790948394971,37.6755920638979,78.87436776287385,87.41061793259627,-0.6342686155078655,155.0167858801076,-45.536764175979755,161.56670695479906,31.969835329644397,30.053934949822295,43.87834747312995,0.5060178346704373,0.014988637718291193,0.017198339018547018,0.003076954164271226
281,9.371885059178924,True,False,557.9219970703125,937.49853515625,580.432900390625,931.7801025390625,528.3532104492188,781.3466796875,557.9085400390625,801.232998046875,622.5659790039062,969.32568359375,557.5862841796875,987.1868237304687,35.4882795715332,42.946322250366215,138.6450061035156,7.382278995513916,,-135.20299551185084,-73.26362645264533,153.77714055206746,37.6755920638979,78.87436776287385,87.41061793259627,-0.8088583089488681,-32.82534015289752,-125.28786516963092,129.5166094171595,31.969835329647804,30.053934949822295,43.87834747313243,-0.8472348102438794,0.016109748088117302,0.0194952936890036,0.0033511530107907914
282,9.405236963304116,True,False,557.5185546875,938.526611328125,581.4991552734375,932.7824584960938,527.0028076171875,782.1676025390625,559.1650927734376,803.8636083984375,617.9732666015625,961.482177734375,558.7873486328125,987.698271484375,37.95798164367676,48.006300163269046,140.25536010742186,7.986313600540161,,-40.48952728342853,24.613972518061637,47.38406338375168,37.67559206390131,78.87436776287385,87.41061793259773,0.10042434493128503,-12.096532218913563,30.82511175421786,33.1136468300191,31.969835329644397,30.053934949825706,43.87834747313228,0.3714398643640466,0.017230858457943414,0.021792248359460187,0.003625351857310356
283,9.438588867429308,True,False,546.1629638671875,938.8150024414062,582.56541015625,933.784814453125,519.8834228515625,784.39111328125,560.4216455078125,806.49421875,601.2071533203125,956.06591796875,559.9884130859375,988.2097192382812,40.42768371582031,53.066278076171876,141.86571411132812,8.590348205566405,,-213.46261787336667,66.66817983888367,223.63124878330552,37.6755920638979,78.87436776287385,87.41061793259627,-0.14241642119384879,-340.47803620709055,8.646915996122026,340.5878187717242,31.969835329644397,30.053934949822295,43.87834747312995,-0.7109774299050825,0.01835196882776952,0.02408920302991677,0.003899550703829921
284,9.4719407715545,True,False,548.3138427734375,937.8175048828125,583.6316650390625,934.7871704101562,516.1656494140625,781.2584228515625,561.6781982421875,809.1248291015625,592.234375,948.37841796875,561.1894775390625,988.7211669921875,42.89738578796387,58.12625598907471,143.47606811523437,9.19438281059265,,-111.47109992715022,-93.92838315702838,145.76812848308867,37.6755920638979,78.87436776287385,87.41061793259627,-0.9110478000622058,64.49043803245294,-29.90826415335921,71.08812040196847,31.969835329644397,30.053934949822295,43.87834747312995,0.37281250154172013,0.019473079197595635,0.026386157700373353,0.004173749550349486
285,9.50529267567969,True,False,550.8146362304688,934.6988525390625,584.697919921875,935.7895263671875,515.6019287109375,775.5274047851562,562.9347509765626,811.755439453125,580.4136352539062,941.63623046875,562.3905419921875,989.2326147460938,45.36708786010742,63.186233901977545,145.08642211914062,9.798417415618896,,-16.90220447411281,-171.8348087381735,172.6640843087218,37.67559206390131,78.87436776287385,87.41061793259773,-0.9402019929419816,74.982029441081,-93.50747507679387,119.85805202129878,31.969835329647804,30.053934949822295,43.87834747313243,-0.07854931172847912,0.02059418956742174,0.02868311237082994,0.004447948396869051
286,9.538644579804883,True,False,553.1461181640625,927.5123291015625,585.7641748046875,936.7918823242187,512.085205078125,776.2215576171875,564.1913037109375,814.3860498046874,567.9451904296875,925.157958984375,563.5916064453126,989.7440625,47.83678993225097,68.24621181488038,146.69677612304687,10.402452020645141,,-105.44296420413944,20.812989550030856,107.47743593036228,37.6755920638979,78.87436776287385,87.41061793259627,-0.24812100260207423,69.9055119864265,-215.4756565179665,226.53154119886509,31.969835329644397,30.053934949822295,43.87834747312995,-0.42666965075459634,0.02171529993724785,0.030980067041286526,0.004722147243388615
287,9.571996483930075,True,False,556.2526245117188,916.4169921875,586.8304296875,937.79423828125,511.93572998046875,770.861572265625,565.4478564453125,817.01666015625,552.7420654296875,914.826416015625,564.7926708984374,990.2555102539062,50.30649200439453,73.3061897277832,148.30713012695313,11.006486625671386,,-4.481756036931818,-160.71002517406222,160.77250489005354,37.6755920638979,78.87436776287726,87.41061793259934,-0.9140076641375077,93.14329808563444,-332.674766406569,345.4680508844987,31.969835329644397,30.053934949825706,43.87834747313228,-0.46313149553865063,0.02283641030707396,0.033277021711743106,0.00499634608990818
288,9.605348388055267,True,False,562.238037109375,913.6953125,587.8966845703125,938.7965942382813,514.4818725585938,767.4674072265625,566.7044091796874,819.6472705078126,525.5840454101562,905.4385375976562,565.9937353515625,990.7669580078125,52.77619407653808,78.36616764068604,149.91748413085938,11.610521230697632,,76.34174554375161,-101.76825366017901,127.21965086302296,37.6755920638979,78.87436776287385,87.41061793259627,-0.4631766979360621,179.46239516607542,-81.60492658181447,197.14490944776622,31.969835329644397,30.053934949822295,43.87834747312995,0.3797323575088604,0.02395752067690007,0.035573976382199696,0.0052705449364277455
289,9.63870029218046,True,False,561.5174560546875,913.156982421875,588.962939453125,939.7989501953125,509.75634765625,765.9437255859375,567.9609619140625,822.277880859375,490.7065734863281,894.1712646484375,567.1947998046875,991.2784057617188,55.24589614868164,83.42614555358887,151.52783813476563,12.214555835723877,,-141.68680998259376,-45.68499702162757,148.86998043900508,37.67559206390131,78.87436776287385,87.41061793259773,-0.6871309819068346,-21.60539476195061,-16.14090985942778,26.96890902335309,31.969835329647804,30.053934949822295,43.87834747313243,-0.9936346930414042,0.025078631046726182,0.03787093105265627,0.005544743782947311
290,9.672052196305652,True,False,566.0490112304688,906.576171875,590.0291943359375,940.8013061523437,508.6130676269531,767.5658569335938,569.2175146484375,824.9084912109375,463.2953796386719,883.2886962890625,568.3958642578125,991.789853515625,57.71559822082519,88.4861234664917,153.13819213867188,12.818590440750121,,-34.27930306483803,48.636843688663504,59.503051876407994,37.6755920638979,78.87436776287385,87.41061793259627,0.48925401348982284,135.8709583348317,-197.31438787341307,239.57020887557215,31.969835329644397,30.053934949822295,43.87834747312995,-0.15090467401574117,0.02619974141655229,0.04016788572311286,0.005818942629466875
291,9.705404100430842,True,False,564.1815185546875,899.16845703125,591.09544921875,941.803662109375,504.8017883300781,762.868896484375,570.4740673828124,827.5391015625,456.9909362792969,875.3408813476562,569.5969287109375,992.3013012695312,60.18530029296875,93.54610137939454,154.74854614257814,13.422625045776366,,-114.27471374853836,-140.83035354107312,181.36123808800497,37.6755920638979,78.87436776287385,87.41061793259627,-0.9722684585775557,-55.993584917110184,-222.10770383435724,229.0570096164712,31.969835329644397,30.053934949822295,43.87834747312995,-0.8422661239111089,0.0273208517863784,0.042464840393569445,0.006093141475986439
292,9.738756004556034,True,False,552.2852783203125,907.04833984375,592.1617041015625,942.8060180664063,491.2291259765625,772.0996704101562,571.7306201171875,830.1697119140625,442.520751953125,871.994140625,570.7979931640625,992.8127490234375,62.6550023651123,98.60607929229737,156.3589001464844,14.02665965080261,,-406.9531473396058,276.7690231757686,492.15033914372145,37.67559206390131,78.87436776287385,87.41061793259773,0.15104386409485102,-356.68848740151356,236.26485561128845,427.84081039774907,31.969835329644397,30.053934949825706,43.87834747313228,-0.2291906238651159,0.028441962156204512,0.04476179506402603,0.0063673403225060045
293,9.772107908681226,True,False,549.9660034179688,908.088134765625,593.227958984375,943.8083740234375,490.38922119140625,769.0219116210938,572.9871728515625,832.800322265625,428.02569580078125,872.6985473632812,571.9990576171875,993.3241967773438,65.12470443725586,103.6660572052002,157.9692541503906,14.630694255828857,,-25.183113443943956,-92.28135153871942,95.65582598327853,37.6755920638979,78.87436776287385,87.41061793259627,-0.9839842689723841,-69.53950496013563,31.176478499457104,76.20836936798896,31.969835329647804,30.053934949822295,43.87834747313243,-0.384638206823597,0.02956307252603062,0.04705874973448262,0.00664153916902557
294,9.805459812806419,True,False,546.295166015625,905.7940063476562,594.2942138671875,944.8107299804688,488.7440185546875,766.9148559570312,574.2437255859375,835.4309326171875,415.73797607421875,876.63720703125,573.2001220703125,993.83564453125,67.59440650939942,108.72603511810303,159.57960815429686,15.234728860855101,,-49.32859696835327,-63.17647280806869,80.15346028297763,37.6755920638979,78.87436776287385,87.41061793259627,-0.9764817514710964,-110.06380291106179,-68.78553048597641,129.7901764983862,31.969835329644397,30.053934949822295,43.87834747312995,-0.9808636766288832,0.030684182895856733,0.049355704404939194,0.006915738015545134
295,9.83881171693161,True,False,560.0908203125,913.8925170898438,595.36046875,945.8130859375,489.87469482421875,784.2824096679688,575.5002783203125,838.06154296875,407.472900390625,887.4490356445312,574.4011865234374,994.3470922851562,70.06410858154297,113.78601303100587,161.18996215820312,15.838763465881346,,33.901400810192705,520.7364966553487,521.8388677798725,37.67559206390131,78.87436776287385,87.41061793259773,0.9284381517416019,413.6391806923744,242.8200414521581,479.64460211148685,31.969835329644397,30.053934949822295,43.87834747312995,0.9750860980557123,0.03180529326568284,0.05165265907539578,0.007189936862064699
296,9.872163621056803,True,False,552.395751953125,897.5946655273438,596.4267236328125,946.8154418945312,477.84100341796875,769.3311767578125,576.7568310546875,840.6921533203125,402.08587646484375,900.0157470703125,575.6022509765625,994.8585400390625,72.53381065368652,118.8459909439087,162.80031616210937,16.442798070907592,,-360.8097265175489,-448.2872358362005,575.4520871135404,37.6755920638979,78.87436776287385,87.41061793259627,-0.973190587197745,-230.72350923324453,-488.6633009414789,540.3935227220303,31.969835329644397,30.053934949822295,43.87834747312995,-0.9304505448061596,0.03292640363550895,0.053949613745852366,0.007464135708584264
297,9.905515525181995,True,False,556.2518310546875,893.7380981445312,597.492978515625,947.8177978515625,477.452392578125,772.2808227539062,578.0133837890625,843.322763671875,399.2183837890625,927.3414306640625,576.8033154296875,995.3699877929688,75.00351272583008,123.90596885681153,164.41067016601562,17.046832675933835,,-11.651833681970144,88.44010779779664,89.20436029386784,37.6755920638979,78.87436776287385,87.41061793259627,0.8383128907178626,115.61795953502589,-115.63259981607752,163.51883899804332,31.969835329647804,30.053934949825706,43.87834747313477,0.03081177046044006,0.03404751400533506,0.05624656841630895,0.007738334555103829
298,9.938867429307185,True,False,535.9767456054688,910.8283081054688,598.5592333984375,948.8201538085938,465.76617431640625,789.7646484375,579.2699365234375,845.9533740234375,404.39129638671875,948.9959716796875,578.0043798828125,995.881435546875,77.47321479797363,128.96594676971438,166.02102416992187,17.65086728096008,,-350.391336514179,524.2227135807692,630.5422603903546,37.67559206390131,78.87436776287385,87.41061793259773,0.5106772768446519,-607.9138802124418,512.4208170180199,795.0687891424,31.969835329644397,30.053934949822295,43.87834747312995,-0.11565125026103369,0.03516862437516117,0.05854352308676554,0.008012533401623393
299,9.972219333432378,True,True,527.1878662109375,916.0044555664062,599.62548828125,949.822509765625,457.79473876953125,794.7335815429688,580.5264892578125,848.583984375,414.0079040527344,967.9314575195312,579.2054443359375,996.3928833007812,79.94291687011719,134.0259246826172,167.63137817382812,18.254901885986328,108.76799011230469,-239.00990830847005,148.9849900868339,281.6420841081767,37.6755920638979,78.87436776287385,87.41061793259627,0.11155253709139426,-263.5195688240388,155.19795935812158,305.8250639534511,31.969835329644397,30.053934949822295,43.87834747312995,-0.2802250738652158,0.036289734744987284,0.060840477757222115,0.008286732248142959
300,10.00557123755757,True,True,552.3777465820312,883.8970947265625,602.5819091796875,958.3052978515625,453.0423583984375,772.0343627929688,581.5759887695312,856.8878173828125,422.2991027832031,979.26318359375,583.5638427734375,996.8418579101562,89.7610092163086,154.01625061035156,162.21998596191406,9.65738582611084,139.2111053466797,-142.4920254404337,-680.597385528416,695.3537074771605,31.467454085358355,248.97627963437068,250.95694548505026,-0.9967486319707729,755.2756291376755,-962.6844907961911,1223.602347492368,88.64324169738808,254.34194263979498,269.34633482638355,-0.5397926021315609,0.04074661448986759,0.06991499809980539,0.0043839277284435235
301,10.038923141682762,True,True,553.825439453125,861.237060546875,595.4879760742188,964.9747924804688,457.81085205078125,764.8192749023438,576.188720703125,865.0715942382812,422.0986328125,983.2305908203125,586.9285888671875,999.7445068359375,111.79125213623047,155.12525939941406,165.65513610839844,21.019977569580078,140.1233673095703,142.97515471513768,-216.33211295948715,259.30961795377715,-161.52805087782235,245.3766005307999,293.77029684506925,-0.9999983339911616,43.40660328296684,-679.4225029740223,680.807660617924,-212.69949322355018,199.9734289194163,291.942540050853,-0.730033237542995,0.0507471461596151,0.07041842775136946,0.00954192616695455
302,10.072275045807954,True,True,524.7073364257812,847.556640625,591.09423828125,971.7203979492188,427.4160461425781,757.95361328125,573.327880859375,873.3084716796875,405.9709167480469,988.1075439453125,589.8497314453125,1002.1676025390625,140.79722595214844,186.00271606445312,184.4155731201172,43.12312316894531,142.43038940429688,-911.3364500602779,-205.85516183191075,934.296779862433,-85.7774066815305,246.96873109516523,261.4408492102271,0.11189681102866458,-873.0566901980806,-410.1840743641885,964.6133728917682,-131.73873900800766,202.25548272833993,241.3760047086159,0.13766605227073628,0.0639142801223387,0.08443511310442749,0.019575551686698753
303,10.105626949933146,True,True,542.51708984375,869.4434204101562,600.3343505859375,956.26171875,431.9221496582031,772.222412109375,579.8406982421875,862.6353759765625,405.6334228515625,993.3868408203125,592.6783447265625,1004.2294311523438,104.3084487915039,173.36204528808594,187.3589324951172,25.809720993041992,99.04723358154297,135.1078336850152,427.8256130314089,448.6522950891465,195.27572873697287,-320.01458336716746,374.8892420454575,-0.6571372987020397,533.9951011827358,656.2377878936265,846.0489361418053,277.04901855088116,-463.50214791911236,539.9911108579818,-0.3419541654464658,0.047350360563585187,0.07869693632238225,0.01171620908205486
304,10.138978854058337,True,False,540.716064453125,865.2173461914062,589.9840087890625,964.6941528320312,421.390625,774.0828857421875,575.0574951171875,873.09619140625,406.3600158691406,1001.502197265625,599.6048583984375,1007.5071105957031,110.50581359863281,179.63481903076172,187.87714385986328,32.862366676330566,,-315.769816879759,55.78313087699293,320.6592193321693,-143.4161931818182,313.6497211799691,344.8830991264097,0.5677086494548839,-54.000676658956344,-126.71163250190244,137.73855992757558,-310.3373575920366,252.8321636563451,400.29161681998346,-0.2771050181435439,0.05016362700136131,0.08154443431406633,0.014917726503701408
305,10.172330758183529,True,True,538.0949096679688,864.0662231445312,579.6336669921875,973.1265869140625,419.24822998046875,775.1468505859375,570.2742919921875,883.5570068359375,418.1459045410156,1008.8546142578125,606.5313720703125,1010.7847900390625,116.70317840576172,185.9075927734375,188.39535522460938,39.91501235961914,111.3038558959961,-64.23606314918078,31.901172411513045,71.72138181975178,-143.4161931818182,313.6497211799691,344.8830991264097,0.7769518041350584,-78.59085872030907,-34.51446257922993,85.8357221763098,-310.3373575920366,252.8321636563451,400.29161681998346,0.45586796158520254,0.05297689343913743,0.0843919323057504,0.018119243925347955
306,10.205682662308721,True,True,517.9255981445312,855.277099609375,590.2342529296875,989.1744995117188,398.69696044921875,781.7724609375,578.3233032226562,893.6113891601562,414.6949768066406,1012.1522216796875,614.0155029296875,1012.9666137695312,152.17442321777344,211.59765625,199.3221893310547,26.10337257385254,117.06619262695312,-616.1947891822729,198.6576336599006,647.4263461018071,241.3358829605486,301.46351723961425,386.1648101922634,-0.35526867763056147,-604.7424293296312,-263.5268889645646,659.6664513516251,317.84050163099965,481.1693070781731,576.6684372766857,-0.8386048627701682,0.06907890867325488,0.09605382338561953,0.011849510922821748
307,10.239034566433913,True,True,494.53857421875,865.65673828125,597.19921875,992.3960571289062,387.5539245605469,793.8739013671875,581.962158203125,902.2261352539062,442.13677978515625,1018.0091552734375,624.963623046875,1012.4324951171875,163.1013946533203,222.5640869140625,182.91188049316406,60.52381134033203,160.38717651367188,-334.1049388618006,362.84106551346326,493.23396983053874,109.10486450217968,258.2984785939994,280.3961046484308,0.4140886126494081,-701.2200514247756,311.21577445513475,767.1797825737291,208.83262899078704,96.59291430842597,230.08967387911747,-0.6592810557755432,0.07403915919308893,0.10103198624831193,0.027474517384257695
308,10.272386470559105,True,True,506.22174072265625,881.0199584960938,576.733154296875,986.7010498046875,397.92767333984375,813.2042236328125,561.9740600585938,900.1953735351562,461.11993408203125,1015.955810546875,637.2467041015625,1015.479248046875,127.04468536376953,185.68434143066406,176.12741088867188,37.77894973754883,128.6008758544922,311.0391760649494,579.5867664126591,657.7736608042654,-599.3090550243431,-60.888928893750695,602.3942273096576,-0.5595082278054404,350.2998347576063,460.6399729735177,578.7047251684138,-613.6400601387626,-170.7550880106154,636.9548049026847,-0.7965481735286509,0.05767137493997229,0.08429058834273398,0.0171495877132841
309,10.305738374684298,True,True,496.4805908203125,885.9993896484375,562.600341796875,982.288330078125,381.58599853515625,827.2809448242188,548.4253540039062,896.8983764648438,473.6718444824219,1001.7359008789062,645.7498779296875,1017.45849609375,116.80488586425781,180.78152465820312,172.79481506347656,9.885823249816895,129.77325439453125,-489.9772661658631,422.0664924727219,646.6976460662272,-406.2348585505099,-98.85483773090361,418.08975022637907,0.5818621714184425,-292.0717769449903,149.29975612944406,328.0188105400598,-423.7482947585285,-132.30787993388998,443.923408262463,0.7142891880099979,0.05302306309162093,0.08206497627925434,0.004487625890040373
310,10.339090278809488,True,False,491.5876770019531,892.7646484375,539.5101114908854,953.7892659505209,368.9583435058594,842.70703125,490.2969563802083,884.6310424804688,483.4771728515625,973.7485961914062,603.8232828776041,1028.9532063802083,84.88021850585938,128.39597256978354,159.65441385904947,8.66426674524943,,-378.61871339929735,462.5249091589157,597.7302248745688,-1742.8809283423027,-367.81510100075633,1781.269737828475,0.4599934804195894,-146.70568133060746,202.84475404066825,250.33687538294663,-692.3212005922245,-854.4958638831584,1099.7598947874415,-0.2606604595335477,0.038531001060152864,0.05828478581100937,0.003933105699104761
311,10.37244218293468,True,False,468.94854736328125,886.93212890625,516.4198811848959,925.2902018229166,351.5657043457031,843.4019775390625,432.16855875651044,872.3637084960938,490.7725830078125,944.4094848632812,561.8966878255209,1040.4479166666667,52.95555114746094,76.01042048136394,146.5140126546224,7.442710240681967,,-521.4886410943764,20.83678000673976,521.904755862129,-1742.880928342301,-367.81510100075633,1781.2697378284734,0.9694244857341455,-678.7957159414991,-174.87815716178216,700.9607648312659,-692.3212005922211,-854.4958638831619,1099.7598947874421,0.8034589921668882,0.024038939028684796,0.034504595342764385,0.0033785855081691503
312,10.405794087059872,True,True,472.4458923339844,894.307861328125,493.32965087890625,896.7911376953125,352.56341552734375,850.25341796875,374.0401611328125,860.0963745117188,498.0555419921875,920.3817138671875,519.9700927734375,1051.942626953125,21.0308837890625,23.624868392944336,133.3736114501953,6.221153736114502,277.77667236328125,29.914669276319298,205.42876364628185,207.59543436971703,-1742.8809283423027,-367.81510100075633,1781.269737828475,-0.3453304977393211,104.86192804990267,221.14876542547515,244.75048601290825,-692.3212005922245,-854.4958638831584,1099.7598947874415,-0.9717724164121431,0.009546876997216732,0.0107244048745194,0.0028240653172335382
313,10.439145991185065,True,False,465.19091796875,889.01513671875,498.1851399739583,920.9392700195312,347.0961608886719,856.689697265625,416.55031331380206,871.3787638346354,507.9420166015625,902.8815307617188,522.4165242513021,1040.3941040039062,43.07313283284505,68.75205866495767,132.91899617513022,10.505546251932781,,-163.92631191759332,192.98086468212907,253.20633853117957,1274.594458577857,338.2832140727651,1318.721565289952,-0.4302295784060282,-217.5280409178926,-158.69332645919948,269.2619922088196,145.58356478917008,724.0405895140119,738.5318880051966,-0.7370510566462676,0.019552858793970822,0.031209693989233858,0.004768946415268286
314,10.472497895310257,True,False,457.63995361328125,884.549072265625,503.04062906901044,945.08740234375,341.108642578125,858.4275512695312,459.0604654947917,882.6611531575521,510.94403076171875,892.2359619140625,524.8629557291666,1028.8455810546875,65.1153818766276,113.87924893697102,132.4643809000651,14.789938767751059,,-179.5255313781106,52.10659029790104,186.93451572426716,1274.5944585778586,338.2832140727685,1318.7215652899542,-0.8567260607512822,-226.4027962878807,-133.90733063878113,263.0387792052257,145.5835647891718,724.0405895140119,738.5318880051971,-0.6687592882803067,0.029558840590724916,0.05169498310394832,0.006713827513303033
315,10.505849799435449,True,True,461.1720886230469,895.6602783203125,507.8961181640625,969.2355346679688,344.5084228515625,869.1541748046875,501.57061767578125,893.9435424804688,519.4741821289062,885.52001953125,527.3093872070312,1017.2970581054688,87.15763092041016,159.00643920898438,132.009765625,19.074331283569336,156.57366943359375,101.93661689227281,321.619524177453,337.3873029554806,1274.594458577857,338.2832140727651,1318.721565289952,0.5365602365388631,105.90504807483167,333.1505755407471,349.57858228281583,145.58356478917008,724.0405895140119,738.5318880051966,0.9940259232843275,0.039564822387479014,0.07218027221866279,0.00865870861133778
316,10.539201703560641,True,True,501.6926574707031,871.905517578125,469.7666931152344,916.3232421875,368.9239196777344,862.2059936523438,356.2391357421875,904.5143432617188,517.7446899414062,884.147216796875,510.97802734375,1021.4608154296875,54.701019287109375,44.16899490356445,137.480224609375,1.247796893119812,394.56640625,732.0570584073479,-208.32936932963707,761.1232902029102,-1996.9849525765046,109.77748197176001,2000.0,-0.9753852125136465,1214.9401933861282,-712.2460130917883,1408.3231364535166,-1143.2458220587048,-1586.4849059847884,1955.4910806680368,-0.09404909208819823,0.02483128659709515,0.02005032055069045,0.0005664318996579396
317,10.572553607685832,True,False,483.0276184082031,860.5230102539062,464.7154286702474,910.0706787109375,362.20379638671875,860.3744506835938,354.9867248535156,902.0014953613281,526.5071411132812,886.1436157226562,512.5950520833334,1003.4154764811198,71.2257588704427,64.24366614932106,155.11296880812873,16.989474591754732,,-201.49144306095772,-54.91569422468354,208.84093252752467,-1996.9849525765046,109.77748197176001,2000.0,0.948920474104835,-559.6393834798062,-341.28508170006194,655.4935137228099,-151.45355497623882,-187.47245893645132,241.00643596099258,0.9415284479739237,0.03233261929406757,0.029163129078617046,0.007712297105610684
318,10.605905511811024,True,False,474.170166015625,855.7437744140625,459.66416422526044,903.818115234375,360.48809814453125,865.3826904296875,353.73431396484375,899.4886474609375,505.5089111328125,885.8805541992188,514.2120768229166,985.3701375325521,87.75049845377603,84.31833739507766,172.74571300688245,32.73115229038965,,-51.4422875451831,150.16353271149055,158.730575203003,-37.551405879878494,-75.34346137954324,84.18280855499,-0.7021283753042952,-265.5756132942278,-143.29724089827363,301.76896067300083,-151.45355497623711,-187.47245893645132,241.00643596099152,0.9224289883255701,0.039833951991039986,0.03827593760654364,0.014858162311563429
319,10.639257415936216,True,False,471.0693664550781,872.4100341796875,454.61289978027344,897.5655517578125,355.7690124511719,881.8531494140625,352.4819030761719,896.9757995605469,508.874267578125,891.5380249023438,515.8291015625,967.3247985839844,104.27523803710938,104.39300864083427,190.37845720563615,48.472829989024575,,-141.49374127622534,493.8386402932319,513.7091409221871,-37.551405879878494,-75.34346137954324,84.18280855499,-0.737515802702387,-92.97218980084345,499.7093929949376,508.2846697705264,-151.45355497623882,-187.47245893645132,241.00643596099258,-0.6498029396742164,0.047335284688012416,0.04738874613447023,0.022004027517516175
320,10.672609320061408,True,False,463.6078186035156,859.2381591796875,449.56163533528644,891.31298828125,352.5211181640625,875.3150634765625,351.2294921875,894.4629516601562,498.9823913574219,905.2398681640625,517.4461263020834,949.2794596354166,120.7999776204427,124.46767988659087,208.01120140438988,64.21450768765949,,-97.38257446764855,-196.033363281395,218.88911651647393,-37.551405879878494,-75.34346137954324,84.18280855499,0.9999991384501403,-223.7217948203,-394.9362216489105,453.9009370423614,-151.45355497623882,-187.47245893645132,241.00643596099258,0.9865629360558461,0.05483661738498483,0.05650155466239682,0.029149892723468917
321,10.7059612241866,True,False,422.65655517578125,859.5233154296875,444.5103708902995,885.0604248046875,360.4759521484375,862.4384765625,349.9770812988281,891.9501037597656,513.1644287109375,910.946044921875,519.0631510416666,931.234120686849,137.32471720377603,144.54235113234748,225.6439456031436,79.95618538629441,,238.51213875271446,-386.0825116829341,453.81466058270644,-37.551405879878494,-75.34346137954324,84.18280855499,0.5269774556779991,-1227.8538362912361,8.549924134154942,1227.8836038068941,-151.45355497623711,-187.47245893645132,241.00643596099152,0.6229895310406349,0.06233795008195726,0.06561436319032342,0.03629575792942166
322,10.739313128311792,False,True,435.2726364135742,859.2317047119141,439.4591064453125,878.807861328125,360.4195251464844,867.0268859863281,348.72467041015625,889.437255859375,515.6475677490234,913.4351043701172,520.68017578125,913.1887817382812,153.84945678710938,164.61702237810408,243.2766898018973,95.69786308492934,,-1.69186747902959,137.57563605978146,137.5860387278449,-37.551405879878494,-75.34346137954324,84.18280855499,-0.889445292650631,378.2716929874953,-8.743450349306245,378.372728456527,-151.45355497623882,-187.47245893645132,241.00643596099258,-0.6102782779093971,0.06983928277892969,0.07472717171825001,0.04344162313537441
323,10.772665032436983,False,True,447.8887176513672,858.9400939941406,471.3597717285156,856.5017700195312,360.36309814453125,871.6152954101562,362.48388671875,878.708984375,518.1307067871094,915.9241638183594,534.2069702148438,919.0972900390625,170.3741963704427,184.6916936238607,260.909434000651,111.43954078356425,,-1.69186747902959,137.57563605978146,137.5860387278449,412.54664971889616,-321.6689351260022,523.130616595303,-0.6245430986962113,378.2716929874953,-8.743450349306245,378.372728456527,956.4870768235207,-668.8101292467182,1167.1223231150263,0.8325490297137634,0.0773406154759021,0.0838399802461766,0.050587488341327154
324,10.806016936562175,False,True,460.50479888916016,858.6484832763672,493.4085998535156,879.422119140625,360.3066711425781,876.2037048339844,371.92529296875,895.15283203125,520.6138458251953,918.4132232666016,530.2135009765625,919.9828491210938,186.89893595377603,204.7663648696173,278.54217819940476,127.18121848219917,,-1.69186747902959,137.57563605978146,137.5860387278449,283.08447441441774,493.0407449759178,568.529678962229,0.8610323312032722,378.2716929874953,-8.743450349306245,378.372728456527,661.096531167638,687.2276028096753,953.5881718988636,0.6764340627764512,0.08484194817287452,0.09295278877410319,0.057733353547279896
325,10.839368840687367,True,False,473.1208801269531,858.3568725585938,529.641357421875,883.3971354166666,360.250244140625,880.7921142578125,421.0282796223958,893.4402737087673,523.0969848632812,920.9022827148438,565.9327528211805,916.996568467882,203.42367553710938,224.8410361153739,296.1749223981585,142.9228961808341,,-1.69186747902959,137.57563605978146,137.5860387278449,1472.2693633721665,-51.34814240453237,1473.1645223981877,-0.04714236279558329,378.2716929874953,-8.743450349306245,378.372728456527,1086.3774803487595,119.18408799451889,1092.8956384943644,0.9912504366626984,0.09234328086984694,0.10206559730202978,0.06487921875323265
326,10.87272074481256,True,False,474.5052490234375,840.0201416015625,565.8741149902344,887.3721516927084,353.6631774902344,865.2078857421875,470.1312662760417,891.7277153862847,516.5145263671875,912.6801147460938,601.6520046657986,914.0102878146702,219.9484151204427,244.9157073611305,313.8076665969122,158.664573879469,,-197.50196647438713,-467.26653018451407,507.29186568673197,1472.2693633721683,-51.34814240453237,1473.1645223981895,-0.35698397322347636,41.5079418340829,-549.795624507713,551.3602615016136,1086.3774803487595,119.18408799452229,1092.895638494365,-0.03391022454349657,0.09984461356681937,0.11117840582995638,0.07202508395918537
327,10.906072648937752,True,False,419.1566162109375,826.3363037109375,602.1068725585938,891.34716796875,323.6648254394531,854.2047119140625,519.2342529296875,890.0151570638021,521.1527099609375,907.0751953125,637.3712565104166,911.0240071614584,236.47315470377603,264.99037860688713,331.4404107956659,174.40625157810393,,-899.4494568639159,-329.9114133580728,958.045336148929,1472.2693633721665,-51.34814240452896,1473.1645223981877,-0.9262647538354069,-1659.5344183270536,-410.28655633154995,1709.4997934830276,1086.3774803487595,119.18408799451889,1092.8956384943644,-0.9911553945943328,0.10734594626379179,0.12029121435788298,0.07917094916513813
328,10.939424553062944,True,False,460.1121520996094,813.1627807617188,638.3396301269531,895.3221842447916,333.123779296875,847.54150390625,568.3372395833334,888.3025987413195,528.1671142578125,893.7908325195312,673.0905083550347,908.0377265082466,252.99789428710938,285.0650498526437,349.0731549944196,190.14792927673886,,283.61060951471086,-199.7849353008765,346.91353130496543,1472.2693633721683,-51.34814240453237,1473.1645223981895,0.8371017205005402,1227.9819387504378,-394.98563259745976,1289.9431351248393,1086.3774803487595,119.18408799451889,1092.8956384943644,0.912895704179337,0.11484727896076422,0.12940402288580957,0.08631681437109087
329,10.972776457188136,False,False,429.6619567871094,815.7550659179688,674.5723876953125,899.2972005208334,338.09482828776044,836.6787923177084,617.4402262369792,886.5900404188368,530.7946573893229,891.0185546875,708.8097601996528,905.0514458550347,269.5226338704427,305.1397210984003,366.70589919317337,205.88960697537377,,149.0484313047249,-325.69989250888466,358.1841074848217,1472.2693633721683,-51.34814240453237,1473.1645223981895,0.4475641127434387,-912.9972069420728,77.72525210313114,916.2996860735692,1086.3774803487595,119.18408799452229,1092.895638494365,-0.9812027522782397,0.12234861165773663,0.13851683141373614,0.09346267957704361
330,11.006128361313326,False,False,399.2117614746094,818.3473510742188,710.8051452636719,903.272216796875,343.0658772786458,825.8160807291666,666.543212890625,884.8774820963541,533.4222005208334,888.2462768554688,744.5290120442709,902.0651652018229,286.047373453776,325.2143923441569,384.33864339192706,221.6312846740087,,149.04843130472318,-325.69989250888807,358.1841074848241,1472.269363372165,-51.34814240453237,1473.1645223981861,0.4475641127434314,-912.9972069420728,77.72525210313114,916.2996860735692,1086.3774803487595,119.18408799451889,1092.8956384943644,-0.9812027522782404,0.12984994435470903,0.14762963994166275,0.10060854478299637
331,11.039480265438518,True,False,368.7615661621094,820.9396362304688,747.0379028320312,907.2472330729166,348.03692626953125,814.953369140625,715.6461995442709,883.1649237738716,536.0497436523438,885.4739990234375,780.2482638888889,899.0788845486111,302.5721130371094,345.28906358991355,401.9713875906808,237.3729623726436,,149.0484313047249,-325.69989250888466,358.1841074848217,1472.2693633721683,-51.34814240452896,1473.1645223981893,0.44756411274343666,-912.9972069420728,77.72525210313114,916.2996860735692,1086.3774803487595,119.18408799451889,1092.8956384943644,-0.9812027522782404,0.1373512770516815,0.15674244846958935,0.1077544099889491
332,11.07283216956371,False,False,379.398188273112,822.9587198893229,783.2706604003906,911.2222493489584,349.1224873860677,822.0337320963541,764.7491861979167,881.4523654513889,505.54901631673175,882.8911641438802,815.967515733507,896.0926038953993,319.0968526204427,365.36373483567013,419.6041317894345,253.11464007127853,,32.54869984219209,212.2926154126557,214.77330471956438,1472.2693633721683,-51.34814240453237,1473.1645223981895,0.11700392495505525,318.9209848731964,60.53878217193128,324.6159865739057,1086.3774803487595,119.18408799452229,1092.895638494365,0.9969344755345286,0.14485260974865388,0.16585525699751594,0.11490027519490185
333,11.106184073688903,False,True,390.03481038411456,824.9778035481771,819.50341796875,915.197265625,350.2080485026042,829.1140950520834,813.8521728515625,879.7398071289062,475.0482889811198,880.3083292643229,851.686767578125,893.1063232421875,335.621592203776,385.4384060814267,437.2368759881882,268.85631776991346,,32.5486998421938,212.2926154126591,214.77330471956802,1472.269363372165,-51.34814240453237,1473.1645223981861,0.1170039249550606,318.9209848731947,60.53878217193469,324.61598657390465,1086.3774803487595,119.18408799451889,1092.8956384943644,0.9969344755345274,0.1523539424456263,0.1749680655254425,0.1220461404008546
334,11.139535977814095,False,False,400.6714324951172,826.9968872070312,820.335205078125,915.6484680175781,351.2936096191406,836.1944580078125,814.4892272949219,879.8078918457031,444.5475616455078,877.7254943847656,853.9107360839844,892.808349609375,352.1463317871094,405.51307732718334,454.869620186942,284.5979954685484,,32.54869984219209,212.2926154126557,214.77330471956438,19.100991684555268,2.0414041891373795,19.209768723149093,0.2557325643320672,318.9209848731964,60.53878217193128,324.6159865739057,24.93971877146052,13.528534709276629,28.372712661633937,0.9525055147154539,0.15985527514259876,0.18408087405336912,0.12919200560680735
335,11.172887881939287,False,True,411.3080546061198,829.0159708658854,821.1669921875,916.0996704101562,352.37917073567706,843.2748209635416,815.1262817382812,879.8759765625,414.0468343098958,875.1426595052084,856.1347045898438,892.5103759765625,368.6710713704427,425.58774857294,472.50236438569567,300.33967316718326,,32.54869984219209,212.2926154126557,214.77330471956438,19.100991684555268,2.0414041891373795,19.209768723149093,0.2557325643320672,318.9209848731964,60.53878217193128,324.6159865739057,24.93971877146052,13.528534709276629,28.372712661633937,0.9525055147154539,0.16735660783957115,0.1931936825812957,0.13633787081276008
336,11.206239786064478,False,True,421.9446767171224,831.0350545247396,825.431884765625,912.0977783203125,353.46473185221356,850.3551839192709,818.74072265625,877.012939453125,383.5461069742838,872.559824625651,858.66943359375,895.122802734375,385.195810953776,445.66241981869655,490.1351085844494,316.0813508658182,,32.5486998421938,212.2926154126591,214.77330471956802,108.37285044959793,-85.84328794626285,138.25246760906626,-0.49494933991472584,318.9209848731947,60.53878217193469,324.61598657390465,127.87553484550743,-119.98991346407044,175.35601428277187,0.5888293487164841,0.17485794053654358,0.2023064911092223,0.1434837360187128
337,11.23959169018967,True,True,432.581298828125,833.0541381835938,825.7230224609375,915.6311645507812,354.55029296875,857.435546875,819.7457275390625,879.8909301757812,353.0453796386719,869.9769897460938,860.0909423828125,897.051025390625,401.7205505371094,465.7370910644531,507.7678527832031,331.8230285644531,376.7619934082031,32.54869984219209,212.2926154126557,214.77330471956438,30.133358474528098,86.29164655346918,91.4016824673554,0.9831508090657854,318.9209848731964,60.53878217193128,324.6159865739057,8.729267577037474,105.94256379502649,106.30158482306261,0.2665409552011141,0.18235927323351603,0.2114192996371489,0.15062960122466557
338,11.272943594314862,True,True,436.95404052734375,821.059814453125,830.580810546875,914.5596923828125,359.1540832519531,843.21044921875,824.6195678710938,880.1095581054688,354.462646484375,868.5396728515625,862.0070190429688,898.5634765625,404.5791320800781,466.92578125,508.431640625,331.829345703125,381.2043762207031,138.03680491290797,-426.51530787728757,448.2961826340055,146.13379535202796,6.555185840869649,146.28074584646035,0.2649698615032509,131.10920692278737,-359.6293538577608,382.7830930123127,145.65249611245545,-32.126266732681934,149.15343320878765,0.5368383226373171,0.18365691372504064,0.21195890030743153,0.1506324688619213
339,11.306295498440054,False,True,439.1980285644531,821.1581115722656,828.8615112304688,917.08935546875,362.5260772705078,833.11279296875,823.957275390625,882.113037109375,352.33277893066406,872.3507080078125,865.757080078125,900.095947265625,402.7869110107422,465.30918884277344,512.8189392089844,329.96128845214844,,101.1034933986782,-302.7610121478154,319.1960946725166,-19.85771121141166,60.070903189990574,63.26801802346146,-0.9999954025061348,67.28215662548662,2.9472715792073063,67.34667779436575,-51.550259617938906,75.84763605825893,91.70765051130141,-0.5253822937354593,0.1828433428702738,0.2112250553097024,0.14978447250676544
340,11.339647402565246,True,True,441.4420166015625,821.2564086914062,830.9002075195312,916.7501220703125,365.8980712890625,823.01513671875,825.79248046875,882.242919921875,350.2029113769531,876.1617431640625,866.82373046875,900.7623291015625,400.99468994140625,463.6925964355469,517.2062377929688,328.0932312011719,379.6116943359375,101.1034933986782,-302.7610121478154,319.1960946725166,55.0254963325708,3.8943147597349563,55.16313020572394,0.24899245505951606,67.28215662548662,2.9472715792073063,67.34667779436575,61.12683346083976,-10.171335260623538,61.96729645493051,0.9783087159145396,0.1820297720155069,0.21049121031197324,0.14893647615160954
341,11.372999306690438,True,True,424.265869140625,838.5352783203125,834.816650390625,920.51611328125,349.72076416015625,836.1116333007812,829.2805786132812,885.5673217773438,347.571044921875,925.7572631835938,868.3472290039062,901.0152587890625,418.65594482421875,482.1031799316406,521.3635864257812,348.8593444824219,395.0484313964844,-485.04898155685646,392.6761282615643,624.0729574463519,104.58467772748733,99.67652350492664,144.47617157645954,-0.12852293916436738,-514.9975064831076,518.0774556093454,730.4975576238922,117.42786428003429,112.91682768099919,162.9095248379008,-0.016599255067284484,0.19004702082320526,0.21884861354081922,0.15836316174384638
342,11.406351210815629,True,True,422.0956115722656,864.884765625,835.1572265625,921.9405517578125,353.6298522949219,851.2166748046875,831.3313598632812,887.06787109375,342.72796630859375,945.634033203125,872.3648681640625,901.9586181640625,416.9835205078125,479.044921875,531.4346313476562,351.1679992675781,390.8899230957031,117.20734504669403,452.8989243674656,467.8194068506587,61.48918041686773,44.99141370680635,76.19151275355486,0.7738651210506796,-65.07147418668971,790.0444666001777,792.7197209344474,10.211596033515535,42.70935989788271,43.91316563900378,0.950215997750498,0.18928783117639697,0.2174603307760369,0.1594111654076004
343,11.439703114940821,True,True,464.97265625,809.7117919921875,836.6798706054688,919.93115234375,373.33447265625,823.3221435546875,832.5846557617188,886.3531494140625,574.5066528320312,881.9931640625,877.0245361328125,903.3294677734375,387.7042236328125,463.555419921875,303.26934814453125,56.798553466796875,377.643798828125,590.8094568563032,-836.3699759178143,1023.997339316663,37.57794138928458,-21.429711389330986,43.25892057468066,0.9058074500255854,1227.2521541450476,-1579.1935113620082,2000.0,45.65388642439284,-60.24841659774165,75.59199063516182,0.999925639094467,0.17599662341574215,0.21042893963823137,0.025783452992562978
344,11.473055019066013,True,True,517.0582885742188,798.529541015625,840.4496459960938,921.6161499023438,404.1776123046875,813.267578125,836.3483276367188,887.4512939453125,587.0936889648438,858.1802978515625,882.228271484375,905.1016235351562,346.0235290527344,438.491455078125,298.8411560058594,136.14378356933594,343.3747253417969,924.7789731183761,-301.4690073450086,972.6765708659087,112.84728634600393,32.92599208512751,117.55267325946647,0.8258879448271778,1561.69891016437,-335.28073643376007,1597.284150748434,113.03028985914936,50.52177987406154,123.80749842915999,0.8069565456581327,0.15707585582909847,0.1990512632730427,0.061801870463860605
345,11.506406923191205,True,True,533.9341430664062,775.315185546875,845.6854248046875,921.4121704101562,423.36383056640625,799.41259765625,840.6530151367188,887.1633911132812,569.94873046875,900.2298583984375,884.3367919921875,905.75048828125,344.2864990234375,426.41583251953125,314.4365234375,50.542572021484375,331.13726806640625,575.2660534672953,-415.4179748401481,709.579541765493,129.0687177512157,-8.63227571507039,129.35706430637632,0.847974672196263,505.99373363635203,-696.0428820378911,860.5262065241645,156.98590368155251,-6.115977409320594,157.10499398295715,0.6190474954464755,0.15628733870368913,0.19356958763886578,0.02294357779025076
346,11.539758827316398,True,True,436.4515380859375,888.832275390625,849.4814453125,918.9428100585938,387.1186218261719,853.4198608398438,843.9517822265625,886.0903930664062,335.9317321777344,982.4007568359375,887.439697265625,907.1207275390625,414.1260070800781,457.9998779296875,556.6220092773438,338.2400207519531,374.8155517578125,-1086.7508075155763,1619.3157362430804,1950.1822405304144,98.90790874971579,-32.1720176109683,104.00871660780436,-0.7867683343251374,-775.8186885058169,973.2543162066888,1244.6359312866696,113.81720496567476,-74.039561348382,135.78001616901966,-0.9488992968079769,0.187990675551075,0.2079070258383049,0.15354256654369908
347,11.57311073144159,False,True,482.18408203125,840.2349548339844,853.5048828125,913.7265625,412.88270568847656,818.7211608886719,847.599609375,882.1092529296875,459.29356384277344,976.3235168457031,889.526611328125,908.6925048828125,381.75726318359375,439.89881896972656,435.2138977050781,256.0750961303711,,772.4921421456157,-1040.3813773547847,1295.8153880948323,109.37387966650348,-119.36770151937594,161.8990232191708,0.9946954445836957,-775.8186885058169,973.2543162066888,1244.6359312866696,120.63591586547385,-156.40029243948712,197.51981083389782,-0.9998722910582262,0.17329702693252014,0.19969012990833038,0.11624416117398374
348,11.606462635566782,True,True,527.9166259765625,791.6376342773438,853.4930419921875,918.414306640625,438.64678955078125,784.0224609375,848.09130859375,885.3563232421875,582.6553955078125,970.2462768554688,890.4876708984375,909.3088989257812,349.3885192871094,421.7977600097656,313.8057861328125,173.91017150878906,333.7657470703125,772.4921421456157,-1040.3813773547847,1295.8153880948323,14.742763018996621,97.35786899337391,98.46778009260315,-0.704572241178233,1370.6322789831618,-1456.4913840497363,2000.0,-0.355026815502153,140.5540182362235,140.5544666184194,-0.7299744106585625,0.15860337831396526,0.19147323397835583,0.0789457558042684
349,11.639814539691972,True,True,565.5179443359375,843.67431640625,854.8197631835938,921.7620849609375,466.5943603515625,808.432373046875,848.1486206054688,888.4783325195312,601.06689453125,990.5970458984375,892.4112548828125,912.8001708984375,299.65521240234375,389.8602600097656,301.5524597167969,234.09945678710938,285.8843994140625,837.9602764470482,731.8896101928199,1112.582503193094,1.7184029884356786,93.60812700902386,93.62389839655368,0.6715425677012806,1127.4114430837958,1560.2312219889436,1924.9358503766819,39.77947365242422,100.37742696027367,107.9723777974209,0.9693029513392029,0.1360271628654915,0.17697534662579578,0.10626841655718233
350,11.673166443817165,True,False,577.69677734375,847.39697265625,724.5115152994791,916.857666015625,489.366943359375,797.6375732421875,702.1717732747396,863.5281778971354,606.419677734375,982.5419311523438,731.7632649739584,908.1216430664062,235.36113739013672,284.1589940388997,276.9844665527344,157.36679164568585,,682.7970877564242,-323.66367341928753,755.6255928301537,-1971.4117033873745,-336.9508776448372,2000.0,-0.8185372643790846,365.1615500601474,111.61750273766657,381.8395272358829,-1998.5849546157156,-75.2208557354776,2000.0,-0.9666395063365549,0.1068411509057569,0.12899272284282584,0.07143596143445609
351,11.706518347942357,True,False,597.823974609375,870.092041015625,594.2032674153645,911.9532470703125,505.63037109375,808.26806640625,556.1949259440105,838.5780232747396,628.1533203125,990.0726318359375,571.1152750651042,903.443115234375,171.0670623779297,178.45772806803384,252.41647338867188,80.6341265042623,,487.6311611273386,318.7372188454123,582.5612105004114,-1971.411703387374,-336.9508776448386,2000.0,-0.9172603192491271,603.4797050889277,680.4729431394771,909.5225015353503,-1998.5849546157156,-75.2208557354776,2000.0,-0.6911820291931253,0.07765513894602231,0.08101009905985591,0.03660350631172983
352,11.739870252067549,True,True,570.6159057617188,903.7136840820312,463.89501953125,907.048828125,482.8877868652344,817.1797485351562,410.21807861328125,813.6278686523438,636.521240234375,927.3046875,410.46728515625,898.7645874023438,106.77298736572266,72.75646209716797,227.84848022460938,3.901461362838745,324.0417785644531,-681.8976254893144,267.201599508525,732.380411007749,-1945.6164531870725,-463.2241500266083,2000.0,0.821251489138896,-815.7875707943467,1008.0876624075747,1296.8230780491647,-1895.4422645847797,-70.90288113306916,1896.7679343892462,0.5995684406853133,0.048469126986287726,0.03302747527688598,0.0017710511890035704
353,11.773222156192741,True,True,576.6676025390625,880.75634765625,467.7700500488281,907.2237548828125,494.78948974609375,795.0993041992188,423.7623291015625,807.0476684570312,619.636962890625,915.109619140625,421.32354736328125,894.5791015625,112.06784057617188,72.02513885498047,199.37330627441406,8.14271068572998,290.2827453613281,356.85227554577875,-662.0444893657314,752.0947097684788,-1945.6164531870718,-463.2241500266115,2000.0,-0.2576953792841623,181.4498133188349,-688.3366040993367,711.8506270956337,-1895.4422645847797,-70.90288113306916,1896.7679343892462,-0.21857444902987502,0.05087270226279446,0.032695494314583254,0.003696347624773393
354,11.806574060317933,True,True,578.6748046875,912.956298828125,462.1082763671875,916.2587890625,500.88873291015625,812.5463256835938,422.3807678222656,808.3240966796875,628.6661376953125,898.6937255859375,435.408447265625,886.256591796875,116.6133041381836,78.62142181396484,193.657470703125,6.614384651184082,346.95721435546875,182.87541068623787,523.1192023965023,554.1634377596674,-41.423760218036,38.2715247041058,56.397141007131935,0.3982046305579584,60.1825353330093,965.4606540906075,967.3345916259651,-169.7586338815385,270.9001005091944,319.6949455859724,0.81269288412375,0.05293609541151343,0.035689847889063625,0.00300257075786674
355,11.839925964443124,True,True,559.4595947265625,893.0586547851562,461.30084228515625,917.1688842773438,490.8194580078125,799.7305908203125,428.8946228027344,811.375244140625,634.146484375,871.4815673828125,452.016357421875,874.690673828125,101.07642364501953,63.01018142700195,182.15838623046875,8.606851577758789,391.7037353515625,-301.91004581168914,-384.2579666568741,488.6756190984891,195.3068393342076,91.4834562214053,215.67100930104576,-0.893021331900082,-576.1353201547362,-596.5969429595277,829.3731485154642,-24.209534754010217,27.287653845116512,36.47900252715979,-0.07707108016132426,0.04588319699428979,0.02860319412580965,0.003907042336893954
356,11.873277868568316,True,True,609.0867919921875,907.648193359375,463.63409423828125,922.5742797851562,529.4795532226562,800.7098388671875,440.01129150390625,809.213134765625,649.0997314453125,868.5049438476562,464.75811767578125,875.109375,146.21652221679688,89.87144470214844,184.4598846435547,2.1143009662628174,378.56884765625,1159.1570625091351,29.361083649054343,1159.5288563885997,333.3143636850123,-64.82716449664055,339.56004814379907,0.9764575240252679,1487.9869251045184,437.44244764720173,1550.9548621044955,69.95858300523868,162.0715713118643,176.52591187584213,0.6391703671102181,0.06637434577478558,0.040796746191892844,0.0009597776043299316
357,11.906629772693508,True,True,614.1517333984375,884.6336059570312,463.73077392578125,915.8693237304688,541.867919921875,785.1439208984375,453.07159423828125,803.3917846679688,662.3250732421875,870.1222534179688,477.95660400390625,879.7391967773438,153.62986755371094,90.65193176269531,184.61912536621094,6.4935808181762695,340.72412109375,371.4440606664304,-466.71751964507774,596.4863228507594,391.5909174286118,-174.543260732726,428.7292811084802,0.8873245050194731,151.86363534861167,-690.0531770526409,706.5663103359368,2.8987756482237645,-201.03667933079132,201.05757716786042,0.9796263397140552,0.06973960121432238,0.0411510448528381,0.0029477323903456523
358,11.9399816768187,True,True,625.455078125,892.5064086914062,462.1729431152344,903.9109497070312,556.1320190429688,783.3706665039062,463.5024719238281,790.8128662109375,678.6082763671875,875.0039672851562,497.14935302734375,883.800537109375,163.679931640625,92.92803955078125,181.67201232910156,1.6187410354614258,358.911376953125,427.68470032628693,-53.16801067414459,430.9768442181457,312.75208894799067,-377.157430346831,489.96081109325115,0.728408357146343,338.9115261345656,236.05257153603975,413.01554338261593,-46.7089016776763,-358.55146316533416,361.58107421978934,-0.672747551353865,0.07430178350843086,0.042184273950731,0.0007348203580457507
359,11.973333580943892,True,True,622.14599609375,899.53515625,467.6629638671875,898.3385009765625,562.141845703125,782.83935546875,466.9302673339844,786.2617797851562,694.8121337890625,892.4475708007812,515.9822387695312,899.904296875,154.4876708984375,95.2730712890625,178.98529052734375,4.333591461181641,316.33795166015625,180.1944092186572,-15.930455819310525,180.89722091915039,102.77660301761038,-136.4565695768971,170.83157058498887,0.6696312278786564,-99.21718468693157,210.7450157031569,232.93241805494685,164.60891502162582,-167.08037746665497,234.5462586335513,-0.9434405375308877,0.07012899726168034,0.04324879077201569,0.001967214742425911
360,12.006685485069085,True,True,615.1260986328125,891.84228515625,475.8061828613281,887.4637451171875,567.8955078125,775.9557495117188,486.1669006347656,777.1328735351562,709.8697509765625,911.2808837890625,506.927490234375,908.3165283203125,139.38870239257812,81.7370834350586,202.9639129638672,7.192022800445557,265.7557373046875,172.51375177194308,-206.39319216055833,268.996550759776,576.7776624858766,-273.7146945413712,638.4294839295471,0.9083450031898337,-210.479660609096,-230.65762796851217,312.2573119563108,244.16054218594846,-326.0610194414928,407.34525744110715,0.18725064515485082,0.06327488706088814,0.03710418874890901,0.0032647870496408027
361,12.040037389194277,True,False,620.7001953125,886.6522216796875,674.9990386962891,906.5510864257812,583.6387329101562,767.5386962890625,677.6735076904297,833.4856567382812,719.3880615234375,919.5208740234375,707.4147338867188,907.273193359375,202.00608825683594,197.63653182983398,193.37213897705078,93.74368596076965,,472.0337717019528,-252.3709948032186,535.263487121191,1918.6569178684192,564.5844756801939,2000.0,0.712906946070395,167.12978841520425,-155.6152073680932,228.3603707737522,1990.880624866373,190.77299651236416,2000.0,0.6635307982839475,0.0916997733723338,0.08971623249219825,0.042554533043381707
362,12.073389293319467,True,True,613.3479614257812,881.073486328125,874.19189453125,925.638427734375,584.2554931640625,758.9844360351562,869.1801147460938,889.8384399414062,724.637451171875,919.9898071289062,907.9019775390625,906.2298583984375,264.62347412109375,313.5359802246094,183.78036499023438,180.29534912109375,263.4059143066406,18.49250500334668,-256.48491377872807,257.1507023855474,1918.6569178684192,564.5844756801939,2000.0,-0.2125730688586783,-220.4442018998652,-167.26887108519477,276.7210172454995,1990.880624866373,190.77299651236416,2000.0,-0.850655434400076,0.12012465968377946,0.1423282762354875,0.08184427903712262
363,12.10674119744466,True,True,608.7205200195312,864.343994140625,883.9400024414062,922.126953125,592.444580078125,746.02783203125,873.5308227539062,887.3944091796875,712.12353515625,916.7627563476562,907.7757568359375,903.9638671875,281.21990966796875,314.6330871582031,196.07040405273438,171.56961059570312,264.0185241699219,245.53581358723642,-388.48168774027084,459.57138451330434,130.44856424033233,-73.28009676882841,149.62219252107278,0.8798129962312531,-138.74594352634657,-501.60530939112436,520.4405088522432,292.28040094997607,-105.28558118283436,310.6652320174982,0.07582184799813055,0.1276585384473839,0.14282630309222188,0.07788326849437485
364,12.140093101569851,True,True,620.2119140625,853.8168334960938,885.9219360351562,918.3082275390625,605.2262573242188,740.8153076171875,873.875732421875,884.3193969726562,697.720947265625,913.2380981445312,907.8170166015625,901.908935546875,273.42449951171875,304.5750427246094,210.40130615234375,176.81976318359375,246.15176391601562,383.2368070535225,-156.2886602964684,413.8799289864679,10.341528527848796,-92.19899995780396,92.77716747945826,0.478478615738971,344.54986437457654,-315.63896936786,467.27140724010064,59.42490078858717,-114.4979780345758,129.00041010686607,0.9392261599698202,0.12411984636715487,0.13826049815491354,0.08026655212030018
365,12.173445005695044,True,True,619.1060791015625,853.90478515625,883.2786865234375,916.1909790039062,611.8785400390625,739.3426513671875,870.5562133789062,882.53271484375,684.2883911132812,910.071533203125,907.5233764648438,899.7235717773438,271.4161682128906,295.66455078125,223.47470092773438,191.83399963378906,243.95689392089844,199.45735901234616,-44.15508765173169,204.28634273908781,-99.53012069441029,-53.57061840306456,113.0312172876619,-0.7572994287880075,-33.156576511690766,2.637080624425786,33.26128019477491,-79.25333143789557,-63.48208867502157,101.54341990768397,0.7284642141314063,0.12320817322626935,0.13421561961242529,0.0870821985779012
366,12.206796909820236,True,True,635.135986328125,870.8563232421875,863.9135131835938,912.6337280273438,628.354248046875,748.5675048828125,860.9508056640625,879.4329833984375,683.8390502929688,910.5982666015625,907.2376708984375,899.280029296875,232.56076049804688,266.8837585449219,223.68515014648438,173.0771942138672,220.29884338378906,493.99602331453696,276.59150976801754,566.1580471267081,-288.0017788126357,-92.940164186043,302.6266655768638,-0.9804106715844935,480.6294467143941,508.2629771993555,699.5254956329591,-580.6317164727196,-106.65810753142516,590.3466287497895,-0.8070443522717616,0.10556993215894733,0.12115070583521292,0.0785676294327923
367,12.240148813945428,True,True,631.7127685546875,858.9055786132812,862.4979248046875,912.8009033203125,633.5066528320312,742.581298828125,859.0062255859375,879.1842041015625,688.0748291015625,908.7376708984375,906.80322265625,897.40380859375,236.99472045898438,263.6482849121094,219.02183532714844,170.36074829101562,228.89210510253906,154.48607569198583,-179.48618562278435,236.81477659159398,-58.304919288137086,-7.459223195808121,58.7801294986755,-0.5508957523671048,-102.6393503827513,-358.3227087739024,372.73314833813754,-42.44400480382183,5.012466225053593,42.738956017246764,0.16072243195381616,0.1075827087394384,0.11968197684074892,0.07733451077952191
368,12.273500718070618,True,True,645.1597900390625,853.1944580078125,862.0252075195312,913.8935546875,645.3151245117188,737.5599365234375,858.0458984375,879.359619140625,695.6695556640625,910.1253662109375,905.8729858398438,894.8583984375,225.19989013671875,255.6590118408203,210.75711059570312,155.98492431640625,218.18447875976562,354.05689688248214,-150.55699026475324,384.73847422324894,-28.79377275830348,5.259520967799936,29.27018808391136,-0.9755912393364004,403.1860200215069,-171.23821728531937,438.04279905031797,-14.173622093114304,32.76128892329661,35.69584871037716,-0.7242496066034927,0.10222849750328132,0.1160552815447367,0.07080866885125206
369,12.30685262219581,True,True,653.9459228515625,857.2139282226562,858.0703125,905.09375,655.1138305664062,742.6868896484375,853.5383911132812,870.7991333007812,703.6309814453125,912.6990966796875,904.1241455078125,893.6583251953125,209.6645965576172,236.1885986328125,201.39527893066406,128.5560302734375,193.26051330566406,293.79750007395177,153.72295104216934,331.5836496674962,-135.14992449303867,-256.6715773621364,290.0789560034323,-0.8230250145770486,263.4372172431233,120.5169635819293,289.6955400757986,-118.58078641285056,-263.84714511256914,289.2692843879958,-0.7522271234571001,0.09517631945870163,0.10721677328962924,0.05835744330008912
370,12.340204526321003,True,True,662.2705078125,864.3027954101562,859.931396484375,900.5261840820312,667.0316162109375,749.8253784179688,852.018310546875,869.0535278320312,711.6486206054688,915.9700927734375,899.999267578125,891.6571655273438,200.95263671875,220.08050537109375,189.91336059570312,71.4035415649414,171.73764038085938,357.334489802917,214.0354188695119,416.5322294053107,-45.57702494887175,-52.33900475959575,69.40199292826586,-0.9508954309110615,249.59849157906518,212.54760030763947,327.8351558254251,55.80143122830747,-136.95067906238978,147.88268398557423,-0.31312350064621164,0.09122156368996821,0.09990457535388192,0.032413322964614
371,12.373556430446195,True,True,665.959716796875,862.8980712890625,855.635498046875,901.4255981445312,673.8072509765625,749.4189453125,847.2750854492188,869.0003662109375,714.2787475585938,919.4688720703125,895.2991943359375,889.8726806640625,193.5491485595703,210.69125366210938,183.42391967773438,48.15541076660156,154.40432739257812,203.1558600130155,-12.18620394035483,203.5210235432789,-142.21752017071555,-1.5939605994967796,142.22645237050887,-0.9974720277011091,110.61464348562956,-42.118258550422944,118.36193246467889,-128.80519269228625,26.96739769711199,131.59794148485452,-0.9876332783305365,0.08786078287281598,0.09564236592604043,0.021859936460601075
372,12.406908334571387,True,True,672.2115478515625,865.5013427734375,845.466552734375,911.4850463867188,681.1965942382812,749.7508544921875,840.627197265625,876.2727661132812,711.6361083984375,919.5029296875,889.55615234375,887.239990234375,179.25344848632812,203.53355407714844,180.82156372070312,38.33879089355469,150.39743041992188,221.55686325978945,9.95173104484901,221.78025297195884,-199.32559648288145,218.05051594792283,295.42633755034745,-0.6409058034304459,187.45049851487386,78.05465842679294,203.05225705615302,-304.8984931813541,301.61541015552496,428.8763770453507,-0.3859579788109861,0.0813713128364058,0.0923931597487808,0.01740372513841443
373,12.44026023869658,True,True,681.0922241210938,854.627685546875,848.615234375,911.903564453125,687.2470703125,750.042724609375,842.3060302734375,879.8289794921875,707.2755126953125,917.6710205078125,888.0254516601562,895.1895141601562,177.04373168945312,202.2071990966797,182.1427001953125,37.658390045166016,125.56053161621094,181.4132126162058,8.751227998614926,181.62416607713973,50.33694632578464,106.62699693419043,117.9115119087563,0.4699804673610344,266.2719416617462,-326.0280788091266,420.9454300598671,94.40785236146942,12.5485508963828,95.23816838381615,0.5249923808539191,0.08036822163633839,0.09179106675163504,0.01709486017232362
374,12.47361214282177,True,True,657.8457641601562,847.7724609375,516.32470703125,922.0794677734375,679.52880859375,743.4878540039062,527.9943237304688,842.388427734375,693.5961303710938,917.7008666992188,479.2574462890625,979.113037109375,159.84286499023438,180.95309448242188,222.9630584716797,21.304248809814453,109.52730560302734,-231.4189225831972,-196.53662294254494,303.6138367848671,-1990.4395651026155,-195.3211099004513,2000.0,0.8217891785543895,-697.0054805170362,-205.54222582443205,726.6802917842525,-1996.3107654762623,121.4220984738752,2000.0,0.9402224002067323,0.07255996401530747,0.08214285964472196,0.009670969843463058
375,12.506964046946962,True,True,680.0970458984375,862.73876953125,524.9715576171875,931.588623046875,689.5900268554688,751.8518676757812,530.1572875976562,849.1979370117188,671.7761840820312,914.9655151367188,486.62237548828125,963.40771484375,169.7180633544922,186.80218505859375,191.38595581054688,29.268735885620117,117.09727478027344,301.66848117433716,250.78069427398472,392.29431445608947,-1990.4395651026155,-195.3211099004513,2000.0,-0.8277403217780049,667.1667576986722,448.7392545136697,804.0388057299491,-1996.3107654762623,121.4220984738752,2000.0,-0.7943555149146122,0.0770427667853801,0.08479802853046005,0.013286413646076002
376,12.540315951072154,True,True,675.7301025390625,848.47412109375,522.7779541015625,919.1604614257812,688.4678344726562,740.3576049804688,527.87646484375,842.1385498046875,666.0377197265625,911.8858642578125,491.43359375,964.4780883789062,168.4960479736328,190.12876892089844,182.35279846191406,52.34357452392578,122.24159240722656,-33.64702592692054,-344.63587602575495,346.2744711897867,-68.38658282731936,-211.663693339147,222.43705579054554,0.9769375772665352,-130.9353535852992,-427.70117064247,447.2944870970875,-65.77146262447103,-372.63724357213863,378.3971466499233,0.9925215625458772,0.0764880382895744,0.08630811661201113,0.023761134937869525
377,12.573667855197346,True,True,677.4361572265625,858.4353637695312,527.6719360351562,916.1194458007812,689.70556640625,748.9982299804688,533.6180419921875,844.9677734375,658.555419921875,906.0296630859375,495.794921875,958.4859008789062,160.4891815185547,183.2306365966797,171.00479125976562,35.540130615234375,132.85195922851562,37.111282430763715,259.07441348973606,261.7189313150783,172.1514048159151,84.82944848343712,191.9170172498968,0.5647391930701581,51.1531419944133,298.67088362901484,303.01970342477256,146.7377069454079,-91.17967038958388,172.75904298169044,-0.3768260999717968,0.07285335655453833,0.08317673984865843,0.016133285640859134
378,12.607019759322538,True,True,668.269775390625,839.762451171875,522.31640625,914.150146484375,682.7599487304688,730.3255615234375,531.3181762695312,842.2295532226562,646.1038208007812,901.67431640625,498.90216064453125,963.050048828125,163.81671142578125,188.30059814453125,159.48451232910156,51.55160140991211,131.4091339111328,-208.252507854116,-559.868137871238,597.3453262819893,-68.95755378833313,-82.1008661024386,107.21798561454794,0.9419181428691343,-274.8383361120842,-559.8754580117638,623.6959511498702,-160.57643260946605,-59.046083516376115,171.08837099056515,0.7233913680433791,0.07436387408901177,0.08547822654619465,0.023401622233580634
379,12.64037166344773,True,True,672.4182739257812,843.8521728515625,516.932861328125,920.3202514648438,686.52978515625,734.7272338867188,530.0039672851562,843.2747802734375,637.220947265625,895.2042236328125,499.34375,965.570068359375,173.27169799804688,190.480712890625,154.79493713378906,41.85490417480469,123.95925903320312,113.03211989428083,131.97664357509674,173.76448019415014,-39.404316450476074,31.339351626156546,50.34734466957657,-0.03633629406823722,124.3856578498239,122.62333401823332,174.66617853631732,-161.4164187348036,185.00008147385643,245.5204479926325,0.060801980988637934,0.07865592356829708,0.0864678800257883,0.018999849264297885
380,12.673723567572923,True,True,668.1397705078125,839.7606811523438,519.8485717773438,930.7138671875,689.0709228515625,729.60693359375,528.3870849609375,850.4468994140625,619.05712890625,890.72412109375,500.10455322265625,966.8833618164062,173.9619598388672,201.0512237548828,141.24427795410156,51.63022232055664,125.41738891601562,76.19168266297235,-153.52347721284082,171.3902872467887,-48.479460667358424,215.04376822694326,220.44065042510024,-0.9715895109843381,-128.28363267982178,-122.6764050370455,177.4998331445545,87.42260826470799,311.6348525002378,323.6649405305579,-0.8606566774148764,0.07896926488843747,0.09126631684047393,0.023437311849426587
381,12.707075471698113,True,True,662.744140625,840.3193359375,523.2643432617188,929.9967041015625,686.188232421875,729.93359375,529.603515625,852.3403930664062,610.0111694335938,884.4597778320312,496.4674072265625,965.2294921875,165.8211212158203,198.75160217285156,139.341064453125,51.99205017089844,131.23716735839844,-86.43255925859117,9.794348023543932,86.98572614628318,36.47260016988613,56.773179883109755,67.47921544588613,-0.44233116895282304,-161.7787656908316,16.750311558202096,162.64360413414917,102.41608609671387,-21.502912794589164,104.6490800247246,-0.9946197208576106,0.0752737670782675,0.09022241375946241,0.023601562007243396
382,12.740427375823305,True,True,669.4298706054688,841.4559936523438,521.7129516601562,905.968017578125,691.0272216796875,729.6351928710938,531.382080078125,837.7679443359375,605.2347412109375,881.217529296875,487.2481994628906,959.4763793945312,161.18960571289062,192.81924438476562,141.58132934570312,82.15840148925781,173.85536193847656,145.0888452919675,-8.947041757680546,145.3644474566259,53.327223730581125,-436.93003781039454,440.17229664280813,0.1820167744212937,200.46021826438317,34.08074425307523,203.33665738240035,-46.51583297130786,-720.4592107617557,721.9592766136235,-0.2307777842559661,0.07317131103026404,0.0875294460898968,0.03729544422254909
383,12.773779279948497,True,True,675.7007446289062,842.966064453125,511.76507568359375,923.2159423828125,696.4210205078125,731.9136352539062,521.2094116210938,848.8453979492188,604.4725952148438,872.60498046875,489.22216796875,958.2137451171875,182.52381896972656,210.64697265625,143.567138671875,66.80101776123047,158.7245330810547,161.72386463688795,68.31521145719263,175.5607487724161,-305.0101253243729,332.13856611305283,450.94035486971495,-0.33646792716349966,188.02146947588764,45.276899187313234,193.39614935124814,-298.27010593522635,517.149627797698,596.9998271573526,-0.2829288801909762,0.08285588310237678,0.09562226475861008,0.030324027570682813
384,12.80713118407369,True,True,684.2615966796875,841.6157836914062,507.9400634765625,908.602783203125,704.0089111328125,733.4452514648438,520.0452270507812,841.0756225585938,606.8330078125,868.3126220703125,479.721435546875,956.5931396484375,188.61744689941406,213.13595581054688,154.76046752929688,67.27073669433594,183.50592041015625,227.5099675424106,45.922901588716634,232.09846665041903,-34.906090097361165,-232.96347223414472,235.56403486371642,-0.3409266662065765,256.68255757292513,-40.48586721316562,259.85580772070523,-114.6864716531156,-438.1506712430746,452.91168840183155,-0.09940466256725639,0.08562205864188435,0.09675212769069354,0.030537254409963528
385,12.840483088198882,True,True,677.67822265625,837.3057861328125,500.5914306640625,912.1685791015625,703.2928466796875,731.2163696289062,516.35595703125,842.7890625,617.594970703125,870.4560546875,472.38507080078125,957.27392578125,192.26068115234375,217.70132446289062,169.18409729003906,63.60932159423828,195.05319213867188,-21.469972162222984,-66.82922293045166,70.19333830310849,-110.61647352076102,51.37457624531928,121.96454935166754,-0.12362786802314091,-197.39124934893417,-129.22793080765223,235.93042071839835,-220.33622982710938,106.91431244982877,244.90554175241599,0.5135996102815773,0.08727588877254465,0.09882455666743212,0.028875171163867928
386,12.873834992324074,True,True,678.9764404296875,833.343017578125,496.07696533203125,906.5809326171875,703.761962890625,728.2113037109375,511.57421875,836.39599609375,626.548095703125,870.343994140625,475.56683349609375,943.6685791015625,197.01779174804688,220.54490661621094,167.8446807861328,48.998172760009766,149.0544891357422,14.065650020358495,-90.10177969715723,91.19305464283048,-143.37227233866327,-191.68519980905936,239.37172828341872,0.6988192824735963,38.92484724603502,-118.81686094480817,125.0303570254242,-135.35854849802448,-167.53605621438712,215.38399843851522,0.5435406039973603,0.08943535815932112,0.10011538825213938,0.022242504552826548
387,12.907186896449264,True,True,682.8531494140625,831.6361083984375,491.83624267578125,911.741943359375,710.0716552734375,732.34326171875,511.17950439453125,836.9249267578125,635.7454223632812,872.392578125,475.99639892578125,933.439697265625,207.13377380371094,224.7118377685547,171.01608276367188,39.29253387451172,135.702880859375,189.18537181949264,123.88971832919975,226.14103391062875,-11.834837195115584,15.859084449183802,19.78822708079819,-0.0612748270401396,116.23651140945748,-51.17876248625366,127.00469406390184,-127.15084093345149,154.7441106455209,200.28249082123256,-0.8923751241337798,0.09402746362479389,0.10200694828196491,0.01783667256076151
388,12.940538800574457,True,True,686.1319580078125,830.818359375,489.3323974609375,905.1871337890625,717.0152587890625,733.5260009765625,512.603759765625,832.283935546875,650.2578735351562,876.2032470703125,467.51641845703125,927.10498046875,210.38246154785156,227.01803588867188,189.6982421875,56.23786163330078,147.8115234375,208.192116694778,35.4624207773233,211.1907685985351,42.70386979248835,-139.15221132552944,145.55740589897377,0.12868854315020478,98.3094872617302,-24.518810691226008,101.32091276422885,-75.07353119765372,-196.5347929074135,210.38526542903378,-0.12017215466557134,0.09550219110685082,0.10305383675345281,0.025528929406135527
389,12.973890704699649,True,True,686.8770751953125,829.2838134765625,491.78106689453125,908.4286499023438,721.4067993164062,737.769775390625,510.15338134765625,832.1276245117188,660.8698120117188,876.07568359375,462.4893493652344,921.296630859375,210.5382537841797,231.36856079101562,203.46926879882812,48.31911087036133,117.53153991699219,131.6728577432753,127.24234269002422,183.10749640450655,-73.47042042249967,-4.6867199716547105,73.61975292780848,-0.7618812357014664,22.341068884795277,-46.01074327502645,51.147940873856875,73.41917943881894,97.19133579641156,121.80530227933563,-0.45450105426788534,0.0955729123058391,0.10502873835685593,0.021934247401154076
390,13.007242608824841,True,True,673.4822998046875,828.3240966796875,484.98431396484375,899.7578125,713.1739501953125,738.2301025390625,509.21539306640625,826.0938720703125,674.7315673828125,875.447265625,461.7100830078125,919.368408203125,201.57943725585938,222.07911682128906,217.50222778320312,23.459299087524414,141.3629913330078,-246.84794877648923,13.802124961429062,247.23351000341995,-28.12397990019117,-180.9117829901873,183.0847658056644,0.09820855472214969,-401.61950994898194,-28.775472406988936,402.64905138830983,-203.78905216849873,-259.980280879806,330.3327477409376,0.6715881913793716,0.09150609703101042,0.1008118362123232,0.01064924541811174
391,13.040594512950033,True,True,675.2142333984375,831.6668701171875,482.5826721191406,901.5891723632812,718.8724975585938,742.0559692382812,506.66552734375,826.3202514648438,675.281005859375,874.0284423828125,461.1804504394531,916.294677734375,204.9293670654297,228.3249053955078,218.23263549804688,36.662628173828125,110.00987243652344,170.86123004823978,114.71209214495596,205.79704569762507,-76.45337768677034,6.787600302564358,76.75409095014626,-0.777695679505599,51.929076890149965,100.22736407949441,112.88114783694678,-72.00913737003333,54.910204119289176,90.5563160756793,0.17258066668356595,0.09302678290241968,0.10364708440573,0.01664283845989681
392,13.073946417075225,True,True,674.1307983398438,828.5759887695312,483.194580078125,895.791259765625,717.3175048828125,740.963134765625,509.70654296875,822.12890625,680.838623046875,871.29443359375,470.03118896484375,913.075439453125,202.42166137695312,222.91297912597656,214.90794372558594,28.046777725219727,114.54821014404297,-46.623805044063666,-32.766779028690976,56.98632296175916,91.17967038958388,-125.67034251210488,155.2635413722839,-0.015069209427802108,-32.484953618447,-92.67480909198211,98.20332199996079,18.347017210396057,-173.84052724224753,174.80601234620386,0.9037723209713252,0.09188842095846955,0.1011903643300815,0.012731711125245432
393,13.107298321200416,True,True,681.1328735351562,846.5233154296875,483.4557800292969,895.93017578125,723.6776733398438,761.78271484375,509.5532531738281,821.617919921875,685.2802734375,874.24853515625,484.7837219238281,914.64404296875,203.75787353515625,222.32749938964844,204.5254669189453,42.78952407836914,108.36053466796875,190.69881087320542,624.2396236201464,652.7182731974619,-4.596133232647718,-15.32105412053621,15.995597521088369,-0.9999873002758862,209.9452903507113,538.120000369034,577.6245837372346,7.831635345059091,4.165159959190207,8.870347775798884,0.7583479459602992,0.0924949885779999,0.10092458838442227,0.0194241158499523
394,13.140650225325608,True,True,680.771484375,837.1878051757812,477.5545349121094,896.56201171875,723.4326171875,752.05078125,508.0113830566406,821.2941284179688,686.4676513671875,872.2100830078125,498.17071533203125,913.71240234375,211.71307373046875,226.27626037597656,192.81643676757812,31.421058654785156,111.07279205322266,-7.3475910527894035,-291.79544164014067,291.8879354414015,-46.23034749080097,-9.708336372365576,47.23872166178086,0.23008666777310957,-10.835638013341484,-279.90936346134436,280.1190154282482,-176.93877671979982,18.944523680815916,177.95006514354574,-0.0679176609783803,0.09610621664214719,0.10271711102902403,0.014263451080242885
395,13.1740021294508,True,True,674.1483764648438,837.635009765625,480.96240234375,895.210693359375,722.1949462890625,754.353271484375,510.7939147949219,819.6679077148438,686.4932250976562,872.4484252929688,505.64642333984375,913.2780151367188,201.58319091796875,221.26092529296875,185.39854431152344,52.62308883666992,98.34959411621094,-37.10945239563226,69.03624529898566,78.37802384651846,83.4294716078745,-48.75945604247095,96.6331272717943,-0.8532169963684094,-198.58260221951096,13.408667408166366,199.03477652394153,102.17909654719053,-40.51697781040035,109.91903048193501,-0.9523057889090966,0.09150780098937979,0.10044042177442396,0.023888019228111176
396,13.207354033575992,True,True,668.8406982421875,830.4065551757812,489.253173828125,894.383056640625,717.119384765625,746.2835693359375,518.4395751953125,818.404541015625,683.6815185546875,870.907958984375,516.4503173828125,913.288818359375,190.64279174804688,211.36485290527344,172.51785278320312,33.586978912353516,93.29634857177734,-152.18206146148472,-241.95626487011162,285.83599133167735,229.24209579433222,-37.87989718597456,232.35065116112284,-0.3872856184339544,-159.1416850664058,-216.7328906532757,268.88514614366454,248.58465211623945,-24.81527638252162,249.82018975593772,-0.5088640565124781,0.08654145500871227,0.09594814333341929,0.015246661034336159
397,13.240705937701184,True,True,685.45263671875,831.8665771484375,498.59173583984375,891.300048828125,725.8858642578125,741.476806640625,520.7317504882812,814.986083984375,685.3146362304688,862.345458984375,531.1066284179688,909.501953125,196.0850067138672,217.9261932373047,161.257080078125,55.67158889770508,97.99645233154297,262.84794593079505,-144.12258674255958,299.7671808077141,68.72696936176987,-102.49660764249786,123.40563559203368,0.8876504993550242,498.0806617279432,43.776270379520625,500.00070743518626,280.00086521791707,-92.4387345600245,294.8650609513457,0.9184960819787951,0.08901192450453628,0.09892663485641258,0.025271872393799164
398,13.274057841826377,True,True,676.333984375,834.4804077148438,497.6396484375,892.110595703125,724.4552001953125,750.5162353515625,523.5054321289062,816.5789794921875,693.8746337890625,851.8387451171875,541.845458984375,910.6937255859375,187.757568359375,211.53036499023438,163.0238494873047,40.67494583129883,75.405517578125,-42.89602348129106,271.0318630386591,274.40542926974666,83.16411651381361,47.76025686069685,95.90261941637938,0.3563258258297849,-273.4072486392869,78.37125450453455,284.4179620578127,-28.546718015557136,24.30286654571439,37.490591243651224,0.9105812616828548,0.08523172056876122,0.09602327681485182,0.01846421237522199
399,13.307409745951569,True,True,674.0947265625,820.012939453125,497.1955871582031,886.340087890625,725.3314208984375,741.7832641601562,526.9125366210938,811.728515625,713.7939453125,844.984619140625,546.720458984375,908.144775390625,188.92483520507812,210.38629150390625,178.61341857910156,44.899688720703125,73.57186889648438,26.27198434715932,-261.84325664362655,263.1579529698418,102.15622110804735,-145.43289189668093,177.72624892375336,0.8715929562513665,-67.14032890279891,-433.78237738429294,438.94757624840025,-13.314420598896465,-173.0188414682245,173.53038148661727,0.9970555439604343,0.08576159620835049,0.09550392969852035,0.02038201578826661
400,13.34076165007676,True,True,669.251953125,818.8580322265625,500.66925048828125,887.545654296875,723.034912109375,738.17138671875,533.66748046875,813.5557861328125,732.2579956054688,839.692138671875,545.8152465820312,904.037353515625,182.0387725830078,203.82058715820312,197.23388671875,35.0778923034668,48.1170768737793,-68.85690185610314,-108.29598897407685,128.33274781245197,202.53547810345248,54.787591765481736,209.8149186832413,-0.7382882586129954,-145.20230747011766,-34.6279247573801,149.27425520715005,104.15187441889836,36.146853916487245,110.24612461683107,-0.9950096877039644,0.08263569843308786,0.0925234571507562,0.015923454596662067
401,13.374113554201951,True,True,672.9708251953125,828.3179931640625,505.80010986328125,887.47900390625,723.5452880859375,739.5636596679688,540.5924072265625,813.4486083984375,740.5951538085938,843.5176391601562,541.4843139648438,899.3688354492188,177.33041381835938,197.30874633789062,206.79574584960938,28.10953140258789,37.30668258666992,15.302753769221667,41.74493138360625,44.461371651619366,207.63212594455297,-3.213541690833921,207.6569925970552,0.32960990472765234,111.5040405595164,283.64080509437986,304.770827632315,153.8400732905824,-1.9983983635482014,153.85305244313875,0.3537425889994558,0.0804983597251329,0.08956743571292629,0.012760197880484336
402,13.407465458327144,True,True,671.8587646484375,825.511474609375,503.14947509765625,893.3231201171875,719.5394287109375,735.8927612304688,539.1458129882812,819.3565063476562,744.9730224609375,840.5281372070312,536.0524291992188,895.722412109375,181.82749938964844,198.76632690429688,216.0884552001953,19.13270378112793,19.13270378112793,-120.10886574761497,-110.06563294619325,162.91280854194596,-43.37366265060066,177.13825054912834,182.37114470039901,-0.48088138452225543,-33.34324009509911,-84.14867541453607,90.51392839812209,-79.47476568880154,175.2258638367585,192.40670918299116,-0.6945012837190772,0.08253979189820129,0.09022909798639911,0.008685206549313266
403,13.440817362452336,True,True,687.0328979492188,833.9132080078125,509.3251647949219,892.0404052734375,729.1632690429688,739.89208984375,547.4951171875,816.088134765625,754.302490234375,842.597412109375,534.64990234375,890.89990234375,186.97274780273438,197.00038146972656,224.9008331298828,20.082645416259766,20.082645416259766,288.5544494223349,119.91305198854936,312.4784957699256,250.3396558073042,-97.9965512542515,268.83687865961895,0.7200169121776312,454.970524136272,251.91165598522355,520.0554395966373,185.16752968838452,-38.4600183226456,189.11950470609054,0.7580604940225532,0.08487545473636515,0.08942745484021773,0.009116428367478372
404,13.474169266577528,True,True,687.04833984375,830.482421875,518.5900268554688,890.869140625,727.025634765625,734.837158203125,553.7372436523438,817.2003784179688,762.6314697265625,843.806396484375,553.0889892578125,889.5936279296875,178.9546356201172,191.8660125732422,214.4866485595703,6.548210620880127,6.548210620880127,-64.09332040892734,-151.56350958705315,164.5583518372318,187.15952292897262,33.34873020049347,190.1074034039336,-0.5450152196564434,0.4629988882579624,-102.86627473905165,102.86731670778909,277.7910977966859,-35.118374172609876,280.00213252690656,0.12988593053928513,0.08123566805288106,0.08709673071066099,0.002972531348488685
405,13.50752117070272,True,True,688.3341064453125,825.3394775390625,525.1018676757812,881.8157958984375,730.8499145507812,731.9619140625,560.8440551757812,809.1319580078125,766.48828125,841.1971435546875,555.53173828125,888.6551513671875,172.7261962890625,186.7008514404297,216.22886657714844,19.213804244995117,19.213804244995117,114.66451123153814,-86.20929497255372,143.45728519539296,213.08563063628705,-241.9178341323511,322.3813339121108,0.9792633980194124,38.55152007921832,-154.2024202466104,158.9484385275005,195.2464481748696,-271.4491110486307,334.3737361306864,0.929197467377115,0.07840829547193749,0.0847520285811475,0.008722021747415399
406,13.54087307482791,True,True,699.1375122070312,837.5755615234375,526.72802734375,889.1370849609375,733.92529296875,739.7266845703125,559.0523071289062,814.5145263671875,768.12939453125,848.0738525390625,575.7354736328125,884.6282348632812,179.95449829101562,190.19406127929688,195.83575439453125,25.5561580657959,28.608154296875,92.2099801685927,232.81340935336547,250.40919315678084,-53.72251131897527,161.38713817270036,170.093846420121,0.7658368753775437,323.9217083728226,366.87812301345167,489.41274023163857,48.757626007339496,219.51637408821782,224.8660592146133,0.8753056170312439,0.08168955130519309,0.08633775579031386,0.011601105308872886
407,13.574224978953103,True,True,718.99560546875,845.5942993164062,540.48876953125,898.5072021484375,740.1934814453125,739.7349243164062,565.7203369140625,817.9200439453125,768.4891357421875,853.8253784179688,588.90185546875,884.453857421875,186.1839599609375,191.19046020507812,182.18038940429688,42.21764373779297,49.84992218017578,187.94094793010365,0.24705474274634356,187.94111031094778,199.9295080762614,102.10864019462953,224.49495005904296,0.8911717632643494,595.4110801943453,240.4281855353472,642.121535862189,412.5924005971825,280.946993380879,499.16300155390286,0.9771821576391563,0.0845173879723592,0.08679006669079725,0.019164513290051963
408,13.607576883078295,True,True,725.57861328125,844.3787841796875,539.98193359375,893.23291015625,734.7063598632812,740.2015380859375,568.728515625,820.2274169921875,762.1046142578125,858.552001953125,608.0169067382812,883.976806640625,191.91888427734375,184.2628173828125,156.1711883544922,46.429649353027344,57.5139045715332,-164.52198835288172,13.990618579968864,165.11578379984127,90.1951114888614,69.18264810950203,113.67232264685772,-0.7390431610226244,197.38026913814542,-36.445149642914316,200.71676456524787,-15.196611731597311,-158.14065584950026,158.86914124722585,0.08667757636093641,0.08712073158769276,0.08364529376693101,0.021076534673629837
409,13.640928787203487,True,True,736.1058349609375,834.3785400390625,551.5904541015625,893.1184692382812,753.8650512695312,727.8992919921875,579.4906005859375,815.79052734375,760.3450317382812,859.3724365234375,604.4889526367188,887.09912109375,193.63963317871094,195.27243041992188,158.3031463623047,47.71807098388672,63.86123275756836,574.4407076230093,-368.8618810959482,682.6721130235694,322.68277458882795,-133.03257384594593,349.0298536234708,0.9838832695427832,315.6407994029915,-299.8402760780142,435.354229801778,348.06170179183755,-3.4313158714769942,348.078614946164,0.731774791416323,0.0879018579668415,0.08864305907753103,0.02166140799392106
410,13.67428069132868,True,True,739.6510009765625,813.9022216796875,545.6411743164062,895.0701904296875,765.497802734375,716.9437255859375,579.3388671875,819.3028564453125,762.6672973632812,858.5511474609375,602.5979614257812,888.2266235351562,210.30465698242188,212.44419860839844,162.79689025878906,41.21092224121094,41.21092224121094,348.78822573902494,-328.4839859555384,479.1189366362129,-4.54946733679563,105.31120167467472,105.40942486899633,-0.7163807530463417,106.29576057539718,-613.9475060408469,623.0813180396904,-178.37901436825442,58.51903339851725,187.73265575516342,-0.46924233300613427,0.0954668720673169,0.09643810755786943,0.01870751650405284
411,13.707632595453871,True,True,750.2490234375,837.554931640625,578.8475952148438,894.1520385742188,765.1968994140625,732.8081665039062,601.488525390625,816.43408203125,758.9888305664062,858.1859130859375,609.7227783203125,887.5380859375,180.50396728515625,183.83070373535156,152.1246337890625,26.199565887451172,80.93755340576172,-9.022073198070176,475.6682214730212,475.7537753125019,664.1197492048007,-86.01531124861957,669.666838848277,-0.14722849487477577,317.7636401554786,709.1861943519966,777.1221199170234,995.6379334082905,-27.52921848246849,996.0184497848355,0.38351868941467404,0.08193898033316256,0.08344913768131403,0.011893177453533996
412,13.740984499579064,True,True,754.57373046875,841.5267333984375,593.974853515625,894.7051391601562,770.5364379882812,734.486328125,617.1702880859375,812.5245971679688,754.4191284179688,856.2272338867188,614.559814453125,888.83447265625,169.17430114746094,172.0789031982422,143.61009216308594,24.551464080810547,106.4161148071289,160.096963405025,50.31681593933864,167.81781686633633,470.1909263245782,-117.21924027504848,484.58214730696017,0.853132630186361,129.66896927433274,119.08770614426342,176.0565913204339,453.565057155315,16.583778361239744,453.86813368757106,0.7607423106016763,0.07679592832826486,0.0781144596264642,0.011145028902826318
413,13.774336403704254,True,True,757.898681640625,828.298095703125,591.5938110351562,913.27587890625,780.8296508789062,725.5582885742188,616.7039184570312,835.0814208984375,759.9673461914062,853.7611083984375,609.441162109375,889.1688842773438,186.75796508789062,197.31338500976562,154.63455200195312,44.1408805847168,158.71539306640625,308.6244447089953,-267.6920489237548,408.543854352178,-13.983298439443047,676.327913566733,676.4724527316516,-0.6707098789545332,99.69299382110972,-396.6381543211631,408.97496070091455,-71.39150051316747,556.8119792017092,561.3700442026152,-0.9929604524730916,0.08477795506966984,0.08956954141757785,0.02003755817957038
414,13.807688307829446,True,True,754.4532470703125,816.0814208984375,601.8952026367188,880.5286865234375,784.5909423828125,723.4168090820312,629.3026733398438,805.490966796875,767.0686645507812,851.1343994140625,613.3577270507812,889.2828369140625,165.61221313476562,175.6434326171875,158.3740997314453,37.686771392822266,75.30964660644531,112.7759149758772,-64.20861262220897,129.77346775637608,377.7521917645537,-887.2193320804062,964.2898224082458,0.7956615055256122,-103.30548317060071,-366.29617184164914,380.58495550791054,308.8696694166102,-981.8687490792275,1029.3039945049923,0.8366488718279848,0.07517893417568682,0.07973256204464832,0.017107743759994357
415,13.841040211954638,True,True,736.357177734375,794.3353271484375,636.61083984375,864.2088012695312,773.6953125,710.0480346679688,652.1180419921875,794.2698974609375,771.2498779296875,850.4038696289062,597.3111572265625,883.330810546875,121.78520202636719,147.89981079101562,177.02784729003906,7.848449230194092,14.219593048095703,-326.6868914564502,-400.83991498298235,517.1044019277374,684.0799423835738,-336.44463877736507,762.3387452658728,-0.22480352355053362,-542.5797959843883,-652.0195569156241,848.2466254639079,1040.8892121037634,-489.3239436239339,1150.1688022536832,-0.2518551910624483,0.05528385566143371,0.06713846720354097,0.00356276893406311
416,13.87439211607983,True,True,755.500244140625,827.318359375,671.8226318359375,865.9147338867188,781.8034057617188,735.0806884765625,678.033203125,788.0570678710938,780.0487670898438,850.8953857421875,623.6315307617188,877.4915771484375,92.1500015258789,116.51073455810547,158.66224670410156,16.038698196411133,64.87193298339844,243.10735696779645,750.5614586390491,788.9510062141023,777.0219366047481,-186.28110606587452,799.0392608890496,0.07786185020021788,573.972218629357,988.9400048271673,1143.4362426064097,1055.765567687356,51.14948192415039,1057.0038805110007,0.54323588118609,0.041831087018721846,0.05288953440273779,0.007280696351726861
417,13.907744020205023,True,True,748.106201171875,821.9168701171875,362.18060302734375,930.0065307617188,788.9043579101562,737.1868896484375,395.7007751464844,909.6317138671875,788.2586669921875,846.8784790039062,340.59197998046875,924.1101684570312,400.77667236328125,429.35565185546875,454.2798767089844,287.9730224609375,347.9959716796875,212.90994726366745,63.150852316228324,222.07808489827116,-1839.9072743647976,784.0543476246214,2000.0,-0.7704966941475554,-221.69777596491144,-161.95444906345122,274.55263145567204,-1957.2991842406886,411.0716503404028,2000.0,0.6690046850325289,0.18193080389688351,0.1949041056684329,0.13072408423373516
418,13.941095924330215,True,True,748.85986328125,827.38671875,356.68109130859375,932.1007080078125,789.5663452148438,738.9723510742188,391.0205078125,910.3640747070312,793.3429565429688,849.264404296875,337.7444152832031,924.7547607421875,405.917724609375,433.8362731933594,461.8103942871094,256.7872314453125,322.33148193359375,19.84856103575439,53.53401770043547,57.09515238915302,-1839.9072743647976,784.0543476246214,2000.0,0.04776296464254601,22.597273803198892,164.00408841068014,165.55354964106004,-1957.2991842406886,411.0716503404028,2000.0,0.07003113421477251,0.18426456190353693,0.19693806397532027,0.11656743186128864
419,13.974447828455405,True,True,755.0394287109375,832.223388671875,356.0313720703125,925.7677001953125,789.3167724609375,738.7836303710938,389.70367431640625,907.7012329101562,790.6312255859375,806.0245361328125,335.89031982421875,925.04736328125,409.82672119140625,433.84765625,470.0592956542969,257.1405944824219,344.1416015625,-7.4830136525170285,-5.658468626456995,9.381564929176493,-39.483007961128614,-79.84077271509243,89.06995512181194,0.8942250772412081,185.28373691923187,145.01930395697224,235.28846484033133,-19.480723974332054,-189.8844452397082,190.88111784709315,-0.6934958274253392,0.18603903367207958,0.19694323126370863,0.11672783945444935
420,14.007799732580597,True,True,746.4244384765625,835.005126953125,353.9660339355469,927.97265625,786.21435546875,738.3883666992188,385.4956970214844,908.7330932617188,787.7711181640625,774.1483764648438,335.16552734375,925.590087890625,403.3194274902344,435.4225158691406,477.2697448730469,257.89056396484375,343.5801696777344,-93.02068573182699,-11.851307511298675,93.77260508137057,-126.16902708542621,30.938573932368033,129.90696190986694,0.9333388259846407,-258.3057987345252,83.4056811511656,271.43764165673656,-61.92564379571961,66.11184915892154,90.58455695495972,0.8748090738839839,0.183085076378941,0.19765813184623376,0.11706828479531856
421,14.04115163670579,True,True,755.3936157226562,847.806884765625,358.40240478515625,925.8512573242188,788.1671142578125,746.9291381835938,388.423828125,907.3416137695312,783.857177734375,752.8717651367188,334.65142822265625,925.5347900390625,404.58984375,430.728271484375,481.24664306640625,267.5491943359375,343.9159240722656,58.550143995751974,256.08047601467666,262.6886551753362,87.79502041395897,-41.72114092689734,97.20400819785931,-0.21710166170366496,268.92549260235506,383.83888861177104,468.6717539836798,133.01701854732858,-63.606531063960475,147.44259227648882,0.1643509266868969,0.18366177624038735,0.19552720029881399,0.12145277747947143
422,14.074503540830982,True,True,768.2850341796875,843.3657836914062,354.9272766113281,908.8804931640625,792.487060546875,743.0277709960938,381.6663818359375,897.8971557617188,782.5576171875,737.9989624023438,336.1339111328125,924.1492919921875,418.51739501953125,439.0423278808594,483.6797180175781,282.8630676269531,384.4309387207031,129.5262265340793,-116.97584560256504,174.52905722140588,-202.61050954384208,-283.17597617099045,348.19484783380796,0.11323615416523493,386.52721021987753,-133.15884627001628,408.8209419542047,-104.19579526205327,-508.8394382657636,519.3980532163262,0.12942384271037669,0.18998412675005996,0.19930132955373567,0.12840444276023927
423,14.107855444956174,True,True,760.5621337890625,835.8282470703125,351.5524597167969,912.3861083984375,782.95556640625,728.0487060546875,377.5597839355469,899.1041259765625,786.978271484375,727.6744384765625,332.7377624511719,924.790771484375,416.11297607421875,440.0064697265625,495.1659240722656,299.2703857421875,376.31732177734375,-285.78560626844444,-449.1217318561437,532.3379967423745,-123.12933873208046,36.1889447245107,128.33734365675915,0.27716146765052607,-231.55800525318773,-226.00018855896073,323.5663688109769,-101.18813252350796,105.10989781021473,145.9010924608476,-0.006861758391812688,0.18889265136790725,0.19973899749489868,0.13585247249933236
424,14.141207349081366,True,True,758.53759765625,833.0506591796875,348.941650390625,913.4055786132812,780.7042846679688,731.5314331054688,372.525146484375,900.2493286132812,788.6217041015625,785.3040161132812,329.5870361328125,924.979248046875,417.4035949707031,441.67401123046875,479.8145446777344,304.7081298828125,345.042724609375,-67.50084582369543,104.42363463591934,124.34090098390904,-150.95502290584457,34.33694917147885,154.81099773242462,0.7156183807153111,-60.70226531034234,-83.28123876222669,103.055954430485,-78.28066776552755,30.56707680068279,84.0369509796479,0.25473676526953887,0.18947852212724395,0.2004959706104948,0.1383209124837652
425,14.174559253206557,True,True,766.3406982421875,851.3547973632812,351.5723876953125,931.1780395507812,790.2685546875,745.802734375,375.5430908203125,909.765869140625,788.327392578125,814.0538940429688,327.419677734375,926.1344604492188,422.37957763671875,445.96087646484375,474.3395080566406,327.2407531738281,369.28070068359375,286.76833513403545,427.9006444717985,515.106823459879,90.48791710989411,285.3372476612381,299.3416243120522,0.9601288308615117,233.96267141591883,548.8183857475163,596.6072008873032,78.87817423594741,532.8769497174171,538.6832185161658,0.9674061954387506,0.19173734752560595,0.20244197418821924,0.14854949750860486
426,14.207911157331749,True,True,754.5979614257812,834.3539428710938,349.0951843261719,927.02783203125,774.8406372070312,734.1221923828125,372.48468017578125,907.2737426757812,778.037841796875,823.5426025390625,326.51007080078125,927.2889404296875,415.9578857421875,438.0317077636719,463.2932434082031,309.4819030761719,349.8970031738281,-462.57981021285934,-350.2211432469538,580.2024905097946,-91.70123040204837,-74.72216445241448,118.28997217728657,0.9993630266260907,-352.08594904590575,-509.7416455855706,619.5167961886439,-74.27472086277388,-124.43689883350463,144.91816984264892,0.9978003253117821,0.18882224879528073,0.19884256300609685,0.14048794578330323
427,14.24126306145694,True,True,758.36279296875,829.3146362304688,341.058349609375,912.9667358398438,775.595703125,734.243408203125,364.74603271484375,901.3866577148438,768.5079956054688,794.0377197265625,325.25115966796875,927.368896484375,425.6062316894531,443.54742431640625,462.8756103515625,325.7040100097656,378.2390441894531,22.639364611222344,3.6344497710684323,22.929240177953695,-232.03015431710298,-176.51420856930238,291.53946274778275,-0.8817864960494003,112.88205701350157,-151.09502059340082,188.6055779761554,-240.97079095182343,-421.5980034790696,485.60457023125815,0.3985258746057012,0.19320207291056796,0.20134639822332404,0.1478518997228547
428,14.274614965582133,True,True,758.6595458984375,834.5057373046875,340.96966552734375,922.71142578125,767.3964233398438,745.359130859375,366.2698974609375,908.3333740234375,760.10888671875,799.7103881835938,323.37359619140625,928.2626953125,426.9017333984375,432.9700927734375,455.26190185546875,319.9906005859375,385.0503234863281,-245.84142945418932,333.28599814047476,414.1467915999974,45.690487127021925,208.28544848648218,213.23800942871225,0.6588698707663874,8.897630809131277,155.6463179653279,155.90043017958467,-2.6590410460032388,292.17791898261464,292.19001837895775,0.9978093115414363,0.19379016020111683,0.19654486519160141,0.1452583226981748
429,14.307966869707325,True,True,765.0128173828125,834.6995849609375,347.58087158203125,918.2728271484375,776.3511962890625,731.5952758789062,368.9698486328125,906.2333374023438,759.9341430664062,795.8679809570312,323.7149963378906,929.032470703125,425.71575927734375,443.23583984375,456.0920104980469,329.80419921875,379.0849914550781,268.4936043113318,-412.68573238888666,492.339648285045,80.9534340750167,-62.96601876795143,102.55816889952789,0.9450860302933094,190.49201690335107,5.812191577499164,190.58066553257743,198.22574536887737,-133.08381482962665,238.75667089456027,0.8128562262854659,0.19325179247632093,0.20120495582534745,0.1497131625416739
430,14.341318773832517,True,True,762.8568115234375,828.9072265625,345.7900390625,923.5401611328125,773.6677856445312,724.7153930664062,367.681884765625,908.4574584960938,835.592041015625,793.130126953125,323.273681640625,929.2978515625,427.6681823730469,445.6295471191406,530.1054077148438,328.71392822265625,377.1622314453125,-80.45749455439255,-206.28156001753962,221.41700574535804,-38.61740134395068,66.68648019019822,77.06095202317101,-0.6241210909510672,-64.64416098349511,-173.67399404528518,185.31466147313273,-53.69506079200346,157.93203184451446,166.81033012374766,-0.7750163272671822,0.1941380863348271,0.20229156869215345,0.14921823882863655
431,14.37467067795771,True,True,791.5931396484375,837.5765380859375,342.94122314453125,927.737548828125,796.4414672851562,729.97314453125,366.3703308105469,911.232421875,775.8984375,797.9010620117188,322.01141357421875,929.3851318359375,457.62164306640625,466.7077331542969,472.5478820800781,338.197509765625,408.1883239746094,682.8300283887904,157.64471632887611,700.7914841490642,-39.32470992225781,83.20254725157416,92.02769517715932,-0.21298149993989882,861.6098204508334,259.93453000151965,899.9652452091849,-85.41688976063398,125.85151599011887,152.10078610379185,-0.29866494192165194,0.2077353277892822,0.2118599183354881,0.15352326886883313
432,14.4080225820829,True,True,801.29248046875,816.329345703125,342.438232421875,925.7987060546875,808.826171875,709.502685546875,366.30120849609375,908.664794921875,867.271484375,807.4810791015625,321.412353515625,929.0706176757812,471.7316589355469,485.2771301269531,559.2371215820312,344.73895263671875,425.6024169921875,371.3342585585431,-613.7718226682273,717.3597297595543,-2.0725147863721043,-76.98591791002357,77.01380963170578,0.8413583215518774,290.818202879944,-637.0608497511159,700.3011876413849,-15.081319518315684,-58.13289598578037,60.05730425274756,0.7762640511364597,0.21414050729968956,0.22028941424200987,0.15649272802713682
433,14.441374486208092,True,True,819.8671264648438,810.7379150390625,342.3788146972656,918.39990234375,820.3701171875,707.4466552734375,365.1401672363281,903.515625,873.3260498046875,813.5209350585938,321.4290466308594,927.8739624023438,489.4754333496094,495.65850830078125,563.6194458007812,357.3924560546875,412.2518310546875,346.1255246227588,-61.64656343817281,351.5724357498987,-34.81184328809127,-154.38908383001873,158.26513715593583,-0.04550027949230848,556.9291014501223,-167.6495183925373,581.6153239550092,-1.7815392004708555,-221.8405187051649,221.84767211151762,0.28054920173733394,0.22219521548487361,0.2250019951055241,0.16223673013027404
434,14.474726390333284,True,True,827.66357421875,811.9968872070312,342.48114013671875,929.054443359375,822.7086181640625,708.7609252929688,365.5476989746094,910.7171630859375,881.9158325195312,817.080322265625,320.40179443359375,928.3126220703125,499.1036682128906,499.7823791503906,572.4252319335938,365.3822937011719,422.4441833496094,70.11596602654376,39.40614648560753,80.4306724619445,12.219144572721008,215.92584516030428,216.27130670128378,0.538410185969041,233.76319758659028,37.74813465650984,236.79137276504235,3.0680538978832965,319.45825268720534,319.47298503110187,0.16888848071121462,0.22656591026223072,0.2268740081007223,0.16586368171270766
435,14.508078294458477,True,True,836.5390625,810.700927734375,343.586181640625,918.3475952148438,830.24609375,709.1168212890625,365.89776611328125,904.1959228515625,888.3798217773438,818.0673217773438,318.193603515625,928.0447387695312,504.5694580078125,503.6618347167969,580.695556640625,362.1884765625,413.39166259765625,225.9983585238293,10.670934851510587,226.25014233381262,10.496166496456693,-195.52827358511357,195.80979363222966,0.006447721788831678,266.1163886755726,-38.85713594617121,268.93830023941854,33.13278605498186,-321.02659279486176,322.73186206701564,0.24530631408204598,0.2290470814478135,0.22863506985543136,0.16441386250014747
436,14.541430198583669,True,True,844.1973876953125,804.9114990234375,346.10662841796875,919.1392822265625,831.8300170898438,707.8414306640625,368.99102783203125,904.7305297851562,891.4649047851562,821.349609375,317.98309326171875,928.1826171875,511.02093505859375,502.97637939453125,583.3477783203125,356.63885498046875,410.1806335449219,47.49124169637305,-38.24041410687108,60.97333276874659,92.74618046210884,16.029277716409062,94.12115455315997,0.6606976866184765,229.62182808410898,-173.58615235897537,287.85123974629937,75.57130075340932,23.737385690094982,79.21164672548204,0.5803359374684701,0.23197570101853296,0.22832391043320294,0.16189463624431577
437,14.57478210270886,True,True,847.6837158203125,806.1331787109375,349.58221435546875,916.0184326171875,839.868896484375,709.307861328125,370.85333251953125,900.7000122070312,891.8887939453125,820.1691284179688,317.85723876953125,927.914794921875,510.07830810546875,506.5634765625,584.0559692382812,354.9604187011719,405.3054504394531,241.03209712872714,43.96842406832334,245.00957973378115,55.83803193093656,-120.84819994072255,133.12465300924973,0.24972557748343324,104.53160670867514,36.62998319119121,110.7637687589407,104.20952052553918,-93.57335634152622,140.055693155191,0.4812448751444801,0.23154779966802358,0.2299522573815833,0.16113271749345248
438,14.608134006834051,True,True,849.0881958007812,807.5812377929688,347.4960632324219,913.993408203125,840.4635009765625,709.2510986328125,374.2132873535156,898.8574829101562,882.2886962890625,817.9733276367188,317.9270324707031,927.9122314453125,512.7554931640625,503.3287658691406,574.9701538085938,358.5732421875,419.59674072265625,17.828202250628735,-1.7019326722525892,17.90925376195793,100.74251896899882,-55.245100548345334,114.8959366679948,0.9185406029095236,42.11093840989712,43.417583493755565,60.48485504818032,-62.549685775545555,-60.71690559139398,87.17227664351628,-0.9995457207809628,0.2327630960250161,0.22848387472012122,0.16277274279065698
439,14.641485910959243,True,True,830.4740600585938,811.1162109375,346.9593505859375,912.3297729492188,828.55908203125,709.8235473632812,373.0520935058594,897.5661010742188,862.0252685546875,815.8582763671875,317.7808837890625,927.6644897460938,493.9945983886719,492.6802978515625,555.610107421875,352.8662109375,411.3917541503906,-356.93371210912846,17.163899497910787,357.3461547099347,-34.8164183759199,-38.71988331131213,52.07122383974397,0.632142945415734,-558.1131341801732,105.9901447084443,568.0881809364924,-16.092413928444238,-49.881267578052494,52.412848055010876,0.12407892449062456,0.22424667053501704,0.22365004959930132,0.16018206110987296
440,14.674837815084436,True,True,839.0054931640625,809.44873046875,344.9857177734375,915.5159912109375,836.1604614257812,704.616943359375,369.89013671875,898.9359741210938,850.5340576171875,812.1713256835938,316.6947326660156,927.7877807617188,505.2779541015625,505.1414794921875,546.2157592773438,380.6016540527344,435.9961853027344,227.91440530646204,-156.11114688871731,276.25290284286416,-94.80588500256076,41.073308490362486,103.32072638857731,-0.981675759502545,255.80048063956414,-49.99655979133412,260.6406374424381,-59.176016010709375,95.53332396731388,112.3762290662197,-0.6798811442413516,0.22936870012669933,0.22930674807931917,0.17277244326119992
441,14.708189719209628,True,True,852.900634765625,809.4996337890625,347.7154235839844,919.1013793945312,846.211181640625,709.5222778320312,368.93408203125,901.1961059570312,848.78955078125,815.2615966796875,317.3509216308594,928.5054931640625,516.937744140625,514.3270263671875,543.3701782226562,423.8248291015625,467.2405090332031,301.353715131727,147.0780934798584,335.3297290807423,-28.665670299101674,67.76620091775632,73.57974341163822,0.05383989766946289,416.6221379566451,1.526249299632967,416.62493357034026,81.84557620160072,107.50175372702563,135.11226960627263,0.6086704444635637,0.23466161042151984,0.23347648659565295,0.19239341305776805
442,14.74154162333482,True,True,864.0340576171875,808.0447387695312,349.810546875,914.8770751953125,854.3675537109375,708.9154052734375,374.879638671875,899.8154907226562,852.1065673828125,816.987548828125,318.3087158203125,928.980712890625,525.2037353515625,516.092529296875,545.419677734375,363.2458190917969,423.14501953125,244.55491475677687,-18.196039312051067,245.2309160329099,178.2673822252357,-41.39539467349846,183.0104867640458,0.9881810464060398,333.8167083285965,-43.622547428478455,336.65489956851826,62.81870093986935,-126.65856148309027,141.3809760354571,0.55665955189407,0.23841392069732173,0.23427792886869322,0.16489383848082279
443,14.774893527460012,True,True,866.6923828125,813.120849609375,358.3392028808594,906.12744140625,860.129150390625,712.0924682617188,388.56439208984375,892.2125244140625,859.6644287109375,818.2798461914062,325.8542175292969,928.2951049804688,516.791259765625,504.7935791015625,545.029052734375,350.52978515625,436.1368408203125,172.75165633903217,95.25881869759571,197.27487753776578,410.3140068585218,-227.96198621987986,469.3871018526263,0.5309713439249322,79.7053501153648,152.19853177766782,171.80609975286282,255.71721404108297,-262.3428562345136,366.3537467724545,-0.3105434682287827,0.23459511448515474,0.22914882023045208,0.15912145092484972
444,14.808245431585204,True,True,861.5997314453125,816.133544921875,742.4761962890625,836.6171264648438,855.7095947265625,712.2867431640625,729.5283813476562,756.0755004882812,870.4166259765625,818.85693359375,708.8628540039062,873.0869140625,120.87181091308594,133.56329345703125,170.4127655029297,14.428702354431152,94.34733581542969,-132.5128438686129,5.8250018234193455,132.64080984519893,1872.1529023692074,-703.5932838622568,2000.0,-0.9506227296818358,-152.69447129829197,90.33053408858903,177.41253324890735,1971.1687746602931,-338.3691190984926,2000.0,-0.9344087227249156,0.0548692257915572,0.06063046835152907,0.006549845835715407
445,14.841597335710395,True,True,743.1398315429688,843.586669921875,861.7498779296875,819.71240234375,728.37841796875,763.2420654296875,862.2765502929688,714.1818237304688,708.6561279296875,870.8046875,881.0177001953125,819.6060791015625,120.98893737792969,142.60301208496094,179.80491638183594,8.72575569152832,150.6916046142578,-1838.9111243274067,786.3878641850481,2000.0,1872.1529023692074,-703.5932838622568,2000.0,-0.9990050052071096,-1621.3617155200463,405.56506569239764,1671.315899243523,1971.1687746602931,-338.3691190984926,2000.0,-0.9971808088531329,0.054922394834009125,0.06473400877787938,0.003961018335240307
446,14.874949239835587,True,True,753.44873046875,843.186279296875,873.7741088867188,816.57275390625,729.4940185546875,766.2612915039062,871.895263671875,711.7861938476562,707.2286376953125,875.1825561523438,889.4960327148438,820.8555908203125,123.2334213256836,152.4652557373047,190.1915283203125,20.47699546813965,137.22586059570312,-1838.9111243274067,786.3878641850481,2000.0,288.4007264712928,-71.82887890958507,297.21098040714656,-0.9872257450346281,-1621.3617155200463,405.56506569239764,1671.315899243523,360.52607107217347,-94.13700716201417,372.61350490844933,-0.999946970388124,0.05594126842897321,0.06921093081357974,0.009295441835333738
447,14.908301143960779,True,True,756.933349609375,844.8729248046875,868.8096923828125,821.028564453125,732.2285766601562,767.2282104492188,870.723388671875,714.5202026367188,706.53955078125,877.5189208984375,890.9425048828125,820.932373046875,114.38911437988281,148.18551635742188,192.88983154296875,12.059056282043457,174.0753631591797,81.99106399455134,28.991416552500556,86.96572203275964,-35.13667452392442,81.97459367836825,89.18755465497286,-0.06502279858390374,104.48036572499443,50.5711908226108,116.07580352186025,-148.84956748710627,133.5998847366968,200.01280694684846,-0.3788467765262995,0.051926434274399934,0.06726816198609305,0.0054741554459568735
448,14.941653048085971,True,True,743.9129638671875,815.9661254882812,868.9464721679688,816.7239990234375,718.4669799804688,725.5426025390625,870.0479736328125,711.5996704101562,707.3305053710938,868.8626098632812,892.187744140625,821.9818725585938,125.03580474853516,152.2209014892578,190.70921325683594,22.982921600341797,159.31468200683594,-412.6180210890229,-1249.8719039753296,1316.2193615329995,-20.251168764674354,-87.56718104009289,89.87836798498138,0.9958081730594506,-390.39407445264067,-866.7211085729855,950.5856160355672,4.101108729589304,-129.0650576809528,129.1301986639825,0.8982727627746301,0.05675945243932542,0.06910000727973072,0.010432995957556932
449,14.975004952211163,True,True,752.0987548828125,847.1991577148438,874.3501586914062,815.1634521484375,733.8751220703125,750.0509033203125,876.227783203125,711.1865844726562,710.955810546875,849.8682250976562,881.1201171875,824.4274291992188,126.37915802001953,147.5625762939453,172.0555877685547,36.152034759521484,164.9833984375,461.9868788302681,734.8396268247243,867.9983602307282,185.2910570597577,-12.385677769683358,185.7045525563033,0.47459494029180344,245.4369916901379,936.4692375381069,968.09810956592,162.02033032818358,-46.79033824102602,168.6414041460855,-0.024818660743288794,0.057369261735753546,0.06698538109004046,0.016411056830039225
450,15.008356856336356,True,True,742.4794921875,853.1446533203125,879.0238037109375,815.064453125,727.9917602539062,775.5010375976562,878.873046875,709.3880004882812,714.724853515625,867.5945434570312,872.41015625,824.3450317382812,141.75489807128906,164.73037719726562,163.50894165039062,65.84196472167969,180.3638916015625,-176.40257642628367,763.0788989381971,783.2032143540794,79.31372259723356,-53.92747525369817,95.91057908004282,-0.7340777137808543,-288.41719678747586,178.26555219010424,339.0620688021418,140.13128012085753,-2.9683169832190317,140.1627146356088,-0.8615760518312746,0.06434901115964557,0.07477862863876895,0.0298886696706425
451,15.041708760461546,True,True,752.7874755859375,851.9969482421875,886.545654296875,818.1949462890625,731.6043090820312,779.5629272460938,885.9117431640625,710.4510498046875,714.4007568359375,877.6657104492188,870.2797241210938,823.85205078125,137.963134765625,169.07760620117188,164.90652465820312,84.01887512207031,180.825439453125,108.31611936052285,121.7888379982901,162.98743133842189,211.04331142958395,31.87372188454123,213.43667315139973,0.7687031209694136,309.06731321080724,-34.41198061186848,310.9771510979204,225.52986953017697,93.86250189229601,244.2824007409865,0.8750454387880567,0.0626277569201751,0.07675203408360386,0.03813999802766607
452,15.075060664586738,True,True,749.0580444335938,849.5811157226562,889.080078125,816.39404296875,729.4540405273438,777.6302490234375,889.498291015625,708.56982421875,713.753173828125,879.233642578125,872.8805541992188,820.07421875,143.90118408203125,174.3086395263672,169.7685546875,105.58902740478516,117.2557373046875,-64.4721376811384,-57.948062437503474,86.68699139684378,107.53652439452327,-56.40534282168742,121.43173711055105,-0.34812247127162205,-111.820636637258,-72.43462053809648,133.23148663307677,75.99037879851238,-53.997016588693434,93.22132519129426,-0.36924583868065197,0.06532330823393491,0.07912663860450152,0.04793167358061686
453,15.10841256871193,True,True,750.10791015625,858.87548828125,888.522705078125,813.8912353515625,731.1508178710938,790.3731689453125,890.4502563476562,706.7671508789062,713.7621459960938,882.0162963867188,879.1238403320312,820.8619384765625,145.5411834716797,179.9062957763672,176.30752563476562,55.51060104370117,139.7129364013672,50.87497665443223,382.074734745049,385.4469693486882,28.543057945294226,-54.05008760750561,61.12379346250898,-0.8149007218474535,31.478434296147082,278.6759197827441,280.4481415386725,-16.711880820441554,-75.04242060041899,76.88076384978775,-0.9943190235488596,0.0660677787281624,0.08166766998613295,0.025198792667067923
454,15.141764472837123,True,True,752.7802734375,860.5450439453125,887.2088623046875,804.3861083984375,731.1863403320312,790.0010986328125,890.6177368164062,700.286376953125,709.7241821289062,880.3401489257812,888.1690673828125,824.5587768554688,145.6875762939453,182.94015502929688,186.9602508544922,58.304786682128906,137.30307006835938,1.065080446506459,-11.155894161346003,11.206621743267872,5.021616400710865,-194.3149602929593,194.3798354380676,0.9975964584320189,80.1262581955993,50.05878098580357,94.47803345864315,-39.39333623968734,-284.99503109165613,287.7047143983343,-0.6409788937021382,0.06613423310456726,0.08304487702151445,0.02646720092156707
455,15.175116376962315,True,True,754.6932373046875,858.291748046875,890.1533203125,808.5565795898438,734.164306640625,789.4429321289062,896.24072265625,703.400146484375,708.2301025390625,879.9806518554688,898.6024169921875,826.86083984375,144.3018341064453,183.49966430664062,197.6444549560547,76.15563201904297,159.69720458984375,89.28924409879147,-16.73567127715046,90.84410715522722,168.59564655549923,93.3610722662775,192.71943817938012,0.7706054658566387,57.356961090043704,-67.56123698303342,88.6247241358888,88.28455481162301,125.04447049714749,153.0695339386596,-0.24948318539645783,0.06550518154655348,0.08329886379178895,0.03457051348023797
456,15.208468281087507,True,True,776.4449462890625,869.429931640625,893.1988525390625,811.875732421875,752.638916015625,793.1119384765625,898.7042236328125,707.3212280273438,704.82177734375,881.3916625976562,907.203857421875,825.51416015625,130.16897583007812,169.39634704589844,209.95428466796875,63.0648193359375,133.0442657470703,553.9296738696685,110.00890185711816,564.747768549081,73.86387797576236,117.56694695002481,138.8447315700825,0.6867396735473408,652.1879201477179,333.95945106885,732.7195903924049,91.3150929893115,99.51914048362156,135.06481973573062,0.9376071965754569,0.059089632826069174,0.07689672508513827,0.028627996763740827
457,15.241820185212697,True,True,763.4132080078125,869.0361328125,889.6940307617188,814.40966796875,739.9066162109375,795.49365234375,895.2195434570312,710.0115356445312,702.585693359375,882.2386474609375,917.3250732421875,830.2443237304688,137.589599609375,177.28309631347656,220.94436645507812,41.89508819580078,116.19640350341797,-381.7563086321759,71.41163089961347,388.37803775214655,-104.48219576012588,80.6642885242469,131.99718434110713,0.8904179698833844,-390.7344609870912,-11.807386668143769,390.9128206938265,-105.08610735350582,75.97573851746074,129.67421795401782,0.7923189433398254,0.06245819228244411,0.08047688015235496,0.019018090623508038
458,15.27517208933789,True,True,766.65087890625,866.4752197265625,886.0974731445312,816.4805908203125,743.7030029296875,792.622802734375,892.9067993164062,715.6666870117188,700.0415649414062,881.92138671875,923.2848510742188,835.652587890625,129.48727416992188,167.88096618652344,227.98764038085938,23.471384048461914,131.28884887695312,113.82818517646348,-86.07753244308901,142.71018650418162,-69.34369120107,169.56007506977568,183.19161161761014,-0.8602040137366027,97.07604358312993,-76.78461404556359,123.77251387880874,-107.83665015608179,62.09309201024769,124.43590796983908,-0.9892482514589162,0.058780177362210126,0.07620882462344139,0.01065473133286186
459,15.308523993463082,True,True,783.5908203125,872.5304565429688,883.81982421875,821.8875732421875,762.5568237304688,795.76171875,891.0185546875,720.2493286132812,700.5699462890625,879.31103515625,924.9786987304688,838.5563354492188,112.29672241210938,149.01187133789062,228.07945251464844,8.81675910949707,119.79412841796875,565.2996821413947,94.11504674043672,573.0805987399299,-56.615796861804675,137.40269773985904,148.60972310211804,-0.22395529229937558,507.91527052437914,181.55595535645926,539.388994100964,-68.29142100048372,162.1191522252821,175.9157119205374,-0.05535592935850864,0.050976602163364915,0.06764328218711263,0.004002328935707121
460,15.341875897588274,True,True,769.3603515625,869.579833984375,881.6461791992188,811.8922729492188,744.5189208984375,792.4185791015625,890.1727294921875,713.1836547851562,705.9119873046875,877.72900390625,926.533935546875,839.5919799804688,126.23771667480469,165.8107452392578,223.89389038085938,38.05767059326172,137.70925903320312,-540.8357725041122,-100.23834429028314,550.0464148471265,-25.36062685169503,-211.8521869576868,213.36473587044696,0.2978143777579805,-426.67635096885556,-88.46938835989991,435.75169667239714,-65.17304113648544,-299.6920432323664,306.6966678458842,0.40646443096802953,0.057305055060531025,0.07526905694944164,0.017276111817203774
461,15.375227801713466,True,True,774.2257080078125,868.8939208984375,882.8748779296875,816.762939453125,750.3262939453125,790.400146484375,890.312744140625,719.00830078125,710.2682495117188,876.1519775390625,928.7623291015625,840.2183227539062,120.50843048095703,157.14007568359375,221.42919921875,34.91009521484375,169.90972900390625,174.12418268762295,-60.519261797196904,184.3415635311536,4.198100591556386,174.64208262982456,174.6925329653769,-0.30550539281301436,145.8794204687558,-20.565934807284513,147.32197049590914,36.840437231308464,146.03863352519232,150.61374537969436,0.10684894325445032,0.05470427084608153,0.07133304472277112,0.015847283847888853
462,15.408579705838658,True,True,804.5361938476562,865.27880859375,881.58935546875,817.00634765625,776.8392333984375,785.6653442382812,886.700927734375,717.4227294921875,714.7713623046875,874.087890625,928.5601806640625,840.3240356445312,90.92535400390625,129.33154296875,216.43856811523438,41.67793273925781,145.31674194335938,794.9453006822125,-141.96497532257484,807.5221887323422,-108.29415893894539,-47.540652644922325,118.26977007755923,-0.830725512182718,908.8082565261736,-108.39298083604393,915.2494115948213,-38.54419993869251,7.298180104240135,39.22905532571273,-0.9976601410056509,0.04127516367405957,0.05870948386986198,0.018919513861176806
463,15.44193160996385,True,True,800.5147705078125,869.216064453125,882.176025390625,820.303466796875,778.2086791992188,787.411376953125,887.9353637695312,723.3508911132812,713.4527587890625,872.64453125,926.1112060546875,841.6717529296875,95.18930053710938,127.05783081054688,214.90213012695312,49.860042572021484,133.74078369140625,41.0604982444423,52.35181500551593,66.53327776724676,37.01246053366518,177.7458222127712,181.55852926494583,0.8961382119548794,-120.57552470613585,118.05190625986023,168.7445102210641,17.590297683539664,98.85849780116652,100.41126012603759,0.5635953668403394,0.043210763408406905,0.05767734225759505,0.022633746555084645
464,15.47528351408904,True,True,806.7664794921875,868.5248413085938,879.1654052734375,817.1727905273438,780.7930297851562,782.331787109375,881.4518432617188,713.3289794921875,711.32177734375,869.7122802734375,924.1739501953125,839.299560546875,88.76168823242188,122.03926849365234,215.01390075683594,57.153053283691406,205.54635620117188,77.48734753604207,-152.3028437801607,170.88137772061472,-194.39731187387477,-300.4899385496805,357.8889744507077,0.5020252870427172,187.44683844461096,-20.725147863721045,188.589100949268,-90.26831289411957,-93.86799199769038,130.22890706148593,-0.609740747579066,0.04029297713398692,0.055399188014396944,0.025944376621896522
465,15.508635418214233,True,True,808.49560546875,867.1153564453125,880.142578125,827.12548828125,785.066650390625,781.8601684570312,879.4186401367188,721.7215576171875,705.498779296875,867.8380126953125,922.579345703125,838.8389282226562,82.05168151855469,111.88811492919922,219.00894165039062,47.02595138549805,184.8867950439453,128.1372298693054,-14.140681460748125,128.9151214976488,-60.96213029900887,251.63715071550538,258.91627401693256,-0.34063644795489134,51.84489527410307,-42.26100129067639,66.88710934158588,29.298862454584892,298.4146787106112,299.84953528576625,-0.5530648532684334,0.037246999162243104,0.05079111659753652,0.02134722335292104
466,15.541987322339425,True,True,788.54638671875,876.9208984375,867.6859741210938,813.8118286132812,772.4302368164062,789.9140014648438,872.9632568359375,713.5125122070312,701.342041015625,867.6671142578125,920.3782958984375,839.1988525390625,101.2216796875,126.26985168457031,220.87852478027344,75.59337615966797,138.56027221679688,-378.88132344066105,241.48045573593348,449.2926304254065,-193.55366567827429,-246.13423507522202,313.12151502821047,0.09878409664122945,-598.1433226456068,294.0024640086747,666.492973157781,-373.4900399433964,-399.187393259279,546.6675268150269,0.29103465692287034,0.04594913533452182,0.05731964260657112,0.03431527991115662
467,15.575339226464617,True,True,795.26171875,867.80908203125,857.2686157226562,807.5585327148438,776.944580078125,782.5782470703125,866.3665771484375,711.5283203125,703.83056640625,864.707275390625,919.039794921875,838.5061645507812,86.45799255371094,114.21202087402344,216.79832458496094,37.2824821472168,142.4535369873047,135.35488842776155,-219.9500924143725,258.26147404206995,-197.79019700759122,-59.49261208845099,206.54377968219873,-0.2565780677990856,201.34778530313855,-273.202284704564,339.38240822746315,-312.34673616637355,-187.49441935802878,364.30020708776783,-0.09436020071722936,0.039247224634745254,0.05184604345799855,0.01692421843895672
468,15.60869113058981,True,True,789.9251708984375,868.8174438476562,864.9448852539062,817.3431396484375,775.8165283203125,783.4589233398438,865.4917602539062,718.844482421875,690.7429809570312,863.95751953125,919.4236450195312,839.1849365234375,90.9811019897461,110.52906036376953,230.01853942871094,69.16502380371094,202.1488494873047,-33.822709299540165,26.405576911755492,42.90955786772727,-26.22989353913587,219.36265113717565,220.92528155239415,0.7046097053403413,-160.00729168358373,30.23401040675809,162.83865873063252,230.1598584127566,293.3747619585858,372.883777307135,-0.4604316324977264,0.04130047022650852,0.05017417976792925,0.03139715769372479
469,15.642043034715002,True,True,777.6721801757812,866.666748046875,868.3875732421875,833.1538696289062,767.6129150390625,781.7417602539062,867.0087280273438,732.5814819335938,682.8721923828125,863.510986328125,916.7550048828125,839.2341918945312,96.7077865600586,110.88850402832031,235.13938903808594,82.69256591796875,174.26522827148438,-245.97136194852257,-51.486208388338,251.30209022811263,45.48369315716758,411.8805169310467,414.38427403872555,-0.3110736523539316,-367.3850427448645,-64.48494792705858,373.0014452274969,103.22313158968525,474.0577905573413,485.16574867079146,-0.37847799701876006,0.04390007344542153,0.05033734763511512,0.037537925810500423
470,15.675394938840192,True,True,789.4493408203125,859.2786254882812,864.3756713867188,839.4302978515625,779.6757202148438,775.4505004882812,867.1041259765625,738.8363037109375,687.1100463867188,862.158935546875,909.6114501953125,840.6416015625,77.5107192993164,94.78568267822266,223.53941345214844,69.92335510253906,167.9252166748047,361.6826532752526,-188.63270120979342,407.91743974232065,2.860344910463222,187.54017023631513,187.5619818227374,-0.4488532217609343,353.11808886004604,-221.52026255716038,416.84962684829725,-120.29003922562896,188.18800267285,223.34819875454548,-0.9039922890666563,0.035185649378235345,0.04302754286041094,0.03174139884429483
471,15.708746842965384,True,True,807.9098510742188,852.2674560546875,841.578369140625,837.5146484375,791.4656372070312,763.315673828125,847.3909912109375,737.77099609375,775.8267822265625,866.59130859375,895.8956909179688,845.43505859375,36.75886917114258,61.48313522338867,121.91854095458984,5.568300247192383,30.96568489074707,353.50056620252,-363.84209473036884,507.2905678240873,-591.064746757141,-31.941433184405042,591.9271830326405,-0.657122323643417,553.5069357543025,-210.21796558529803,592.0823599660263,-683.5382519846632,-57.4374826358277,685.9472329106591,-0.9018349504765734,0.016686526636421683,0.027909998232513687,0.0025277053535507615
472,15.742098747090576,True,True,811.2718505859375,845.229248046875,845.121826171875,826.0360107421875,794.8746948242188,758.4309692382812,852.0026245117188,731.5625,770.2041015625,865.5072021484375,880.7646484375,850.3639526367188,38.91273880004883,63.13093566894531,111.59280395507812,12.279092788696289,47.152984619140625,102.21478223225388,-146.45954160542684,178.6008371594569,138.27196442729988,-186.15117357154125,231.88660066646057,0.9995632823820225,100.80382514590254,-211.0286711485323,233.86857679209723,106.24451959171647,-344.1673870321026,360.19312630834554,0.9893300521607763,0.01766426626074992,0.028658009981685613,0.005574040048286535
473,15.775450651215769,True,True,824.8048095703125,830.0323486328125,825.2685546875,818.3413696289062,837.7137451171875,735.991943359375,836.63818359375,724.1636352539062,774.026123046875,858.408447265625,860.2766723632812,846.6336669921875,11.700172424316406,11.877108573913574,87.05057525634766,3.6954126358032227,39.71369934082031,1284.4559078895547,-672.7959457630259,1449.9935737607752,-460.6765736761468,-221.84234874029636,511.3090388684769,-0.5967995750447519,405.7627094865947,-455.65312724030446,610.1337138478514,-595.2665074189604,-230.71069898732435,638.4118118283739,-0.35021077417917074,0.005311241700611152,0.005391561085830892,0.0016775162775765835
474,15.80880255534096,True,True,818.909423828125,833.14501953125,828.5243530273438,828.8736572265625,837.9380493164062,740.2617797851562,838.322265625,732.2637939453125,787.3580322265625,855.0012817382812,853.7291259765625,847.4605102539062,10.520998001098633,8.007209777832031,66.798095703125,5.725945472717285,8.856879234313965,6.725379108094908,128.02376769115523,128.20029570163433,50.49432934708972,242.86945240070736,248.06299241449102,0.9883939364685337,-176.7630933471802,93.32813163391133,199.8882971160158,97.6195640171719,315.7926923189022,330.5368418208832,0.1849057560240802,0.004775960668694713,0.0036348375848869246,0.0025992677088174216
475,15.842154459466153,True,True,809.6315307617188,842.84521484375,821.9952392578125,833.5792846679688,828.54638671875,747.6309814453125,839.321533203125,738.4810180664062,779.7980346679688,848.2774658203125,850.2623291015625,845.39208984375,15.450526237487793,14.135969161987305,70.52334594726562,7.602404594421387,43.56983184814453,-281.5929957822824,220.95295166640952,357.93130922530264,29.961335172171385,186.41286859533923,188.8052943729132,0.48463891630582656,-278.1818102972514,290.84382337178437,402.46148781439155,-195.7643481170712,141.09021852973964,241.30919948993142,0.9832743075687963,0.007013698283487169,0.006416960893299557,0.003451078056156751
476,15.875506363591345,True,True,823.1473388671875,829.29541015625,824.9373779296875,842.640380859375,838.113037109375,730.0118408203125,841.8185424804688,736.8223876953125,771.661865234375,817.0394287109375,826.6090087890625,816.4182739257812,13.464489936828613,7.753342628479004,54.950653076171875,0.9166944622993469,98.91260528564453,286.83970650416217,-528.2799014672037,601.1294964661045,74.86856726293082,-49.731204697273235,89.8804488453751,0.8837212711637465,405.248469614656,-406.2677991828761,573.829109385293,88.21501347662775,271.6815255103254,285.644429153273,-0.45528619799910075,0.006112145858749733,0.003519595711420444,0.0004161294106029444
477,15.908858267716536,True,True,818.965576171875,836.2501831054688,380.4442138671875,901.2454833984375,835.1744384765625,728.1375122070312,430.1241760253906,883.5477905273438,827.2794189453125,795.4783325195312,397.9653625488281,918.142822265625,443.31182861328125,433.841064453125,446.4942932128906,306.9391174316406,316.34185791015625,-88.1088714390034,-56.198548851833074,104.50574203988361,-1886.416251391926,664.4047901587398,2000.0,0.6165757948924274,-125.38302699646654,208.52701312383417,243.3195813352151,-1985.473143696435,240.6166960263505,2000.0,0.614664286598724,0.20123945059233683,0.1969402389465722,0.13933365944792567
478,15.942210171841728,True,True,811.8221435546875,811.803466796875,402.3369140625,893.854736328125,832.3206787109375,713.2469482421875,454.21484375,873.3382568359375,827.8902587890625,782.3966674804688,410.7543640136719,914.1300659179688,417.6249084472656,410.60107421875,437.442626953125,243.2566375732422,270.3751220703125,-85.56512260628178,-446.46818091553484,454.5934741905726,-1886.416251391926,664.4047901587398,2000.0,-0.14873086385548187,-214.1836517151597,-732.9931213770868,763.6449126709125,-1985.473143696435,240.6166960263505,2000.0,0.16295892314137547,0.18957898640443555,0.18639054781568956,0.1104252784125054
479,15.97556207596692,True,True,805.2056274414062,823.2437744140625,395.81781005859375,895.4593505859375,831.8250732421875,727.6005249023438,447.60772705078125,875.2630004882812,821.1522216796875,754.4502563476562,410.1595458984375,912.1328125,415.7084045410156,411.6153259277344,440.203125,249.24400329589844,305.9638977050781,-14.859885267409702,430.36753182899906,430.6239991486135,-198.10313301506991,57.710157870414406,206.33786281682438,0.3126517307279053,-198.3849584253139,343.01812496954926,396.2550009615511,-195.46422235551267,48.111623605936096,201.29826265282213,0.6930359599866417,0.18870899790365891,0.18685096290841746,0.11314321669150813
480,16.00891398009211,True,False,796.45703125,818.4521484375,430.1151123046875,884.5960693359375,829.075927734375,731.4591674804688,475.746337890625,860.4037814670139,810.1201782226562,747.8233642578125,436.10378011067706,896.5004272460938,378.8712404039171,379.56329176161023,404.93689388699,226.48678376939563,,-82.42844239096894,115.69482101054697,142.05541075110017,843.6882864085004,-445.5283562069138,954.0992824687305,-0.8934169446248889,-262.3117456372789,-143.6687380299589,299.07884944675953,1028.346151312775,-325.71697283677935,1078.6970628094582,-0.6910763553052935,0.171986929612546,0.17230108327598304,0.10281267719553262
481,16.042265884217304,True,False,800.799072265625,807.076416015625,464.41241455078125,873.7327880859375,831.0535888671875,725.129638671875,503.88494873046875,845.5445624457466,806.23681640625,744.3177490234375,462.0480143229167,880.8680419921875,342.0340762668186,347.5112575954861,369.67066277398004,203.7295642428928,,59.29679832938537,-189.78013323721532,198.82808972489525,843.6882864085004,-445.5283562069138,954.0992824687305,0.7094317984454679,130.18869925166578,-341.08194780047046,365.08354184789476,1028.346151312775,-325.71697283677935,1078.6970628094582,0.6220573386895619,0.15526486132143305,0.15775120364354864,0.09248213769955711
482,16.075617788342495,True,False,802.9844360351562,811.0331420898438,498.709716796875,862.8695068359375,834.3423461914062,725.9260864257812,532.0235595703125,830.6853434244791,798.948486328125,737.0101318359375,487.99224853515625,865.2356567382812,305.19691212972003,315.459223429362,334.4044316609701,180.97234471638996,,98.60778298815727,23.880128430348424,101.45814604894697,843.6882864085004,-445.52835620691724,954.0992824687321,0.7495258199734643,65.52440788172468,118.63568746679418,135.5281312826584,1028.346151312775,-325.71697283677935,1078.6970628094582,0.19658915926563236,0.1385427930303201,0.14320132401111427,0.0821515982035816
483,16.10896969246769,True,False,806.7637329101562,799.5322265625,533.0070190429688,852.0062255859375,837.8236083984375,713.322021484375,560.1621704101562,815.8261244032118,794.4519653320312,735.9406127929688,513.9364827473959,849.603271484375,268.3597479926215,283.40718926323785,299.1382005479601,158.21512518988715,,104.37971379276443,-377.91140482099024,392.061416802564,843.6882864085004,-445.5283562069138,954.0992824687305,0.6855328213024879,113.31577533965626,-344.83534985508345,362.97642271985825,1028.346151312775,-325.71697283677935,1078.6970628094582,0.5844757418309573,0.12182072473920719,0.12865144437867987,0.07182105870760609
484,16.14232159659288,True,False,811.3055419921875,816.842529296875,567.3043212890625,841.1429443359375,794.6348876953125,733.8177490234375,588.30078125,800.9669053819445,758.2971801757812,737.0712890625,539.8807169596354,833.9708862304688,231.522583855523,251.3551550971137,263.8719694349501,135.45790566338434,,-1294.940179157657,614.5294572126494,1433.3584762294945,843.6882864085004,-445.5283562069138,954.0992824687305,-0.9990858695267043,136.17840423691604,519.0199237020444,536.5875874264973,1028.346151312775,-325.71697283677935,1078.6970628094582,-0.05012834449362438,0.10509865644809425,0.11410156474624546,0.06149051921163059
485,16.175673500718073,True,False,796.5704956054688,806.3189697265625,601.6016235351562,830.2796630859375,830.8446655273438,715.2469482421875,616.4393920898438,786.1076863606771,763.869873046875,734.2252807617188,565.824951171875,818.3385009765625,194.68541971842447,219.3031209309896,228.60573832194012,112.7006861368815,,1085.6884721217668,-556.8138092368406,1220.1479732618243,843.6882864085004,-445.5283562069138,954.0992824687305,0.9999284296826157,-441.80525140058904,-315.5309972951042,542.910388940183,1028.346151312775,-325.71697283677935,1078.6970628094582,-0.6002961285305893,0.08837658815698131,0.09955168511381106,0.05115997971565507
486,16.209025404843263,True,False,794.3240966796875,819.9437255859375,635.89892578125,819.4163818359375,829.3281860351562,721.8038940429688,644.5780029296875,771.2484673394097,767.4345703125,736.1839599609375,591.7691853841145,802.7061157226562,157.84825558132593,187.25108676486548,193.33950720893014,89.94346661037866,,-45.469052876115946,196.5988441370144,201.78835517804566,843.6882864085004,-445.52835620691724,954.0992824687321,-0.6542076678728372,-67.35444301317908,408.5150823243021,414.0304257902394,1028.346151312775,-325.71697283677935,1078.6970628094582,-0.45301815017279806,0.07165451986586838,0.08500180548137667,0.040829440219679554
487,16.242377308968454,True,False,789.2587890625,797.4334106445312,670.1962280273438,808.5531005859375,823.0093383789062,704.0977172851562,672.7166137695312,756.3892483181423,765.5343627929688,742.3341064453125,617.7134195963541,787.07373046875,121.01109144422742,155.19905259874133,158.07327609592016,67.18624708387586,,-189.4598770892108,-530.8895315646577,563.6831909429271,843.6882864085004,-445.5283562069138,954.0992824687305,0.14258065127130867,-151.87461555940038,-674.9334267965646,691.8099662903602,1028.346151312775,-325.71697283677935,1078.6970628094582,0.08530292534721119,0.05493245157475545,0.07045192584894226,0.030498900723704054
488,16.275729213093648,True,True,788.6064453125,794.4854736328125,704.4935302734375,797.6898193359375,817.6429443359375,702.4683227539062,700.855224609375,741.530029296875,764.3746948242188,748.8810424804688,643.6576538085938,771.4413452148438,84.1739273071289,123.14701843261719,122.80704498291016,44.42902755737305,144.99618530273438,-160.90217886286493,-48.85461786930658,168.15553767263611,843.6882864085004,-445.5283562069138,954.0992824687305,-0.7104664801228907,-19.559415484984594,-88.38886681411591,90.52713687507065,1028.346151312775,-325.71697283677935,1078.6970628094582,0.08884571390238524,0.03821038328364252,0.055902046216507864,0.02016836122772855
489,16.309081117218838,True,True,785.205322265625,817.5498046875,695.4326171875,779.2705688476562,814.3526000976562,711.66796875,697.3243408203125,727.9556884765625,756.9906616210938,766.1971435546875,644.0306396484375,768.872314453125,97.59323120117188,118.15626525878906,112.99169158935547,84.86947631835938,130.98924255371094,-98.65536390157509,275.8357052587269,292.9474647818811,-105.86753235463686,-407.0034733057208,420.5469791709134,-0.8264870252545672,-101.9768776651648,691.5446556847762,699.0231000364092,-271.67603540493104,-552.2698320054393,615.4752924014557,-0.8233116838680972,0.044302017137438386,0.053636515811229066,0.038526124691486086
490,16.342433021344032,True,False,781.8451538085938,820.8157348632812,687.2689743041992,783.5123062133789,811.17431640625,716.920166015625,688.9928283691406,733.2950973510742,753.6036987304688,783.4923095703125,639.634162902832,773.7172393798828,102.60771465301514,122.76326942443848,114.01122713088989,80.65527987480164,,-95.2954194002248,157.47818313191377,184.0668224346618,-249.80620056648527,160.09307458037065,296.7034384196772,0.8975211141519877,-100.74892409195891,97.92334984899333,140.49671936146993,-244.7729176918114,127.18126526751192,275.8420842989835,0.9576754440367964,0.046578319797825084,0.05572784504571392,0.03661310879104744
491,16.375784925469222,True,False,781.593505859375,823.9912109375,679.1053314208984,787.7540435791016,806.9435424804688,717.4338989257812,680.6613159179688,738.6345062255859,753.9296264648438,797.6505737304688,635.2376861572266,778.5621643066406,107.6221981048584,127.37027359008789,115.03076267242432,76.4410834312439,,-126.85254520702443,15.403405701451659,127.78432271880494,-249.80620056648527,160.09307458037065,296.7034384196772,0.9008410548525885,-7.545234846986478,95.21123778417791,95.50973965670437,-244.7729176918114,127.18126526751192,275.8420842989835,0.529726096205139,0.048854622458211774,0.057819174280198775,0.0347000928906088
492,16.409136829594416,True,False,778.0626220703125,818.7593994140625,670.9416885375977,791.9957809448242,804.1455078125,713.3310546875,672.3298034667969,743.9739151000977,749.1446533203125,809.7506103515625,630.8412094116211,783.4070892333984,112.63668155670166,131.9772777557373,116.05029821395874,72.22688698768616,,-83.89430053126391,-123.01679157149601,148.90058653401914,-249.80620056648527,160.09307458037065,296.7034384196772,0.028592114848367593,-105.86753235463686,-156.86695139800798,189.24897581695149,-244.7729176918114,127.18126526751192,275.8420842989835,0.11422689544091144,0.05113092511859847,0.05991050351468363,0.032787076990170146
493,16.442488733719607,True,False,772.9244384765625,812.8196411132812,662.7780456542969,796.2375183105469,795.8338012695312,704.6097412109375,663.998291015625,749.3133239746094,749.2548828125,814.6295166015625,626.4447326660156,788.2520141601562,117.65116500854492,136.58428192138672,117.06983375549316,68.01269054412842,,-249.2123541663283,-261.4937199335188,361.22813156479526,-249.80620056648527,160.09307458037065,296.7034384196772,0.19025852661882073,-154.05967750635693,-178.09352888774754,235.481823640496,-244.7729176918114,127.18126526751192,275.8420842989835,0.2318419156795729,0.05340722777898516,0.06200183274916849,0.0308740610897315
494,16.475840637844797,True,False,771.2137451171875,818.7095947265625,654.6144027709961,800.4792556762695,790.468505859375,711.0532836914062,655.6667785644531,754.6527328491211,745.004150390625,815.8366088867188,622.0482559204102,793.0969390869141,122.66564846038818,141.19128608703613,118.08936929702759,63.79849410057068,,-160.86923823049875,193.19863886277213,251.405301987227,-249.80620056648527,160.09307458037065,296.7034384196772,0.9533880022138264,-51.29222466440383,176.60022022048076,183.89815141253047,-244.7729176918114,127.18126526751192,275.8420842989835,0.6902693024527976,0.05568353043937186,0.06409316198365335,0.028961045189292853
495,16.50919254196999,True,False,769.7734985351562,811.3728637695312,646.4507598876953,804.7209930419922,787.950927734375,708.9434814453125,647.3352661132812,759.9921417236328,739.0420532226562,815.6697998046875,617.6517791748047,797.9418640136719,127.68013191223145,145.79829025268555,119.10890483856201,59.58429765701294,,-75.48528910223096,-63.25882438898414,98.48709425058556,-249.80620056648527,160.09307458037065,296.7034384196772,0.2987322921803605,-43.1833389969294,-219.9793729764758,224.17788762955004,-244.7729176918114,127.18126526751192,275.8420842989835,-0.2814972790801965,0.05795983309975856,0.0661844912181382,0.027048029288854206
496,16.54254444609518,True,False,765.36181640625,814.0511474609375,638.2871170043945,808.9627304077148,783.4522705078125,712.5675659179688,639.0037536621094,765.3315505981445,734.795166015625,815.2098388671875,613.2553024291992,802.7867889404297,132.6946153640747,150.40529441833496,120.12844038009644,55.3701012134552,,-134.8845693989778,108.66199600036772,173.20876547314683,-249.80620056648527,160.09307458037065,296.7034384196772,0.994150770908973,-132.27676933665526,80.30377160335038,154.74443266194027,-244.7729176918114,127.18126526751192,275.8420842989835,0.9977949928943286,0.06023613576014525,0.06827582045262305,0.025135013388415558
497,16.575896350220376,True,False,759.6911010742188,813.0056762695312,630.1234741210938,813.2044677734375,775.48974609375,708.239013671875,630.6722412109375,770.6709594726562,728.3312377929688,815.2379760742188,608.8588256835938,807.6317138671875,137.70909881591797,155.01229858398438,121.14797592163086,51.15590476989746,,-238.7427231792777,-129.78426148761437,271.73892323504685,-249.80620056648527,160.09307458037065,296.7034384196772,0.48200223762216693,-170.02673402829654,-31.346671766682363,172.892174823435,-244.7729176918114,127.18126526751192,275.8420842989835,0.7890645913731708,0.06251243842053195,0.07036714968710792,0.023221997487976914
498,16.609248254345566,True,False,761.5535278320312,812.391845703125,621.959831237793,817.4462051391602,774.1993408203125,707.78564453125,622.3407287597656,776.010368347168,723.4654541015625,815.7074584960938,604.4623489379883,812.4766387939453,142.72358226776123,159.6193027496338,122.16751146316528,46.94170832633972,,-38.69060274920886,-13.59350095644326,41.00909666586075,-249.80620056648527,160.09307458037065,296.7034384196772,0.6154840761426604,55.84169200119947,-18.40466331703687,58.79648116486485,-244.7729176918114,127.18126526751192,275.8420842989835,-0.9870961494688999,0.06478874108091864,0.07245847892159277,0.021308981587538266
499,16.642600158470756,True,False,758.65234375,812.62939453125,613.7961883544922,821.6879425048828,769.76611328125,708.9102783203125,614.0092163085938,781.3497772216797,719.4591674804688,813.37109375,600.0658721923828,817.3215637207031,147.7380657196045,164.2263069152832,123.1870470046997,42.72751188278198,,-132.92277173805866,33.720227332178716,137.1332088804964,-249.80620056648527,160.09307458037065,296.7034384196772,0.9487664040806609,-86.98705990342185,7.1224967316205126,87.27816766141144,-244.7729176918114,127.18126526751192,275.8420842989835,0.9220324930464437,0.06706504374130534,0.07454980815607763,0.019395965687099618
500,16.67595206259595,True,False,759.913818359375,806.385498046875,605.6325454711914,825.9296798706055,768.4141235351562,703.383056640625,605.6777038574219,786.6891860961914,713.54345703125,813.514892578125,595.6693954467773,822.1664886474609,152.75254917144775,168.83331108093262,124.20658254623413,38.51331543922424,,-40.53710819684635,-165.72432143424726,170.61010478809436,-249.80620056648527,160.09307458037065,296.7034384196772,-0.32407544835474666,37.82316609689948,-187.2125939477848,190.99514974535816,-244.7729176918114,127.18126526751192,275.8420842989835,-0.6276612888169412,0.06934134640169204,0.07664113739056248,0.017482949786660974
501,16.70930396672114,True,False,748.1478881835938,805.7139282226562,597.4689025878906,830.1714172363281,756.213134765625,704.2684326171875,597.34619140625,792.0285949707031,709.2863159179688,814.2755126953125,591.2729187011719,827.0114135742188,157.76703262329102,173.44031524658203,125.22611808776855,34.299118995666504,,-365.8258528128654,26.54648961687748,366.78777337479397,-249.80620056648527,160.09307458037065,296.7034384196772,0.8787828887213595,-352.7813623958584,-20.13587655139273,353.35554782452607,-244.7729176918114,127.18126526751192,275.8420842989835,0.8596504846867817,0.07161764906207872,0.07873246662504733,0.015569933886222326
502,16.742655870846335,True,False,748.379150390625,811.684814453125,589.3052597045898,834.4131546020508,748.7825927734375,712.9187622070312,589.0146789550781,797.3680038452148,712.0924072265625,819.3157958984375,586.8764419555664,831.8563385009766,162.78151607513428,178.04731941223145,126.24565362930298,30.084922552108765,,-222.7921369735212,259.3653890756373,341.91627827230593,-249.80620056648527,160.09307458037065,296.7034384196772,0.9579066445664338,6.93400311308071,179.02684680478927,179.1610791328231,-244.7729176918114,127.18126526751192,275.8420842989835,0.4263766523220162,0.07389395172246542,0.0808237958595322,0.013656917985783678
503,16.776007774971525,True,False,738.7750244140625,811.7698974609375,581.1416168212891,838.6548919677734,735.58544921875,715.535400390625,580.6831665039062,802.7074127197266,702.7930908203125,821.8126831054688,582.4799652099609,836.7012634277344,167.79599952697754,182.65432357788086,127.2651891708374,25.870726108551025,,-395.6938561933326,78.45543612058145,403.3966822942653,-249.80620056648527,160.09307458037065,296.7034384196772,0.9308021685098,-287.96334807487517,2.551068973247429,287.97464782059893,-244.7729176918114,127.18126526751192,275.8420842989835,0.8914157138403577,0.07617025438285212,0.08291512509401705,0.011743902085345032
504,16.80935967909672,True,False,738.940673828125,810.91650390625,572.9779739379883,842.8966293334961,735.9609375,712.5064086914062,572.3516540527344,808.0468215942383,698.4154052734375,823.968017578125,578.0834884643555,841.5461883544922,172.8104829788208,187.26132774353027,128.28472471237183,21.656529664993286,,11.25837612870745,-90.81915346868735,91.5143140160294,-249.80620056648527,160.09307458037065,296.7034384196772,-0.6390519596888286,4.966715346767233,-25.58755120799538,26.065130695195045,-244.7729176918114,127.18126526751192,275.8420842989835,-0.6217053680985631,0.07844655704323882,0.0850064543285019,0.009830886184906384
505,16.84271158322191,True,True,738.4765014648438,808.886962890625,564.8143310546875,847.1383666992188,729.2529296875,715.85888671875,564.0201416015625,813.38623046875,701.5330200195312,827.0264282226562,573.68701171875,846.39111328125,177.82496643066406,191.8683319091797,129.30426025390625,17.442333221435547,93.7831039428711,-201.12818108736403,100.51833966539566,224.84768586000467,-249.80620056648527,160.09307458037065,296.7034384196772,0.9943380711284616,-13.917417174710689,-60.85232819112161,62.42355602731156,-244.7729176918114,127.18126526751192,275.8420842989835,-0.251620783045125,0.08072285970362551,0.08709778356298677,0.007917870284467738
506,16.8760634873471,True,False,741.3619384765625,803.1633911132812,569.0705407184104,848.5730351987092,727.851806640625,709.1133422851562,565.7008613918139,813.9491338315217,708.8470458984375,827.253662109375,574.9976090140965,850.082227623981,171.64660528431767,187.32844808827275,127.74936841881794,17.26252783899722,,-42.01028647766714,-202.2536526932085,206.5705792161136,50.39351828137048,16.877697916700587,53.14473983135321,-0.5037850081045799,86.51491083950661,-171.61154445213606,192.18572264040648,127.61519245637317,43.01608969926374,134.67004610785676,0.14135721546748384,0.07791821989389827,0.08503692331314822,0.007836248423646608
507,16.909415391472294,True,False,743.1499633789062,809.3365478515625,573.3267503821331,850.0077036981997,724.7357788085938,716.5042114257812,567.3815811820652,814.5120371942935,708.1728515625,835.1412353515625,576.3082063094429,853.773341966712,165.46824413797128,182.7885642673658,126.19447658372962,17.08272245655889,,-93.42878356614132,221.60261413807584,240.4925283485493,50.39351828137048,16.877697916700587,53.14473983135321,-0.07574287885371937,53.610879175956555,185.09158323042917,192.6993008517828,127.61519245636975,43.01608969926374,134.67004610785352,0.5704435036150144,0.07511358008417103,0.08297606306330967,0.007754626562825477
508,16.942767295597484,True,False,741.4564819335938,808.1249389648438,577.582960045856,851.4423721976902,724.2275390625,713.2228393554688,569.0623009723166,815.0749405570652,709.8305053710938,818.1297607421875,577.6188036047894,857.4644563094429,159.28988299162492,178.2486804464589,124.63958474864131,16.902917074120563,,-15.238702539620762,-98.38634873725128,99.55948811107392,50.39351828137048,16.877697916700587,53.14473983135321,-0.4589752314909714,-50.77615475733369,-36.328027394501234,62.43351236568653,127.61519245637317,43.01608969926374,134.67004610785676,-0.9565379583722137,0.0723089402744438,0.08091520281347113,0.007673004702004346
509,16.976119199722678,True,False,744.3482055664062,807.6519775390625,581.8391697095788,852.8770406971807,722.4483032226562,715.1495361328125,570.7430207625679,815.637843919837,710.6524658203125,833.5947875976562,578.9294009001359,861.1555706521739,153.11152184527853,173.70879662555197,123.08469291355298,16.723111691682234,,-53.34735411702712,57.76871899462095,78.6331042600187,50.39351828136707,16.877697916700587,53.14473983134998,-0.4099986051091627,86.70340445804642,-14.18094223364012,87.85544642905995,127.61519245636975,43.01608969926374,134.67004610785352,0.8836297675991206,0.06950430046471656,0.07885434256363258,0.007591382841183216
510,17.00947110384787,True,False,740.4306640625,817.984130859375,586.0953793733016,854.3117091966712,718.78857421875,722.0487060546875,572.4237405528193,816.2007472826087,706.58935546875,846.5377197265625,580.2399981954824,864.8466849949049,146.93316069893214,169.16891280464503,121.52980107846467,16.543306309243906,,-109.73073651713709,206.8598511190792,234.16197928271995,50.39351828137048,16.877697916700587,53.14473983135321,-0.1637995491387324,-117.46080491240046,309.7920071228632,331.3127349920029,127.61519245637317,43.01608969926374,134.67004610785676,-0.037288675847196986,0.06669966065498932,0.07679348231379403,0.007509760980362085
511,17.042823007973062,True,False,737.9954223632812,812.46533203125,590.3515890370245,855.7463776961616,715.6614990234375,721.6832885742188,574.1044603430706,816.7636506453804,695.5159912109375,859.0578002929688,581.5505954908288,868.5377993376359,140.75479955258578,164.62902898373812,119.97490924337636,16.363500926805578,,-93.76001992493457,-10.956420332017474,94.39801101091047,50.39351828137048,16.877697916697176,53.144739831352126,-0.9786831833141143,-73.01657170989898,-165.47177658610656,180.86549861935853,127.61519245637317,43.01608969926033,134.67004610785568,-0.6747900508816409,0.0638950208452621,0.07473262206395549,0.007428139119540954
512,17.076174912098253,True,False,737.9382934570312,826.701416015625,594.6077987007473,857.1810461956521,714.4998168945312,728.9151000976562,575.785180133322,817.3265540081521,693.9240112304688,866.605712890625,582.8611927861753,872.2289136803669,134.5764384062394,160.0891451628312,118.42001740828805,16.18369554436725,,-34.831058656971535,216.83354258550565,219.61326880984603,50.39351828137048,16.877697916700587,53.14473983135321,0.16316888991376247,-1.7129128830413154,426.84471420094934,426.8481511168053,127.61519245636975,43.01608969926374,134.67004610785352,0.3156131106806993,0.06109038103553485,0.07267176181411694,0.007346517258719824
513,17.109526816223443,True,False,739.614013671875,828.3869018554688,598.8640083644701,858.6157146951426,706.1204223632812,732.9527587890625,577.4658999235734,817.8894573709239,685.3031616210938,868.879150390625,584.1717900815217,875.9200280230979,128.398077259893,155.54926134192425,116.86512557319973,16.003890161928922,,-251.24186312711123,121.06231405110272,278.88807373387255,50.39351828137048,16.877697916700587,53.14473983135321,-0.7163752286355652,50.243614534080464,50.53642015511317,71.26254670963837,127.61519245637317,43.01608969926374,134.67004610785676,0.8946326916345884,0.05828574122580761,0.07061090156427839,0.007264895397898693
514,17.142878720348637,True,False,726.47412109375,858.4783935546875,603.120218028193,860.0503831946331,704.5505981445312,771.959716796875,579.1466197138247,818.4523607336956,698.9983520507812,866.887939453125,585.4823873768682,879.6111423658288,122.21971611354661,151.0093775210173,115.3102337381114,15.824084779490596,,-47.068503581007086,1169.5571521611905,1170.503898413307,50.39351828137048,16.877697916700587,53.14473983135321,0.27919251958159336,-393.9772832400284,902.2420904745153,984.509466451703,127.61519245637317,43.01608969926374,134.67004610785676,-0.08648529031060717,0.055481101416080376,0.06855004131443984,0.007183273537077563
515,17.176230624473828,True,False,724.8707885742188,843.957763671875,607.3764276919158,861.4850516941236,688.93505859375,762.35888671875,580.8273395040761,819.0152640964674,701.4560546875,869.004638671875,586.7929846722146,883.3022567085598,116.04135496720023,146.46949370011038,113.7553419030231,15.644279397052268,,-468.20533820695016,-287.8645261777766,549.6200725565255,50.39351828137048,16.877697916700587,53.14473983135321,-0.9741038648586228,-48.07319286817555,-435.37633798378977,438.0223596447057,127.61519245636975,43.01608969926374,134.67004610785352,-0.42148996847062165,0.05267646160635314,0.06648918106460129,0.007101651676256432
516,17.20958252859902,True,False,728.0419921875,844.493408203125,611.6326373556386,862.9197201936141,685.6450805664062,768.2251586914062,582.5080592943275,819.5781674592391,699.75048828125,868.875,588.1035819675611,886.9933710512908,109.86299382085386,141.92960987920347,112.20045006793478,15.46447401461394,,-98.64438369078636,175.89016658947645,201.66324686617753,50.39351828137048,16.877697916700587,53.14473983135321,-0.18683892713912698,95.0831353249761,16.060388313643788,96.42996783164838,127.61519245637317,43.01608969926374,134.67004610785676,0.9875775711583771,0.04987182179662591,0.06442832081476275,0.007020029815435301
517,17.242934432724212,True,False,705.079833984375,837.0889892578125,615.8888470193614,864.3543886931046,680.3951416015625,752.3271484375,584.1887790845788,820.1410708220109,699.9581909179688,866.6678466796875,589.4141792629076,890.6844853940217,103.68463267450747,137.38972605829653,110.64555823284647,15.284668632175611,,-157.41047183204995,-476.6747407953211,501.99289353005304,50.39351828136707,16.877697916700587,53.14473983134998,-0.5989006314201066,-688.4811768747215,-222.0088819372587,723.3908173109701,127.61519245636975,43.01608969926374,134.67004610785352,-0.9999131294113758,0.04706718198689867,0.06236746056492421,0.006938407954614171
518,17.276286336849402,True,False,701.08154296875,835.4454345703125,620.1450566830842,865.7890571925951,672.8712158203125,746.9879760742188,585.8694988748301,820.7039741847826,696.447998046875,864.9595947265625,590.7247765582541,894.3755997367527,97.50627152816108,132.8498422373896,109.09066639775816,15.104863249737283,,-225.5920907246464,-160.08598319423626,276.62124541108983,50.39351828137048,16.877697916700587,53.14473983135321,-0.9570979086155109,-119.88194139131463,-49.279186019804,129.6152693417139,127.61519245637317,43.01608969926374,134.67004610785676,-0.9978952294317304,0.044262542177171425,0.06030660031508566,0.00685678609379304
519,17.309638240974596,True,False,711.1568603515625,840.1282958984375,624.401266346807,867.2237256920856,675.0380859375,759.0570068359375,587.5502186650815,821.2668775475544,690.1283569335938,868.7518310546875,592.0353738536005,898.0667140794837,91.3279103818147,128.3099584164827,107.53577456266984,14.925057867298955,,64.969907236894,361.86931685866097,367.655397526168,50.39351828137048,16.877697916700587,53.14473983135321,0.4801477565427128,302.09121928970313,140.40761542570715,333.1267074875156,127.61519245636975,43.01608969926374,134.67004610785352,0.9939598714608096,0.04145790236744419,0.058245740065247124,0.00677516423297191
520,17.342990145099787,True,False,706.9940185546875,840.8681640625,628.6574760105299,868.6583941915761,674.1275024414062,755.9912109375,589.2309384553329,821.8297809103261,683.821044921875,868.3836669921875,593.345971148947,901.7578284222146,85.14954923546833,123.77007459557575,105.98088272758153,14.745252484860629,,-27.302294126168146,-91.92266465295435,95.8915613672616,50.39351828137048,16.877697916700587,53.14473983135321,-0.574416356840692,-124.81571610571568,22.183685863490197,126.7717591006476,127.61519245637317,43.01608969926374,134.67004610785676,-0.8770976831229977,0.03865326255771696,0.056184879815408574,0.00669354237215078
521,17.37634204922498,True,False,701.668212890625,839.3131103515625,632.9136856742527,870.0930626910666,676.4490966796875,757.1248168945312,590.9116582455842,822.3926842730979,685.4359130859375,834.2243041992188,594.6565684442935,905.4489427649456,78.97118808912194,119.23019077466881,104.4259908924932,14.5654471024223,,69.6090462951309,33.98924249650251,77.4641073762793,50.39351828137048,16.877697916700587,53.14473983135321,0.9914242046831115,-159.68520550044775,-46.62563507919512,166.35298224636222,127.61519245637317,43.01608969926374,134.67004610785676,-0.9991584495445535,0.03584862274798972,0.054124019565570024,0.006611920511329649
522,17.40969395335017,True,False,697.9221801757812,840.0567626953125,637.1698953379755,871.527731190557,679.0699462890625,760.17919921875,592.5923780358356,822.9555876358696,691.81884765625,825.23828125,595.96716573964,909.1400571076766,72.79282694277555,114.69030695376188,102.87109905740489,14.385641719983973,,78.5817085446518,91.58044808337239,120.67337481378345,50.39351828137048,16.877697916700587,53.14473983135321,0.8584972311341994,-112.3184061930136,22.297148041640373,114.51020557369384,127.61519245636975,43.01608969926033,134.67004610785244,-0.8672794761689158,0.03304398293826248,0.05206315931573148,0.006530298650508519
523,17.443045857475365,True,False,696.6136474609375,848.5325927734375,641.4261050016984,872.9623996900475,674.953857421875,769.6829223632812,594.273097826087,823.5184909986413,693.3898315429688,826.66748046875,597.2777630349864,912.8311714504076,66.61446579642917,110.15042313285495,101.31620722231658,14.205836337545644,,-123.41390919502162,284.9529402836327,310.530467360426,50.39351828137048,16.877697916697176,53.144739831352126,-0.08543332969339244,-39.234123183250816,254.13331863480917,257.14404535648873,127.61519245637317,43.01608969926374,134.67004610785676,0.17109499887448643,0.030239343128535247,0.05000229906589294,0.006448676789687388
524,17.476397761600555,True,False,689.6533813476562,848.834228515625,645.6823146654212,874.397068189538,672.9586791992188,769.522216796875,595.9538176163383,824.081394361413,705.743896484375,832.0169677734375,598.5883603303329,916.5222857931386,60.4361046500828,105.61053931194803,99.76131538722827,14.026030955107316,,-59.822018412112776,-4.818482501119427,60.015761767328705,50.39351828136707,16.877697916700587,53.14473983134998,-0.9706679643413881,-208.69171628566505,9.04403361964763,208.88759415142354,127.61519245637317,43.01608969926374,134.67004610785676,-0.932895597744284,0.027434703318808012,0.047941438816054394,0.006367054928866258
525,17.509749665725746,True,False,682.0782470703125,843.732177734375,649.938524329144,875.8317366890285,668.6292724609375,763.5093383789062,597.6345374065896,824.6442977241848,672.3152465820312,839.3429565429688,599.8989576256794,920.2134001358695,54.25774350373641,101.0706554910411,98.20642355213994,13.846225572668988,,-129.80988197945473,-180.2859109752299,222.1567355622793,50.39351828137048,16.877697916700587,53.14473983135321,-0.8117917014548724,-227.12749019993666,-152.97629670853595,273.84054513380653,127.61519245636975,43.01608969926374,134.67004610785352,-0.9644027839376853,0.02463006350908077,0.04588057856621584,0.006285433068045127
526,17.54310156985094,True,False,680.316650390625,851.0086669921875,654.1947339928669,877.266405188519,667.24658203125,768.2076416015625,599.315257196841,825.2072010869565,660.5433959960938,847.4849853515625,601.2095549210258,923.9045144786005,48.07938235739002,96.53077167013416,96.65153171705163,13.66642019023066,,-41.45761586796791,140.87061431396512,146.8443526004657,50.39351828137048,16.877697916700587,53.14473983135321,0.03695237941804967,-52.818473964036805,218.1731283017303,224.47562251802066,127.61519245637317,43.01608969926374,134.67004610785676,0.08747941371912468,0.021825423699353533,0.04381971831637729,0.006203811207223996
527,17.57645347397613,True,False,675.231689453125,854.836181640625,658.4509436565896,878.7010736880095,666.2110595703125,772.3611450195312,600.9959769870924,825.7701044497283,659.906494140625,854.04541015625,602.5201522163723,927.5956288213315,41.901021211043656,91.99088784922724,95.09663988196331,13.486614807792332,,-31.0483760402553,124.53572073060316,128.3477595933325,50.39351828137048,16.877697916700587,53.14473983135321,0.0787624564840025,-152.4638868717287,114.76150309350523,190.8282981958281,127.61519245636975,43.01608969926374,134.67004610785352,-0.5650102601745385,0.019020783889626306,0.04175885806653875,0.006122189346402866
528,17.609805378101324,True,True,682.236328125,850.223876953125,662.7071533203125,880.1357421875,670.7763671875,771.468505859375,602.6766967773438,826.3330078125,662.23193359375,858.2158203125,603.8307495117188,931.2867431640625,35.722660064697266,87.45100402832031,93.541748046875,13.306809425354004,157.81790161132812,136.88296776252596,-26.764263797520552,139.4749894429105,50.39351828137048,16.877697916700587,53.14473983135321,0.8696681510693257,210.0221518262324,-138.29209481374585,251.46373047756825,127.61519245637317,43.01608969926374,134.67004610785676,0.6157820365705232,0.016216144079899065,0.039697997816700206,0.006040567485581735
529,17.643157282226515,True,True,673.02490234375,853.260986328125,650.4685668945312,883.5067749023438,662.5797119140625,773.3331909179688,592.3945922851562,835.8448486328125,662.9697875976562,864.4718017578125,602.9803466796875,930.8414306640625,37.73057174682617,93.98754119873047,89.46318054199219,7.061848163604736,128.07272338867188,-245.76273794353676,55.90940330106328,252.04202970731782,-308.29137831507063,285.1963349561161,419.97681295019987,0.8664159030052194,-276.18890203909757,91.0625481411708,290.81385332120146,-366.9531544538413,101.07467034535779,380.61884681272346,0.9987647612924543,0.017127626737633524,0.04266523005380168,0.0032056948470238593
530,17.67650918635171,True,True,669.1500244140625,853.7474365234375,654.7496337890625,881.230224609375,659.350341796875,774.6923828125,595.0577392578125,830.5760498046875,663.8700561523438,875.38232421875,597.6962890625,935.4000244140625,31.027002334594727,85.18522644042969,89.33695983886719,2.202448844909668,128.05787658691406,-96.82715880525214,40.75305234235796,105.05384313539646,79.8499228907497,-157.97595268766935,177.0096376281117,-0.7619913899774727,-116.18161035551384,14.585379997691543,117.0935518911161,128.36049415534285,-68.25848036811755,145.3810049558349,-0.9345319986476162,0.014084570950593251,0.038669458067653054,0.000999791945308066
531,17.7098610904769,True,True,673.927978515625,842.1078491210938,646.63330078125,868.07861328125,665.1200561523438,771.0057983398438,589.1744995117188,818.9324951171875,668.5155639648438,882.9620971679688,590.7885131835938,939.182373046875,37.675987243652344,89.80364990234375,95.92816925048828,12.897919654846191,158.01168823242188,172.99505101151559,-110.53595197497702,205.29365395328543,-176.39891635602078,-349.1121419572924,391.14685906138516,0.10053931068837733,143.2588101605131,-348.99318967374785,377.2523467485159,-243.3544117105428,-394.32864998526765,463.37506827427404,0.5878138697398898,0.01710284834301248,0.04076597104134387,0.005854953776542631
532,17.74321299460209,True,True,665.8983764648438,862.5626220703125,645.5814208984375,866.4537353515625,659.7229614257812,788.6534423828125,590.4560546875,813.5142822265625,739.4840087890625,880.4168701171875,584.392578125,940.7470092773438,20.686214447021484,73.59324645996094,166.41236877441406,6.858451843261719,120.78126525878906,-161.82268653398648,529.1345278735929,553.3262423426951,38.42524765514797,-162.45587868946973,166.93834843476546,-0.9979184289746298,-240.7539317887461,613.3015036394435,658.8635595008594,-31.538825455485075,-48.719195269578954,58.0366909706861,-0.5828314107235254,0.009390415868612688,0.03340732985004156,0.003113363983923796
533,17.776564898727283,True,True,660.0899658203125,867.7675170898438,623.9498291015625,877.0827026367188,657.275390625,791.8302612304688,599.9705200195312,807.2816162109375,730.2372436523438,881.283935546875,635.0303955078125,906.868408203125,37.32133865356445,59.35143280029297,98.58452606201172,1.372650146484375,89.03520965576172,-73.38623880645277,95.25149855706991,120.2430373182797,285.2750264667687,-186.87586748359718,341.0343539489278,-0.9446060783240448,-174.15529328485766,156.0599059050366,233.84772911068362,-648.5864110090157,318.69146796712596,722.6538481877734,0.9627125371167086,0.016941857178743563,0.026942321313555697,0.0006231084837011512
534,17.809916802852474,True,True,659.9033203125,873.7042236328125,635.34228515625,869.5972900390625,657.85595703125,796.3335571289062,584.34375,813.2406616210938,724.6205444335938,879.512451171875,570.7877807617188,936.33447265625,24.902034759521484,75.43138885498047,163.9916534423828,4.828684329986572,117.64788818359375,17.407294170394223,135.02365206896832,136.14110513866285,-468.5420646711378,178.67181998928712,501.4531739101637,0.23391312254841434,-5.596247431987545,178.00202713117483,178.08997627078153,341.583377426489,-224.43733855669868,408.7191244271565,-0.5751145547806106,0.01130416891720007,0.034241746488192885,0.00219195996797549
535,17.843268706977668,True,True,654.47607421875,872.9847412109375,613.6133422851562,872.029052734375,653.882568359375,797.6499633789062,572.4004516601562,814.1898803710938,715.5663452148438,880.7025146484375,565.5492553710938,934.98583984375,40.873905181884766,83.14387512207031,159.53622436523438,0.5927661657333374,105.24569702148438,-119.13528705768124,39.47019771520843,125.50343871780468,-358.0994444878649,28.46070636437878,359.22865134796365,0.9711918021614526,-162.72672388892497,-21.57245412958443,164.15041104059242,-651.5053170436854,72.91225970740608,655.572555673156,0.9705603448664553,0.01855452909545787,0.03774279563444525,0.000269083588170986
536,17.876620611102858,True,True,661.4588012695312,871.116943359375,621.7108764648438,880.0245361328125,661.4388427734375,795.7762451171875,573.8300170898438,819.4293212890625,700.7313232421875,881.0423583984375,559.160888671875,934.9342041015625,40.733802795410156,90.74565887451172,151.4810791015625,5.602137088775635,150.68601989746094,226.56200934431723,-56.18024850051853,233.42357293065862,42.86308284892488,157.0957057894398,162.83827759097684,0.023295542537888778,209.36516921404026,-56.00273509276745,216.7258185309134,242.79076089005483,239.73094215026308,341.2012283064417,0.5058525953781843,0.018490930234653685,0.0411935918621217,0.00254306543864322
537,17.90997251522805,True,True,667.15380859375,866.9190063476562,625.1734619140625,885.2510986328125,667.4744873046875,792.1998291015625,578.0048828125,815.741455078125,688.3992309570312,882.1407470703125,558.9083251953125,931.586181640625,45.8084602355957,92.51496124267578,138.61004638671875,17.743314743041992,113.36585235595703,180.9685140792624,-107.23273856270184,210.35318706336008,125.1762330266122,-110.57438271273757,167.0203084269565,0.9822645685863116,170.7550880106154,-125.86798630630196,212.13215234451476,103.8197230425394,156.70956837670292,187.97984922177727,-0.05007882725362655,0.020794548611816604,0.04199675887351146,0.008054499519550395
538,17.943324419353242,True,True,658.3277587890625,866.6871337890625,631.8680419921875,865.5546875,661.0633544921875,791.16748046875,579.3218994140625,802.238525390625,678.4097900390625,881.257568359375,560.7005615234375,929.5056762695312,26.48394012451172,82.48777770996094,127.2137680053711,9.916711807250977,101.9840316772461,-192.22689020796986,-30.953214213419667,194.70305285015115,39.48849806652298,-404.8623322019191,406.78354135280216,0.062385286717052214,-264.6340602190945,-6.9523034643952535,264.7253677899124,200.72557335844405,-590.5633171311226,623.7433665707324,-0.2968316535144796,0.012022267884997762,0.03744496310613001,0.004501647614538609
539,17.976676323478433,True,True,661.810302734375,858.3216552734375,629.0399780273438,858.4468994140625,665.8894653320312,786.2938232421875,575.4423217773438,790.7833862304688,671.9357299804688,882.00927734375,558.7180786132812,924.7462158203125,32.770565032958984,90.55850219726562,121.01521301269531,16.082904815673828,100.75856018066406,144.70270787923062,-146.1283052466336,205.65105217779768,-116.32252306063583,-343.46282350649267,362.6260339554295,0.4473042339605057,104.41814453052497,-250.82461511713964,271.6912520782715,-84.79467781593948,-213.11491119839033,229.3645630018002,0.7157088952446327,0.014876053552331354,0.041108632913425244,0.0073007637516895405
540,18.010028227603627,True,True,659.2789916992188,858.0778198242188,614.8342895507812,876.3603515625,666.80078125,783.8928833007812,569.013427734375,794.577880859375,662.0670776367188,881.8126220703125,559.5894165039062,918.681884765625,48.0581169128418,98.369384765625,108.90827941894531,11.003082275390625,120.65264129638672,27.3242545477456,-71.98809196602161,76.99935240960394,-192.75943043122308,113.77145408738839,223.83060958083516,-0.7808148794166735,-75.89704700680821,-7.310990350160315,76.24835948565577,-425.93335670548504,537.1043308710767,685.4927327075532,0.5433627540824206,0.02181577034453358,0.04465434862693285,0.004994800700103746
541,18.043380131728817,True,True,640.9532470703125,862.4442138671875,596.1703491210938,872.299560546875,650.9207763671875,781.8885498046875,552.9774169921875,795.8580932617188,654.9703369140625,876.3630981445312,557.882568359375,911.125732421875,45.85450744628906,98.9345703125,103.12359619140625,9.568231582641602,103.47716522216797,-476.13488043154206,-60.09652368183094,479.912509237048,-480.8124502275395,38.38498688225597,482.34222240206293,0.9790165514052405,-549.4662181840512,130.9188832691161,564.8476599242629,-559.60644284744,-121.75589736592393,572.6987597504875,0.9012547340536796,0.02081545154014637,0.0449109121147415,0.004343456552590068
542,18.07673203585401,True,True,650.80615234375,851.5988159179688,606.4678955078125,839.9083862304688,658.107666015625,772.6759033203125,558.6670532226562,766.6649780273438,650.9696044921875,867.4368896484375,549.09619140625,904.8306884765625,45.853538513183594,99.62211608886719,108.51953125,16.69673728942871,85.78499603271484,215.48663672875523,-276.22550274172664,350.33558051329896,170.59404491904743,-875.305803374638,891.7749590469349,0.8915628916471925,295.4225712706833,-325.18077254326323,439.3370351427426,308.75437720332854,-971.194154157454,1019.0914338330138,0.9091005253869734,0.020815011697233956,0.04522302048939512,0.007579410297531937
543,18.1100839399792,True,True,666.6116333007812,852.50048828125,594.3478393554688,851.6314086914062,665.6002197265625,766.459228515625,556.8546752929688,765.175537109375,642.0601806640625,863.942138671875,547.18896484375,897.853515625,72.2690200805664,108.75312042236328,100.74983215332031,10.80379581451416,86.39468383789062,224.65145266707884,-186.39639827915613,291.9107611529088,-54.34106319340686,-44.658347312881645,70.33718172992006,-0.18914911349913052,473.90040753603625,27.035108996975804,474.6709316793052,-363.39922622855687,351.494847698446,505.5765279184424,-0.6780175737950861,0.0328062031219711,0.04936799965942295,0.0049043354895933
544,18.143435844104392,True,True,662.436767578125,839.303955078125,596.0553588867188,832.6657104492188,666.5401611328125,754.5133056640625,560.9127807617188,748.3298950195312,627.04443359375,859.6080322265625,545.03076171875,891.11376953125,66.7125015258789,105.80821228027344,87.85700225830078,5.3193206787109375,82.40281677246094,28.18254102439771,-358.17813599851746,359.2851690871255,121.67537582013993,-505.0878662462821,519.5369570205708,0.9875637640019578,-125.1762330266122,-395.67555584201807,415.00389733787165,51.197062837568204,-568.6541365373506,570.954171754821,0.9225386819169508,0.0302838460158022,0.04803117158873315,0.002414682175877712
545,18.176787748229586,False,True,657.3649667593149,840.1361866486378,593.23974609375,831.6114501953125,661.2889545147235,753.8631779597356,557.489501953125,740.4426879882812,622.8020708133013,860.1725260416666,548.91748046875,882.125,65.08994304216824,103.14830138133122,88.07980503180089,5.2028837983424845,,-157.44848025401222,-19.492971132518957,158.6505589585845,-102.64118041788275,-236.48445982706298,257.7985873841711,0.5078371267858114,-152.06930314299944,24.95304518113564,154.10297668185797,-84.42135064912279,-31.610196825611798,90.14526603641515,0.867364349953563,0.029547292743950057,0.0468237167603743,0.0023618261672588366
546,18.210139652354776,False,True,652.2931659405048,840.9684182191506,588.2052612304688,834.0894165039062,656.0377478966346,753.2130502554087,544.4586791992188,742.7959594726562,618.5597080328525,860.7370198567709,541.3543090820312,873.389404296875,63.467384558457596,100.48839048238901,88.30260780530098,5.0864469179740315,,-157.4484802540088,-19.492971132518957,158.6505589585811,-390.70701046011936,70.55883452835573,397.02709876365327,0.9547894579593623,-152.06930314300286,24.95304518113564,154.10297668186132,-150.95044781801593,74.29759630191705,168.24437735835986,0.9568758272358795,0.028810739472097918,0.04561626193201544,0.002308970158639961
547,18.24349155647997,False,True,647.2213651216947,841.8006497896635,550.262451171875,827.24072265625,650.7865412785457,752.5629225510818,528.4996337890625,733.403076171875,614.3173452524038,861.301513671875,548.5221557617188,864.4572143554688,61.84482607474694,97.82847958344679,88.52541057880109,4.970010037605579,,-157.44848025401222,-19.492971132518957,158.6505589585845,-478.5047759267755,-281.6295964849115,555.2315284644665,0.9176032820097222,-152.06930314299944,24.95304518113564,154.10297668185797,-1137.650489644283,-205.34641206536642,1156.0345087998005,0.9423477143942623,0.02807418620024578,0.044408807103656585,0.0022561141500210854
548,18.27684346060516,False,True,642.1495643028846,842.6328813601763,548.959716796875,814.614013671875,645.5353346604568,751.9127948467548,526.6928100585938,723.885009765625,610.0749824719551,861.8660074869791,547.443359375,858.291015625,60.222267591036285,95.16856868450458,88.74821335230118,4.853573157237126,,-157.4484802540088,-19.492971132522364,158.6505589585815,-54.17452999644451,-285.38299853952446,290.47949248741446,0.3057988794031851,-152.06930314299944,24.95304518113564,154.10297668185797,-39.06026984576265,-378.5903478547598,380.59999496743535,-0.05979571756883733,0.02733763292839364,0.04320135227529773,0.00220325814140221
549,18.310195364730355,False,True,637.0777634840745,843.4651129306891,556.1349487304688,801.2481079101562,640.2841280423678,751.2626671424279,593.2783203125,715.7108764648438,605.8326196915064,862.4305013020834,550.1929321289062,859.7135620117188,58.59970910732563,92.50865778556236,88.97101612580128,4.737136276868673,,-157.44848025401222,-19.492971132518957,158.6505589585845,1985.0978529112813,-243.69347629711277,2000.0,-0.9700575036458484,-152.06930314300286,24.95304518113564,154.10297668186132,215.13710001864743,-400.753903331804,454.8490550062849,-0.6094106053740198,0.026601079656541498,0.04199389744693887,0.0021504021327833343
550,18.343547268855545,False,True,632.0059626652644,844.2973445012019,566.554931640625,820.8587646484375,635.0329214242788,750.612539438101,527.5592041015625,721.9823608398438,601.5902569110577,862.9949951171875,545.3887939453125,851.5488891601562,56.977150623614975,89.84874688662015,89.19381889930138,4.62069939650022,,-157.44848025401222,-19.492971132518957,158.6505589585845,-1970.4756875124701,188.03976982720218,1979.4275410113928,0.9762628911748947,-152.06930314299944,24.95304518113564,154.10297668185797,312.4254276770261,587.9921177714292,665.8411059858823,-0.32003442547673105,0.02586452638468936,0.04078644261858002,0.0020975461241644583
551,18.376899172980735,False,True,626.9341618464543,845.1295760717147,553.7404174804688,808.186279296875,629.7817148061899,749.962411733774,518.9443969726562,707.4034423828125,597.347894130609,863.5594889322916,541.8358154296875,847.62744140625,55.35459213990431,87.18883598767795,89.41662167280148,4.504262516131768,,-157.4484802540088,-19.492971132518957,158.6505589585811,-258.3003086291308,-437.1240215343287,507.7366045896716,0.6106541350455695,-152.06930314299944,24.95304518113564,154.10297668185797,-384.22136595424496,-379.9628742033506,540.3682483534882,0.5877946440665506,0.025127973112837217,0.03957898779022117,0.002044690115545583
552,18.41025107710593,False,True,621.8623610276443,845.9618076422275,553.1265258789062,791.0092163085938,624.530508188101,749.3122840294471,522.4672241210938,695.8231201171875,593.1055313501603,864.1239827473959,543.7300415039062,843.2425537109375,53.732033656193664,84.52892508873572,89.63942444630159,4.387825635763315,,-157.44848025401222,-19.492971132518957,158.6505589585845,105.62596771728488,-347.2162255611056,362.9269242548884,-0.17128549818913508,-152.06930314299944,24.95304518113564,154.10297668185797,-18.406493352168322,-515.0249570100794,515.3537671743145,-0.12657628520745792,0.02439141984098508,0.038371532961862305,0.0019918341069267076
553,18.44360298123112,False,True,616.7905602088341,846.7940392127404,575.8150634765625,791.6527709960938,619.279301570012,748.6621563251202,606.9485473632812,704.2569580078125,588.8631685697115,864.6884765625,565.3685302734375,848.023193359375,52.109475172483,81.86901418979352,89.86222721980168,4.271388755394862,,-157.44848025401222,-19.492971132518957,158.6505589585845,1990.1076913928782,198.67403835492885,2000.0,-0.9997197017549804,-152.06930314300286,24.95304518113564,154.10297668186132,680.2771293804115,19.29589042605516,680.5507359083431,-0.9818153198827032,0.023654866569132935,0.037164078133503455,0.0019389780983078318
554,18.476954885356314,False,True,611.718759390024,847.6262707832532,589.2180786132812,809.916015625,614.0280949519231,748.0120286207932,548.2898559570312,703.9450073242188,584.6208057892628,865.2529703776041,523.8138427734375,840.49169921875,50.486916688772354,79.20910329085129,90.08502999330179,4.154951875026409,,-157.4484802540088,-19.492971132522364,158.6505589585815,-1758.7808835760884,-9.353309556863422,1758.805754150342,0.9930624781703096,-152.06930314299944,24.95304518113564,154.10297668185797,401.8665646917283,547.5922622094419,679.2304626919977,-0.4532991590910972,0.0229183132972808,0.03595662330514459,0.0018861220896889562
555,18.510306789481504,False,True,606.646958571214,848.458502353766,591.2086791992188,807.2437133789062,608.7768883338341,747.3619009164663,554.1121215820312,700.8235473632812,580.3784430088141,865.8174641927084,517.0253295898438,836.038818359375,48.86435820506169,76.54919239190909,90.30783276680188,4.038514994657957,,-157.44848025401222,-19.492971132518957,158.6505589585845,174.57071125969782,-93.59165669284076,198.0765797166019,-0.8165965414166715,-152.06930314299944,24.95304518113564,154.10297668185797,59.6847657772537,-80.12442816046786,99.91093660819925,-0.7193528980159408,0.022181760025428657,0.03474916847678574,0.0018332660810700808
556,18.543658693606694,False,True,601.5751577524038,849.2907339242788,570.1830444335938,828.7686767578125,603.5256817157452,746.7117732121394,548.393798828125,708.5989379882812,576.1360802283654,866.3819580078125,523.9736938476562,833.955078125,47.241799721351036,73.88928149296687,90.53063554030199,3.922078114289504,,-157.4484802540088,-19.492971132518957,158.6505589585811,-171.454161430831,233.13183546623853,289.39070852362687,0.4889956036254146,-152.06930314300286,24.95304518113564,154.10297668186132,-630.4178222239365,645.3893396343649,902.1940092304162,0.805372927919744,0.021445206753576515,0.03354171364842689,0.0017804100724512053
557,18.57701059773189,False,True,596.5033569335938,850.1229654947916,562.4407348632812,820.22802734375,598.2744750976562,746.0616455078125,549.4693603515625,703.361083984375,571.8937174479166,866.9464518229166,521.3496704101562,830.0733642578125,45.61924123764038,71.22937059402466,90.75343831380208,3.805641233921051,,-157.44848025401222,-19.492971132518957,158.6505589585845,32.24887908648938,-157.04812487602197,160.32499408828807,-0.07926679456644936,-152.06930314299944,24.95304518113564,154.10297668185797,-232.13995642499023,-256.07681594441374,345.63607310757584,0.5428002130473653,0.020708653481724376,0.03233425882006803,0.0017275540638323295
558,18.61036250185708,False,True,591.4315561147837,850.9551970653044,553.5599365234375,814.2626953125,593.0232684795673,745.4115178034856,547.8915405273438,699.6152954101562,567.6513546674679,867.5109456380209,515.8159790039062,829.1908569335938,43.996682753929726,68.56945969508244,90.97624108730218,3.689204353552598,,-157.44848025401222,-19.492971132518957,158.6505589585845,-47.308238183227616,-112.3110860524878,121.86816421974328,0.4984825418342958,-152.06930314299944,24.95304518113564,154.10297668185797,-266.2756017320091,-178.86031360782692,320.77049094583765,0.7288692242738859,0.019972100209872237,0.031126803991709175,0.0016746980552134537
559,18.643714405982273,False,True,586.3597552959735,851.7874286358173,544.49609375,818.82421875,587.7720618614784,744.7613900991587,540.5343017578125,700.2919311523438,563.4089918870193,868.075439453125,490.9786682128906,826.5773315429688,42.37412427021907,65.90954879614023,91.19904386080228,3.5727674731841454,,-157.4484802540088,-19.492971132518957,158.6505589585811,-220.59426478064447,20.287769467303445,221.52522033409994,0.9770000031054854,-152.06930314300286,24.95304518113564,154.10297668186132,-271.76387709124083,136.7695055843758,304.2392192822248,0.9542615282483579,0.0192355469380201,0.029919349163350317,0.0016218420465945783
560,18.677066310107463,False,True,,,538.3345947265625,814.2179565429688,,,534.8702392578125,687.6092529296875,,,437.31439208984375,826.0764770507812,,,,,,-157.44848025401222,-19.492971132518957,158.6505589585845,-169.82726019896802,-380.26849007030347,416.4677932890327,0.5168780771117021,-152.06930314299944,24.95304518113564,154.10297668185797,-184.74204652032137,-138.1109213357319,230.66046550009673,0.6934022856532671,,,
561,18.710418214232657,False,True,,,532.1697998046875,819.0350952148438,,,529.8187866210938,698.8143310546875,,,445.50006103515625,826.8211669921875,,,,,,-157.4484802540088,-19.492971132518957,158.6505589585811,-151.45919758456026,335.96516957292397,368.52745311458466,0.295859810791209,-152.06930314299944,24.95304518113564,154.10297668185797,-184.8408684174199,144.4336927149068,234.57885290147118,0.8772696276919351,,,
562,18.743770118357848,False,True,,,517.498779296875,821.8275146484375,,,515.7567749023438,699.709716796875,,,452.587646484375,824.3011474609375,,,,,,-157.44848025401222,-19.492971132522364,158.65055895858492,-421.6254540060414,26.846615378436002,422.47930626609184,0.9826097131954615,-152.06930314300286,24.95304518113564,154.10297668186132,-439.88554454769337,83.72593729917011,447.7826759474347,0.9996762833527829,,,
563,18.777122022483038,False,True,,,503.15509033203125,823.2322387695312,,,498.5686950683594,701.1183471679688,,,456.78857421875,824.115966796875,,,,,,-157.44848025401222,-19.492971132518957,158.6505589585845,-515.355278351307,42.235380798836026,517.0830593974007,0.979071210030575,-152.06930314299944,24.95304518113564,154.10297668185797,-430.07106613770344,42.118258550422944,432.1285336935541,0.9978870345774994,,,
564,18.810473926608232,False,True,,,501.5545959472656,824.9378662109375,,,509.5401306152344,707.6765747070312,,,456.0262756347656,823.8103637695312,,,,,,-157.4484802540088,-19.492971132518957,158.6505589585811,328.9597950897166,196.63727487477493,383.25026373852126,-0.9148789496089602,-152.06930314299944,24.953045181139046,154.1029766818585,-47.988096234562924,51.14033174849312,70.12981471217222,0.7933241625345239,,,
565,18.843825830733422,False,True,,,489.089111328125,837.3763427734375,,,492.40179443359375,715.5806884765625,,,455.04974365234375,825.7623291015625,,,,,,,,,-513.8637997191717,236.99137955847584,565.8806576009243,,,,,-373.756310055023,372.94651950935446,527.9989448096348,,,,
566,18.877177734858616,False,True,,,486.8117980957031,852.358154296875,,,500.11346435546875,725.9695434570312,,,457.37420654296875,829.8109741210938,,,,,,,,,231.22127878900014,311.4921097599843,387.9311977755162,,,,,-68.28135580726072,449.2040834370592,454.3640083978991,,,,
567,18.910529638983807,False,True,,,475.79754638671875,859.528564453125,,,480.1903381347656,733.4231567382812,,,461.42401123046875,835.5494384765625,,,,,,,,,-597.36098262691,223.48389025321094,637.7971407647549,,,,,-330.2435647344318,214.99252724326254,394.0591311198737,,,,
568,18.943881543109,False,True,540.7135479266827,859.2775127704327,457.33685302734375,839.862060546875,540.5112022986779,738.9102407602163,468.34063720703125,707.8280029296875,525.2277268629807,873.1558837890625,515.8736572265625,838.771728515625,27.771097916823166,41.9703507056603,93.20426882230319,2.52483554986807,,,,,-355.2930856137796,-767.4270624105328,845.6816616227528,,,,,-553.5124258596969,-589.66659991671,808.7537972945906,,0.012606567491350834,0.019052255708120615,0.001146137969024698
569,18.97723344723419,False,True,535.6417471078726,860.1097443409456,438.7315368652344,863.7222900390625,535.2599956805889,738.2601130558894,445.6454772949219,720.0404052734375,520.985364082532,873.7203776041666,540.8753051757812,843.5752563476562,26.14853943311251,39.310439806718094,93.42707159580328,2.4083986694996176,,-157.44848025401222,-19.492971132518957,158.6505589585845,-680.4756881921743,366.16806938244736,772.7394239042563,0.8157079621337141,-152.06930314300286,24.95304518113564,154.10297668186132,-557.8486941036781,715.4083137989415,907.195800787142,0.7344930081939517,0.011870014219498695,0.017844800879761764,0.0010932819604058223
570,19.01058535135938,False,True,530.5699462890625,860.9419759114584,430.6661682128906,871.54833984375,530.0087890625,737.6099853515625,440.3168029785156,723.4727783203125,516.7430013020834,874.2848714192709,555.2359619140625,846.2847290039062,24.525980949401855,36.65052890777588,93.64987436930339,2.2919617891311646,,-157.4484802540088,-19.492971132518957,158.6505589585811,-159.77121715162613,102.91385565246946,190.04763485865695,0.767785910225043,-152.06930314299944,24.95304518113564,154.10297668185797,-241.82633237577838,234.6507646253457,336.95838967086104,0.8209639522941672,0.011133460947646555,0.016637346051402907,0.0010404259517869468
571,19.043937255484575,False,True,525.4981454702524,861.7742074819712,430.2456359863281,856.9559326171875,524.757582444411,736.9598576472356,439.9951477050781,712.2276000976562,512.5006385216346,874.849365234375,557.328369140625,849.7103271484375,22.9034224656912,33.990618008833664,93.87267714280348,2.175524908762712,,-157.44848025401222,-19.492971132518957,158.6505589585845,-9.644285142764671,-337.16750265428954,337.30540624491226,0.15119260599245954,-152.06930314299944,24.95304518113564,154.10297668185797,-12.608942055720794,-437.5284592983801,437.7101073950415,-0.13343083885883514,0.010396907675794416,0.015429891223044051,0.0009875699431680712
572,19.077289159609766,False,True,520.4263446514424,862.606439052484,427.18853759765625,862.07958984375,519.5063758263221,736.3097299429087,437.76971435546875,717.414306640625,508.2582757411859,875.4138590494791,551.0318603515625,856.1499633789062,21.280863981980545,31.33070710989145,94.09547991630359,2.059088028394259,,-157.4484802540088,-19.492971132518957,158.6505589585811,-66.72582594552449,155.5145554358632,169.22503597436935,0.27840202439719713,-152.06930314299944,24.95304518113564,154.10297668185797,-91.6618846467221,153.6241291450708,178.89179453672654,0.6446787849541363,0.009660354403942275,0.014222436394685196,0.0009347139345491955
573,19.11064106373496,False,True,515.3545438326322,863.4386706229968,428.134033203125,852.3433837890625,514.2551692082332,735.6596022385818,439.55419921875,709.5706787109375,504.0159129607372,875.9783528645834,543.2440185546875,860.339111328125,19.65830549826989,28.670796210949234,94.31828268980368,1.9426511480258064,,-157.44848025401222,-19.492971132518957,158.6505589585845,53.5047371383322,-235.17781474320455,241.18739901502124,-0.10035211809263933,-152.06930314300286,24.95304518113564,154.10297668186132,28.349074221360063,-291.92354409934245,293.2968216819421,-0.25654736042848414,0.008923801132090136,0.01301498156632634,0.00088185792593032
574,19.14399296786015,False,True,510.28274301382214,864.2709021935096,436.97967529296875,855.7411499023438,509.0039625901442,735.0094745342548,449.76373291015625,712.1187133789062,499.77355018028845,876.5428466796875,527.8231811523438,863.5162353515625,18.035747014559234,26.01088531200702,94.54108546330379,1.8262142676573534,,-157.44848025401052,-19.492971132522364,158.65055895858322,306.11546654377133,76.3984766328267,315.50500168638746,-0.9926401707643804,-152.06930314299944,24.95304518113564,154.10297668185797,265.22150149629135,101.87622573293481,284.1147835392153,-0.8631200221980807,0.008187247860237995,0.011807526737967483,0.0008290019173114444
575,19.177344871985344,False,True,505.210942195012,865.1031337640225,428.64129638671875,845.6494140625,503.7527559720553,734.3593468299279,450.6369934082031,704.2197265625,495.5311873998397,877.1073404947916,514.76123046875,868.6370849609375,16.41318853084858,23.350974413064804,94.7638882368039,1.7097773872889008,,-157.44848025401052,-19.492971132518957,158.6505589585828,26.183227643283782,-236.83765660743367,238.2805845995865,0.013071863465712194,-152.06930314300115,24.95304518113564,154.10297668185964,-250.01207951877387,-302.58349874006433,392.50836120403886,0.5037269276076408,0.0074506945883858556,0.010600071909608627,0.0007761459086925689
576,19.210696776110535,False,True,500.1391413762019,865.9353653345353,442.0931091308594,848.5883178710938,498.5015493539663,733.709219125601,464.5892333984375,711.4484252929688,491.288824619391,877.6718343098959,538.2102661132812,869.1300048828125,14.790630047137924,20.69106351412259,94.98669101030399,1.5933405069204478,,-157.44848025401222,-19.492971132518957,158.6505589585845,418.3341358221207,216.74021079380148,471.1472892514421,-0.937699873542457,-152.06930314300115,24.95304518113564,154.10297668185964,403.32967777932606,88.11802161466066,412.84332949783357,-0.9295015921754157,0.006714141316533716,0.009392617081249771,0.0007232899000736932
577,19.244048680235725,False,True,495.06734055739184,866.7675969050481,451.985107421875,854.1134033203125,493.25034273587744,733.059091421274,413.4654235839844,740.244140625,487.04646183894226,878.236328125,477.9808654785156,898.1788330078125,13.168071563427269,18.031152615180375,95.20949378380409,1.4769036265519948,,-157.4484802540088,-19.492971132518957,158.6505589585811,-1532.860301545346,863.3904446337384,1759.2906990996494,0.8043943495469866,-152.06930314299944,24.95304518113564,154.10297668185797,296.5947087723798,165.66027020464637,339.7230436635838,-0.7825672838376865,0.005977588044681576,0.008185162252890914,0.0006704338914548175
578,19.27740058436092,False,True,489.9955397385818,867.5998284755609,447.31298828125,868.8755493164062,487.99913611778845,732.4089637169471,453.7869873046875,728.9535522460938,482.8040990584936,878.8008219401041,489.9678955078125,882.2189331054688,11.545513079716613,15.37124171623816,95.43229655730418,1.3604667461835422,,-157.44848025401222,-19.492971132518957,158.6505589585845,1208.973363840021,-338.5290487920916,1255.4754124835476,-0.9225341460051575,-152.06930314299944,24.95304518113564,154.10297668185797,-140.08552924257117,442.6177869989548,464.25689103235004,0.452136528763294,0.005241034772829435,0.0069777074245320585,0.0006175778828359421
579,19.31075248848611,False,True,484.9237389197716,868.4320600460737,447.0249328613281,862.0333251953125,482.7479294996995,731.7588360126202,460.2259216308594,735.0623168945312,478.56173627804486,879.3653157552084,511.64947509765625,880.7973022460938,9.922954596005958,12.711330817295945,95.65509933080429,1.2440298658150892,,-157.44848025401052,-19.492971132518957,158.6505589585828,193.06047121034732,183.16089616674478,266.1207609875006,-0.8045301024620042,-152.06930314300286,24.95304518113564,154.10297668186132,-8.636850802899026,-205.15242834143226,205.33415216709088,-0.12027385365792757,0.0045044815009772955,0.005770252596173203,0.0005647218742170664
580,19.344104392611303,False,True,479.85193810096155,869.2642916165865,451.91546630859375,851.6273193359375,477.4967228816106,731.1087083082932,459.6009521484375,726.1546020507812,474.3193734975962,879.9298095703125,518.0177001953125,878.4293212890625,8.300396112295303,10.05141991835373,95.87790210430438,1.1275929854466362,,-157.44848025401052,-19.492971132522364,158.65055895858322,-18.738644728527298,-267.0826472249805,267.73919633659426,0.19202416889084353,-152.06930314299944,24.95304518113564,154.10297668185797,146.63430996048072,-312.00634963192306,344.7456788245853,-0.5662744418366996,0.0037679282291251557,0.004562797767814346,0.0005118658655981907
581,19.377456296736494,False,True,474.7801372821515,870.0965231870994,447.4608459472656,847.0504150390625,472.2455162635216,730.4585806039663,451.26739501953125,708.4105224609375,470.07701071714746,880.4943033854166,457.2843017578125,875.569580078125,6.677837628584648,7.391509019411515,96.10070487780449,1.011156105078184,,-157.44848025401222,-19.492971132518957,158.6505589585845,-249.867506743389,-532.0259833812908,587.7800761500741,0.5330954780314209,-152.06930314299944,24.95304518113564,154.10297668185797,-133.56419905163344,-137.2306744375023,191.49844196461785,0.5722269340040635,0.003031374957273016,0.0033553429394554907,0.0004590098569793154
582,19.410808200861684,False,True,469.70833646334137,870.9287547576122,459.0816650390625,866.947509765625,466.9943096454327,729.8084528996394,462.66497802734375,729.5941162109375,465.83464793669873,881.0587972005209,489.1553649902344,876.874755859375,5.055279144873992,4.7315981204693,96.3235076513046,0.8947192247097311,,-157.44848025401052,-19.492971132518957,158.6505589585828,341.73710037753114,635.1539531441405,721.2522374100976,-0.5784210363712935,-152.06930314300115,24.95304518113564,154.10297668185964,348.4304538708256,596.5804726433447,690.8777326879092,-0.3578509952111347,0.002294821685420876,0.0021478881110966346,0.0004061538483604397
583,19.444160104986878,True,True,464.63653564453125,871.760986328125,462.193115234375,869.3499145507812,461.74310302734375,729.1583251953125,459.85906982421875,728.2967529296875,461.59228515625,881.623291015625,365.04736328125,882.1414794921875,3.43272066116333,2.0716872215270996,96.54631042480469,0.7782823443412781,250.5662841796875,-157.44848025401052,-19.492971132518957,158.6505589585828,-84.13037506322154,-38.89922675419466,92.6880243092525,0.9523600586698406,-152.06930314300115,24.95304518113564,154.10297668185964,93.29153093128224,72.03201280917652,117.86399201131685,-0.6821135854968223,0.001558268413568733,0.0009404332827377849,0.00035329783974156397
584,19.47751200911207,False,True,467.31005859375,878.4654907226562,455.3355712890625,854.950439453125,462.1165283203125,736.5799560546875,448.29779052734375,715.5684814453125,451.3391906738281,885.4090087890625,363.3537902832031,883.6997680664062,74.34179420471192,77.3473461151123,166.44359741210937,54.04776015281677,,11.196520941264632,222.52495184432885,222.806454741574,-346.64525460009185,-381.6355263134999,515.5662978525115,-0.7730781676362313,80.16102886309694,201.02313707081788,216.4164785458425,-205.6117671594273,-431.74371824785277,478.20376100664856,-0.9978872929800997,0.033747129799361716,0.035111486841373656,0.024534742492484423
585,19.510863913237262,False,True,469.98358154296875,885.1699951171875,458.5745849609375,869.4154663085938,462.4899536132813,744.0015869140625,446.55572509765625,720.8528442382812,441.0860961914062,889.1947265625,367.0227966308594,887.8387451171875,145.2508677482605,152.6230050086975,236.34088439941405,107.31723796129226,,11.196520941264632,222.52495184432885,222.806454741574,-52.232862721971394,158.44261164619022,166.83025245259853,0.932790118317373,80.16102886309694,201.02313707081788,216.4164785458425,97.11630435602193,433.7091759790348,444.4493513328429,0.9873615761888824,0.0659359911851547,0.06928254040000953,0.048716187145227276
586,19.544215817362453,False,True,472.6571044921875,891.8744995117188,463.3039855957031,879.2496337890625,462.86337890625,751.4232177734375,450.35223388671875,731.893310546875,430.8330017089844,892.9804443359375,378.16412353515625,891.7267456054688,216.1599412918091,227.8986639022827,306.2381713867187,160.58671576976775,,11.196520941262927,222.52495184432885,222.8064547415739,113.83184524672639,331.02956482339147,350.05465541746275,0.9607974843243694,80.16102886309694,201.02313707082126,216.41647854584562,141.8030172134411,294.8607504853268,327.18642677777086,0.9976326936359314,0.09812485257094769,0.1034535939586454,0.07289763179797014
587,19.577567721487647,False,True,475.33062744140625,898.57900390625,838.5776977539062,907.5218505859375,463.23680419921874,758.8448486328125,829.9835815429688,864.5465087890625,420.5799072265625,896.766162109375,850.1158447265625,896.65234375,287.0690148353577,303.1743227958679,376.1354583740234,213.85619357824325,,11.196520941264632,222.52495184432885,222.806454741574,1895.1925101607178,638.9408017177668,2000.0,0.36668559261012573,80.16102886309694,201.02313707081788,216.4164785458425,1996.1763323703096,123.61249392933392,2000.0,0.4271036133222553,0.13031371395674066,0.1376246475172813,0.097079076450713
588,19.610919625612837,True,True,478.004150390625,905.2835083007812,835.9700317382812,902.3268432617188,463.6102294921875,766.2664794921875,830.2739868164062,859.979248046875,410.3268127441406,900.5518798828125,856.35595703125,898.7579956054688,357.97808837890625,378.4499816894531,446.0327453613281,267.12567138671875,318.7742614746094,11.196520941264632,222.52495184432885,222.806454741574,1895.1925101607178,638.9408017177668,2000.0,0.36668559261012573,80.16102886309694,201.02313707081788,216.4164785458425,1996.1763323703096,123.61249392933392,2000.0,0.4271036133222553,0.16250257534253365,0.17179570107591716,0.12126052110345585
589,19.644271529738027,True,True,487.301025390625,912.69140625,843.1898803710938,900.2260131835938,469.39251708984375,770.52490234375,837.4835205078125,860.5443115234375,472.8980407714844,896.4361572265625,863.3621215820312,898.4163818359375,356.1070861816406,378.9386291503906,390.4691162109375,245.38255310058594,295.54986572265625,173.3720382485952,127.68155112157326,215.31475133692834,216.1655797625248,16.942465247004804,216.82851519741226,0.8490765239361932,278.7509512231337,222.1131939397516,356.42160951592086,216.4748556997406,-62.98980922466034,225.4530532425379,0.5768269705655725,0.16165324214199042,0.17201752043697505,0.11139032839564397
590,19.67762343386322,True,True,491.29339599609375,898.0703125,852.8115234375,902.2532958984375,486.8719177246094,758.238037109375,846.1964111328125,860.2964477539062,473.99310302734375,897.46044921875,869.8275146484375,896.7186279296875,361.5423278808594,373.53717041015625,395.8350830078125,241.9939727783203,308.00384521484375,524.0900360337388,-368.4007122428217,640.6164614266979,261.2411750853781,-7.431772668836306,261.34686300966086,0.8341248313475879,119.70442798356355,-438.3885758101637,454.43777734661955,288.4885681576026,60.78461689125779,294.8226985973785,0.058860736395260085,0.16412054615417704,0.16956555205011262,0.10985209729435838
591,19.710975337988412,True,True,501.27301025390625,897.6031494140625,862.1068725585938,900.4129638671875,492.2873840332031,742.3672485351562,854.0636596679688,858.921142578125,476.31585693359375,903.9252319335938,875.3482666015625,898.4810791015625,360.8448181152344,380.0879821777344,399.0695495605469,236.22332763671875,355.3320617675781,162.37352710855427,-475.85854512669243,502.79868464005034,235.8860383390774,-41.23618161706192,239.46324510801236,0.4810911065266129,299.2217242035826,-14.007088896151954,299.5493928798881,278.70520034484736,-55.17921928361297,284.1150030181626,0.9889676335154914,0.16380391467051858,0.17253926417767967,0.1072325383678758
592,19.744327242113606,True,True,513.1417236328125,908.2459716796875,864.6064453125,898.45751953125,498.2054443359375,771.1181640625,857.8784790039062,857.8840942382812,488.34661865234375,905.8665161132812,879.421630859375,899.4727783203125,351.60101318359375,369.9905700683594,391.1272888183594,258.1456298828125,330.653564453125,177.4429513985155,862.0471988472509,880.1200906929733,114.38085578616271,-31.094126918541658,118.53195729085607,-0.062388624678911445,355.86314155722766,319.1068859419661,477.98303335427966,74.94542873845191,-58.63066554153597,95.1544651113852,0.175032499229553,0.15960773016615962,0.1679555884574732,0.11718407084451428
593,19.777679146238796,True,True,518.521484375,913.1087036132812,862.728271484375,898.9984130859375,516.1138305664062,772.1519165039062,857.0374145507812,858.8863525390625,520.1724243164062,903.3336791992188,882.2183837890625,899.960693359375,344.4958801269531,351.7836608886719,362.0616760253906,224.14674377441406,288.73443603515625,536.952437955166,30.99530502144312,537.8462880408944,-25.217884111441588,30.05100689361265,39.23015032316411,-0.597606127465216,161.30295655665344,145.80072895810326,217.43159006600655,-56.3138410651147,16.217771334948864,58.60260064689696,-0.5273109644414626,0.156382386332731,0.15969064228681484,0.10175042635411649
594,19.81103105036399,True,True,531.4553833007812,915.955322265625,869.6878051757812,894.0789794921875,518.2698364257812,774.8878173828125,864.1715698242188,855.6051025390625,539.94775390625,906.0608520507812,886.5344848632812,902.2286376953125,338.93914794921875,355.1947326660156,346.60791015625,225.50564575195312,290.4817810058594,64.64416098349511,82.03132476744334,104.44139884337912,213.90548637517864,-98.38268866698837,235.4457698298003,0.2341281640913218,387.8009146713698,85.35100849590161,397.08228879064666,208.6697558640876,-147.50083159522438,255.53779042180955,0.6734334631380097,0.15385993225332156,0.1612390832849965,0.10236729391712338
595,19.84438295448918,True,True,540.8762817382812,913.0302734375,872.8656005859375,901.39990234375,523.5601196289062,768.598876953125,866.8848876953125,860.4393310546875,550.9525756835938,906.4303588867188,891.146484375,904.4395751953125,332.1929626464844,355.3963623046875,340.1997375488281,226.8547821044922,284.15411376953125,158.6201250539413,-188.56315987479815,246.40699936100975,81.35421176880521,144.94610255171406,166.21636627437027,-0.3522504949766765,282.46958261024906,-87.70260363982051,295.7715533739034,95.28077911917318,219.5053938774291,239.29280141876802,0.1082673076212526,0.15079753117062758,0.16133061217073902,0.10297972841770592
596,19.87773485861437,True,True,545.47314453125,925.500244140625,882.4388427734375,899.0657958984375,527.9403686523438,782.3641357421875,872.51171875,858.1168823242188,570.1600341796875,905.1511840820312,896.8037719726562,906.20068359375,338.0009765625,352.8000793457031,326.6454162597656,223.14569091796875,293.02642822265625,131.33430124395625,412.72782319691015,433.12002346243264,168.71093876878084,-69.63466678697125,182.51675999418745,-0.08326998959817535,137.8290959254879,373.8908176371849,398.4861392784447,287.03735029835923,-69.98420349707905,295.4458143305191,0.11378175991080867,0.1534340534875433,0.16015204096526814,0.1012960028223215
597,19.911086762739565,True,True,554.776611328125,928.4810791015625,883.9921875,904.7449951171875,535.697509765625,782.8883056640625,875.6142578125,862.8748779296875,575.8114624023438,905.9921875,902.0654296875,906.88623046875,330.07012939453125,349.20086669921875,326.25518798828125,244.73175048828125,270.70709228515625,232.58465496193367,15.71634170893036,233.11504696281105,93.0243458020899,142.66038867252752,170.31005668516295,0.6014365247356727,278.94859501733083,89.37525574996984,292.91680559932945,46.5743940955144,170.2811089115687,176.5356344694119,0.5455548407837615,0.1498338803728167,0.15851819424881755,0.11109489941836193
598,19.944438666864755,True,True,554.815185546875,915.3433837890625,892.67626953125,903.3966064453125,541.4735107421875,771.4909057617188,882.0069580078125,860.7171630859375,595.462890625,905.0362548828125,904.6058349609375,906.5137939453125,338.0722351074219,352.0289306640625,309.1464538574219,253.5694580078125,294.815673828125,173.1835446300554,-341.7316102721368,383.1096887182807,191.6742195982706,-64.69540196717584,202.29805113816724,0.7135691932610074,1.1565822030791788,-393.91140197529603,393.9130999199388,260.37739850333156,-40.42913612409053,263.49744723450925,0.15633345062525206,0.1534664009899209,0.15980198142026614,0.11510673779246876
599,19.97779057098995,True,True,566.8438720703125,907.270263671875,892.2174072265625,897.774658203125,545.1067504882812,762.1375732421875,883.2252197265625,857.6202392578125,572.6550903320312,907.625244140625,909.6161499023438,905.0681762695312,325.5120544433594,351.3417663574219,336.97076416015625,242.72181701660156,295.7579650878906,108.93650127008588,-280.44373371972904,300.8585200582322,36.52750122382976,-92.8559825699961,99.7822220873854,0.9999908384847607,360.6596636367696,-242.05874683747308,434.3591024660536,-13.758204118274156,-168.56453595826449,169.12507491021293,0.4878845017795985,0.14776476233957628,0.15949004621211346,0.11018249897817244
600,20.01114247511514,True,True,585.8241577148438,894.6732177734375,900.2423706054688,905.431640625,569.718994140625,748.593017578125,889.234130859375,864.35107421875,556.22900390625,908.5003662109375,911.0594482421875,906.292724609375,314.6022033691406,339.8379821777344,354.8373107910156,231.12753295898438,285.35870361328125,737.9561766535911,-406.11041616157104,842.3211909812733,180.16695869168538,201.81261422652798,270.5336656779649,0.22379303503892695,569.0915149337682,-377.700950780873,683.025007295038,240.61484911875556,229.581567311217,332.5705965137573,0.221077705892915,0.1428122835323049,0.1542679540895218,0.10491932483489519
601,20.04449437924033,True,True,581.57568359375,923.5057373046875,890.1630859375,904.1177978515625,568.043701171875,787.5391235351562,884.0146484375,862.6771240234375,600.4927978515625,919.866943359375,914.0149536132812,906.6610107421875,309.19586181640625,324.7820129394531,313.8001708984375,243.45960998535156,306.6930847167969,-50.230804288160286,1167.7326071351304,1168.8124637708327,-156.49728430145421,-50.19054351526829,164.34868618911509,-0.2641856002385835,-127.38325539514621,864.4939558180055,873.8285263144759,-302.21017157324764,-39.39333623968734,304.76683340288986,0.016676611726177744,0.14035809861423032,0.14743336321671677,0.11051741684433129
602,20.077846283365524,True,True,584.147216796875,930.107177734375,910.5728149414062,892.330810546875,573.8792724609375,794.500244140625,898.1104736328125,856.2367553710938,613.2900390625,923.939697265625,916.8967895507812,907.1204223632812,328.6042175292969,330.05645751953125,304.0722961425781,237.95973205566406,286.6769104003906,174.9696589183549,208.7173367775054,272.3551141680656,422.63929346886715,-193.1034770359365,464.6643145618476,0.26585559272483894,77.10304015843664,197.93293974784464,212.42016721323188,611.9509377124301,-353.41272451621023,706.6714257822324,-0.1516791039783001,0.1491684361429631,0.14982767408542264,0.10802077150022356
603,20.111198187490714,True,True,596.330810546875,924.3619384765625,908.5560302734375,897.2879638671875,589.3114013671875,801.0775146484375,897.1204833984375,859.4649047851562,605.9424438476562,940.3089599609375,918.9280395507812,907.6123657226562,313.3968505859375,313.2978210449219,314.6888122558594,251.76844787597656,316.53424072265625,462.7060826369297,197.20824583578872,502.9791358842254,-29.683169832190316,96.79055810262305,101.23982768211285,0.10512869281526922,365.3042928004009,-172.26120692380238,403.8825940161894,-60.46985084864764,148.6317933064632,160.4618734876073,-0.7359209744521944,0.14226511894926072,0.1422201649256139,0.11428917718151999
604,20.14455009161591,True,True,584.1110229492188,927.9267578125,914.5813598632812,895.9622802734375,580.7838745117188,803.2607421875,901.6886596679688,858.378173828125,614.1427612304688,952.4915771484375,920.0556030273438,907.0513916015625,332.0126037597656,325.603759765625,309.2692565917969,225.85137939453125,300.5323181152344,-255.68335839115105,65.46035665212378,263.92998702534925,136.96897941370435,-32.58377551554553,140.7913482728226,-0.9998540193188626,-366.38950363335334,106.8850318877255,381.66173297087977,180.6592381420466,-39.7483630551895,184.9802494636437,-0.997737546755469,0.15071565804897807,0.14780639156640485,0.10252423818026507
605,20.1779019957411,True,True,579.6588134765625,917.4986572265625,920.692138671875,887.4345703125,553.12841796875,760.1217041015625,905.748779296875,852.5393676757812,610.355712890625,933.384765625,921.0355834960938,906.6492919921875,342.3559265136719,364.530029296875,311.828125,287.81756591796875,298.0909729003906,-829.2017283079074,-1293.450530560653,1536.421095024556,121.73576697947793,-175.06665078032196,213.2321016580781,0.38306186358353667,-133.49191266394098,-312.6688223495095,339.9733566268192,183.22128732608277,-255.68884849654543,314.5581462542599,0.5188577749472573,0.15541096382235745,0.1654768000429435,0.1306535154212677
606,20.211253899866293,True,True,581.551025390625,921.575927734375,921.3462524414062,894.8624877929688,566.0759887695312,769.92822265625,906.4896240234375,856.5499267578125,611.7359008789062,932.7005615234375,921.7713623046875,906.259033203125,340.8436584472656,351.2616882324219,311.16094970703125,284.4645080566406,314.6836853027344,388.2108425408156,294.03174457077796,486.99314685279205,22.212966425593468,120.24977845273696,122.28419806073418,0.7385291302164293,56.73474914534921,122.25000685141661,134.77349864033772,19.61248650379677,222.71344546286863,223.57533051927658,0.9405084955236164,0.1547244763993083,0.15945369510023388,0.12913140958455063
607,20.244605803991483,True,True,581.2284545898438,901.8189086914062,915.6162109375,892.176513671875,560.0977172851562,748.799072265625,901.9010009765625,854.8424682617188,589.2937622070312,929.5989990234375,924.400634765625,906.4785766601562,334.5267639160156,357.875244140625,335.90350341796875,101.08892822265625,153.2834930419922,-179.24828105569526,-633.5215618068831,658.391612595159,-137.58204118274156,-51.19523280243675,146.79839889353457,0.5907308351750551,-9.671735669736487,-592.3805420166568,592.4594914682466,-171.80552817607023,-80.53435602991364,189.74435963424932,0.43916088815363413,0.15185694997012428,0.1624558896538773,0.04588887339219095
608,20.277957708116674,True,True,573.205078125,893.505126953125,923.9193115234375,896.4342041015625,550.4745483398438,736.95556640625,910.5050659179688,858.1737670898438,585.0278930664062,929.6444702148438,927.1353149414062,905.8604736328125,350.7264709472656,379.88922119140625,342.93316650390625,204.97621154785156,299.2478332519531,-288.5343190358889,-355.107337047937,457.5513895583547,257.97822244599485,99.88331747478098,276.639549533618,-0.8682859788186941,-240.56726820533774,-249.27457536079777,346.42520758900463,248.95431921279325,127.65959069999582,279.7770972620808,-0.9462526886806703,0.15921073557273993,0.17244903750402427,0.09304804774873644
609,20.311309612241867,True,True,566.1744384765625,889.5001220703125,912.4855346679688,897.8084716796875,551.91943359375,726.0109252929688,904.124755859375,860.9649047851562,576.7889404296875,927.641357421875,928.7841796875,907.817626953125,346.4107360839844,377.17523193359375,352.5530090332031,186.5398712158203,268.8304748535156,43.32242166691994,-328.15640966700806,331.00371814320704,-191.30272246658538,83.68750656140956,208.80692128756976,-0.5172515412454917,-210.80174679223197,-120.08324525577461,242.6053631761153,-342.82231121048363,41.2050710198272,345.28972608730584,0.8036313119238834,0.15725162675422352,0.17121703404302002,0.08467895231774628
610,20.344661516367058,True,True,562.7023315429688,883.3492431640625,911.047119140625,903.2513427734375,559.9642333984375,717.5516357421875,903.7125854492188,861.5725708007812,567.9448852539062,919.4995727539062,929.41748046875,907.0501708984375,348.9128723144531,372.6995544433594,361.6869201660156,206.915283203125,276.8443603515625,241.20961053647824,-253.63737911418505,350.0199941418666,-12.358227242711543,18.219829768759976,22.01563029724768,-0.9865353051780084,-104.10520852304627,-184.4236204074483,211.7781060587178,-43.12843794298577,163.1952128825773,168.79792554173082,-0.7163300968130687,0.15838746046725977,0.16918531997398498,0.09392828077970933
611,20.378013420492252,True,True,538.4674682617188,875.244384765625,911.85400390625,904.7854614257812,569.7249145507812,703.2969970703125,904.9512329101562,862.1580810546875,480.0745544433594,809.9022216796875,928.9293212890625,907.2353515625,374.55328369140625,370.9629821777344,459.2867736816406,241.3568572998047,365.6617736816406,292.6573881870557,-427.40104488091146,517.9961390066184,37.13873295773553,17.555527016042028,41.07897289997612,0.1581706679044426,-726.6410694358086,-243.01036510582935,766.199243891355,24.193064437827125,45.997933029106264,51.97224461039759,-0.7221712275724697,0.17002681219536514,0.16839701064837678,0.10956288153113045
612,20.411365324617442,True,True,548.51171875,872.594970703125,913.70361328125,905.5753173828125,562.2393798828125,702.273193359375,909.30859375,862.0826416015625,479.91009521484375,821.1763916015625,931.9835205078125,905.2529296875,366.6781005859375,382.0943603515625,459.8252258300781,309.7655334472656,375.69384765625,-224.4409986269616,-30.697009295016052,226.53050179683547,130.64803806966086,-2.2619234224776346,130.6676170633746,-0.9882818696097045,301.15973140779283,-79.43816498617245,311.4604403098157,55.457384623594045,23.68248463615135,60.30241776107149,0.7890736808022223,0.16645190753645728,0.1734500507060803,0.14061669854009015
613,20.444717228742636,True,True,523.1221923828125,861.3953247070312,915.0167236328125,906.7590942382812,565.9871826171875,695.5372314453125,911.0543212890625,861.8160400390625,615.5568237304688,813.390380859375,933.98095703125,904.0948486328125,394.5113525390625,383.0404357910156,331.0909729003906,227.30088806152344,295.21307373046875,112.37147721182579,-201.96633717757015,231.12280338316216,52.342664829858656,-7.993593454192806,52.94952405642412,0.6125474647276313,-761.2616740526629,-335.80229644622455,832.0351667327654,39.3713758181099,35.493531374558025,53.008452186869064,-0.949797693068249,0.17908668957862803,0.17387951748175826,0.10318223625057778
614,20.478069132867827,True,True,522.3231201171875,836.0575561523438,916.550048828125,906.9724731445312,582.126708984375,678.8349609375,911.5919799804688,860.3868408203125,506.2105407714844,825.980712890625,937.8018798828125,904.4292602539062,400.5543518066406,376.17608642578125,438.66302490234375,219.4796600341797,388.7748718261719,483.9161898104862,-500.7891137224957,696.3940085782339,16.12077947298178,-42.85210263813616,45.784082728890255,0.9177390575665155,-23.958819941000964,-759.7098042611896,760.0875026886971,45.974142572397355,6.397802819564571,46.41716995019351,-0.16898446784141258,0.1818298824601294,0.17076347634372976,0.09963182426156439
615,20.511421036993017,True,True,523.3823852539062,828.7396240234375,918.7413330078125,905.4151000976562,576.494384765625,675.0394287109375,913.4644775390625,860.237060546875,510.5315856933594,818.7108764648438,939.9271240234375,904.472900390625,402.7254943847656,384.5087890625,437.8763122558594,237.07577514648438,397.22259521484375,-168.87564193061175,-113.80256468462312,203.6418575987609,56.14364779788944,-4.49090621258909,56.32297423488684,-0.7820785294376441,31.760259706391057,-219.41572215598782,221.70244298575298,65.70192128947576,-46.69517641419039,80.60509885535053,0.690102195969963,0.1828154630636207,0.17454606997721794,0.10761950315756041
616,20.54477294111821,True,True,550.6566162109375,874.4039306640625,931.623046875,900.472900390625,529.1702880859375,720.5926513671875,922.0640869140625,857.4981689453125,521.4988403320312,865.4573364257812,942.5198974609375,906.9423828125,381.8573303222656,416.06329345703125,423.05999755859375,286.2961730957031,349.0318298339844,-1418.9323794542183,1365.8357401502003,1969.4863204742642,257.8446298813987,-82.1209964888846,270.6061921372142,-0.8969382265602137,817.7713288768432,1369.1664040894473,1594.7935880295688,386.23623463397627,-148.18343469925688,413.68678884332394,0.17122544599246195,0.17334245196904954,0.18887009816282344,0.12996288585551583
617,20.5781248452434,True,True,547.1158447265625,874.151123046875,929.674560546875,907.6260986328125,529.381103515625,723.6781005859375,921.1846923828125,862.7786254882812,513.9229125976562,889.3388671875,945.9000244140625,907.1686401367188,384.0205078125,415.7631530761719,432.34490966796875,289.8570251464844,354.32891845703125,6.3209413440434865,92.51193596528267,92.72762584860781,-26.36714617399495,158.32548939777715,160.5060341245975,0.9729220032540795,-106.16399804593247,-7.580005514484112,106.4342565375282,-58.42204153655017,214.4764573361924,222.29099326959235,0.19343640582172697,0.17432441685600097,0.18873385075987537,0.13157931894863079
618,20.611476749368595,True,True,530.2280883789062,881.3294677734375,934.7108154296875,904.4906005859375,508.6146545410156,719.6964111328125,926.4812622070312,860.5908813476562,481.4239196777344,890.047119140625,949.0029296875,906.7958984375,405.1452941894531,440.9804382324219,467.8788757324219,307.7941589355469,345.6576843261719,-622.6465780382154,-119.38417183555903,633.988439663975,158.80861867248112,-65.5957792518514,171.82253525169259,-0.8358360315437454,-506.3505904869856,215.2304318103516,550.195473685298,151.0035188368281,-94.01256477307527,177.8775563029692,-0.9880211368430453,0.18391392051909175,0.20018112620512615,0.13972180176981674
619,20.644828653493786,True,True,541.4158325195312,883.8458251953125,933.02734375,909.0711669921875,526.5996704101562,727.2931518554688,926.4574584960938,866.4410400390625,536.659912109375,896.477783203125,953.1297607421875,907.2088012695312,392.423095703125,423.3773498535156,416.60809326171875,303.02239990234375,343.04498291015625,539.250047062707,227.77532263647151,585.3821067125989,-0.7137137012672148,175.40703731477248,175.40848932361672,0.3853539392125314,335.4454395955909,75.44868839960188,343.82575169218995,-50.476028995775174,137.34047654538958,146.32237013149097,-0.1305878237400727,0.17813873459246332,0.19219028182549275,0.13755568278940378
620,20.678180557618976,True,True,515.7703857421875,853.38720703125,932.2841796875,910.2673950195312,567.7884521484375,680.155517578125,928.3367309570312,866.7636108398438,514.3588256835938,884.8436889648438,957.4200439453125,908.0570068359375,420.37969970703125,405.9773864746094,443.6689147949219,292.859619140625,387.8900146484375,1234.9754180052907,-1413.341622127625,1876.8854051102026,56.34678169748088,9.671735669736487,57.1708166683739,0.5211167114665441,-768.9350113588512,-913.2497517902135,1193.8534922000786,-22.282507760588736,35.866858541374725,42.224894241758406,-0.3098888064066964,0.1908295117543815,0.18429164514428562,0.13294233325759436
621,20.71153246174417,True,True,520.85205078125,859.994140625,933.06494140625,908.7635498046875,568.7344360351562,671.8602294921875,930.98388671875,864.8440551757812,507.14703369140625,880.1900024414062,959.6436767578125,908.1088256835938,415.0878601074219,410.4478454589844,453.35711669921875,325.90313720703125,384.84393310546875,28.363714502411696,-248.7200747159671,250.33213111202997,79.37045368630865,-57.55460488424078,98.04183526307298,0.6749872453623197,152.36506497463017,198.09764290967556,249.91556404332366,23.409809401564644,-45.09023560390489,50.805004901419274,-0.4225760847890469,0.18842730449323228,0.18632099029558766,0.147942292636351
622,20.74488436586936,True,True,534.9650268554688,898.0709838867188,938.9482421875,908.9138793945312,532.4656982421875,723.0950927734375,934.845703125,866.901611328125,523.4176025390625,881.732177734375,962.0704345703125,911.068603515625,404.1286926269531,427.30548095703125,439.6327209472656,313.0831298828125,389.9246520996094,-1087.4562860587519,1536.1900504670273,1882.1373608859108,115.7899828373826,61.692314316459175,131.19932077264025,-0.12612795746085326,423.15353334080584,1141.669246792957,1217.566253577852,176.4007463911522,4.50737652877218,176.45832304124318,0.3713783754257544,0.183452438720718,0.1939734396257231,0.1421227068188788
623,20.778236269994554,True,True,514.7452392578125,871.6292114257812,943.1563720703125,909.2861328125,575.8661499023438,669.5012817382812,939.3049926757812,868.0534057617188,526.822021484375,888.5880126953125,965.2325439453125,913.7491455078125,430.0629577636719,414.1385498046875,439.1319274902344,340.02691650390625,414.4466857910156,1258.6589834666263,-1554.2771823165256,2000.0,133.70419673918968,34.53459296567592,138.09218057868756,0.4149824344903874,-606.255868383344,-792.8114797189368,998.046201497392,126.17360217325485,11.161384266740367,126.66631116490532,-0.6750763303662425,0.19522518406783576,0.18799636926562627,0.15435371999411268
624,20.811588174119745,True,True,500.57464599609375,869.431884765625,938.5994262695312,919.756591796875,571.2307739257812,673.216064453125,939.4659423828125,873.65185546875,520.7311401367188,887.9264526367188,967.9682006835938,913.40673828125,440.9062194824219,419.2513122558594,447.9623107910156,301.1003723144531,439.7006530761719,-138.98384809343563,111.38142820570896,178.1076432385839,4.825802641645245,167.85997243265456,167.92932655205777,0.6026773067518932,-424.88108650489875,-65.88309476748974,429.95874202733137,-136.63225294951673,313.9388667307389,342.38280416843565,0.25384874796038875,0.20014743493070117,0.19031728524456915,0.13668318683769337
625,20.84494007824494,True,True,515.9362182617188,874.2216796875,942.091552734375,918.4833984375,566.4139404296875,684.6292114257812,943.97412109375,875.501220703125,642.0925903320312,862.6730346679688,970.9596557617188,915.4718017578125,428.44775390625,423.0647888183594,333.0784606933594,335.38555908203125,428.9693908691406,-144.42454253924956,342.20375933605203,371.4321760313693,135.17005487948467,55.450064483068225,146.10151740245314,-0.010073429312341025,460.5905620249684,143.61383697601525,482.4609828757656,104.70546004616331,-38.17453284213872,111.4474240222457,0.7949548761834656,0.19449196939617008,0.19204839612127375,0.1522467962503847
626,20.87829198237013,True,True,525.998291015625,883.2067260742188,938.3858642578125,918.6631469726562,525.7462768554688,708.1569213867188,943.36865234375,876.5438232421875,461.99786376953125,889.2724609375,976.1915283203125,917.546142578125,413.9090270996094,450.29168701171875,514.9703979492188,334.9492492675781,423.32684326171875,-1219.350578052933,705.438282402778,1408.7082744405968,-18.153948504027618,31.260660115504006,36.14961572608967,0.8677296745988781,301.6941016661775,269.40130173653324,404.47050863752787,-111.10875297112226,5.389453462133199,111.23938688889996,-0.7127529394404749,0.1878921784453342,0.20440792654685322,0.15204873533325727
627,20.91164388649532,True,True,511.95208740234375,877.798583984375,935.3367919921875,919.208740234375,533.0869750976562,702.904052734375,943.1388549804688,877.9437255859375,441.9652099609375,885.9259643554688,983.263671875,918.4976196289062,425.4049987792969,445.84912109375,542.2775268554688,354.571044921875,432.6825256347656,220.09832526002032,-157.49831351835977,270.6455090028158,-6.890082269925804,41.97368577503805,42.535438533392096,-0.7059817885207262,-421.15147490699474,-162.15392289277975,451.289773345081,-91.42123502693585,16.358684040070855,92.87329410208895,0.8553375265362393,0.1931107241179864,0.20239124333010072,0.16095596298260204
628,20.944995790620514,True,True,490.0923156738281,898.680908203125,944.5694580078125,925.091064453125,511.806640625,725.595703125,949.0592041015625,881.4744873046875,441.3659973144531,874.145751953125,987.764892578125,922.9491577148438,455.2438659667969,464.20684814453125,548.5740966796875,393.4861145019531,461.1998291015625,-638.0545588274956,680.3704611721157,932.7473315298777,177.51157771594504,105.86387228437395,206.68217068302297,-0.21389635849585573,-655.427997347958,626.1208997352816,906.4288393430967,276.8257542648437,176.37146582904896,328.2367928538588,-0.23866866901151645,0.2066559463555559,0.21072465260857495,0.17862128729067275
629,20.978347694745704,True,True,513.2684326171875,893.4827880859375,953.9755859375,932.1181640625,522.19580078125,724.7870483398438,956.5513305664062,884.5732421875,556.6727905273438,875.4757080078125,992.93115234375,925.73095703125,442.3974304199219,462.8135070800781,439.1434326171875,385.2880554199219,442.3248596191406,311.5012599356416,-24.246135456639305,312.44345092524156,224.63864242115866,92.91088362393972,243.0945329796671,0.8916333447571899,694.8963650280349,-155.85677200544515,712.1602990262328,282.0267141084371,210.69560475460761,352.03935196752076,0.6507199958111575,0.20082436356289782,0.21009215157386224,0.17489981450536016
630,21.011699598870898,True,True,480.4747314453125,836.6187133789062,959.1053466796875,925.7591552734375,509.5982971191406,667.4053955078125,962.435302734375,881.6863403320312,409.1023864746094,840.12060546875,995.3634033203125,928.41552734375,486.8606262207031,500.97674560546875,592.8726196289062,412.3861999511719,464.09130859375,-377.7146760443589,-1720.491058520668,1761.464691371605,176.4208767775982,-86.55883168266152,196.511468126529,0.23772183760134089,-983.2632358493958,-1704.972360605935,1968.1812267683072,153.80713265821623,-190.66404020570778,244.96818218720952,0.3605661818362865,0.22100823531411654,0.22741618548853912,0.18720089777353877
631,21.04505150299609,True,True,458.71453857421875,816.4764404296875,964.52099609375,926.8026123046875,497.7889404296875,655.8955688476562,966.8327026367188,879.99462890625,388.6532287597656,835.1668090820312,997.729736328125,929.850830078125,517.6987915039062,519.8292236328125,616.3921508789062,422.5216979980469,490.6249084472656,-354.08343239188827,-345.1025349842758,494.4399222827726,131.84854111589493,-50.72308373852152,141.2687828868604,-0.4177690463073169,-652.4422950309901,-603.931723766397,889.0525717395777,162.37901721394863,31.28628060734437,165.36558464689477,-0.8491281549251414,0.23500708451757663,0.23597418479208646,0.19180186243720015
632,21.078403407121282,True,True,458.1617431640625,835.5947265625,967.568359375,924.01123046875,497.379150390625,672.4746704101562,970.1570434570312,881.168701171875,397.1905822753906,854.2796020507812,1000.66259765625,932.13720703125,517.0227661132812,516.7902221679688,608.4737548828125,370.3373107910156,472.32781982421875,-12.286855872584821,497.0961028272207,497.2479283750154,99.67469346979517,35.20255578865678,105.70839348108136,0.30961471204547825,-16.574628185582473,573.2292243659865,573.4687977272354,91.36999404325513,-83.69482670193538,123.90843324056469,-0.6964874999487463,0.23470020577125172,0.23459464347227216,0.1681129898801774
633,21.111755311246473,True,True,476.6590881347656,854.8428955078125,962.6461181640625,927.271240234375,506.6075439453125,686.9640502929688,969.006103515625,882.9193115234375,436.426025390625,854.361572265625,1004.7762451171875,932.949462890625,491.3544921875,502.2060241699219,573.7578125,416.8519592285156,495.42626953125,276.6976518056419,434.4393599964851,515.0719833469025,-34.50897247383556,52.48906764037501,62.81696747659667,0.4096633837003989,554.6113619561353,577.1235391257215,800.4157308698009,-147.5850132112713,97.74583644124225,177.01859977462595,-0.179555201461262,0.2230482059619169,0.22797421107452293,0.18922810951354907
634,21.145107215371663,True,True,459.2464599609375,862.408203125,972.9898071289062,932.851318359375,498.0574645996094,712.458984375,978.3721923828125,886.9651489257812,530.360107421875,876.1062622070312,1008.896728515625,933.3727416992188,518.55029296875,511.0329284667969,481.95098876953125,413.34234619140625,527.4972534179688,-256.35955637222344,764.4221447246847,806.2638758426734,280.826211062203,121.3075387587176,305.90665206767045,0.08408028453379912,-522.0879775999277,226.8328545437725,569.2354523875501,310.1378837627081,167.30913185808677,352.3887803944923,-0.6180103746954859,0.2353936198543389,0.23198114537332284,0.18763493614484184
635,21.178459119496857,True,True,468.2505798339844,805.0379638671875,979.3944091796875,923.6744384765625,541.8098754882812,676.4627075195312,985.0701293945312,882.66845703125,458.9240417480469,878.961181640625,1012.1617431640625,934.4384765625,524.7310180664062,488.8767395019531,556.0122680664062,324.2546691894531,487.3710632324219,1311.8414686142041,-1079.2870092319395,1698.7608681249685,200.82622529067405,-128.82898314899518,238.59605961479048,0.9930374827742597,269.9731877151127,-1720.148841951086,1741.205777773185,192.03107644890423,-275.1531021546944,335.5371275246252,0.8988570867376414,0.23819933276934355,0.22192344105162143,0.14719397784580243
636,21.211811023622047,True,True,474.34515380859375,862.551025390625,986.663818359375,927.9265747070312,520.3068237304688,717.9064331054688,990.8702392578125,886.56591796875,434.614013671875,889.4033813476562,1015.830078125,935.896728515625,516.4730224609375,499.87591552734375,583.0726928710938,400.8835754394531,510.2256164550781,-644.7323570221728,1242.6194747493757,1399.922487574859,173.9064085069799,116.85872335415196,209.52183691386153,0.11280675120224484,182.73541299868162,1724.4311241586895,1734.0861954156144,217.96084422648158,127.49305750303347,252.51021628320777,0.5930516005558771,0.23445065206340157,0.22691646852675545,0.18197933207710995
637,21.24516292774724,True,True,452.28948974609375,862.9844360351562,988.669677734375,930.7342529296875,494.1644287109375,716.9093627929688,993.248291015625,889.545654296875,520.8935546875,910.712646484375,1018.5870971679688,934.8662109375,540.6419677734375,528.0984497070312,498.279296875,394.64215087890625,543.54248046875,-783.8351573991529,-29.895453907439027,784.4050561663192,71.30182879172621,89.34231511760366,114.3066054942488,-0.6531124177046532,-661.3014951023608,12.995079468457671,661.4291643970723,60.1422745601173,84.18344608203371,103.45987523436905,-0.565211547361474,0.2454220382573995,0.23972796351981643,0.17914606490847404
638,21.27851483187243,True,True,453.11279296875,881.7211303710938,998.5863647460938,930.3209228515625,501.56396484375,716.900634765625,1001.705078125,888.579345703125,466.464599609375,928.8878173828125,1020.868408203125,935.948486328125,547.6343383789062,528.7860717773438,554.4487915039062,391.9136047363281,524.3199462890625,221.86247912674236,-0.26169502379797877,221.86263346618256,253.56234767379541,-28.973116201186013,255.21227560651178,0.993668292487808,24.68534388818836,561.7878447241336,562.3299286741418,297.33495798305313,-12.392997910209175,297.5931175884053,0.0022562905170357044,0.2485961940731471,0.24004010652777025,0.1779074534137935
639,21.311866735997626,True,True,456.47027587890625,885.1534423828125,998.85546875,931.10791015625,504.4969177246094,724.1029052734375,1003.65185546875,889.81982421875,508.22991943359375,944.1632080078125,1023.2274169921875,937.4716796875,544.3284912109375,525.9446411132812,515.041015625,405.5198974609375,524.3709716796875,87.93959318934385,215.94780558188174,233.1669504581159,58.37080055286944,37.19363401167916,69.21355913531394,0.8157597926243743,100.66840254617492,102.912025617338,143.96184316638335,8.068624894582436,23.596472984972994,24.937847642088837,0.9026538968551604,0.2470955193225877,0.23875025160212834,0.1840839700230254
640,21.345218640122816,True,True,466.55633544921875,905.01806640625,1003.481201171875,935.4530639648438,509.5390319824219,747.8814697265625,1006.726318359375,893.0472412109375,538.3826904296875,956.9913330078125,1024.5972900390625,936.78662109375,537.7867431640625,517.9462280273438,486.63421630859375,361.34478759765625,478.68463134765625,151.17920220944774,712.9597267930556,728.8118572097421,92.18252964162087,96.76859768104559,133.64797143348034,0.8513818899549647,302.41330547283906,595.6068939534109,667.9830682373905,138.69470254266582,130.28203104336995,190.2882763760925,0.940450111620889,0.24412592163108324,0.23511940723675334,0.1640308736133247
641,21.378570544248007,True,True,426.90203857421875,864.5191040039062,1000.0546875,942.62451171875,505.0455627441406,718.7130126953125,1004.7155151367188,898.5772705078125,541.0451049804688,961.0342407226562,1026.2017822265625,936.14404296875,578.4500122070312,531.0567016601562,485.79473876953125,321.9521789550781,438.39703369140625,-134.72901641280416,-874.5664691815305,884.8832786759,-60.290507405765105,165.80850305029418,176.4296034315784,-0.8768128479888105,-1188.9665047653957,-1214.2923609495933,1699.4549971430781,-102.73817227984983,215.02363784049726,238.30714817975021,-0.34309127415704915,0.2625848333797111,0.24107084895470948,0.14614877255270375
642,21.4119224483732,True,False,431.302490234375,872.0560302734375,998.7297973632812,943.723876953125,503.5599365234375,714.0708618164062,1004.5991821289062,899.5487670898438,557.662109375,962.5305786132812,1026.900634765625,938.5253295898438,561.34912109375,534.1284484863281,479.79005432128906,306.6833038330078,,-44.54397011716575,-139.18698199302708,146.14096355959268,-3.4880469605520803,29.128669187359634,29.336766015115764,-0.9094201795032096,131.94004287246764,225.9818882076462,261.67917133597336,-39.72457259848059,32.9625927877566,51.61951366899361,0.16343853650135878,0.25482195923524936,0.2424652548869654,0.1392175339923881
643,21.44527435249839,True,True,455.93206787109375,889.9296264648438,997.4049072265625,944.8232421875,494.3128662109375,732.2626342773438,1004.4828491210938,900.520263671875,554.3616943359375,963.6785888671875,1027.5994873046875,940.9066162109375,544.2482299804688,537.2001953125,473.7853698730469,291.4144287109375,395.56072998046875,-277.25764255586694,545.4492910705088,611.8714975262025,-3.4880469605520803,29.128669187359634,29.336766015115764,0.9389965944607707,738.4759066309242,535.9093179302371,912.4392920730768,-39.72457259848059,32.9625927877566,51.61951366899361,-0.24778684278085883,0.24705908509078764,0.24385966081922134,0.1322862954320724
644,21.478626256623585,True,True,465.894287109375,934.12890625,1001.1173706054688,939.2769775390625,481.5772705078125,803.1747436523438,1008.4878540039062,897.5147705078125,566.3096923828125,964.6278076171875,1028.389892578125,940.552490234375,535.2478637695312,535.2894287109375,462.70697021484375,282.361083984375,376.28082275390625,-353.53738631742567,1968.5048419479383,2000.0,120.08324525577461,-90.1145899430774,150.13535596843104,-0.7321557336878709,298.7001641911181,1325.2400708291475,1358.4855661430654,111.31188687071369,-166.29529239526104,200.11112020960735,-0.6883709244978284,0.24297340852067542,0.242992276742619,0.12817656949830813
645,21.511978160748775,True,True,449.52716064453125,917.845458984375,1003.9384765625,930.833984375,491.7560729980469,760.7840576171875,1013.0618896484375,892.827392578125,581.1077880859375,964.7947387695312,1031.204345703125,936.231689453125,554.5634155273438,537.7686767578125,451.001953125,247.1938018798828,311.00390625,305.19404385508403,-1271.012469813891,1307.1404296505507,137.14466278632395,-140.54303802543478,196.36955993277908,0.858989646693992,-490.74039081567963,-488.23141265045564,692.2398742318919,84.58605381095367,-253.14875973408672,266.90652868413673,0.444273104447742,0.2517416181030569,0.2441177204655982,0.11221253679547827
646,21.545330064873966,True,True,451.7807312011719,900.3932495117188,1009.1726684570312,934.0587158203125,484.8056335449219,745.5692138671875,1017.55810546875,896.1465454101562,548.7297973632812,966.1183471679688,1033.2265625,934.3815307617188,558.40771484375,553.6232299804688,485.53509521484375,333.0293273925781,399.5052795410156,-208.3970806295009,-456.19115756895206,501.53735200780324,134.81136799371959,99.51914048362156,167.56540294146905,-0.874509491371977,67.56947214112496,-523.2747553826758,527.6192786339686,156.93832276813473,96.68807613526161,184.33182367679592,-0.41118048015437464,0.2534867208330383,0.2513148250181536,0.1511771952606321
647,21.57868196899916,True,True,452.6026611328125,876.9209594726562,1015.7782592773438,933.95068359375,501.4598693847656,728.9227905273438,1022.1419677734375,895.6678466796875,553.2360229492188,964.7210083007812,1034.2264404296875,934.8997192382812,566.0557861328125,546.7301025390625,481.91400146484375,266.31744384765625,349.1294860839844,499.3488760740411,-499.11463157721494,706.0203364570082,137.4392984424881,-14.352965535996834,138.18671562795328,0.7768746411999147,24.644168097730635,-703.7766105034174,704.2079611257658,198.05738213678356,-3.2391621826742822,198.08386807239395,0.0513333656480651,0.2569585290839401,0.24818572019929339,0.12089362977456146
648,21.61203387312435,True,True,438.76226806640625,904.7449340820312,1018.36962890625,933.5770263671875,479.3077392578125,754.8546752929688,1024.810791015625,896.4564208984375,583.8558349609375,970.0699462890625,1035.610595703125,934.1885986328125,580.3240356445312,563.5819702148438,453.177490234375,357.1808166503906,388.7660217285156,-664.1938656276245,777.5233662307667,1022.5928203210649,80.02011615797495,23.64405389839081,83.44015984336208,-0.40744143279000156,-414.98059644373046,834.254455305853,931.7668118271115,77.69780157615932,-11.203475074763817,78.50137720778585,-0.5685917228166785,0.2634355380589419,0.25583555125193447,0.16214065735554656
649,21.645385777249544,True,True,426.8382568359375,880.4844360351562,1018.604736328125,937.9044189453125,480.9849853515625,731.0703735351562,1026.1710205078125,899.7692260742188,568.1140747070312,967.076171875,1037.169921875,933.5873413085938,594.5457153320312,570.6900634765625,470.24981689453125,363.24383544921875,390.44708251953125,50.28936541236683,-713.1317500954123,714.9027299344465,40.78416293959269,99.3288168299503,107.37579708445038,-0.8960475604077976,-357.52115338632535,-727.4096841910194,810.5221920302781,7.049295326362337,129.74949082011673,129.9408439740093,-0.9200661380977725,0.26989140686750757,0.2590622388574105,0.16489293801501784
650,21.678737681374734,True,True,435.2723083496094,872.83740234375,1023.724365234375,939.9385375976562,486.18963623046875,731.760498046875,1029.547607421875,901.8569946289062,561.5093994140625,967.362060546875,1038.0838623046875,934.3670654296875,592.2654418945312,569.35986328125,477.71527099609375,312.5566101074219,386.7225646972656,156.05258576451078,20.692207231354864,157.4184771997726,101.24120354232015,62.5981817065291,119.0307256453607,0.9122947280101005,252.88065958732864,-229.28327158478993,341.34944942382276,153.50334682639482,60.98958082598068,165.17568361061288,0.44045723941481113,0.26885628679142426,0.2584584003419351,0.14188369548760654
651,21.71208958549993,True,True,408.85528564453125,819.9385986328125,1030.0478515625,931.5653076171875,482.72332763671875,706.5696411132812,1034.075439453125,895.539306640625,553.90234375,969.002685546875,1038.749267578125,935.0594482421875,631.1423950195312,582.8367309570312,486.03363037109375,303.04278564453125,379.5883483886719,-103.9313551855581,-755.3049096997788,762.421952207108,135.759326191813,-189.42510642171317,233.05034990519204,0.7258110112227686,-792.069400473132,-1586.080468220737,1772.8579150166488,189.59895975920134,-251.05702957883435,314.60673489726656,0.4446790941776989,0.28650430830272,0.26457616502072445,0.13756493680721457
652,21.74544148962512,True,True,407.822265625,880.015380859375,1040.146728515625,930.0108642578125,466.03955078125,746.1876220703125,1041.736083984375,894.180419921875,548.0296630859375,977.901123046875,1039.9669189453125,935.3174438476562,634.2978515625,594.414306640625,493.77691650390625,327.7520446777344,364.2315673828125,-500.234613077665,1187.8776338621803,1288.9095938625692,229.69136941910426,-40.74390216670069,233.27706863168763,-0.5431093423169082,-30.973344599865666,1801.2999198203,1801.5661934051495,302.7976128504445,-46.60733472788058,306.36357159160485,-0.1691006537977554,0.2879367138919446,0.26983175447126007,0.14878159603315919
653,21.77879339375031,True,True,414.7494812011719,906.8235473632812,1045.094482421875,929.6363525390625,452.67218017578125,752.8626098632812,1046.017822265625,893.7586669921875,539.5419311523438,972.23291015625,1041.0675048828125,934.7686767578125,630.7576293945312,609.8448486328125,502.92291259765625,349.1212158203125,383.291259765625,-400.7978241749589,200.1381320812472,447.98902640171,128.38062454178885,-12.645542758349883,129.00191668883457,-0.9341440086906653,207.7007522619825,803.7971806130574,830.1984763005131,148.34996789621923,-11.22909556660418,148.77434443496367,0.17639130842526615,0.286329645643201,0.27683638099467867,0.15848203708341904
654,21.812145297875503,True,True,427.3701171875,876.3544921875,1048.412353515625,934.9666748046875,472.26861572265625,732.98974609375,1049.00634765625,897.278564453125,539.5750122070312,970.5916748046875,1042.06396484375,936.256103515625,623.8019409179688,599.680908203125,503.6606750488281,349.92755126953125,418.8106689453125,587.5657195858003,-595.8539486961572,836.8245951268294,89.60584017653309,105.53812603097506,138.44675019613993,-0.0883512332187073,378.4082593591801,-913.5626877976922,988.8324404505488,99.48070974586102,159.82062810017538,188.25260895370036,-0.5821201904108053,0.28317214151818487,0.27222250503670636,0.15884806950646874
655,21.845497202000693,True,True,423.0949401855469,873.1484375,1051.47216796875,935.38525390625,470.6805114746094,734.87890625,1051.5711669921875,897.3975830078125,535.708740234375,976.4219970703125,1043.251953125,935.55224609375,631.4517211914062,603.1966552734375,509.1860656738281,353.431884765625,420.8055114746094,-47.61659910287768,56.643247388776494,73.9986350203185,76.90173629397667,3.568568506336074,76.98449016660915,-0.6073051380498983,-128.1838957651575,-96.12808538503656,160.2239680363885,91.74332121007183,12.550380931514253,92.59778101110486,-0.8739636623046938,0.28664472555501097,0.2738184629227489,0.16043884625080282
656,21.878849106125887,True,True,419.27239990234375,835.7188720703125,1051.537109375,932.5296630859375,473.1861572265625,713.926513671875,1051.8125,894.8968505859375,534.711181640625,970.3262329101562,1044.493896484375,934.552978515625,639.6334838867188,606.2661743164062,511.0363464355469,340.5928955078125,404.7811279296875,75.12751723403163,-628.2217800661912,632.6979917743406,7.235958909770686,-74.98019940594955,75.32854309157882,0.9997397416620508,-114.6123552302917,-1122.261724223883,1128.0990070155178,1.9471573798674782,-85.62002366022541,85.64216177467458,0.9922584763359605,0.29035880066740294,0.2752118575626393,0.1546106436682433
657,21.912201010251078,True,True,419.24658203125,874.203369140625,1054.3128662109375,930.4754638671875,463.5289001464844,730.9210815429688,1053.864501953125,893.67333984375,530.2506713867188,972.9078979492188,1045.5020751953125,933.2328491210938,637.5545043945312,612.3596801757812,516.7766723632812,373.16351318359375,435.7652893066406,-289.5563936568062,509.55315196703083,586.0779127275412,61.52578111949682,-36.68488424513484,71.63241217802995,-0.8696091146093712,-0.7741048606052099,1153.8920514359409,1153.8923110955282,83.22633770828305,-61.59166238422918,103.53818698232092,-0.5954081665752593,0.28941505709054133,0.27797797768886656,0.16939593199910133
658,21.94555291437627,True,True,429.21282958984375,861.2745971679688,1056.25390625,945.6583251953125,479.6343688964844,725.716064453125,1055.767578125,903.670166015625,530.597900390625,971.1796264648438,1046.198974609375,935.3997802734375,632.6935424804688,602.9901123046875,516.841064453125,358.3749694824219,431.2945861816406,482.8950302071346,-156.0635659752995,507.4873858764138,57.060495398748095,299.73779411065277,305.1207062024317,-0.12414950811730596,298.8209465097941,-387.6471917203276,489.453065494196,58.19877725051273,455.23221916007,458.9373280033525,-0.7081854349539772,0.28720844485554603,0.27372470365247414,0.16268273777012282
659,21.978904818501462,True,True,427.09228515625,855.5531616210938,1056.0301513671875,943.2979736328125,478.14788818359375,724.8101196289062,1055.725830078125,901.6904296875,526.5510864257812,970.0399780273438,1046.927978515625,935.6439208984375,635.0291137695312,604.055419921875,521.512451171875,338.56158447265625,414.1524963378906,-44.569590609006106,-27.163211456177613,52.194716817580534,-1.2517440299148075,-59.35901952385482,59.3722162458991,0.5383080118005258,-63.58091057212011,-171.54749322253517,182.95101699666958,-6.708908791911819,-70.77111860360444,71.08840049954449,0.9662817985925798,0.2882686671476071,0.27420829534968927,0.15368853897734053
660,22.012256722626653,True,False,429.6031494140625,853.3108520507812,1055.2205153245193,943.4777550330529,483.645263671875,730.9576416015625,1055.1169996995193,901.7198345477765,521.1845703125,974.3406982421875,1046.903094951923,935.2479811448318,634.8005793644832,603.3265193058894,526.1559870793269,347.42818744365985,,164.82943425496606,184.32296847521832,247.27251991341154,-18.254741208189223,0.881654617562764,18.27601957327228,-0.6298540211946592,75.28398523777098,-67.23183065937164,100.93461986400574,-24.27555679067419,5.390438865664733,24.866835115505086,-0.8725241292249246,0.28816492496175755,0.2738774141278726,0.1577134943142794
661,22.045608626751847,True,False,416.35986328125,870.4415283203125,1054.410879281851,943.6575364332932,466.5513610839844,743.8223876953125,1054.5081693209136,901.7492394080529,515.01904296875,973.5267333984375,1046.8782113882212,934.852041391226,634.5720449594351,602.5976186899038,530.7995229867788,356.29479041466345,,-512.5315341434729,385.72748486743194,641.4625991229861,-18.254741208189223,0.8816546175593553,18.276019573272116,0.8270828412618029,-397.07736275271213,513.6341303101741,649.2229600300176,-24.27555679067419,5.390438865664733,24.866835115505086,0.7685762505341072,0.2880611827759079,0.27354653290605585,0.16173844965121822
662,22.078960530877037,True,False,423.4231872558594,904.6585693359375,1053.6012432391826,943.8373178335337,465.77313232421875,779.9158325195312,1053.8993389423076,901.7786442683293,515.0280151367188,991.0767822265625,1046.8533278245193,934.4561016376202,634.343510554387,601.8687180739182,535.4430588942307,365.16139338566705,,-23.333862943609287,1082.2004251612148,1082.4519524574682,-18.25474120819604,0.881654617562764,18.27601957327909,0.06976124428664102,211.7817306051258,1025.9396551149123,1047.5703686890954,-24.27555679068101,5.390438865668142,24.866835115512476,0.014938547140322877,0.28795744059005834,0.27321565168423917,0.1657634049881571
663,22.11231243500223,True,False,418.3519287109375,941.4589233398438,1052.7916071965144,944.017099233774,435.7333679199219,809.3631591796875,1053.290508563702,901.8080491286057,457.736328125,999.2156372070312,1046.8284442608174,934.0601618840144,634.114976149339,601.1398174579327,540.0865948016827,374.02799635667066,,-900.6911357006077,882.9278996971456,1261.2716590779573,-18.254741208189223,0.8816546175593553,18.276019573272116,0.7470522744923898,-152.0530439847172,1103.3958920537198,1113.8234253175153,-24.27555679067419,5.390438865664733,24.866835115505086,0.348011290621276,0.28785369840420877,0.27288477046242254,0.16978836032509592
664,22.14566433912742,True,False,436.6940002441406,910.824462890625,1051.9819711538462,944.1968806340144,453.0088195800781,793.9542846679688,1052.6816781850962,901.8374539888822,533.1930541992188,1001.4431762695312,1046.8035606971155,933.6642221304087,633.8864417442909,600.4109168419471,544.7301307091346,382.89459932767426,,517.974973641984,-462.0088392518456,694.0823012195684,-18.254741208189223,0.881654617562764,18.27601957327228,-0.7775154381078603,549.9557525817153,-918.5220830039336,1070.5765487640788,-24.27555679067419,5.390438865664733,24.866835115505086,-0.6874698371516164,0.2877499562183592,0.2725538892406058,0.17381331566203478
665,22.17901624325261,True,False,448.20880126953125,935.3448486328125,1051.172335111178,944.3766620342548,448.53350830078125,827.071533203125,1052.0728478064905,901.8668588491587,534.4542236328125,1019.2337646484375,1046.7786771334136,933.2682823768029,633.6579073392428,599.6820162259615,549.3736666165865,391.76120229867786,,-134.18458096119647,992.9642520812356,1001.9897742387292,-18.254741208189223,0.881654617562764,18.27601957327228,0.1815687234191842,345.25168284748935,735.2019737807523,812.2319045445932,-24.27555679067419,5.390438865664733,24.866835115505086,-0.21874418151863145,0.2876462140325096,0.2722230080187891,0.17783827099897362
666,22.212368147377806,True,False,438.0206604003906,933.74365234375,1050.3626990685095,944.5564434344952,440.88690185546875,811.334228515625,1051.4640174278845,901.8962637094351,519.9998168945312,1008.115966796875,1046.7537935697114,932.8723426231971,633.4293729341947,598.953115609976,554.0172025240385,400.6278052696815,,-229.27046133886975,-471.85625829420167,524.6077324381928,-18.25474120819604,0.8816546175593553,18.276019573278926,0.3931331286714354,-305.4740392301966,-48.00914163857465,309.22365097851815,-24.27555679068101,5.390438865668142,24.866835115512476,0.9307292428315449,0.28754247184666,0.27189212679697244,0.1818632263359125
667,22.245720051502996,True,False,431.57733154296875,909.854248046875,1049.5530630258413,944.7362248347356,466.8421630859375,776.7783203125,1050.8551870492788,901.9256685697115,512.5033569335938,997.6988525390625,1046.7289100060095,932.4764028695913,633.2008385291466,598.2242149939904,558.6607384314904,409.49440824068506,,778.2242696861138,-1036.1000101647471,1295.8148961143618,-18.254741208189223,0.881654617562764,18.27601957327228,-0.6384405435341105,-193.19223373981205,-716.2830705917768,741.8791521492988,-24.27555679067419,5.390438865664733,24.866835115505086,0.04492414128568382,0.2874387296608104,0.2715612455751557,0.18588818167285132
668,22.27907195562819,True,False,433.0888977050781,911.4559326171875,1048.743426983173,944.916006234976,460.1581726074219,777.9457397460938,1050.246356670673,901.955073429988,514.401611328125,988.9303588867188,1046.7040264423076,932.0804631159856,632.9723041240985,597.4953143780048,563.3042743389423,418.3610112116887,,-200.4080622631367,35.00308195932825,203.44190120699503,-18.254741208189223,0.881654617562764,18.27601957327228,0.9922406165477601,45.321735048033865,48.02378191962628,66.0328955720405,-24.27555679067419,5.390438865664733,24.866835115505086,-0.5123789090908042,0.2873349874749608,0.271230364353339,0.1899131370097902
669,22.31242385975338,True,False,437.309814453125,916.42724609375,1047.9337909405049,945.0957876352163,458.50732421875,782.140380859375,1049.6375262920674,901.9844782902644,505.3564147949219,977.2722778320312,1046.6791428786057,931.6845233623798,632.7437697190505,596.7664137620193,567.9478102463943,427.22761418269226,,-49.4978752180128,125.76916440920343,135.1588782407105,-18.254741208189223,0.8816546175593553,18.276019573272116,0.4106832261744299,126.55699453329454,149.05636145696062,195.53636939477127,-24.27555679067419,5.390438865664733,24.866835115505086,-0.46659591878165146,0.28723124528911126,0.2708994831315224,0.193938092346729
670,22.345775763878574,True,False,425.7253112792969,905.85009765625,1047.1241548978364,945.2755690354568,446.02099609375,753.155029296875,1049.0286959134614,902.0138831505409,491.642333984375,970.4498901367188,1046.6542593149038,931.288583608774,632.5152353140024,596.0375131460337,572.5913461538462,436.0942171536959,,-374.38126705241467,-869.0763637871672,946.2848721253532,-18.25474120819604,0.881654617562764,18.27601957327909,0.3508670857054155,-347.34158296761024,-317.13776814052113,470.3430016908896,-24.27555679068101,5.390438865668142,24.866835115512476,0.574763336395546,0.2871275031032616,0.27056860190970566,0.1979630476836679
671,22.379127668003765,True,False,414.55230712890625,875.967529296875,1046.3145188551682,945.4553504356971,455.7244873046875,746.59033203125,1048.4198655348557,902.0432880108173,481.14910888671875,970.4500122070312,1046.629375751202,930.8926438551682,632.2867009089543,595.3086125300481,577.2348820612981,444.9608201246995,,290.9426452688829,-196.8312585987091,351.26936558374535,-18.254741208189223,0.8816546175593553,18.276019573272116,-0.8543280052279212,-335.0034861113447,-895.9778802195469,956.5582562235646,-24.27555679067419,5.390438865664733,24.866835115505086,0.1388464696784077,0.28702376091741205,0.270237720687889,0.20198800302060674
672,22.412479572128955,True,True,418.078369140625,869.2579345703125,1045.5048828125,945.6351318359375,473.9411926269531,746.5142822265625,1047.81103515625,902.0726928710938,465.509033203125,960.671875,1046.6044921875,930.4967041015625,632.0581665039062,594.5797119140625,581.87841796875,453.8274230957031,545.1246337890625,546.1968604217079,-2.2802237737921787,546.2016200589204,-18.254741208189223,0.881654617562764,18.27601957327228,-0.9990284098146506,105.72295957925196,-201.17576200078184,227.26423255495214,-24.27555679067419,5.390438865664733,24.866835115505086,-0.646025179039798,0.2869200187315624,0.2699068394660723,0.2060129583575456
673,22.44583147625415,True,True,415.750732421875,821.6171875,1052.69384765625,935.681396484375,491.61163330078125,746.1031494140625,1051.6546630859375,897.7091064453125,460.24749755859375,955.9932861328125,1047.1434326171875,929.9000244140625,647.0758666992188,580.200439453125,587.4757080078125,393.58453369140625,544.1566162109375,529.818045995191,-12.327116645476817,529.9614322447941,115.24463236820918,-130.8347016530692,174.35321748201642,0.6782594633986998,-69.79021977314488,-1428.4266017162035,1430.1304944886972,215.5488579232247,-298.4457893078459,368.14562242078836,0.7811350569116358,0.2937372375409921,0.2633794321126338,0.17866596424791806
674,22.47918338037934,True,True,418.2304382324219,802.166748046875,1049.2362060546875,946.815673828125,488.5184631347656,734.1362915039062,1049.677734375,902.5676879882812,431.51300048828125,952.046142578125,1047.280517578125,930.08056640625,647.372802734375,585.8915405273438,616.1591796875,383.9737243652344,562.9125366210938,-92.74343540941165,-358.80583804860635,370.5981303640136,-59.274837907807914,145.67628656916435,157.27392306920493,-0.8024673838711632,74.34975230316351,-583.1882755513614,587.9085391522327,-103.67149019689158,333.8423288204369,349.5689894597301,-0.9848491914913325,0.29387203034533216,0.26596288236033816,0.17430317971632436
675,22.512535284504533,True,True,422.3323974609375,840.3095092773438,1048.5968017578125,933.61181640625,473.5374755859375,752.9110107421875,1047.92822265625,897.0735473632812,412.8782043457031,926.0221557617188,1046.8359375,929.903564453125,633.1764526367188,592.2056884765625,633.9696655273438,430.2840576171875,603.2672119140625,-449.17937796278454,562.9279566110298,720.1735887418419,-52.456127008008835,-164.732442392999,172.88268518692982,-0.5555598936438509,122.99025606208993,1143.6456847349277,1150.2399989997914,-19.17144803711626,-395.89516005779257,396.3590823697939,-0.9982751395538826,0.2874276597924296,0.2688291619907153,0.19532555137178684
676,22.545887188629724,True,True,413.3017578125,844.09033203125,1042.1439208984375,952.0504150390625,452.31048583984375,724.0157470703125,1042.6497802734375,906.993408203125,392.5121765136719,926.0350952148438,1046.4852294921875,928.8225708007812,638.0421752929688,618.0463256835938,653.97900390625,456.66387939453125,620.5087280273438,-636.4551081226045,-866.3752319331405,1075.0261146421326,-158.26509823843915,297.43011980988877,336.9161876350669,-0.43335226083819894,-270.76833797972967,113.36152621794261,293.54101668892275,-193.47863423788465,552.8499531421104,585.7277973562385,0.6692047203169705,0.2896364331453568,0.28055940535183976,0.2073005551920151
677,22.579239092754918,True,True,418.3356018066406,840.5753173828125,1041.920654296875,949.8779296875,456.24041748046875,727.07421875,1042.35693359375,905.1019287109375,383.9592590332031,917.6832885742188,1046.222412109375,926.8236083984375,633.0919189453125,612.5573120117188,662.3262329101562,457.99920654296875,627.8065185546875,117.83230204408571,91.70306043717983,149.31142855975125,-8.780508560718197,-56.71278872377176,57.38848085994278,-0.7276860007462841,150.93123244913565,-105.39172322045872,184.08599146049326,-6.694268510860184,-65.1382704689878,65.48135238819143,0.4856946568609523,0.28738928609581893,0.2780676917896791,0.20790672106526323
678,22.612590996880108,True,True,415.2197265625,811.8082885742188,1043.832275390625,954.7236328125,491.4986877441406,720.701904296875,1043.4912109375,908.4261474609375,409.59613037109375,877.2822265625,1045.5902099609375,926.66650390625,644.65380859375,583.0404663085938,637.9085083007812,327.39166259765625,648.719482421875,1057.1591394399586,-191.06298786436486,1074.286047304484,34.00937288294851,99.67103339953228,105.31359049439969,0.14946379834714582,-93.42420847831269,-862.5303281219549,867.5751550499624,57.31670031715171,145.29014915642747,156.1871684138717,-0.964339239738286,0.29263775493983546,0.2646686497855522,0.14861800217638096
679,22.6459429010053,True,True,402.155029296875,789.4158935546875,1042.66650390625,937.0728759765625,488.39013671875,723.9334106445312,1041.544189453125,899.4606323242188,423.8609619140625,857.080322265625,1043.171875,927.7005615234375,657.3108520507812,580.33544921875,623.3243408203125,322.0813903808594,496.595458984375,-93.20460426253815,96.89121003485305,134.44331458928835,-58.37812069339526,-268.8156904944678,275.08158868181295,-0.5571434019424997,-391.7226799580766,-671.3977989225948,777.3169639160352,-34.95367101077898,-529.227859665297,530.380888195494,0.89507102203072,0.29838336402810145,0.2634407192006503,0.1462074275099058
680,22.679294805130493,True,True,428.52374267578125,821.4190673828125,1038.215576171875,937.23583984375,519.8681640625,724.3938598632812,1037.4442138671875,898.9510498046875,430.2076416015625,868.4120483398438,1041.443603515625,928.3924560546875,620.5946044921875,546.218994140625,614.171875,292.0931701660156,635.0260620117188,943.8149985557649,13.80578503169197,943.9159661745105,-122.93077992031766,-15.27896331251276,123.87664578814962,-0.9940622857818979,790.6209276665858,959.5606208267984,1243.317351405458,-133.45348192618044,4.886193800983239,133.54290220031214,-0.6072321095765626,0.281716185284831,0.24795370479465953,0.1325944071238841
681,22.712646709255683,True,True,441.2729187011719,802.5413818359375,1034.4652099609375,934.193359375,529.06787109375,711.9459228515625,1033.350341796875,897.78759765625,435.4176940917969,864.7564697265625,1040.0325927734375,928.1041259765625,607.6259765625,537.4364624023438,607.9243774414062,302.0404357910156,629.60791015625,275.8375352938583,-373.2301749547299,464.09816781983614,-122.74777640717221,-34.88412967578371,127.60846020598335,-0.3518681282162643,382.26231334602306,-566.0152258777933,683.0063778107365,-112.44833868734688,-91.22359123273877,144.79769497800055,0.08745577722146662,0.2758291337985884,0.2439669132232502,0.13710992450931633
682,22.745998613380877,True,True,426.78173828125,837.9088134765625,1026.1923828125,930.3372192382812,512.7368774414062,716.52685546875,1026.9515380859375,894.5354614257812,444.0371398925781,864.3779296875,1038.823974609375,929.17578125,606.4949340820312,544.1541748046875,598.3060913085938,288.0898132324219,632.3184814453125,-489.6570100178586,137.3514567561783,508.55620154774795,-191.85722311141606,-97.50976190928463,215.2146550019981,0.7359712033111216,-434.493346032863,1060.4321572725648,1145.9933804017276,-248.04662178759185,-115.61978957015734,273.6696225752579,-0.04729343501244466,0.27531570204992944,0.24701638915831323,0.13077710088966624
683,22.779350517506067,True,True,412.7977294921875,848.875732421875,1026.784912109375,932.55810546875,505.7344970703125,730.6009521484375,1026.3848876953125,896.4085693359375,450.434814453125,857.3079833984375,1038.1507568359375,931.6238403320312,619.6636352539062,546.4146728515625,592.3958740234375,279.8282775878906,636.52587890625,-209.9544405263686,421.9878009620694,471.3327606453254,-16.99004616042262,56.16194814920399,58.675600452378575,0.9859363657441819,-419.2866691080427,328.82437248998895,532.8478008166612,17.765981056159283,66.58948832823114,68.9187205242773,0.3934083127885255,0.2812935759025907,0.24804253228298723,0.12702681319859543
684,22.812702421631258,True,True,426.1169738769531,853.623779296875,1025.4329833984375,933.5179443359375,505.18731689453125,740.0660400390625,1024.91796875,897.6076049804688,549.9072265625,903.5220947265625,1037.4794921875,933.86669921875,604.6178588867188,543.0831298828125,488.515625,300.6945495605469,621.5056762695312,-16.40626495348867,283.79452804542206,284.26835855973826,-43.98306434937498,35.95104015742162,56.806577418128285,0.6764983195111078,399.35484147380714,142.36209294610043,423.97081847288,-40.53527816171489,28.779132477251846,49.71264669871051,-0.5736616951081531,0.2744636120386911,0.24653019303692378,0.1364989653873219
685,22.84605432575645,True,True,403.0463562011719,876.9248046875,1021.7588500976562,935.4722900390625,501.405517578125,748.13623046875,1021.8375854492188,898.21728515625,440.9750671386719,852.330078125,1036.4530029296875,935.2421875,621.4764404296875,541.6399536132812,601.2223510742188,261.6273193359375,634.1988525390625,-113.39080678004588,241.97090515116327,267.2216196379008,-92.36004304937195,18.28022092809797,94.15170752175402,0.5920680982331877,-691.733149303316,698.6415319245564,983.1555014213035,-110.16262480816033,58.597724909169784,124.77779157027199,0.954889059000937,0.2821164908217489,0.24587506953052685,0.11876456842535194
686,22.879406229881642,True,True,411.784423828125,853.4181518554688,1021.400146484375,942.722412109375,501.345947265625,734.8178100585938,1021.2742309570312,903.800048828125,434.5174255371094,852.0277099609375,1034.53564453125,937.205810546875,616.1222534179688,546.6995849609375,606.033935546875,289.914306640625,613.8977661132812,-1.7861142882994914,-399.3301359995325,399.33413042420506,-16.891224263324084,167.38965340387077,168.23973824213437,-0.9944881684489227,261.996064577103,-704.8069202824262,751.9273453811131,-10.75511646755749,217.38255312494198,217.6484480379976,-0.9534065223525491,0.2796859812276843,0.24817186687921733,0.13160532163041355
687,22.912758134006836,True,True,431.0174255371094,864.519287109375,1018.00244140625,947.831787109375,507.08135986328125,739.8798828125,1019.0616455078125,907.507568359375,434.8368225097656,845.1799926757812,1032.90087890625,938.7334594726562,592.867919921875,538.7233276367188,605.3370361328125,382.1219787597656,420.83087158203125,171.96657126763822,151.7776236974333,229.36640706255866,-66.34060355035334,111.16365402506588,129.4543690094301,0.18401253372394205,576.668775395555,332.84861974405715,665.8341236236944,-101.87439569780337,153.19590092431048,183.97656524352163,-0.06332141543394913,0.26912977903636587,0.24455108002421755,0.17346258796074915
688,22.946110038132026,True,True,445.1123352050781,899.8939208984375,1017.4813232421875,948.2821044921875,474.69012451171875,715.3404541015625,1017.2169799804688,907.5202026367188,417.8454895019531,838.6904907226562,1030.9632568359375,941.2417602539062,574.4107055664062,575.5592651367188,621.6350708007812,350.33087158203125,401.79144287109375,-971.1959841925855,-735.7729447417661,1218.4348427083717,-55.309151777946234,0.37881727221106015,55.31044903923325,0.7929303364804986,422.6118429418953,1060.6481014180765,1141.7421621524343,-15.62483995235764,13.50199919987054,20.650414183015705,0.32733089825638095,0.2607512079344437,0.2612725914888263,0.15903115498459394
689,22.97946194225722,True,True,446.12957763671875,898.246337890625,1022.7774658203125,946.5064697265625,499.5915832519531,731.57080078125,1020.7317504882812,907.55859375,419.6600341796875,835.0345458984375,1029.780517578125,943.0556640625,578.663818359375,550.0534057617188,619.6091918945312,427.2594909667969,492.3947448730469,746.6277981239879,486.6392820860903,891.2187496909721,105.3844030799329,1.1510920976848156,105.39068946321171,0.8436743579432529,30.500280518384706,-49.39996833847999,58.05707522380871,158.79580842656094,-53.239382044271316,167.4829560710609,0.768579857423221,0.262681889740164,0.2496943190489363,0.1939525626723685
690,23.01281384638241,True,True,429.4572448730469,899.564453125,1025.76953125,945.7601318359375,456.11590576171875,722.225341796875,1022.5836181640625,906.7509155273438,444.4974365234375,830.0098266601562,1029.312255859375,944.1443481445312,598.0989379882812,595.7645263671875,595.8482055664062,364.3676452636719,415.66973876953125,-1303.5440893281898,-280.2076591877714,1333.320488513527,55.525095923457854,-24.216854894536034,60.57633480404876,-0.8121277207493751,-499.8914814905173,39.521438698889156,501.4513310218792,89.71198221415744,-22.377669587424364,92.46080168891702,-0.9863270946084753,0.2715043766306035,0.2704446807647053,0.1654030865268188
691,23.0461657505076,True,True,444.9180908203125,912.04931640625,1026.57470703125,949.9481201171875,458.3501281738281,725.1290283203125,1022.4478149414062,909.009033203125,428.4668273925781,836.6128540039062,1027.6473388671875,945.5899047851562,582.8899536132812,593.31103515625,609.0101318359375,405.676025390625,458.1743469238281,66.98935100445392,87.06209134381147,109.85163129037322,-4.071828167486033,67.70580975841833,67.82813914349019,0.7545049423128827,463.567114166279,374.3373462092598,595.837996525434,24.141823454146405,125.5696905798749,127.86936627674628,0.7638432580755108,0.26460032521093707,0.26933092924387025,0.1841548436085345
692,23.079517654632795,True,True,433.2615051269531,910.0519409179688,1021.85986328125,949.95361328125,452.32574462890625,738.012939453125,1018.6368408203125,909.6482543945312,443.00665283203125,834.798828125,1026.7138671875,946.302001953125,589.9493408203125,591.7490234375,594.2617797851562,389.8544921875,443.0225524902344,-180.63087259750907,386.3021158987086,426.44675738379914,-114.26556357288109,19.1659579317219,115.86178387228752,0.5675849645260616,-349.5028544578579,-59.88789967684514,354.59668047218724,-141.36655383458924,0.16470316183089573,141.36664978063013,0.9854374347620438,0.2678049029175717,0.2686218609090972,0.1769727283483014
693,23.112869558757986,True,True,421.22161865234375,916.72314453125,1018.147216796875,955.2509155273438,432.40673828125,742.90576171875,1015.67236328125,913.03759765625,517.6011962890625,941.9547119140625,1025.718017578125,946.3519897460938,598.1676635742188,607.5718994140625,508.1358642578125,364.51116943359375,418.78179931640625,-597.2374552555368,146.70293627791028,614.9913247133409,-88.88480633474006,101.62368088479411,135.01067111061522,0.8189028946882164,-360.9954750833915,200.02466990309702,412.7076466465414,-111.31737697610805,158.83057909405855,193.95543630482476,0.8989119007328357,0.2715355743074148,0.2758045857154136,0.1654682386911365
694,23.14622146288318,True,True,421.63092041015625,927.140869140625,1016.51416015625,948.9239501953125,432.2151794433594,758.8158569335938,1014.6495361328125,907.404541015625,508.22869873046875,928.1348876953125,1024.97119140625,945.824951171875,595.2819213867188,601.0892944335938,517.0452270507812,373.95318603515625,424.14117431640625,-5.743565260069625,477.0370877513491,477.0716629943399,-30.66772873291278,-168.89760235218918,171.65928365793022,-0.9816896756799395,12.272215591533186,312.35771637716226,312.59870482118254,-48.96441997719384,-189.70327176169423,195.9205087294187,-0.9773316026186469,0.27022560436102244,0.2728618357582166,0.16975440050938947
695,23.17957336700837,True,True,423.6103515625,932.6024169921875,1017.673095703125,950.06201171875,433.877685546875,762.62353515625,1014.717041015625,908.8043823242188,501.6540222167969,927.501220703125,1024.6123046875,945.6892700195312,594.3192749023438,598.9517211914062,523.2744750976562,373.6045837402344,428.7857971191406,49.847411928120586,114.16674167578255,124.5745133676893,2.024018855388563,41.971855739906594,42.020629773701614,0.9346634144787421,59.349869348197544,163.75520363280233,174.17856845337968,34.748707076056085,34.122835061098684,48.701545314953776,0.9018430462401016,0.26978861523254316,0.27189149380680894,0.16959615403416065
696,23.212925271133564,True,True,423.41131591796875,929.421630859375,1012.5380859375,949.0152587890625,468.68524169921875,787.1878051757812,1010.9146118164062,907.5326538085938,414.4756774902344,802.7039184570312,1024.0302734375,945.813232421875,589.4525146484375,555.4237670898438,626.1286010742188,447.8448181152344,581.0447387695312,1043.6452450117336,736.517769040268,1277.362055780449,-114.00935865447747,-38.13061199898381,120.21679347005694,-0.9577288586946755,-5.967744563672788,-95.37045084061444,95.55698231275043,-153.96451567952133,-31.385102504442905,157.13082685343431,0.26054251870449396,0.26757937086673345,0.25213217090264123,0.20329718119647472
697,23.246277175258754,True,True,418.96356201171875,940.0025024414062,1009.4688720703125,946.7406616210938,455.97332763671875,804.05517578125,1008.3160400390625,905.1016235351562,408.7754821777344,796.1287841796875,1023.4799194335938,945.591552734375,590.5437622070312,561.5094604492188,632.6141967773438,395.1461486816406,433.29730224609375,-381.14507689827013,505.73935875307984,633.2802449435516,-77.91374572167095,-72.89029928582863,106.69370882277393,-0.10607324137860809,-133.3583200993448,317.2494002835399,344.13895960786687,-92.0251466203158,-68.19991924391101,114.54194251612203,-0.2375560043479966,0.2680747378860132,0.254894744578929,0.17937485248953017
698,23.279629079383945,True,True,428.38299560546875,956.7801513671875,1009.22607421875,947.3416748046875,435.4313049316406,816.5681762695312,1008.4175415039062,905.5209350585938,468.6663818359375,978.256103515625,1023.4913330078125,945.5601806640625,580.9197998046875,579.8497924804688,555.7874755859375,442.102294921875,490.200439453125,-615.9175388598576,375.18099240486026,721.1901217689272,3.043348423608662,12.572341353091707,12.935444975962023,0.3046926457036227,282.42566176709414,503.04920710984186,576.9079295679871,-7.2798797529255905,18.020355939431447,19.43527405005801,0.6251225067162509,0.2637059825734667,0.2632202574649599,0.20069038810444223
699,23.31298098350914,True,True,422.73095703125,934.3983154296875,1010.9871826171875,948.3543701171875,416.7859802246094,769.8294677734375,1009.6663818359375,907.443115234375,451.9373779296875,952.9336547851562,1023.4486083984375,946.0564575195312,588.4217529296875,608.6416015625,571.5526123046875,453.4830627441406,502.8658142089844,-559.0482821323465,-1401.380512508439,1508.7751066986566,37.44434882468841,57.63329639489332,68.72900488328467,-0.980739637309688,-169.4667432780715,-671.0812028448531,692.1480751175797,52.803833682985164,30.363942901091352,60.91152501884265,-0.6955718165880662,0.2671114611278444,0.2762901722907197,0.2058566374938073
700,23.34633288763433,True,True,406.45166015625,961.4805297851562,1013.739501953125,949.0875244140625,425.3028564453125,808.0567016601562,1011.7831420898438,908.0545654296875,428.75714111328125,865.358642578125,1023.7464599609375,946.453369140625,607.414306640625,594.9442749023438,600.4902954101562,521.0299682617188,573.7744750976562,255.36401726071227,1146.1784533568605,1174.2809835175967,63.46744839396994,18.333291946910148,66.06229332419423,0.47979624162254725,-488.1069702615167,812.0140383532877,947.4255711667761,82.52360421780458,21.982381999030213,85.40123167406978,-0.2772213607330128,0.27573304717054087,0.2700723312277009,0.23651925752379915
701,23.379684791759523,True,True,403.1722412109375,954.6864624023438,1016.9725341796875,950.44482421875,403.85162353515625,802.284912109375,1013.922119140625,909.10595703125,426.72650146484375,909.3900756835938,1023.9571533203125,947.0558471679688,613.81494140625,619.3518676757812,598.417236328125,454.08306884765625,498.8856201171875,-643.178657195568,-173.05727220598504,666.0537549892429,64.13358118181934,31.52418517443344,71.46251105381744,-0.9812379495961003,-98.32778761304475,-203.70853062271473,226.1979647683452,96.9369609131394,40.696321253282875,105.13308211322409,-0.7494162457938573,0.2786385871100136,0.28115205038469365,0.20612900761982275
702,23.413036695884713,True,True,401.5856018066406,947.2724609375,1014.513671875,952.4194946289062,402.6033020019531,800.2750854492188,1012.7178344726562,910.9353637695312,419.9412841796875,954.3936767578125,1024.1268310546875,947.2960205078125,612.94970703125,620.06884765625,604.2272338867188,459.1992492675781,506.0509033203125,-37.428793526071054,-60.26122684366183,70.93891770756393,-36.1084231787267,54.851642995082635,65.66978729761507,-0.4194299201268993,-47.57267825972277,-222.29619745289705,227.32962657520133,-73.72479530577183,59.207126607944105,94.55595847987095,-0.4491308040563437,0.2782458177792171,0.28147752028656065,0.20845147517061416
703,23.446388600009904,True,True,405.3842468261719,942.0169677734375,1007.6764526367188,943.9404296875,402.1023864746094,796.5154418945312,1008.7889404296875,903.6768188476562,414.20281982421875,972.43701171875,1024.3526611328125,946.7286987304688,602.2952880859375,616.0780029296875,610.6912231445312,468.73883056640625,517.0008544921875,-15.019098323846235,-112.72650402732793,113.72263637765589,-117.80119144685098,-217.63509797308268,247.4715267986419,0.9345984598232928,113.8958964763273,-157.5770050290123,194.42939013446406,-205.00236546065298,-254.23031049677627,326.58692659038024,0.26318777287994655,0.27340929126098235,0.279665893913574,0.21278192605315033
704,23.479740504135098,True,True,387.90081787109375,951.2109375,1010.1067504882812,950.7904052734375,387.12872314453125,802.6051025390625,1010.3157348632812,908.2685546875,409.10357666015625,933.2821655273438,1024.6446533203125,945.636474609375,622.2060546875,632.0813598632812,615.6650390625,494.5206604003906,601.538330078125,-448.95977374701,182.58809517059953,484.6682276991079,45.77832881333174,137.67537297444574,145.08674547523032,0.06520656072372791,-524.2108183524148,275.6655119915016,592.2739708777054,72.86833886425117,205.38484280312696,217.92826448650598,0.14270306147203973,0.28244769599812736,0.28693054725482026,0.22448547406648817
705,23.513092408260288,True,True,378.6387939453125,949.8563232421875,1015.67431640625,950.4188232421875,377.73944091796875,794.2666015625,1014.1134033203125,909.40283203125,379.11920166015625,792.6055297851562,1025.0855712890625,944.6156005859375,637.0357666015625,646.7056274414062,663.6110229492188,546.038330078125,645.0555419921875,-281.5216244121557,-250.0157395890368,376.5133398087137,113.86661591422403,34.00937288294851,118.83704668010246,-0.9064686865959704,-277.70600116307327,-40.61579970749889,280.6604109379599,166.93397465613862,-11.141253880294368,167.30534788978358,-0.9776400813064439,0.2891795783558885,0.29356916906182934,0.24787169313980922
706,23.546444312385482,True,True,361.08599853515625,931.83544921875,1019.8890380859375,949.9266357421875,358.7879638671875,794.0732421875,1017.3599243164062,910.1541748046875,398.066650390625,964.2206420898438,1025.6507568359375,943.4007568359375,659.0513916015625,668.7239990234375,627.9293823242188,539.5814819335938,644.1370239257812,-568.2277383517217,-5.797551296447529,568.2573134006702,97.34139867719082,22.527732468203624,99.91419632159767,-0.976499552472816,-526.2906532793128,-540.3251927024365,754.2765842833059,126.37124596745193,-14.757403300048257,127.22999944795453,-0.6099434915832636,0.29917347428531954,0.30356431179006726,0.24494063538475638
707,23.579796216510672,True,True,359.83746337890625,918.1923828125,1020.3388671875,947.1123046875,355.79443359375,783.1005859375,1017.9774780273438,907.6723022460938,392.33270263671875,952.42822265625,1025.95654296875,942.3792724609375,661.1342163085938,673.798583984375,633.7034912109375,568.9939575195312,661.4102172851562,-89.75590305731235,-328.99639579234565,341.0201615417883,18.516295460055588,-74.41471855033014,76.68378925489353,0.8726424721001678,-37.43519864903114,-409.06409286373844,410.7734487139178,13.487358918818904,-84.38291991136224,85.45399945802664,0.968973101956014,0.3001189633805107,0.305867897265595,0.2582922990342231
708,23.613148120635866,True,True,351.5458984375,930.2830810546875,1012.5828857421875,947.5945434570312,345.2763977050781,791.20654296875,1013.9403686523438,907.2999877929688,383.65496826171875,962.638916015625,1026.2882080078125,942.4224853515625,661.2636108398438,678.6671752929688,642.951171875,531.9266357421875,544.5709228515625,-315.3653791157076,243.04330573819553,398.1524466946599,-121.04584373491963,-11.163214301871822,121.55950657619542,0.7326673360480876,-248.60844257294835,362.5189793303273,439.57498574560543,-232.54988429443603,14.45910757362119,232.99895810320942,0.6156536733188076,0.30017770145763323,0.30807797283060934,0.24146575169679768
709,23.646500024761057,True,True,343.3076171875,964.7373046875,1010.5552368164062,946.1152954101562,334.562744140625,813.200927734375,1012.7144165039062,906.3330078125,378.9963684082031,904.0809326171875,1026.85888671875,942.5509033203125,667.5074462890625,684.516845703125,649.0037231445312,600.1948852539062,688.468994140625,-321.2306417120189,659.4641398303806,733.540780663856,-36.758085650393014,-28.993246587632008,46.81629212542215,-0.21292456719719086,-247.01082190318868,1033.0511716357441,1062.1718643210581,-60.79559710204652,-44.35273144592876,75.25469695446954,-0.38533907466764716,0.30301206303855516,0.31073340492942886,0.2724558226534274
710,23.679851928886247,True,True,339.11822509765625,950.838134765625,1010.9141235351562,945.7349243164062,311.7548828125,813.085693359375,1013.6497802734375,906.496337890625,370.2310485839844,942.1701049804688,1027.23779296875,941.4322509765625,671.8152465820312,708.0833129882812,657.0071411132812,520.5383911132812,571.8792114257812,-683.8548480624048,-3.4551063281859014,683.8635762914953,28.045288389538634,4.897174011771966,28.469641974460536,-0.9859510218649641,-125.61178138789835,-416.74292027532107,435.2619685006304,10.760606572951854,-11.404778939223801,15.679911876997823,0.49835414651093535,0.3049675699938518,0.3214312988784852,0.23629610824401398
711,23.71320383301144,True,True,299.37286376953125,943.9071044921875,1017.5880126953125,945.4864501953125,277.7537536621094,811.2503662109375,1018.2713623046875,905.7431030273438,360.0590515136719,965.7782592773438,1028.012939453125,939.6598510742188,718.2169189453125,746.5220336914062,668.4642944335938,554.5670166015625,567.5820922851562,-1019.4659058373924,-55.02915640283371,1020.9500189623694,138.57026015372693,-22.584463557278713,140.3986288866156,-0.9768722519258655,-1191.6969171815258,-207.8151294576984,1209.6812267913692,200.10519144888102,-7.45007302015085,200.24382944999556,-0.978059393809771,0.32603140463630187,0.3388803867134887,0.2517432527948259
712,23.74655573713663,True,True,286.0904846191406,945.478759765625,1016.315185546875,942.9910888671875,260.7856750488281,810.869384765625,1017.7674560546875,903.4544677734375,342.8855895996094,972.58056640625,1028.8411865234375,938.8260498046875,730.22900390625,762.6227416992188,686.7855834960938,615.6221923828125,629.6759033203125,-508.7589167199796,-11.423079290538345,508.88714081077455,-15.1087700452875,-68.62082732414552,70.26444958107602,0.2368951438783428,-398.24950025440864,47.12340463495072,401.0277792339024,-38.163552631349994,-74.81915631438156,83.99025479805191,0.3465570623707244,0.33148423765808044,0.3461892321457776,0.2794589807249179
713,23.779907641261826,True,True,287.3587341308594,961.5064086914062,1011.732177734375,939.799072265625,256.3900146484375,823.7923583984375,1015.796630859375,900.525390625,322.45245361328125,974.9247436523438,1029.51513671875,939.5367431640625,724.6985473632812,763.2734375,707.9476928710938,619.0982055664062,640.0108032226562,-131.79638511464847,387.4733383828395,409.2748160916222,-59.09183439466248,-87.8233859584965,105.85269015637371,-0.6057112184424565,38.02629999649091,480.56173541453023,482.06387651020697,-137.41367795064775,-95.70717730480204,167.458599885396,-0.6344759404690505,0.3289737112872565,0.34648461263643937,0.2810369015882214
714,23.813259545387016,True,True,281.2972717285156,950.14013671875,1006.0469970703125,940.2293090820312,254.76559448242188,811.5296020507812,1012.528564453125,900.1678466796875,301.9976806640625,969.585205078125,1029.990966796875,939.5316162109375,724.8175048828125,762.9295043945312,728.6133422851562,621.6945190429688,655.8202514648438,-48.705470006093044,-367.67784836589726,370.88977201790044,-97.98740107859423,-10.720345800059857,98.57208826138438,0.2383562373981692,-181.7426189398676,-340.79829235509504,386.230314205489,-170.46045235445126,12.899917641622043,170.94786834601004,0.40262868484484454,0.32902771152891297,0.3463284857191822,0.2822154866470124
715,23.84661144951221,True,True,278.0516662597656,951.8953857421875,1019.20556640625,932.7791137695312,253.13845825195312,809.12744140625,1022.1380004882812,894.4913330078125,286.3883056640625,881.493896484375,1030.940673828125,935.784423828125,741.400390625,773.7229614257812,746.5291137695312,681.058349609375,681.058349609375,-48.78690656944276,-72.0246926686507,86.99263535857,288.12256113131167,-170.2005873657847,334.6383871771506,-0.061762180253286315,-97.313948150219,52.62815031036555,110.63329837654639,394.5372739902534,-223.3814082858495,453.3860541916014,-0.9998113131297738,0.33655543941840366,0.35122812796368347,0.309163435871849
716,23.8799633536374,True,True,250.72210693359375,947.9058227539062,1022.201171875,934.6489868164062,238.92807006835938,803.7802734375,1025.9022216796875,895.0125732421875,275.08221435546875,859.3593139648438,1031.8292236328125,933.233642578125,771.5929565429688,792.24462890625,760.3443603515625,708.0960693359375,752.8192138671875,-426.07426941060703,-160.32571779645681,455.2401770941704,112.86375666218701,15.62850002262055,113.94067570827555,-0.9753928850455914,-819.4302557235067,-119.62024636751666,828.1152983347891,89.8181242517818,56.0649562872369,105.88000173591942,-0.9158920461824135,0.3502612216356547,0.3596359572776063,0.321437089566277
717,23.91331525776259,True,True,226.33004760742188,956.8726806640625,1022.9710083007812,936.8010864257812,221.4886932373047,812.2286376953125,1027.39208984375,896.0018920898438,254.5445098876953,902.1821899414062,1032.6964111328125,931.6849365234375,796.893798828125,810.2457275390625,778.7109985351562,662.1268310546875,731.966796875,-522.8899904962876,253.3098028256547,581.0161773726958,44.67115755880183,29.663039445744317,53.62283307326349,-0.508547246437816,-731.3543249168695,268.8559512673598,779.206436771724,23.082233113034306,64.52703873508203,68.53122072021797,0.008748832264481619,0.3617464274712737,0.36780747665767166,0.30056955646930467
718,23.946667161887785,True,True,217.28741455078125,940.3441772460938,1025.7222900390625,933.7817993164062,204.8748779296875,803.3775634765625,1030.3211669921875,893.3690795898438,238.28280639648438,896.47705078125,1033.8798828125,929.8470458984375,808.4614868164062,830.3373413085938,796.2965698242188,739.6077270507812,800.3876953125,-498.1369353082354,-265.38437462299083,564.4194119733278,87.8233859584965,-78.94039543041686,118.08697282903655,-0.342060413218457,-271.12793988306044,-495.579003703245,564.8972549913244,82.49249362056985,-90.52817788278611,122.47596700788739,0.3251775587899841,0.36699752844610467,0.3769279761695874,0.3357416676904957
719,23.980019066012975,True,True,236.781494140625,938.2266845703125,1029.62158203125,933.13720703125,215.05389404296875,796.8468017578125,1033.722412109375,892.7615356445312,231.0595703125,852.9295654296875,1034.9122314453125,927.20263671875,792.8563842773438,824.2680053710938,807.2766723632812,730.0992431640625,789.1820678710938,305.2004489780441,-195.81375906562047,362.6159708228646,101.98053773542772,-18.216169698497065,103.59468574831162,0.923503306814385,584.4967506703513,-63.48940881554739,587.9348234081278,116.9136244080956,-19.327001023289885,118.50033139528132,0.9984530323143783,0.359913660931851,0.3741728278728604,0.331425333341117
720,24.01337097013817,True,True,219.66574096679688,923.8380737304688,1034.69384765625,933.045166015625,205.76956176757812,790.3507690429688,1037.1895751953125,892.0218505859375,295.31829833984375,867.85400390625,1035.50244140625,926.95947265625,815.080078125,837.6134643554688,742.5402221679688,689.5255737304688,774.5900268554688,-278.37487900361987,-194.77246907582293,339.74827147488537,103.95697567739847,-22.178195758095836,106.29640238068096,-0.681710573305211,-513.1866867205335,-431.41797199445386,670.4342189857305,152.0832395643862,-2.7596929782332307,152.10827611189535,-0.7536533912213794,0.3700020087975607,0.3802309401554022,0.31300709494023243
721,24.04672287426336,True,True,210.41152954101562,919.391357421875,1037.7559814453125,932.9769287109375,196.16409301757812,788.4048461914062,1039.645751953125,892.3895874023438,321.47412109375,875.8148193359375,1036.6842041015625,926.7664794921875,827.4559936523438,849.8671875,717.022705078125,650.076904296875,732.3060913085938,-288.00360884776717,-58.34518006102908,293.85411133025104,73.64427375998784,11.02596166701274,74.46509845772358,-0.9986862643480037,-277.47175666624713,-133.3272095021101,307.8420382941105,91.81286254506709,-2.045979276966016,91.83565625573303,-0.8914719124746684,0.375620001101286,0.38579346376554297,0.2950995453306318
722,24.080074778388553,True,True,198.4493408203125,932.4969482421875,1042.5780029296875,931.2553100585938,189.34498596191406,793.150146484375,1044.1446533203125,891.4342041015625,358.8389587402344,842.346923828125,1037.834716796875,924.31884765625,844.1295776367188,860.4314575195312,683.9258422851562,650.8972778320312,738.5128173828125,-204.4593025353939,142.279741365185,249.0926156998711,134.89188953950358,-28.645539912655675,137.89992320674145,-0.9215638289154021,-358.6658403610501,392.948803496151,532.0243859175582,144.58009552542316,-51.61980095293417,153.51875413955466,-0.8832475512818441,0.38318890105804276,0.39058906757627304,0.2954719502809165
723,24.113426682513744,True,True,181.84359741210938,932.7392578125,1040.618896484375,928.3486328125,173.4610137939453,794.938232421875,1043.890380859375,887.4940795898438,240.19606018066406,841.379638671875,1040.06396484375,918.9860229492188,858.7864379882812,875.33642578125,803.6239624023438,725.873779296875,789.919921875,-476.2538327150866,53.61270921108801,479.2619698711368,-7.623926357639017,-118.13791791103858,118.38366399745361,-0.0476369880371883,-497.8949131621006,7.265239471873955,497.94791721351675,-58.74046764942323,-87.15176306525274,105.09934512191258,0.5467459320552612,0.38984231821089305,0.39735511222134173,0.3295072026433856
724,24.146778586638934,True,True,183.11917114257812,948.443359375,1050.4129638671875,944.2618408203125,178.05389404296875,801.7455444335938,1051.12060546875,898.1551513671875,371.94171142578125,864.9153442382812,1040.2442626953125,923.0008544921875,867.3038940429688,878.3736572265625,670.8220825195312,744.114501953125,830.425048828125,137.7096861331605,204.10564824624035,246.21753248075487,216.78596167208786,319.654066446271,386.2316343513682,0.999997131460492,38.24590421226544,470.8607191826905,472.4114372644404,293.65841740396127,477.1304195430533,560.2577115627497,0.8912656791343448,0.3937087798441217,0.39873385004859163,0.3377874982926882
725,24.180130490764128,True,True,216.76925659179688,956.7572021484375,1054.118408203125,932.0411987304688,202.9810333251953,802.99658203125,1054.812744140625,892.4310302734375,280.59478759765625,854.9310302734375,1040.95751953125,922.3623046875,837.7138061523438,856.5137329101562,763.346923828125,704.4393310546875,842.2568359375,747.3977854055473,37.51023008942077,748.3384708742949,110.70248517193937,-171.62801476831916,204.23323842253944,0.49923572291461216,1008.9404587788324,249.2764053959292,1039.278391793054,111.10143283059644,-366.4151241251937,382.88845838532745,0.05216044402130829,0.3802764898718123,0.38881063375818864,0.31977712934148306
726,24.21348239488932,True,True,223.10475158691406,962.71875,1056.93115234375,932.3394775390625,208.74061584472656,809.7183837890625,1057.271484375,891.4008178710938,346.9890441894531,871.875,1042.3546142578125,922.9061889648438,834.379638671875,852.4533081054688,697.235595703125,687.40283203125,799.172607421875,172.69126517969417,201.54176902707272,265.4079081940201,73.72113523550892,-30.889162983818764,79.9308837074451,0.3066583882059709,189.959019171315,178.74685142967675,260.8349398768328,84.33533899794442,8.943381687417638,84.80821587502618,0.7964785811528576,0.3787629592402223,0.38696742181542854,0.3120434857023818
727,24.246834299014512,True,True,214.79034423828125,957.4196166992188,1056.03369140625,926.4405517578125,205.83578491210938,811.4599609375,1056.625244140625,887.203857421875,342.51055908203125,929.7420654296875,1042.886962890625,922.272705078125,841.8135375976562,854.1544189453125,700.4161987304688,484.28350830078125,523.9182739257812,-87.09640450252624,52.21822244091976,101.55061020081095,-19.376411971839154,-125.83870574419869,127.32173893046487,-0.37769595404995293,-249.29333322089516,-158.8854801480022,295.6209765734588,-26.90883657290545,-176.86923538480454,178.90447705776603,0.6581871519441661,0.3821375448908303,0.38773963358310837,0.21983836399365342
728,24.280186203139703,True,False,215.75906372070312,946.3736572265625,1051.1856033161123,925.9071806220599,208.9894561767578,803.0050048828125,1051.4159296507476,886.9722657562584,336.11065673828125,909.6080322265625,1038.0457251764112,922.6182191910282,835.4369516680317,846.8463503929877,694.8866619807418,479.392370223999,,94.55745773346582,-253.50744661985178,270.5681768145197,-156.1924161907943,-6.9438813672321675,156.34669284625272,-0.3075196671786051,29.04540258887846,-331.1942679852224,332.4654546833661,-145.36165827113214,-15.992224424445105,146.23871900893832,0.022099139343186778,0.3792429218144588,0.38442216807590235,0.21761805342260038
729,24.313538107264893,True,False,209.40357971191406,938.2323608398438,1046.3375152259744,925.3738094863071,200.41815185546875,802.1498413085938,1046.2066151608703,886.7406740906418,334.0406799316406,902.9852294921875,1033.2044874621977,922.9637333039315,829.0603657384073,839.5382818406628,689.3571252310148,474.5012321472168,,-256.99595108918675,-25.640622226807555,258.2718730028756,-156.1924161907875,-6.943881367228759,156.3466928462458,0.9984871401878694,-190.5583556768663,-244.10289607930764,309.675169803096,-145.36165827113896,-15.992224424448514,146.23871900894548,0.6978597766895813,0.3763482987380873,0.3811047025686963,0.21539774285154736
730,24.346890011390087,True,False,196.63275146484375,947.19482421875,1041.4894271358366,924.8404383505545,196.45619201660156,808.6683349609375,1040.997300670993,886.5090824250252,340.7601623535156,909.77685546875,1028.363249747984,923.3092474168346,822.6837798087828,832.230213288338,683.8275884812878,469.61009407043457,,-118.7926129793164,195.44592200419814,228.71552926402867,-156.1924161907943,-6.9438813672321675,156.34669284625272,0.48092485971184895,-382.9115183089065,268.7241887378951,467.79687949629584,-145.36165827113214,-15.992224424445105,146.23871900893832,0.7508133812912987,0.3734536756617158,0.3777872370614903,0.21317743228049435
731,24.380241915515278,True,False,201.39599609375,963.5361328125,1036.641339045699,924.3070672148017,200.87054443359375,818.6710205078125,1035.7879861811157,886.2774907594086,353.74658203125,922.8994750976562,1023.5220120337701,923.6547615297379,816.3071938791583,824.9221447360131,678.2980517315608,464.71895599365234,,132.3568333736564,299.9134774832724,327.82072130481805,-156.1924161907875,-6.9438813672321675,156.34669284624593,-0.44398167538005134,142.81777169383258,489.9662859550744,510.3566177529213,-145.36165827113214,-15.992224424448514,146.2387190089387,-0.3831486722366265,0.3705590525853443,0.3744697715542843,0.2109571217094413
732,24.41359381964047,True,False,211.01315307617188,957.6073608398438,1031.7932509555612,923.773696079049,208.943359375,814.0820922851562,1030.5786716912382,886.0458990937921,373.8940124511719,921.8043212890625,1018.6807743195565,924.0002756426411,809.9306079495337,817.6140761836882,672.7685149818338,459.8278179168701,,242.0495966618158,-137.59119135839882,278.42295735727544,-156.1924161907943,-6.943881367228759,156.34669284625258,-0.8465532707936436,288.35406057544066,-177.76412256408574,338.7449594035669,-145.36165827113214,-15.992224424445105,146.23871900893832,-0.7887495124953933,0.3676644295089727,0.3711523060470782,0.2087368111383883
733,24.446945723765662,True,False,220.43341064453125,972.717529296875,1026.9451628654233,923.2403249432964,216.12594604492188,829.3020629882812,1025.3693572013608,885.8143074281754,389.4832458496094,910.1065063476562,1013.8395366053427,924.3457897555444,803.5540220199093,810.3060076313634,667.2389782321069,454.9366798400879,,215.3576192519877,456.3448805199942,504.60831755599503,-156.1924161907943,-6.9438813672321675,156.34669284625272,-0.4665260411623163,282.4503672413688,453.05264731850775,533.8866089321704,-145.36165827113896,-15.992224424445105,146.23871900894508,-0.6186722905538982,0.36476980643260126,0.36783484053987225,0.20651650056733528
734,24.480297627890856,True,False,212.18032836914062,968.5936279296875,1022.0970747752856,922.7069538075436,209.33213806152344,825.7658081054688,1020.1600427114836,885.5827157625588,398.5059814453125,926.65234375,1008.998298891129,924.6913038684476,797.1774360902848,802.9979390790386,661.7094414823798,450.04554176330566,,-203.70075297340605,-106.02857544620484,229.64332250924292,-156.1924161907875,-6.9438813672321675,156.34669284624593,0.9066618260276031,-247.45460542256637,-123.64815369184778,276.6272720760569,-145.36165827113214,-15.992224424448514,146.2387190089387,0.9380575279504079,0.3618751833562297,0.36451737503266624,0.20429618999628224
735,24.513649532016046,True,False,224.93666076660156,955.4464111328125,1017.2489866851479,922.173582671791,217.3863525390625,817.2352294921875,1014.9507282216061,885.3511240969422,200.40841674804688,942.596435546875,1004.1570611769154,925.0368179813509,790.8008501606603,795.6898705267137,656.1799047326529,445.15440368652344,,241.49189345550508,-255.77486014772379,351.76570851678065,-156.1924161907943,-6.9438813672321675,156.34669284625272,-0.6535423248408397,382.47688496518606,-394.1968874558029,549.2538152917238,-145.36165827113214,-15.992224424445105,146.23871900893832,-0.613695900922304,0.3589805602798582,0.36119990952546016,0.20207587942522923
736,24.547001436141237,True,False,234.48069763183594,955.912109375,1012.4008985950101,921.6402115360384,227.45594787597656,817.1690673828125,1009.7414137317288,885.1195324313256,195.89979553222656,944.7694702148438,999.3158234627016,925.382332094254,784.4242642310357,788.3818019743888,650.6503679829259,440.2632656097412,,301.9196534961293,-1.9837580824965662,301.9261705506044,-156.19241619079088,-6.943881367228759,156.34669284624917,-0.998699865494894,286.1616784879583,13.963168052997048,286.50214012659984,-145.36165827113555,-15.992224424445105,146.2387190089417,-0.9981510269402994,0.35608593720348664,0.3578824440182542,0.1998555688541762
737,24.58035334026643,True,False,230.65713500976562,957.915283203125,1007.5528105048724,921.1068404002856,232.3985595703125,823.0621337890625,1004.5320992418515,884.887940765709,436.8246765136719,953.5662231445312,994.4745857484879,925.7278462071573,778.0476783014113,781.073733422064,645.1208312331989,435.372127532959,,148.1957874363942,176.69355201218494,230.61353545829792,-156.19241619079088,-6.9438813672321675,156.3466928462493,-0.6760102226004288,-114.64300831874355,60.061753014333306,129.42346592301675,-145.36165827113214,-15.992224424448514,146.2387190089387,0.8297356972763605,0.3531913141271152,0.3545649785110482,0.19763525828312317
738,24.61370524439162,True,False,226.61688232421875,963.5660400390625,1002.7047224147345,920.573469264533,231.87490844726562,825.21240234375,999.3227847519742,884.6563491000924,425.0882568359375,950.5607299804688,989.6333480342741,926.0733603200605,771.6710923717868,773.7656648697391,639.591294483472,430.48098945617676,,-15.700786410312999,64.4721376811384,66.35639555519828,-156.19241619079088,-6.9438813672321675,156.3466928462493,0.19322733516483978,-121.14009054418953,169.42831254031097,208.28075913850452,-145.36165827113555,-15.992224424445105,146.2387190089417,0.48917331550085974,0.3502966910507436,0.3512475130038421,0.19541494771207016
739,24.647057148516815,True,False,230.5693359375,960.4739990234375,997.8566343245968,920.0400981287802,235.95252990722656,823.1343383789062,994.1134702620968,884.4247574344759,419.6645202636719,950.8988037109375,984.7921103200605,926.4188744329637,765.2945064421623,766.4575963174143,634.0617577337449,425.58985137939453,,122.26052955342249,-62.30720612062785,137.22180956845634,-156.19241619079088,-6.943881367228759,156.34669284624917,-0.8699245112142673,118.50758500759238,-92.70957975947975,150.46299838668332,-145.36165827113214,-15.992224424448514,146.2387190089387,-0.7155141281408943,0.3474020679743721,0.34793004749663614,0.19319463714101714
740,24.680409052642005,True,False,227.39239501953125,958.3515014648438,993.008546234459,919.5067269930275,236.2005615234375,821.2443237304688,988.9041557722194,884.1931657688592,204.7073516845703,949.1268310546875,979.9508726058468,926.764388545867,758.9179205125378,759.1495277650895,628.532220984018,420.6987133026123,,7.436805265447806,-56.66886788061685,57.15476060160694,-156.1924161907943,-6.9438813672321675,156.34669284625272,-0.08595281049011366,-95.2551586273328,-63.63947169632665,114.5579661259133,-145.36165827113555,-15.992224424445105,146.2387190089417,0.8872651415900876,0.34450744489800056,0.3446125819894301,0.1909743265699641
741,24.7137609567672,True,False,223.9455108642578,969.998291015625,988.1604581443212,918.9733558572749,241.65756225585938,831.5516357421875,983.694841282342,883.9615741032426,396.3267822265625,952.2113647460938,975.109634891633,927.1099026587701,752.5413345829134,751.8414592127647,623.002684234291,415.8075752258301,,163.61886601550898,309.04718282436124,349.6874240344872,-156.19241619079088,-6.9438813672321675,156.3466928462493,-0.5066903294779361,-103.34894650497274,349.2091338192595,364.1813063385945,-145.36165827113555,-15.992224424445105,146.2387190089417,0.17722123190824296,0.3416128218216291,0.3412951164822241,0.1887540159989111
742,24.74711286089239,True,False,200.97506713867188,965.7706909179688,983.3123700541835,918.4399847215221,233.78628540039062,830.7554931640625,978.4855267924647,883.7299824376261,384.21002197265625,952.9912719726562,970.2683971774194,927.4554167716734,746.1647486532888,744.5333906604397,617.473147484564,410.91643714904785,,-236.0068206577534,-23.870978254691153,237.21096728401264,-156.19241619079088,-6.943881367228759,156.34669284624917,0.9984113784917481,-688.7296041438165,-126.7573833801888,700.2970097504989,-145.36165827113214,-15.992224424448514,146.2387190089387,0.9973779285152129,0.33871819874525755,0.33797765097501803,0.18653370542785805
743,24.78046476501758,True,False,241.02542114257812,968.3060302734375,,,261.9333190917969,831.9396362304688,,,385.187744140625,949.5642700195312,,,,,,,,843.9408312566411,35.504511585346755,844.6873368324308,-156.19241619079088,-6.9438813672321675,156.3466928462493,-0.9999971609964591,1200.8416027334033,76.01782932548419,1203.2453055095154,-145.36165827113555,-15.992224424445105,146.2387190089417,-0.9989257210739724,,,
744,24.813816669142774,True,False,222.38095092773438,980.826416015625,,,251.97525024414062,838.0667724609375,,,369.1625671386719,953.0706787109375,,,,,,,,-298.5757218021792,183.71173674131254,350.5673456929519,-156.19241619079088,-6.943881367228759,156.34669284624917,0.8275780616495869,-559.022661640506,375.40242665576625,673.374574933353,-145.36165827113214,-15.992224424448514,146.2387190089387,0.7642359694112759,,,
745,24.847168573267965,True,False,227.74365234375,947.4553833007812,,,261.9016418457031,819.2980346679688,,,367.2113342285156,952.18603515625,,,,,,,,297.6259335689544,-562.7486131681472,636.6059989942481,-156.1924161907943,-6.9438813672321675,156.34669284625272,-0.42779787500149113,160.79146173741194,-1000.5735381578229,1013.4107259296785,-145.36165827113555,-15.992224424445105,146.2387190089417,-0.04974036835100117,,,
746,24.88052047739316,True,False,250.89434814453125,931.5667724609375,,,276.8606872558594,809.8270263671875,,,385.6191101074219,956.089111328125,,,,,,,,448.52148033302666,-283.9720414531731,530.8593397946506,-156.19241619079088,-6.9438813672321675,156.3466928462493,-0.8203053298925086,694.1341553957842,-476.3929153850771,841.8862366829096,-145.36165827113214,-15.992224424445105,146.23871900893832,-0.7576727076257597,,,
747,24.91387238151835,True,False,262.1622619628906,909.2841186523438,,,287.55419921875,795.0545654296875,,,386.2972412109375,958.0159912109375,,,,,,,,320.626730118639,-442.92706293617056,546.79601603142,-156.19241619079088,-6.9438813672321675,156.3466928462493,-0.5498183275841163,337.8491907407563,-668.1073957562397,748.6718693448877,-145.36165827113555,-15.992224424448514,146.23871900894207,-0.35096917461187327,,,
748,24.94722428564354,True,False,279.159423828125,907.2955322265625,,,304.6567687988281,797.9407958984375,,,384.1328430175781,961.8436889648438,,,,,,,,512.7913991321394,86.53870129621552,520.042273133572,,,,,509.6309284601176,-59.624374617915706,513.1069569706682,,,,,,,
749,24.980576189768733,True,False,287.6215515136719,892.7548828125,,,313.80126953125,789.5097045898438,,,379.22882080078125,965.2373046875,,,,,,,,274.1822685174578,-252.7919028834531,372.933858120735,,,,,253.72247574779766,-435.9765895069068,504.43104711909405,,,,,,,
750,25.013928093893924,True,False,311.8091125488281,919.019775390625,,,335.634033203125,814.1359252929688,,,354.8492736816406,970.4512939453125,,,,,,,,654.6182068022894,738.3752546986942,986.7740437549046,,,,,725.2227922089314,787.5080379079819,1070.568544330067,,,,,,,
751,25.047279998019118,True,False,333.20208740234375,894.844482421875,,,355.7258605957031,803.9551391601562,,,352.8713073730469,976.4835205078125,,,,,,,,602.4191997302499,-305.2535199968563,675.3433228174437,,,,,641.4318886625947,-724.8549551475091,967.9098996265927,,,,,,,
752,25.080631902144308,True,False,325.36724853515625,923.6204833984375,,,357.8755187988281,823.6597290039062,,,355.5264892578125,980.4414672851562,,,,,,,,64.45383732982386,590.8085418387375,594.3139155834689,,,,,-234.9142896842751,862.7993432862787,894.2077109224127,,,,,,,
753,25.113983806269502,True,False,318.8580322265625,937.5972900390625,,,359.705322265625,833.3304443359375,,,353.90216064453125,975.978759765625,,,,,,,,54.86353822343709,289.9599164032919,295.10466100520773,,,,,-195.16775666421705,419.0707249625311,462.2885741200667,,,,,,,
754,25.147335710394692,True,False,324.2692565917969,941.8953857421875,,,369.649658203125,831.6018676757812,,,358.15264892578125,974.9674072265625,,,,,,,,298.16396389760195,-51.82842495791997,302.6349864122607,,,,,162.2463396669182,128.87107395701864,207.19948947366728,,,,,,,
755,25.180687614519883,True,False,361.33013916015625,945.2778930664062,,,395.2532043457031,843.8682250976562,,,376.197509765625,993.556640625,,,,,,,,767.6786922411078,367.78582043865305,851.2326263934851,,,,,1111.2073970123329,101.41871695007121,1115.825987922276,,,,,,,
756,25.214039518645077,True,False,349.91278076171875,910.3428955078125,,,398.04449462890625,826.8851318359375,,,388.3326416015625,1003.791259765625,,,,,,,,83.6920816492382,-509.20910536231736,516.040964957894,,,,,-342.3300317601224,-1047.4663583662104,1101.9871244954982,,,,,,,
757,25.247391422770267,True,False,361.34326171875,919.7823486328125,,,408.2466735839844,835.09716796875,,,401.5568542480469,1013.94384765625,,,,,,,,305.89494731043106,246.22390679666327,392.6804439595424,,,,,342.7234893133851,283.0259132902112,444.48066068266695,,,,,,,
758,25.28074332689546,True,False,365.6837158203125,932.66455078125,,,417.5332336425781,850.0018920898438,,,418.3145751953125,1022.6319580078125,,,,,,,,278.44167528591794,446.89274906603225,526.5385984938086,,,,,130.141118338248,386.2508749150279,407.5861247085754,,,,,,,
759,25.31409523102065,True,False,373.8681945800781,937.6807861328125,,,429.0425720214844,855.3948974609375,,,430.7799072265625,1026.1258544921875,,,,,,,,345.08789470322415,161.70007418017906,381.0939110778063,,,,,245.3976459348116,150.40326731371107,287.8213811532889,,,,,,,
760,25.347447135145845,True,False,391.800048828125,910.2247924804688,,,437.0001220703125,845.7449340820312,,,441.733154296875,1028.997314453125,,,,,,,,238.59357531606418,-289.33770445859744,375.0242677527323,,,,,537.6560864632103,-823.2211734983144,983.2431885382563,,,,,,,
761,25.380799039271036,True,False,404.76019287109375,901.3225708007812,,,459.535888671875,841.4002685546875,,,458.0048522949219,1032.741455078125,,,,,,,,675.6965514463811,-130.26739076231834,688.1391012960639,,,,,388.5878297778952,-266.9179440631496,471.4294118045597,,,,,,,
762,25.414150943396226,True,False,420.1531982421875,906.304443359375,,,470.76373291015625,843.757568359375,,,495.8061218261719,1033.6671142578125,,,,,,,,336.6477726769565,70.67961684703171,343.9873996035305,,,,,461.5330301176674,149.37295753470224,485.10310072422715,,,,,,,
763,25.44750284752142,True,False,441.38385009765625,914.4876708984375,,,484.48895263671875,854.3145751953125,,,494.2716064453125,1028.8548583984375,,,,,,,,411.527320150676,316.5338565471412,519.1805250305555,,,,,636.5649102304918,245.36013021461682,682.2143933073296,,,,,,,
764,25.48085475164661,True,False,480.023193359375,940.6467895507812,,,508.5981750488281,874.1854858398438,,,505.58587646484375,1029.8583984375,,,,,,,,722.8739421177097,595.7953875719508,936.7597771279512,,,,,1158.5348505644406,784.3365870251714,1399.0664322035122,,,,,,,
765,25.514206655771805,True,False,498.70501708984375,959.637451171875,,,523.8682861328125,889.433837890625,,,526.0263671875,1060.4600830078125,,,,,,,,457.848254380484,457.1958468561205,647.0340535255788,,,,,560.1426431409561,569.4026209061154,798.7359547182598,,,,,,,
766,25.547558559896995,True,False,448.7271728515625,940.0245971679688,,,504.7218322753906,884.9993286132812,,,541.7145385742188,1041.5302734375,,,,,,,,-574.0737855791527,-132.9612024758192,589.2702204023167,,,,,-1498.500476934724,-588.0579990361615,1609.7564690362358,,,,,,,
767,25.580910464022185,True,False,492.27947998046875,983.8721313476562,,,533.477294921875,919.7459716796875,,,556.979248046875,1056.331787109375,,,,,,,,862.1835364645443,1041.8188699505422,1352.311727500554,,,,,1305.841698435731,1314.6935783665758,1853.0088360209797,,,,,,,
768,25.61426236814738,True,False,477.02911376953125,968.680908203125,,,524.953125,908.3720703125,,,566.5482177734375,1057.69873046875,,,,,,,,-255.58270645892105,-341.0270467465269,426.1712876925484,,,,,-457.2562380154585,-455.4829339730792,645.4052760434904,,,,,,,
769,25.64761427227257,True,False,483.033935546875,947.4063720703125,,,532.7479248046875,902.94873046875,,,570.771728515625,1058.9617919921875,,,,,,,,233.71378663804103,-162.6096016405119,284.7174329232015,,,,,180.04434633787793,-637.8807054900075,662.8029579631215,,,,,,,
770,25.680966176397764,True,False,343.45062255859375,994.92822265625,,,324.0390930175781,916.1781005859375,,,287.376953125,1038.4654541015625,,,,,,,,-1992.2079449138037,176.3731911025447,2000.0,,,,,-1998.6800752453842,72.64953431761126,2000.0,,,,,,,
771,25.714318080522954,True,False,213.77488708496094,957.193603515625,,,216.84176635742188,930.9163818359375,,,212.82191467285156,1026.404296875,,,,,,,,-1992.2079449138037,176.3731911025447,2000.0,,,,,-1998.6800752453842,72.64953431761126,2000.0,,,,,,,
772,25.747669984648148,True,False,225.68589782714844,965.4093017578125,,,227.11558532714844,920.5848388671875,,,212.43814086914062,1020.780517578125,,,,,,,,308.04295104597566,-309.7737067715487,436.86406249095245,,,,,357.1313559033255,246.33370890455055,433.8468641260642,,,,,,,
773,25.78102188877334,True,False,229.11444091796875,968.2618408203125,,,233.5358123779297,921.32421875,,,212.8626251220703,1017.8345336914062,,,,,,,,192.49956544255656,22.169045582438564,193.7719001238553,,,,,102.7990209479707,85.52852190365269,133.7264624780186,,,,,,,
774,25.81437379289853,True,False,230.35101318359375,975.6973876953125,,,236.1734161376953,924.6113891601562,,,214.90289306640625,1015.5240478515625,,,,,,,,79.08405318823603,98.56020207473945,126.36613827166367,,,,,37.07651176326608,222.94219985430044,226.00418624531372,,,,,,,
775,25.847725697023723,True,False,236.1674041748047,977.94189453125,,,232.44261169433594,933.1194458007812,,,217.83114624023438,1012.9287109375,,,,,,,,-111.86181242771573,255.0995771842171,278.5477685410167,,,,,174.39457037829533,67.297711924104,186.92899242131995,,,,,,,
776,25.881077601148913,True,False,253.73760986328125,977.823974609375,,,239.0314483642578,928.1329956054688,,,218.04537963867188,1008.052490234375,,,,,,,,197.55503749319934,-149.5102101695613,247.75248895598565,,,,,526.8126708005601,-3.5356278739698945,526.8245350972965,,,,,,,
777,25.914429505274107,True,False,243.37115478515625,963.9453735351562,,,231.30416870117188,922.3222045898438,,,218.29269409179688,1005.6807250976562,,,,,,,,-231.6893102738696,-174.2266646549844,289.8876802694137,,,,,-310.82048686674057,-416.12619843602096,519.3942511049697,,,,,,,
778,25.947781409399298,True,False,235.69143676757812,955.760498046875,,,230.64874267578125,916.1832885742188,,,218.08480834960938,1001.69921875,,,,,,,,-19.65183225912304,-184.06493352168323,185.111032257622,,,,,-230.26325539768376,-245.40954116316607,336.5219304595982,,,,,,,
779,25.98113331352449,True,False,236.39816284179688,961.7483520507812,,,230.5971221923828,918.0249633789062,,,216.35646057128906,999.5125732421875,,,,,,,,-1.5477522124275562,55.21948005650497,55.24116684703379,,,,,21.18997678711046,179.5355965713336,180.78176222302662,,,,,,,
780,26.014485217649682,True,False,283.7527160644531,952.8118286132812,,,286.3777770996094,858.3024291992188,,,276.2754211425781,979.2050170898438,,,,,,,,1365.1546725322403,-1461.6267364817954,2000.0,,,,,1419.845566984814,-267.946423807027,1444.9071666087766,,,,,,,
781,26.047837121774872,True,False,280.3892822265625,952.2034912109375,,,289.6981506347656,872.2510986328125,,,277.49078369140625,969.439697265625,,,,,,,,99.55574118625064,418.22707876693056,429.913055183329,,,,,-100.84683097149173,-18.239960155205974,102.48306915513471,,,,,,,
782,26.081189025900066,True,False,280.03265380859375,955.1937255859375,,,286.62554931640625,878.6451416015625,,,278.01544189453125,960.6873779296875,,,,,,,,-92.12671357011152,191.7144803711626,212.70113619163922,,,,,-10.692895273088041,89.6570811602138,90.29247040307621,,,,,,,
783,26.114540930025257,True,False,316.4990539550781,958.2662353515625,,,321.8658447265625,877.3759155273438,,,258.1150817871094,964.8448486328125,,,,,,,,1056.6201940937453,-38.05558055859418,1057.3052831506877,,,,,1093.382854831967,92.12396851741434,1097.2569857676458,,,,,,,
784,26.14789283415045,True,False,318.9384765625,953.9327392578125,,,323.632080078125,869.9931640625,,,224.99290466308594,960.0325317382812,,,,,,,,52.957556634027334,-221.3592194655924,227.60581461610883,,,,,73.1419291164036,-129.93249433326218,149.1046440542085,,,,,,,
785,26.18124473827564,True,False,413.68328857421875,931.15966796875,,,394.8561706542969,850.036376953125,,,261.61383056640625,969.0151977539062,,,,,,,,1925.8294260569899,-539.611914366052,2000.0,,,,,1944.6146550641597,-467.41185326384215,2000.0,,,,,,,
786,26.21459664240083,True,False,347.5885009765625,984.9223022460938,,,341.6904296875,893.2086181640625,,,240.52297973632812,964.5249633789062,,,,,,,,-1552.5841455526427,1260.7467894397769,2000.0,,,,,-1551.5313304334236,1262.0422051388912,2000.0,,,,,,,
787,26.247948546526025,True,False,394.2519836425781,941.0921630859375,,,387.6773681640625,872.7029418945312,,,259.1152648925781,971.4278564453125,,,,,,,,1378.8399697943153,-614.8277529390764,1509.7062058846093,,,,,1399.1249942089216,-1314.1720183541113,1919.5308914536993,,,,,,,
788,26.281300450651216,True,False,378.18328857421875,898.9935302734375,,,381.5622253417969,843.69970703125,,,301.3614196777344,974.1395263671875,,,,,,,,-183.35213483798174,-869.6125640806833,888.7316900823477,,,,,-481.7924340404333,-1262.2557517098815,1351.0786550838864,,,,,,,
789,26.31465235477641,True,False,380.0462646484375,928.907958984375,,,382.3885803222656,869.8314819335938,,,312.1866149902344,978.2752685546875,,,,,,,,24.776845644761078,783.5167312862799,783.9083876867505,,,,,55.85816231738256,896.933158558166,898.6708102629145,,,,,,,
790,26.3480042589016,True,False,376.93792724609375,911.809326171875,,,380.3565368652344,861.568115234375,,,310.6178283691406,982.9097290039062,,,,,,,,-60.92735963151124,-247.76296634221643,255.1443329614863,,,,,-93.19819913957807,-512.6733618661606,521.0756953553022,,,,,,,
791,26.381356163026794,True,False,373.30194091796875,931.4139404296875,,,378.5000915527344,878.0293579101562,,,305.71661376953125,983.9573974609375,,,,,,,,-55.662348558316936,493.56230498838227,496.69109711416456,,,,,-109.01885285100133,587.8109442934152,597.8351081260323,,,,,,,
792,26.414708067151984,True,False,365.16204833984375,933.668701171875,,,373.090087890625,877.5838012695312,,,319.4405517578125,982.156005859375,,,,,,,,-162.2097389642891,-13.359256459617097,162.75892954924666,,,,,-244.06080527128418,67.60515782618833,253.25112839703505,,,,,,,
793,26.448059971277175,True,False,382.2447814941406,937.056396484375,,,382.499755859375,878.75830078125,,,324.61883544921875,981.9071655273438,,,,,,,,282.13285614606144,35.21536603457696,284.3221245736663,,,,,512.1966377144167,101.57426993624485,522.1711673379091,,,,,,,
794,26.48141187540237,True,False,377.75274658203125,925.8734741210938,,,382.99615478515625,866.4169921875,,,329.9974670410156,976.2342529296875,,,,,,,,14.883675724118609,-370.03310358007906,370.33231231984905,,,,,-134.68601058721498,-335.30086682020607,361.3405495350348,,,,,,,
795,26.51476377952756,True,False,369.66925048828125,936.3189086914062,,,375.8321838378906,871.082763671875,,,338.3529052734375,972.5618896484375,,,,,,,,-214.7994585368941,139.89520558889993,256.3385962638156,,,,,-242.36985280982032,313.18855232684257,396.017947648383,,,,,,,
796,26.548115683652753,True,False,370.67291259765625,902.288330078125,,,382.1658935546875,853.4991455078125,,,348.93060302734375,971.1615600585938,,,,,,,,189.90549064371996,-527.2148210206972,560.3744845016748,,,,,30.0930977016361,-1020.3488977883192,1020.7925684227516,,,,,,,
797,26.581467587777944,True,False,370.6361999511719,910.487060546875,,,379.2240905761719,861.021484375,,,358.4486389160156,969.4273681640625,,,,,,,,-88.20494828340475,225.5445098112286,242.17852672701085,,,,,-1.1007661315698196,245.82495913800622,245.82742365586236,,,,,,,
798,26.614819491903138,True,False,357.65533447265625,907.6793212890625,,,376.6977233886719,861.2749633789062,,,368.6111755371094,971.192626953125,,,,,,,,-75.7488141611604,7.60013590093011,76.12913313925635,,,,,-389.20912670502395,-84.18527611716516,398.20962447611777,,,,,,,
799,26.648171396028328,True,False,353.49066162109375,918.0123291015625,,,376.4051513671875,868.670166015625,,,376.9148254394531,971.53857421875,,,,,,,,-8.772273402626652,221.73254663240908,221.90600491366587,,,,,-124.87061715965932,309.81762761470355,334.0353774836392,,,,,,,
800,26.68152330015352,True,False,347.98602294921875,902.4337158203125,,,373.3095703125,859.8300170898438,,,383.2077331542969,968.3822021484375,,,,,,,,-92.8157217971041,-265.0567983344605,280.83779046993,,,,,-165.04720843560915,-467.09816695242023,495.40011968377485,,,,,,,
801,26.714875204278712,True,False,329.67437744140625,892.7926025390625,,,363.2336120605469,851.8624877929688,,,387.55157470703125,971.1588134765625,,,,,,,,-302.11043465858336,-238.89278606005698,385.1499421798403,,,,,-549.0434800686852,-289.07234936453654,620.4930025174058,,,,,,,
802,26.748227108403903,True,False,331.4906005859375,887.2611083984375,,,365.4768371582031,850.7677612304688,,,396.05059814453125,970.2224731445312,,,,,,,,67.25928118634344,-32.82351011776606,74.84112320211865,,,,,54.45635540668849,-165.85242389344907,174.5638025350957,,,,,,,
803,26.781579012529097,True,False,332.511474609375,880.4354858398438,,,366.471923828125,849.1482543945312,,,397.7791748046875,973.547607421875,,,,,,,,29.835977765666758,-48.558152178010964,56.99192672805712,,,,,30.60916760870624,-204.65465878567665,206.93102837510764,,,,,,,
804,26.814930916654287,True,False,342.61822509765625,883.9166259765625,,,374.94671630859375,851.9283447265625,,,394.92333984375,973.4456176757812,,,,,,,,254.10220803757446,83.35627020261633,267.4251295440695,,,,,303.03368738240215,104.37605372250152,320.5055011684791,,,,,,,
805,26.84828282077948,True,False,333.606201171875,881.928466796875,677.882820375504,884.8376031691029,367.28155517578125,846.624267578125,650.2987139301915,869.1397075037802,384.8768005371094,974.3773803710938,665.2704211819556,949.2228058845766,344.43983508694555,284.1250718639743,269.1123322517641,102.77473831176758,,-229.8267920188319,-159.03371299365,279.48537743183283,,,,,-270.21017726463606,-59.61156437199552,276.70756857061684,,,,,0.15635694493385194,0.12897732402103884,0.04665413945151761
806,26.88163472490467,True,False,324.19024658203125,867.7528076171875,673.0347322853663,884.3042320333501,365.1681823730469,839.934326171875,645.0893994403142,868.9081158381637,378.16632080078125,972.2815551757812,660.429183467742,949.5683199974799,338.0632491573211,276.8170033116495,263.5827955020371,97.88360023498535,,-63.36588144417422,-200.58649068845352,210.3572560619343,-156.19241619079088,-6.943881367228759,156.34669284624917,0.3432830183793742,-282.3213497646013,-425.0329794208095,510.2532490129158,-145.36165827113214,-15.992224424448514,146.2387190089387,0.6410708054526396,0.15346232185748043,0.12565985851383285,0.04443382888046459
807,26.914986629029862,True,False,314.1075134277344,858.996826171875,668.1866441952285,883.7708608975975,362.1620788574219,835.378662109375,639.8800849504369,868.676524172547,377.48876953125,965.8984375,655.5879457535282,949.913834110383,331.68666322769656,269.5089347593246,258.0532587523101,92.99246215820312,,-90.13289029439196,-136.5938222117562,163.65149000005394,-156.19241619079088,-6.9438813672321675,156.3466928462493,0.5872879058695696,-302.31356855817484,-262.53317988818486,400.396259069163,-145.36165827113555,-15.992224424445105,146.2387190089417,0.8222112047672907,0.15056769878110893,0.12234239300662679,0.04221351830941157
808,26.948338533155056,True,False,321.9819030761719,871.6067504882812,663.3385561050907,883.2374897618448,371.1830139160156,845.0048828125,634.6707704605594,868.4449325069304,379.0213623046875,962.2353515625,650.7467080393145,950.2593482232863,325.3100772980721,262.20086620699976,252.52372200258316,88.1013240814209,,270.4773623938284,288.62582079246164,395.55387495971337,-156.1924161907943,-6.9438813672321675,156.34669284625272,-0.7155265704160796,236.10015244945757,378.0870881936099,445.7500737469144,-145.36165827113555,-15.992224424445105,146.2387190089417,-0.619249730293651,0.14767307570473742,0.11902492749942079,0.039993207738358544
809,26.981690437280246,True,False,322.7882080078125,868.7059326171875,658.490468014953,882.704118626092,373.193603515625,843.361083984375,629.4614559706822,868.2133408413139,382.30804443359375,959.5521240234375,645.9054703251009,950.6048623361895,318.93349136844756,254.89279765467495,246.99418525285614,83.21018600463867,,60.284102282805016,-49.286506160329814,77.86740446127587,-156.1924161907875,-6.943881367228759,156.3466928462458,-0.7453136211501212,24.17567910407831,-86.97607969263312,90.27348391882654,-145.36165827113214,-15.992224424448514,146.2387190089387,-0.16083621197957185,0.1447784526283659,0.11570746199221478,0.03777289716730552
810,27.01504234140544,True,False,320.2391052246094,859.9906005859375,653.6423799248153,882.1707474903394,374.8816833496094,836.7736206054688,624.2521414808048,867.9817491756972,396.3585510253906,958.788818359375,641.0642326108871,950.9503764490928,312.55690543882304,247.58472910235002,241.46464850312918,78.31904792785645,,50.61419664819998,-197.5138617027416,203.89586181939148,-156.1924161907943,-6.9438813672321675,156.34669284625272,-0.20496737260695733,-76.43050224762716,-261.3143764906362,272.2624194311703,-145.36165827113214,-15.992224424445105,146.23871900893832,0.3839996142653808,0.14188382955199436,0.11238999648500872,0.0355525865962525
811,27.04839424553063,True,False,324.4175109863281,873.3224487304688,648.7942918346773,881.6373763545866,375.1074523925781,843.7646484375,619.0428269909274,867.7501575100806,405.3941650390625,957.6771240234375,636.2229948966733,951.295890561996,306.1803195091986,240.2766605500252,235.93511175340217,73.42790985107422,,6.769299951249814,209.61405399191807,209.72332977701058,-156.19241619079088,-6.9438813672321675,156.3466928462493,-0.07663565111376784,125.28237506423656,399.7327437284525,418.90564559386485,-145.36165827113896,-15.992224424448514,146.23871900894548,-0.4016287818089113,0.13898920647562288,0.10907253097780273,0.033332276025199475
812,27.08174614965582,True,False,332.25762939453125,877.56005859375,643.9462037445396,881.104005218834,379.529541015625,847.4550170898438,613.8335125010501,867.5185658444641,392.04730224609375,955.3348999023438,631.3817571824596,951.6414046748991,299.8037335795741,232.9685919977004,230.4055750036752,68.53677177429199,,132.58879032656824,110.6494141531272,172.69360200277526,-156.19241619079088,-6.943881367228759,156.34669284624917,-0.7954682007551804,235.07258772314592,127.05750914174732,267.21289663517615,-145.36165827113214,-15.992224424445105,146.23871900893832,-0.9264424654652604,0.13609458339925135,0.10575506547059672,0.031111965454146455
813,27.115098053781015,True,False,333.636962890625,887.5123901367188,639.0981156544019,880.5706340830814,382.88104248046875,852.6134643554688,608.6241980111727,867.2869741788475,389.2884521484375,955.053955078125,626.540519468246,951.9869187878024,293.4271476499496,225.66052344537547,224.8760382539482,63.645633697509766,,100.48905910329239,154.6672491699998,184.44513809065228,-156.1924161907943,-6.9438813672321675,156.34669284625272,-0.5815235536768147,41.356963935737916,298.4036984998225,301.2559804291939,-145.36165827113214,-15.992224424445105,146.23871900893832,-0.2447800502364573,0.1331999603228798,0.10243759996339066,0.02889165488309343
814,27.148449957906205,True,False,342.75909423828125,878.7376708984375,634.2500275642641,880.0372629473286,391.22735595703125,842.6109008789062,603.4148835212955,867.0553825132308,390.6811828613281,952.5162353515625,621.6992817540322,952.3324329007056,287.05056172032505,218.35245489305066,219.34650150422124,58.75449562072754,,250.24998408586296,-299.9098174130095,390.60331938640684,-156.1924161907875,-6.9438813672321675,156.34669284624593,-0.6059422286335835,273.5115606417798,-263.0950006735414,379.5096219914756,-145.36165827113555,-15.992224424448514,146.23871900894207,-0.6405632370515076,0.13030533724650828,0.09912013445618466,0.026671344312040407
815,27.1818018620314,True,False,341.02056884765625,884.5771484375,629.4019394741263,879.503891811576,390.07940673828125,848.12548828125,598.205569031418,866.8237908476142,392.1400451660156,951.95654296875,616.8580440398185,952.6779470136089,280.67397579070064,211.04438634072585,213.81696475449428,53.86335754394531,,-34.4193007523943,165.3455041620362,168.88997605210827,-156.1924161907943,-6.9438813672321675,156.34669284625272,0.16011482159504412,-52.12672068434704,175.08678116676796,182.68162455113986,-145.36165827113555,-15.992224424445105,146.2387190089417,0.1788200184677583,0.1274107141701368,0.09580266894897865,0.024451033740987387
816,27.21515376615659,True,False,337.17608642578125,887.350341796875,624.5538513839886,878.9705206758233,385.4390869140625,851.1655883789062,592.9962545415407,866.5921991819977,393.6636657714844,952.6927490234375,612.0168063256049,953.0234611265121,274.2973898610761,203.73631778840092,208.28742800476726,48.972219467163086,,-139.13208093908344,91.15221986261206,166.33238750261967,-156.19241619079088,-6.943881367228759,156.34669284624917,0.8113057053173375,-115.27025286004955,83.14947623276197,142.13045624426317,-145.36165827113214,-15.992224424445105,146.23871900893832,0.7421769517195912,0.12451609109376527,0.0924852034417726,0.022230723169934363
817,27.248505670281784,True,False,348.3262023925781,893.875732421875,619.7057632938509,878.4371495400705,389.98187255859375,857.0963745117188,587.7869400516634,866.360607516381,395.3073425292969,954.9207763671875,607.1755686113911,953.3689752394154,267.9208039314516,196.4282492360761,202.7578912550403,44.08108139038086,,136.2076847990193,177.82451372342373,223.99573897572495,-156.19241619079088,-6.9438813672321675,156.3466928462493,-0.6427401907098482,334.31722293704934,195.65271597405248,387.36028554869176,-145.36165827113214,-15.992224424448514,146.2387190089387,-0.9131244788826652,0.12162146801739374,0.0891677379345666,0.02001041259888134
818,27.281857574406974,True,False,348.4659423828125,882.2286376953125,614.857675203713,877.9037784043179,393.48040771484375,845.0120849609375,582.5776255617859,866.1290158507644,396.764892578125,953.1826782226562,602.3343308971773,953.7144893523185,261.54421800182706,189.1201806837513,197.2283545053133,39.18994331359863,,104.89761373496603,-362.3268256415246,377.20582968288534,-156.1924161907943,-6.9438813672321675,156.34669284625272,-0.23515531204912035,4.189865433464842,-349.21828399491676,349.24341776002717,-145.36165827113555,-15.992224424445105,146.2387190089417,0.0974240821594731,0.1187268449410222,0.0858502724273606,0.017790102027828315
819,27.315209478532164,True,False,353.0013427734375,889.8598022460938,610.0095871135752,877.3704072685651,394.2032775878906,846.3552856445312,577.3683110719087,865.8974241851479,399.48321533203125,951.8189697265625,597.4930931829637,954.0600034652218,255.16763207220265,181.8121121314265,191.69881775558633,34.298805236816406,,21.67402107938015,40.27358313791691,45.7353767724299,-156.1924161907875,-6.943881367228759,156.3466928462458,-0.5125423834414189,135.98625054811333,228.80746245061178,266.1674570852387,-145.36165827113555,-15.992224424448514,146.23871900894207,-0.6018480735247816,0.11583222186465073,0.08253280692015459,0.015569791456775294
820,27.34856138265736,True,True,356.9831848144531,894.287353515625,605.1614990234375,876.8370361328125,398.58258056640625,847.6966552734375,572.1589965820312,865.6658325195312,406.5350646972656,949.9852294921875,592.65185546875,954.405517578125,248.79104614257812,174.50404357910156,186.16928100585938,29.40766716003418,144.32998657226562,131.3059356994187,40.21868208397328,137.32731388355194,-156.1924161907943,-6.9438813672321675,156.34669284625272,-0.9682168183105376,119.38874692338767,132.7525784708334,178.5410876593718,-145.36165827113214,-15.992224424445105,146.23871900893832,-0.7459915271458303,0.11293759878827919,0.07921534141294855,0.01334948088572227
821,27.38191328678255,True,True,358.30438232421875,890.1693115234375,610.603515625,871.990478515625,397.2997741699219,840.0922241210938,575.1286010742188,865.8552856445312,412.4628601074219,948.087158203125,594.904541015625,956.159423828125,252.9532012939453,179.68536376953125,182.62017822265625,31.7977237701416,116.3890609741211,-38.46276337534279,-228.00590706303475,231.22732931490785,89.03852928578222,5.680429048034448,89.21954366362142,-0.22878526379068356,39.6138554730276,-123.47247031922815,129.671540717964,163.16959239073694,-145.31576964826783,218.4971139155565,0.8614123650672483,0.11482699077351283,0.08156737887544231,0.014434436549114174
822,27.415265190907743,True,True,352.0910949707031,882.975830078125,624.2782592773438,864.480224609375,395.2065124511719,834.034423828125,586.73486328125,847.8823852539062,420.5015869140625,951.0584716796875,603.0628662109375,945.2831420898438,272.8148498535156,192.0283203125,182.65261840820312,10.021323204040527,77.73295593261719,-62.76288486836,-181.63281683198034,192.17091316668797,347.99399049197376,-538.8867850891133,641.4817102320285,0.6168238252002455,-186.29483132936042,-215.6842805229523,285.0008299018416,410.01388109696325,-225.18216285520063,467.78027872104747,-0.20863846230334326,0.1238430985919954,0.08717040959348551,0.004549135497010589
823,27.448617095032933,True,True,359.5932922363281,886.7520751953125,622.68603515625,867.4935302734375,394.52545166015625,841.8453369140625,584.81884765625,849.0936279296875,427.31103515625,951.80615234375,606.7363891601562,936.1885986328125,263.7966613769531,190.431396484375,180.103759765625,17.889301300048828,129.1905059814453,-20.420447014333888,234.19691591274497,235.08549525503813,-57.44846284661643,36.3170471837125,67.96509250772097,0.6057517546446121,224.94059821784865,113.22427358308353,251.82932485121856,-47.74012647425085,90.34883443990357,102.18625915663306,-0.01978011253003168,0.11974933168295873,0.08644549306054539,0.008120769473631748
824,27.481968999158127,True,True,379.0963134765625,895.3695068359375,622.5065307617188,856.04736328125,403.29962158203125,842.74853515625,576.5595092773438,839.3591918945312,423.57244873046875,949.610107421875,612.4396362304688,931.7841796875,246.56594848632812,173.29302978515625,189.70657348632812,4.617186069488525,127.33067321777344,263.07853035735826,27.080859875262163,264.4686864386237,-247.64218402354044,-291.8704730805303,382.77281037738516,-0.7216479182448969,584.7648508171094,258.3790001397834,639.3040266292637,-5.382133321607381,-343.19380834216884,343.2360083725087,-0.4184498503161732,0.11192752551489343,0.07866560703903025,0.0020959512648533584
825,27.515320903283317,True,True,391.5471496582031,897.3314208984375,626.7056884765625,856.4688110351562,410.13897705078125,841.87060546875,579.1334838867188,837.789794921875,422.2533874511719,947.2521362304688,612.1378784179688,927.5260009765625,238.68240356445312,169.04376220703125,190.9063720703125,10.613758087158203,82.80950164794922,205.0664166902539,-26.323225330840046,206.748996239399,77.17624156369483,-47.05569333508691,90.39032324946913,0.9131428596472112,373.31710162347395,58.824649265470136,377.92326962725747,125.90458700893105,12.63639258269261,126.53712280352124,0.9984179376652369,0.10834882504628472,0.07673667075163951,0.004818068700898406
826,27.548672807408508,True,True,417.9637451171875,879.9423828125,631.3048095703125,851.08203125,425.84539794921875,831.8648681640625,584.7053833007812,833.3474731445312,433.96942138671875,944.3157958984375,612.2848510742188,924.1807861328125,215.2843017578125,158.8668975830078,179.44862365722656,15.773754119873047,88.17657470703125,470.9302605176858,-300.0049792398451,558.3711112154311,167.0639071504719,-133.19544697264536,213.66182664815042,0.9944020918597479,792.0565902272118,-521.3806690216205,948.2570559462187,137.89680722535172,-161.5134105967707,212.37257649128537,0.9605144536382983,0.09772735986408801,0.072116927912615,0.007160426155989022
827,27.582024711533702,True,True,411.32635498046875,876.6522216796875,640.1309814453125,851.966064453125,419.31597900390625,830.7234497070312,591.055908203125,832.537353515625,423.80523681640625,941.718017578125,615.269287109375,923.7433471679688,230.1324920654297,171.74951171875,192.30593872070312,16.589908599853516,103.02693939208984,-195.77349829272848,-34.22348699332868,198.74231984093248,190.40966532243564,-24.29005629979421,191.95272200010376,-0.9553527579896735,-199.0108304402713,-98.64987379618071,222.11958093002247,264.63772028935745,26.506228843985483,265.96184532274157,-0.9357646451972664,0.10446763040715519,0.07796493381622323,0.007530915884773181
828,27.615376615658892,True,True,414.08392333984375,873.4432373046875,633.877197265625,860.9479370117188,421.2658996582031,822.2644653320312,595.8336791992188,839.1718139648438,427.0906677246094,938.9984130859375,618.1182861328125,923.0087890625,220.14816284179688,175.38462829589844,191.69564819335938,39.45738220214844,61.69321823120117,58.465047362139345,-253.62822893852777,260.27954256443485,143.25332005511873,198.92298875396148,245.13642969094366,-0.6594754976365993,82.68098723910965,-96.21592707134637,126.86075150744007,-187.50905963908042,269.3061399096976,328.1546044775143,-0.9948362728516804,0.09993528816449054,0.07961507896374329,0.01791150473248237
829,27.648728519784086,True,True,408.2913818359375,872.8367919921875,646.9517822265625,864.0003662109375,418.18963623046875,824.4918823242188,605.0454711914062,849.7757568359375,401.1873779296875,939.0709228515625,620.2213134765625,928.567626953125,238.8239288330078,188.55868530273438,219.28561401367188,12.164312362670898,96.7618179321289,-92.23651567799878,66.78530208729676,113.87647430136393,276.1998822498863,317.94115356322965,421.15668353235026,-0.08844731211696791,-173.67948415067954,-18.183229066130888,174.62872912014657,392.01914564937215,91.52188695916584,402.5608852685889,-0.9921926096484865,0.10841306981813746,0.08559538407407791,0.00552193597981546
830,27.682080423909277,True,True,395.63665771484375,855.78564453125,657.210205078125,869.7996826171875,413.977783203125,813.0005493164062,635.5142211914062,857.94775390625,385.09326171875,938.3215942382812,644.6312255859375,937.903564453125,261.94866943359375,226.0500946044922,259.5382995605469,32.037105560302734,143.4918212890625,-126.28523431627356,-344.5480343394451,366.96227104907064,913.5535376220349,245.0234037504292,945.8417068871412,-0.5756192308136876,-379.4303339800974,-511.249594533889,636.6659455753182,307.5813246840663,173.88261805027096,353.32907629350495,-0.9139841524265889,0.11891044388575285,0.10261444407394034,0.014543102857623303
831,27.715432328034467,True,True,389.0022277832031,868.405029296875,653.5618286132812,862.4700927734375,409.8658142089844,815.0697631835938,616.04345703125,848.3818969726562,377.842529296875,937.1004028320312,640.6646728515625,937.3994750976562,264.62615966796875,208.85142517089844,262.8222961425781,11.204760551452637,138.3338623046875,-123.29038182364845,62.04185102656696,138.02068514908825,-583.7976772501357,-286.81591604745324,650.4483820110505,0.6035293592590352,-198.92207373639576,378.3707436389853,427.47445661876316,-109.39034998268657,-219.76525886609562,245.48526976952544,-0.5850329717388595,0.12012587877594615,0.0948071838919549,0.005086351664575153
832,27.74878423215966,True,True,393.47271728515625,868.356201171875,667.0588989257812,855.6671142578125,413.3754577636719,811.3992919921875,625.8734741210938,841.184326171875,376.06011962890625,934.779296875,646.5782470703125,939.6827392578125,273.8802795410156,214.57528686523438,270.56256103515625,4.411222457885742,137.69508361816406,105.23068012889073,-110.05282270027307,152.26660771386042,294.73630809638786,-215.80689287675975,365.29728485633467,0.9845904573588982,134.04000818581156,-1.4640281051635176,134.04800324042554,404.6866488292995,-203.97571575190707,453.1858077623256,0.8978442408739706,0.12432674570249083,0.09740550567876088,0.002002454991201896
833,27.78213613628485,True,True,414.47216796875,864.645751953125,671.5296630859375,860.071533203125,426.3307189941406,809.12744140625,629.9928588867188,847.6563720703125,375.41656494140625,931.311767578125,648.33251953125,942.2494506835938,257.0981750488281,207.27455139160156,273.1350402832031,10.637771606445312,134.23451232910156,388.44142696737885,-68.11756766299555,394.3687934012734,123.51273109212015,194.05326526916133,230.02622568624187,0.38316664097238545,629.6327371525425,-111.2514957113757,639.3858608009884,134.04824334390312,132.05899515601217,188.171490256101,0.579394678833659,0.11670858333954363,0.09409136899030475,0.0048289695321332565
834,27.815488040410045,True,True,432.440185546875,879.2060546875,679.798828125,862.2687377929688,436.7626953125,813.2313232421875,636.9473266601562,849.8589477539062,375.0089416503906,928.071044921875,653.21044921875,944.9810791015625,247.93783569335938,203.50790405273438,278.7149658203125,5.524183750152588,125.64028930664062,312.7850295803569,123.04790216873073,336.1179271590706,208.51786294817688,66.04047778879482,218.72595610728732,0.9976834589826784,538.7403822785969,436.56586081923507,693.419750461817,247.9368196797046,65.87943469722683,256.5399899994395,0.9125548607435278,0.11255028766559268,0.09238151603325688,0.002507678864173932
835,27.848839944535236,True,True,485.2781066894531,884.8443603515625,681.7979736328125,866.4639892578125,475.06097412109375,824.5819702148438,638.3269653320312,863.3497314453125,493.5806884765625,921.5718994140625,648.470703125,946.5455322265625,197.37754821777344,167.80560302734375,156.89039611816406,8.422447204589844,112.16154479980469,1148.3086142498735,340.3298033614427,1197.6798606541329,41.366114111395184,404.4981552107597,406.60781222891524,0.3802241694815816,1584.2550081771112,169.05498537349428,1593.2493587049992,59.94097069565731,125.78746476051796,139.3391770422669,0.5235392137018982,0.08959866802303776,0.07617461384951356,0.00382333278450185
836,27.88219184866043,True,True,487.1129455566406,891.3299560546875,686.1943359375,868.987060546875,476.0618896484375,826.56005859375,639.9053955078125,861.8736572265625,490.71246337890625,920.5521240234375,643.984375,945.0341796875,200.3312225341797,167.60592651367188,155.21485900878906,6.972803115844727,110.15074157714844,30.010746120720654,59.309608575305546,66.4701026934539,47.32653853454216,-44.25756961909313,64.79609338725892,-0.27968274064825455,55.01451612178208,194.4595330683442,202.09182810116857,131.81743051866022,75.64999226406185,151.9827500675469,0.7150614365435249,0.09093947545991941,0.07608397157625589,0.0031652732400813013
837,27.91554375278562,True,True,490.080810546875,892.1943359375,690.63427734375,864.94384765625,479.0059814453125,822.6329956054688,642.0009765625,862.2880859375,488.546142578125,919.14208984375,640.2965087890625,945.86328125,202.39634704589844,167.74949645996094,154.08502197265625,25.364425659179688,104.70020294189453,88.27357460083428,-117.74629039290735,147.16117991542444,62.83242620335526,12.425938542575354,64.04933825781454,0.4332185758310271,88.98637328453577,25.916957531657168,92.68367341680229,133.12407560251864,-121.22884724806507,180.05125078743495,0.5215990059333031,0.09187692962946646,0.07614914452055371,0.011514069227997518
838,27.94889565691081,True,True,494.2366027832031,889.3115844726562,697.8732299804688,859.4127197265625,480.42095947265625,821.2437744140625,645.8814697265625,858.5343017578125,486.33941650390625,918.913818359375,642.0518798828125,946.722900390625,205.8198699951172,169.61062622070312,158.1762237548828,24.58539581298828,101.95951080322266,42.42570445250728,-41.653429627033525,59.45543371287212,116.34997358760765,-112.55082065470832,161.87959594675704,0.999972538537133,124.60434704803271,-86.43438929372262,151.6481023812872,217.04765669588582,-165.84144368266035,273.1539304493423,0.9989428705187183,0.09343102278223915,0.07699399617205234,0.011160432063085889
839,27.982247561036004,True,True,485.7412414550781,899.3543701171875,704.739013671875,858.0279541015625,476.59381103515625,823.5306396484375,650.9412841796875,857.0020751953125,484.1432189941406,921.0279541015625,643.2955322265625,947.91064453125,222.86294555664062,177.53134155273438,161.40675354003906,15.858156204223633,106.89193725585938,-114.7505228827165,68.56775630533335,133.6758007516859,151.7099123975695,-45.94120194003118,158.51337973613752,-0.9702433308770858,-254.7189298768746,301.1158105646379,394.401400364678,205.85882190217364,-41.519837062437354,210.0041700172694,-0.7840347987871504,0.10116765181181679,0.08058956998451369,0.007198740110156884
840,28.015599465161195,True,True,495.16650390625,896.2085571289062,703.099853515625,865.2982177734375,482.96832275390625,818.6669921875,658.5296020507812,862.2315673828125,483.72607421875,916.9568481445312,655.865234375,953.2023315429688,210.21827697753906,180.8856964111328,175.91368103027344,32.797393798828125,97.32955169677734,191.1288691290972,-145.82817948507505,240.40819983207484,227.52277778833079,156.79741006301273,276.3187330149491,0.31041564068543626,282.60043012214805,-94.32184071029107,297.92551542323565,-49.147423490339285,217.98646471832194,223.4582019889424,-0.51746957318588,0.0954276602448416,0.08211226458733398,0.014888232352343222
841,28.04895136928639,True,True,494.527587890625,894.21875,711.3870849609375,866.440673828125,481.674072265625,821.4043579101562,667.3447265625,862.4444580078125,484.3924865722656,914.8192749023438,665.6036376953125,956.9501953125,218.63134765625,190.1522674560547,186.04434204101562,30.85546875,96.14881134033203,-38.805894962490484,82.07524561059824,90.78680204677259,264.3064839305642,6.383162538512936,264.3835513259678,-0.4054883849974484,-19.156807756064627,-59.66097532054479,62.661114413976655,248.4785100786151,34.2545975905634,250.82852195669426,-0.43288372225187655,0.09924673659675008,0.08631878366846969,0.014006704035943228
842,28.08230327341158,True,True,493.976806640625,896.3101806640625,715.7291259765625,866.5216674804688,481.4568176269531,821.9837646484375,671.1405029296875,862.60302734375,484.1403503417969,913.227294921875,670.0386352539062,958.605224609375,223.74415588378906,193.9840850830078,191.35655212402344,48.476016998291016,111.85933685302734,-6.514010050411926,17.372523502896588,18.55362228233511,113.80988482514894,4.754431271518523,113.90915020589549,-0.31170329341269554,-16.514237026244476,62.707983814416366,64.84605815797973,130.18869925166578,2.428456619439985,130.2113467190674,-0.23658883888595578,0.10156767335567309,0.08805822039054,0.02200547424632514
843,28.115655177536773,True,True,483.6960754394531,905.3125,720.7550659179688,866.85595703125,472.07208251953125,825.550537109375,674.2919311523438,864.2008666992188,482.01312255859375,912.9033203125,672.3168334960938,958.8775634765625,240.15802001953125,205.88034057617188,195.77828979492188,31.67256736755371,125.47269439697266,-281.38528679486234,106.94359301193204,301.0226099663092,94.49020394238487,47.90848970634465,105.94159724591854,-0.6730667236193052,-308.25020252461286,269.9192016787348,409.72498433870294,150.6942428996123,10.023102414975732,151.02720756575104,-0.7069549378441041,0.10901867463192251,0.09345847313596986,0.014377622351817238
844,28.149007081661964,True,True,483.2881774902344,897.8692016601562,722.3763427734375,867.8505859375,472.48309326171875,820.0653686523438,678.668701171875,864.6546020507812,480.102294921875,912.5095825195312,675.8023681640625,958.914306640625,240.9652862548828,210.951904296875,201.12661743164062,65.01152038574219,135.4994354248047,12.323456575213909,-164.4634272286752,164.92448719872655,131.22998924146336,13.604481167231986,131.93328611136826,-0.028504604170946603,-12.230124783509734,-223.17461431599514,223.5094727910059,48.61122319682315,29.822252502180852,57.02997251441727,-0.5687800601082449,0.10938512958123452,0.09576068713281008,0.029511693124732726
845,28.182358985787154,True,True,481.97857666015625,912.8248901367188,726.3492431640625,867.6962890625,469.1225891113281,832.9769287109375,682.4530029296875,864.2329711914062,481.20404052734375,914.1610107421875,677.8653564453125,958.7205810546875,248.50274658203125,215.60800170898438,201.6462860107422,39.012935638427734,133.17379760742188,-100.75898928518191,387.1311218132575,400.0285982253801,113.46583822043551,-12.641882688086973,114.16791861536846,-0.3574910183663547,-39.26614879805127,448.42082840079667,450.13672343532187,119.1206467766296,-4.626328812316715,119.21045007365011,-0.12582603872732082,0.11280672647352065,0.0978743020301348,0.01770975017388965
846,28.215710889912348,True,True,481.3127136230469,907.954345703125,731.452392578125,868.2432861328125,466.626708984375,827.447998046875,686.0621337890625,865.4447021484375,481.2048034667969,915.0407104492188,678.8563232421875,958.6837158203125,253.27224731445312,222.70082092285156,202.41253662109375,44.287349700927734,135.36404418945312,-74.83471161299893,-165.775562417928,181.88394969645083,108.21363739316139,36.331687464764144,114.14982624557918,-0.6801381280144583,-19.96476826660174,-146.03497345492943,147.3933697420649,153.00923734090213,16.400774848094304,153.8857112511178,-0.2402761974512503,0.114971820308248,0.10109405604891272,0.020104047189275435
847,28.24906279403754,True,True,482.6855773925781,904.4140625,736.91845703125,875.5943603515625,467.1385498046875,826.0536499023438,688.3541259765625,868.8427734375,480.5474548339844,917.0368041992188,680.39697265625,959.3671875,255.8611602783203,225.3158721923828,204.28335571289062,57.68135452270508,149.3277130126953,15.346674612376573,-41.807152578075694,44.53491246589203,68.72147925637552,101.8853759085921,122.89536824152312,-0.5855677937974343,41.16298021180375,-106.14935776488083,113.85111810524309,163.89062623252997,220.40943123236755,274.66425821913305,-0.53244801692419,0.11614704593692053,0.10228114704623038,0.026184196640728245
848,28.282414698162732,True,True,482.5982666015625,901.7176513671875,733.7006225585938,869.384521484375,465.30816650390625,824.3788452148438,687.3946533203125,864.7727661132812,478.15069580078125,916.8921508789062,681.23388671875,957.5113525390625,253.17547607421875,225.73008728027344,207.10552978515625,56.05020523071289,145.9756317138672,-54.88092355718591,-50.21616400710865,74.38802926599493,-28.76815226646312,-122.03223267077355,125.37732009992963,0.8263286421054663,-2.6178652555455146,-80.84729203739235,80.88966465671369,-96.48128216540725,-186.19143434443325,209.7042871081045,0.9023008876313948,0.11492789143028681,0.10246917815962277,0.02544374360932282
849,28.315766602287923,True,True,485.968994140625,899.2362670898438,736.8548583984375,874.0645751953125,465.304931640625,822.1156616210938,689.4872436523438,862.7379760742188,476.67431640625,916.3731689453125,682.157470703125,955.8600463867188,252.1454620361328,227.8330078125,209.24278259277344,52.92213821411133,166.56939697265625,-0.09699186196708304,-67.85770267432903,67.85777199156283,62.742754481914,-61.00971121242668,87.51478790582448,0.6961105612897128,101.06552016970052,-74.40007826927851,125.49745421181623,94.57438555843177,140.32343380966023,169.21873560539626,-0.041525869847059076,0.11446032109773964,0.10342378966608402,0.02402377137486652
850,28.349118506413113,True,True,480.4595642089844,895.4869384765625,733.0654907226562,869.545166015625,459.2799072265625,819.244140625,687.7530517578125,860.7023315429688,472.7059326171875,916.5675659179688,682.6663818359375,953.5659790039062,253.9344940185547,232.20413208007812,213.1953887939453,65.40740203857422,176.87637329101562,-180.65008796638932,-86.09766282953501,200.1181196867802,-51.99678819001378,-61.035331704267044,80.18090607075392,0.9129092184180346,-165.19086619342832,-112.41722809011215,199.8140521715113,-113.61773113634622,-135.50678134367226,176.83629892839554,0.9622897192969055,0.11527244428055856,0.10540804226053847,0.02969140185608941
851,28.382470410538307,True,True,484.7094421386719,892.6223754882812,743.404296875,862.8177490234375,460.6874694824219,818.5167236328125,699.9091186523438,857.6948852539062,471.252685546875,922.489990234375,684.6204833984375,951.3909912109375,260.4061279296875,242.40859985351562,215.31625366210938,82.22300720214844,169.0423583984375,42.20335518403557,-21.8103586966735,47.50594631482909,364.47894695611495,-90.17315106728395,375.46784142938486,0.9726404036123457,127.42534620316965,-85.8890388245492,153.6689488647676,309.99148095219175,-201.71013225916653,369.8400947963099,0.9998684309786137,0.11821021396918827,0.11004031542757178,0.03732477170115011
852,28.415822314663497,True,True,490.79510498046875,885.135498046875,735.06787109375,856.820556640625,462.0870056152344,813.2278442382812,696.1723022460938,852.0498657226562,467.7665710449219,929.01708984375,686.1406860351562,949.16748046875,245.90835571289062,237.28268432617188,219.3018341064453,77.83893585205078,168.4769287109375,41.96270556424932,-158.57803424591785,164.03615943922662,-112.04207088816399,-169.25628923795426,202.98058305047405,0.6649038308047657,182.46822786948928,-224.4812593998536,289.286173198057,-249.95351839456734,-179.81559194644612,307.91298846406943,-0.05886440382537286,0.11162901417389447,0.10771342866767611,0.03533464183565339
853,28.44917421878869,True,True,493.448974609375,877.2957763671875,745.6041259765625,846.6607666015625,463.91815185546875,809.1328125,701.0344848632812,852.5216064453125,463.3231201171875,929.876220703125,687.724609375,945.9813232421875,254.00929260253906,241.05340576171875,224.97866821289062,76.90473937988281,180.73699951171875,54.90379899632909,-122.78254707466985,134.49900003484348,145.78425864192016,14.144341531011033,146.46881055405672,0.31814520030265375,79.57175755076862,-235.06069249479145,248.163643098358,315.9116446024467,-304.623987911636,438.857540902069,0.8882941427197667,0.11530639876806499,0.10942513104295414,0.03491056746481502
854,28.48252612291388,True,True,485.68194580078125,885.7208862304688,749.544921875,846.7365112304688,454.2230529785156,811.6004028320312,704.0401611328125,850.3536376953125,461.8283386230469,929.1961669921875,691.0447387695312,941.5946655273438,266.727294921875,252.8050537109375,229.5514678955078,61.709632873535156,168.53826904296875,-290.69101543830794,73.9864903295698,299.9587758473523,90.12008004847178,-65.00284786926018,111.11705116253376,-0.930271010907407,-232.88112065322926,252.61255944057058,343.5792798522922,118.15804829748458,2.2710735981349064,118.17987202886474,-0.6635546724700647,0.12107967986318295,0.11475973983120359,0.0280128158424532
855,28.515878027039076,True,True,472.55291748046875,887.4810791015625,752.1746215820312,862.9088134765625,448.77880859375,809.4855346679688,713.6731567382812,846.914794921875,462.2335510253906,932.4139404296875,698.3299560546875,937.64208984375,280.69927978515625,267.525634765625,236.15428161621094,95.30696868896484,184.0835723876953,-163.236388673035,-63.41071730489485,175.12006640055685,288.8289546920531,-103.10783937640363,306.68125408862915,-0.7561393887720754,-393.6515369866295,52.77638315601335,397.1736134122785,78.84706363871268,484.8989186760772,491.26756536298643,-0.027916657164756564,0.1274222008068863,0.12144208271637272,0.043264178347290176
856,28.549229931164266,True,True,446.2950439453125,894.63330078125,753.4024658203125,861.43701171875,432.163818359375,813.70556640625,715.355712890625,845.8050537109375,465.2091979980469,928.0446166992188,703.1821899414062,935.6949462890625,308.8963623046875,285.00531005859375,238.09593200683594,88.4403305053711,186.96995544433594,-498.1721634845159,126.53045902388845,513.989748469402,50.44857846880336,-33.27369876010384,60.43341872425509,-0.9446289646594052,-787.2975838678647,214.44717677408914,815.9810519801025,36.8148167394681,-44.12946715989133,57.46947540544065,-0.8198842806420772,0.14022214213100384,0.1293769042696185,0.04014709821025598
857,28.582581835289457,True,True,442.4643249511719,897.85009765625,744.2459716796875,851.09814453125,430.04095458984375,815.8113403320312,705.352294921875,854.5872192382812,465.85369873046875,925.239013671875,703.3804321289062,938.4901733398438,305.3815612792969,278.0285949707031,237.8960723876953,64.52942657470703,201.9720001220703,-63.650451907115375,63.138042070308146,89.65373603175725,-299.93543790484983,263.3182649595788,399.12125422294537,0.9981475491555171,-114.85757993790658,96.45017156817254,149.9829965853547,-274.5418704207886,-309.9933109873232,414.08826531432686,0.02631471298915475,0.13862661369788368,0.12620985520706998,0.029292848764161168
858,28.61593373941465,True,True,336.93597412109375,841.4117431640625,738.368896484375,839.6322631835938,308.7933349609375,739.8468627929688,696.5590209960938,852.5521850585938,285.27886962890625,873.7394409179688,693.0440673828125,938.7021484375,401.4368591308594,403.8127136230469,412.9075012207031,270.029296875,309.54144287109375,-1687.8894837348014,-1072.860236508025,2000.0,-263.6513313535035,-61.0170313529525,270.619848938695,0.9431626292110434,-1763.6182300763905,-943.2129856573629,2000.0,-176.21408280774386,-343.78490968962865,386.31524317593335,0.821915225095072,0.18223049277008896,0.18330900144465045,0.12257860909541277
859,28.64928564353984,True,True,335.0947265625,840.2910766601562,744.7200927734375,843.4332275390625,305.5445556640625,736.6786499023438,699.2445068359375,853.6873779296875,289.6593017578125,873.5276489257812,692.1961669921875,941.7866821289062,409.6374206542969,410.7197265625,408.28326416015625,264.66900634765625,319.8856506347656,-1687.8894837348014,-1072.860236508025,2000.0,80.51971574886201,34.03682340992033,87.41813297088676,-0.9862092112786183,-55.20666981058479,-33.60127504863418,64.6283380296051,190.42979570888164,113.96543781132256,221.92707835965584,-0.999972155853611,0.18595310152764777,0.1864444095241453,0.12014532883733293
860,28.682637547665035,True,True,332.1027526855469,840.7693481445312,758.7156982421875,851.5621337890625,302.321044921875,741.665283203125,711.9967651367188,857.7523803710938,289.6262512207031,872.0465087890625,703.6083984375,942.113037109375,426.74945068359375,425.80560302734375,419.8696594238281,291.87847900390625,329.8338317871094,-96.65147543263251,149.5157002749557,178.03497502461462,382.3547301201615,121.88216978999428,401.3108557689145,-0.26217691867049014,-89.70923716146027,14.340155290076654,90.8481551041882,419.63437578301904,243.73139894762238,485.28136598448646,-0.774604715009116,0.1937210321339373,0.19329257665062485,0.132496949017149
861,28.715989451790225,True,True,329.4417724609375,845.2195434570312,759.91552734375,853.301025390625,303.0624084472656,741.7698364257812,712.5733642578125,858.320068359375,292.0962219238281,871.72705078125,709.68505859375,943.2553100585938,430.54962158203125,425.77362060546875,423.6705627441406,287.7042236328125,343.2750549316406,22.228521724210832,3.134850180181382,22.448484663689356,17.288341886849686,17.021156757657344,24.261214779259213,0.8035823626093784,-79.78495664358307,133.43152150460298,155.46578478125585,35.97483061413053,52.137700895135765,63.34452061817205,0.414967671241736,0.1954461029630887,0.19327805837118514,0.1306020641905052
862,28.74934135591542,True,True,314.72186279296875,862.5403442382812,734.920654296875,862.9119873046875,292.7971496582031,753.3082275390625,692.3973999023438,864.6143188476562,277.7295837402344,873.9489135742188,684.5958251953125,947.7225952148438,420.198974609375,414.8125,413.50054931640625,234.18125915527344,234.18125915527344,-307.7862886187892,345.95899142579646,463.05509738052007,-604.9419031589598,188.72237293123467,633.6961734477969,0.8570278237245775,-441.35140268798835,519.3346897446546,681.542060790698,-749.4286668926787,288.1683120095981,802.9223516673319,0.8779147211713842,0.19074747239289108,0.188302305986186,0.10630555038164621
863,28.78269326004061,True,True,341.8470458984375,847.7279663085938,745.1533203125,845.51025390625,307.059814453125,738.670166015625,703.4776611328125,853.33203125,294.8668518066406,871.4014282226562,685.6529541015625,947.4122314453125,403.3123779296875,412.66748046875,398.10980224609375,261.2163391113281,270.0481872558594,427.6416945006977,-438.897325576708,612.78730508539,332.22274772909975,-338.2801640142138,474.1365029969286,0.9999921807520686,813.3023830858316,-444.12390591214177,926.6643459936018,306.8090498585925,-521.7613163289631,605.2823013210154,0.8580152582080484,0.18308187626200345,0.18732858382467982,0.11857800576388762
864,28.8160451641658,True,True,328.2018737792969,840.694091796875,738.9422607421875,867.3016357421875,301.04449462890625,733.2022705078125,696.70751953125,867.4364013671875,302.80279541015625,872.4569091796875,681.1065673828125,951.8048095703125,411.601318359375,417.8133850097656,386.53570556640625,248.34848022460938,278.72467041015625,-180.35911238048809,-163.9455272864736,243.73663109167114,-202.9911568511846,422.8954983872708,469.0906227116466,-0.2861822207896001,-409.1272290757736,-210.89873865419906,460.2861800414528,-186.22803504706232,653.3774429831633,679.3989726491399,-0.19700025882685843,0.18684460423450253,0.1896645445092253,0.11273669794053616
865,28.849397068290994,True,True,328.826171875,850.5699462890625,745.0682373046875,869.658935546875,302.9381103515625,738.0910034179688,700.7833862304688,868.5571899414062,312.1532897949219,873.22412109375,680.3265380859375,953.0020751953125,416.6795349121094,418.691162109375,376.7174987792969,166.305419921875,303.2857360839844,56.776839953372665,146.58032392410283,157.1922419102985,122.20791604339317,33.60493511889709,126.7440981190616,0.5955071552933813,18.7185143420813,296.11066448011013,296.7017162033733,183.6769660738149,70.67961684703171,196.80659568145717,0.4172967456243297,0.18914983825511933,0.19006300755457306,0.07549361234121454
866,28.882748972416184,True,True,318.5574645996094,850.5697021484375,736.5916748046875,865.9375610351562,295.2683410644531,738.796630859375,698.1591796875,860.9672241210938,312.63641357421875,870.5510864257812,677.797119140625,951.1141357421875,418.31658935546875,421.0067443847656,373.9421691894531,229.3816680908203,315.60699462890625,-229.96495967125668,21.157036154744283,230.9361445409875,-78.6823604768818,-227.57218873688007,240.7903962717536,0.2388077704694773,-307.8896856037164,-0.0073201405258175875,307.8896856907353,-254.15527905638663,-111.57907199990603,277.5694420871829,0.9156553037278622,0.18989297190395948,0.19111415592198433,0.10412679717332385
867,28.91610087654138,True,True,319.33056640625,851.593017578125,745.8309936523438,862.6854248046875,295.8180236816406,737.6331787109375,705.3868408203125,857.679443359375,313.85699462890625,869.8046264648438,683.4833984375,947.807861328125,426.6446533203125,426.79937744140625,377.7673645019531,236.65682983398438,335.23870849609375,16.4812963938783,-34.88412967578371,38.58154525235815,216.70910019656677,-98.578502426054,238.0767843544791,0.7632215140603994,23.180139992567117,30.68236901396442,38.45421509254991,277.02522809417223,-97.50976190928463,293.6854280828954,0.3036853496682689,0.19367345983279607,0.1937436961655817,0.10742932477955625
868,28.94945278066657,True,True,317.8748474121094,853.65283203125,765.980712890625,857.4639282226562,291.10174560546875,739.3671875,725.69970703125,849.1148071289062,314.3690490722656,869.9381713867188,730.6976318359375,936.6868286132812,448.1220703125,448.2409362792969,421.64544677734375,299.3675842285156,369.5524597167969,-141.40955966017842,51.991298084619416,150.66439074913922,609.046671958812,-256.79601975107533,660.9705321601708,-0.9989100494104614,-43.647252902753095,61.760025616322984,75.62660543807159,604.1549880524344,-156.5576754607922,624.1102108877277,-0.763542756031796,0.20342303860936575,0.203476997291062,0.1358965953237746
869,28.982804684791763,True,True,293.1180419921875,872.291015625,760.4783325195312,857.822998046875,276.24658203125,752.0238037109375,724.206787109375,840.1286010742188,292.1803894042969,869.5402221679688,726.91357421875,934.0182495117188,467.5841979980469,456.5422058105469,439.4887390136719,306.6749572753906,386.6513671875,-445.40676053929127,379.48706506917244,585.1475154941016,-44.76265931537455,-269.4360724040308,273.12907714392924,-0.5150137704109252,-742.2906148624409,558.8341680219662,929.1345350710325,-164.97949713574533,10.766096678346218,165.33040649817232,0.8363758239731367,0.21225778568807255,0.20724532200487183,0.13921374510934728
870,29.016156588916953,True,True,322.96356201171875,864.6561279296875,762.0816650390625,867.0977783203125,303.4118957519531,741.9168701171875,728.7651977539062,848.2227783203125,306.187255859375,869.2760009765625,721.8521728515625,934.137451171875,439.1249084472656,438.4363098144531,420.695068359375,284.07708740234375,348.7758483886719,814.5056311847628,-303.0391774877965,869.0524531489277,136.67617379267162,242.69010895782483,278.52982868727986,0.1560743848674797,894.867048894754,-228.9190945936305,923.6833803133916,48.07319286817555,278.08847850554724,282.21309989097074,-0.07918136732615992,0.1993388166378615,0.19902623032366526,0.12895554168618503
871,29.049508493042143,True,True,316.9751892089844,859.8640747070312,756.8372192382812,860.9494018554688,288.48760986328125,741.8439331054688,726.0645751953125,856.810546875,313.7310485839844,864.7901611328125,725.214599609375,937.657958984375,439.8633728027344,452.42779541015625,417.88568115234375,338.30487060546875,395.6991271972656,-447.47927532566337,-2.1868919820880044,447.48461911279384,-80.9735644614627,257.4896030658966,269.92149567722026,0.29532374093112795,-179.55115186995096,-143.68154827587907,229.96304801593658,-157.24576867021906,-184.34858896705867,242.3027734443698,0.9820616928985256,0.199674039277062,0.2053776035388972,0.15357200484886072
872,29.082860397167337,True,True,316.36871337890625,861.5033569335938,756.0836181640625,859.02001953125,292.1009521484375,737.7327270507812,725.9268798828125,852.973876953125,319.64837646484375,861.773193359375,727.4801025390625,937.7808837890625,439.721923828125,448.8713073730469,414.85406494140625,300.85357666015625,372.53021240234375,108.33990981723174,-123.26750638450527,164.11098131892317,-4.128559256561119,-115.03600836322339,115.1100700272506,0.7269620585488391,-18.184144083696616,49.15108356060219,52.406985328655736,-22.595443768067437,-57.84924054040494,62.10546441479629,-0.7473589233069361,0.19960982913850947,0.20376315147055313,0.13657115503823825
873,29.116212301292528,True,True,309.3966979980469,863.1220703125,761.6138916015625,859.5750122070312,290.69891357421875,737.580322265625,731.654052734375,854.44775390625,321.80877685546875,862.1405029296875,731.17724609375,939.0172119140625,452.2311096191406,456.1791687011719,416.5244140625,315.0918884277344,386.12225341796875,-42.03773700463895,-4.569597723241629,42.285370470452854,171.71951652489187,44.19168835436078,177.31468544695207,-0.9897064639533292,-209.04399804847003,48.53436172130206,214.6042343193231,165.81582319082,16.64050945031483,166.64871369205133,-0.9466396621811408,0.205288318891007,0.207080522909247,0.14303457390624538
874,29.14956420541772,True,True,318.862548828125,854.419677734375,763.5277709960938,857.0128173828125,295.902587890625,730.1522216796875,733.2584228515625,849.8475341796875,325.28607177734375,859.24609375,735.8325805664062,938.4629516601562,444.6727600097656,453.4391784667969,418.1192932128906,312.5352478027344,369.6865539550781,156.0233052024075,-222.71893556826302,271.9319694830744,48.104303465410275,-137.9297478577179,146.0775114656117,0.9622842972751243,283.8174034845652,-260.9264090427679,385.53198240441,57.38441161701552,-76.82304478332412,95.88926377030793,0.9827819862476571,0.2018572394011288,0.20583671641953794,0.14187399816355328
875,29.182916109542912,True,True,313.35516357421875,858.54638671875,756.4227294921875,865.3756103515625,294.96478271484375,731.4044799804688,729.3727416992188,857.79248046875,325.51007080078125,859.6441650390625,741.677001953125,939.7645874023438,443.1202087402344,452.4203796386719,423.8091735839844,318.985107421875,378.0592956542969,-28.118489794796808,37.54683079204986,46.9085703349283,-116.50552657378127,238.21567306141884,265.1796459276972,0.9823947618919926,-165.12956001652458,123.73233530789469,206.34306964857404,-213.03255961747487,250.74409357135565,329.02199306139664,0.9751325980990536,0.20115246559557926,0.20537423718211872,0.14480188350830872
876,29.216268013668103,True,True,313.92059326171875,856.9031982421875,755.4674072265625,863.5072021484375,295.2513122558594,729.7948608398438,730.2891845703125,848.8934936523438,325.28570556640625,861.22314453125,743.5317993164062,938.510498046875,441.59619140625,451.0459289550781,425.32708740234375,340.98358154296875,373.81195068359375,8.591099924612665,-48.261686486715355,49.02037719618938,27.47797749878777,-266.82095220118254,268.23210057890094,0.9972968295109175,16.95344545779353,-49.26820580901527,52.1035067584694,-28.64370987752422,-56.021035444081996,62.91914277685981,0.6937866558051428,0.20046064464430086,0.20475031135253308,0.15478799387185704
877,29.249619917793297,True,True,312.3935546875,855.0225219726562,680.587890625,883.751220703125,292.39752197265625,728.6248779296875,684.0761108398438,864.4804077148438,316.07135009765625,866.2179565429688,656.0999755859375,936.9019165039062,369.31341552734375,414.5706481933594,347.2976989746094,275.45489501953125,368.65374755859375,-85.5660376238475,-35.07994343484933,92.47783099769326,-1385.6202499563537,467.34705173029806,1462.3121225819439,0.7555012075897763,-45.78564895385755,-56.38887250550433,72.63628977699715,-1930.6857917354926,521.9697023304402,2000.0,0.4058881525373609,0.16764819713830548,0.1881925184245832,0.12504153545845537
878,29.282971821918487,True,True,313.27264404296875,851.36865234375,674.9160766601562,884.1893310546875,295.4196472167969,723.3885498046875,675.1207275390625,865.6099243164062,317.7958068847656,868.95556640625,655.2511596679688,937.2225341796875,363.12969970703125,405.4624938964844,344.2912902832031,260.6926574707031,371.07611083984375,90.61327451639873,-157.00237399773562,181.2746837247526,-268.5119046626464,33.866630142695065,270.6392277235216,-0.604318382386187,26.357995998337678,-109.55505314451747,112.6812035014999,-170.05967466066275,13.13599217357966,170.56625468150142,-0.3080991904451543,0.16484112659793335,0.1840579119279623,0.11834028279138241
879,29.31632372604368,True,True,311.470703125,868.6251220703125,672.6761474609375,884.9563598632812,294.32550048828125,736.7363891601562,675.123046875,868.3094482421875,313.88494873046875,874.5048217773438,655.5745849609375,939.337890625,361.574462890625,402.8873596191406,347.7860412597656,258.9054260253906,378.4002685546875,-32.80612478401724,400.2122129328935,401.5545507200587,0.06954133499526709,80.94062382909652,80.94065370282465,0.9965865874186662,-54.028127185928156,517.4058327161016,520.2190252728761,-67.16045928924491,22.998051496987404,70.98899678542026,0.4204698804233688,0.16413513370021712,0.18288894107330414,0.11752897695444797
880,29.34967563016887,True,True,317.3257141113281,868.8389892578125,743.1802978515625,866.6466064453125,299.69281005859375,735.1930541992188,725.7920532226562,857.2326049804688,309.33367919921875,875.2269897460938,734.2471923828125,944.318603515625,425.8602294921875,443.2315673828125,430.49407958984375,326.41766357421875,375.66650390625,160.92962938983675,-46.27426833395588,167.45045095607583,1519.2237947633137,-332.1202657617383,1555.1028292382116,0.9979035334374982,175.5525251077231,6.412443100616207,175.66960038155833,1935.787532108924,-502.7192326425887,2000.0,0.9580733669395884,0.193317374093561,0.2012030163605368,0.14817585961283342
881,29.383027534294065,True,True,320.95147705078125,877.291015625,747.1578369140625,885.15771484375,304.9585876464844,741.1950073242188,733.9864501953125,874.563232421875,312.4588623046875,875.1428833007812,733.188232421875,945.9755859375,426.2789611816406,449.2794189453125,426.6502990722656,331.8062744140625,367.58563232421875,157.88536594866235,179.95833468669957,239.4009001736485,245.69502664367295,519.6293254008187,574.7875102452603,0.9614739021098649,108.71232196648272,253.41960493354196,275.75326854276216,119.25972944662013,555.0240348782783,567.6923131065324,0.9813211902796145,0.19350745549832465,0.2039484119199303,0.15062199575194382
882,29.416379438419256,True,True,319.90313720703125,872.623046875,661.1243896484375,923.4828491210938,308.8381042480469,737.5369873046875,662.6807250976562,887.8300170898438,317.3650207519531,874.191650390625,638.1455688476562,950.9691162109375,344.9908142089844,384.4380187988281,329.8407897949219,254.3850555419922,264.82159423828125,116.32069302550437,-109.67949553345636,159.87524938653604,-1966.257106697671,365.8319104208741,2000.0,-0.8407825784716567,-31.43268341786072,-139.96108685363228,143.44727052160127,-1826.9285285690196,813.8379130193636,2000.0,-0.1968680637071071,0.15660705947772455,0.17451394412796156,0.11547697469816154
883,29.449731342544446,True,True,320.778076171875,876.64453125,652.2366943359375,926.43212890625,314.6652526855469,739.6008911132812,655.100830078125,889.2345581054688,321.34002685546875,874.419921875,629.6227416992188,946.7215576171875,335.177001953125,371.8691101074219,316.6476745605469,253.0983428955078,259.0635986328125,174.71711407021417,61.88263797013043,185.35245029717427,-227.27023294019008,42.11276844502858,231.139014549238,-0.8660144667325002,26.23355360939878,120.5773547412673,123.39812726041922,-266.4823957018635,88.42912758700791,280.7713978039855,0.10597759141066948,0.1521521226609849,0.16880834342807519,0.11489287716379457
884,29.48308324666964,True,True,318.056396484375,880.414306640625,654.7572021484375,931.9601440429688,314.88885498046875,742.316650390625,655.953369140625,894.3243408203125,323.82916259765625,876.2149658203125,625.017333984375,944.23095703125,340.6235656738281,373.4050598144531,308.7725524902344,256.0636901855469,405.0340881347656,6.704333704083183,81.42741317406339,81.70294796783857,25.561930716155015,152.60845964711362,154.7344637041219,0.9964900247885009,-81.60492658181447,113.03028985914936,139.4102236855915,75.57313078854077,165.74811189095618,182.16403237905888,0.4948673283320393,0.15462456625491977,0.16950558102750335,0.11623898349560531
885,29.51643515079483,True,True,315.8717041015625,880.0004272460938,655.599609375,927.2894287109375,316.0248718261719,739.3369140625,656.1724243164062,890.751220703125,325.69512939453125,877.6303100585938,622.099609375,943.341796875,343.00335693359375,372.3260192871094,303.60107421875,273.610595703125,403.08831787109375,34.06152888419496,-89.34231511760366,95.61504599435196,6.56799608678983,-107.1339166656033,107.33505798530375,0.9544435966325933,-65.50427749527869,-12.409468226392265,66.6693728172113,25.258144884333586,-140.0434384345477,142.30298145706203,0.008785271121506516,0.1557048620077711,0.169015755336254,0.12420432391297868
886,29.549787054920024,True,True,313.65130615234375,878.8521728515625,651.1219482421875,948.2279663085938,311.7059326171875,740.692138671875,652.972900390625,903.3134155273438,318.78466796875,873.942626953125,619.8101806640625,943.8434448242188,344.52783203125,378.0328063964844,309.0347595214844,263.19696044921875,264.5330505371094,-129.49603095441032,40.63410005881343,135.72159784107782,-95.93227162597094,376.65600072081253,388.68077340963987,0.5256242152623015,-66.5748480471795,-34.42845092805157,74.95017428805816,-134.25503731375747,627.806362091351,642.0009683220852,-0.26344340097447355,0.15639689075885063,0.17160632619047742,0.11947710009014406
887,29.583138959045215,True,True,317.5777893066406,879.8319091796875,650.8863525390625,943.6099243164062,309.44378662109375,741.7685546875,652.5586547851562,902.3729248046875,322.56787109375,874.537841796875,617.8150024414062,943.23193359375,339.3556213378906,378.8424072265625,303.1332092285156,277.22320556640625,310.4759216308594,-67.8265920770943,32.274499578329745,75.1138463655281,-12.420448437180992,-28.1990113405808,30.81317542816508,-0.029238454678071686,117.72890505915854,29.375723930105977,121.33848623930564,-7.063935607413972,-138.46411811610258,138.64418917479267,-0.29121733410650014,0.15404898851239957,0.17197384091877524,0.12584425223694265
888,29.61649086317041,True,True,326.4676513671875,877.5888671875,649.8400268554688,951.2418212890625,325.06427001953125,732.9718017578125,651.3427124023438,905.4104614257812,330.7664794921875,874.9380493164062,617.529052734375,942.3857421875,331.65411376953125,369.04296875,294.5877990722656,248.77340698242188,345.82904052734375,468.353571052598,-263.7556433559964,537.5147504207271,-36.457959888834495,91.07535838709097,98.10149715775457,-0.7793680013710869,266.54736194903006,-67.25379108094909,274.9010159616497,-31.372292258522727,228.82942287218924,230.96996664842243,-0.37408091148830874,0.15055292309804458,0.1675254290157914,0.11292959156927523
889,29.6498427672956,True,True,330.56658935546875,882.1842041015625,740.0458984375,889.596435546875,327.4722900390625,733.6907958984375,724.837646484375,875.1880493164062,337.74658203125,873.1592407226562,725.143798828125,958.6931762695312,409.54638671875,421.80645751953125,396.7274475097656,300.462158203125,350.95001220703125,72.20037604127032,21.557813848532795,75.35007391123669,1849.7122704634694,-760.6342834367183,2000.0,0.7773868237584542,122.89966932308293,137.78334504720155,184.63092615301298,1651.2491462883995,-1128.4397433801066,2000.0,0.12852064528156767,0.1859117770738609,0.19147718217457751,0.1363934723549427
890,29.68319467142079,True,True,336.4289245605469,876.1119995117188,731.0811767578125,893.58154296875,331.66094970703125,726.5557861328125,719.0475463867188,879.4055786132812,344.8410949707031,871.3878173828125,725.523681640625,958.6292114257812,395.0387268066406,416.45098876953125,390.55126953125,276.26678466796875,348.1034240722656,125.5898209663209,-213.931106867019,248.0712027134557,-173.60628274542137,126.45542758349882,214.77922751981558,-0.9169563667939061,175.77212932349764,-182.0647051230036,253.06797169622754,-268.7919000377589,119.48665380292049,294.15326950915835,-0.9269171425354784,0.17932608880286244,0.1890460907410697,0.12541008918575888
891,29.716546575545983,True,True,343.5159912109375,868.4007568359375,721.5655517578125,896.9560546875,338.42120361328125,719.9019775390625,719.8741455078125,889.96484375,349.0830383300781,871.0526733398438,724.107421875,960.0374755859375,379.12646484375,417.64544677734375,385.4368591308594,256.4361877441406,353.27459716796875,202.694691159889,-199.50310989063252,284.40574656718275,24.7841657852869,316.601567847005,317.5701617546181,-0.6437130708999086,212.49361427126158,-231.20846854307996,314.02371253155405,-285.30979713426626,101.17898234785069,302.7191219757068,-0.8838531361135493,0.1721027876220432,0.18958830968884674,0.11640807712045372
892,29.749898479671174,True,True,345.19024658203125,870.3427734375,720.343505859375,905.1236572265625,339.12554931640625,720.6066284179688,718.3309936523438,895.13330078125,352.85595703125,872.4398803710938,722.2262573242188,961.1649169921875,376.7620849609375,417.4402160644531,379.87701416015625,262.5868835449219,345.50262451171875,21.11860541698374,21.127755592641012,29.87268905104843,-46.268778228561516,154.96737493155834,161.72719972825223,0.4754446565162223,50.199693690925564,58.228057812616,76.87988009415794,-36.64096340197993,244.8916412209645,247.61760062427473,0.652430662523284,0.1710294877958303,0.18949514611133522,0.11920015836850352
893,29.783250383796368,True,True,373.81793212890625,866.49560546875,719.100830078125,901.11328125,355.7284851074219,715.7153930664062,715.4326782226562,886.0475463867188,356.45196533203125,869.4362182617188,720.7266845703125,961.0406494140625,347.013916015625,397.99517822265625,375.6160888671875,206.5372314453125,310.3601379394531,497.81073154605366,-146.65535536449246,518.9636959359515,-86.90104825224348,-272.420859703433,285.94565390803945,-0.022293791556682457,858.3523579168445,-115.35077440583355,866.068456588411,-37.25951527641152,-120.2442883473426,125.88471058389901,-0.16612298150377983,0.15752543762552687,0.18066815689187102,0.09375666585060707
894,29.816602287921558,True,False,388.71490478515625,878.6961669921875,713.4962463378906,903.8309783935547,363.1539611816406,724.1011352539062,714.34619140625,888.9812469482422,358.8428649902344,875.5864868164062,722.0420837402344,961.6630249023438,335.43924713134766,393.4900436401367,374.6777038574219,199.0063934326172,,222.64024405761046,251.4321867807825,335.83749466579616,-32.57645537501972,87.96201111970417,93.80053755189046,0.47183590493089267,446.66033460433755,365.8130425669452,577.342737566642,-168.04389096336573,81.48551678948706,186.75823606084236,-0.4196679853107006,0.15227116770372853,0.17862307090563256,0.09033807512877745
895,29.84995419204675,True,False,395.7906494140625,878.795654296875,707.8916625976562,906.5486755371094,367.598876953125,721.710693359375,713.2597045898438,891.9149475097656,360.7686767578125,881.17822265625,723.3574829101562,962.285400390625,323.8645782470703,388.9849090576172,373.73931884765625,191.47555541992188,,133.27322346573217,-71.67332592341145,151.32355316298433,-32.57645537501972,87.96201111970417,93.80053755189046,-0.7500300217444912,212.15414275437678,2.982957264270667,212.17511239984051,-168.04389096336573,81.48551678948706,186.75823606084236,-0.8935706739337491,0.14701689778193017,0.17657798491939408,0.08691948440694781
896,29.883306096171943,True,False,394.0495300292969,877.8302612304688,702.2870788574219,909.2663726806641,369.74761962890625,719.8555908203125,712.1732177734375,894.8486480712891,361.635986328125,879.4120483398438,724.6728820800781,962.9077758789062,312.28990936279297,384.47977447509766,372.8009338378906,183.94471740722656,,64.42638680285204,-55.62208778542494,85.11507484623523,-32.57645537501972,87.96201111970417,93.80053755189046,-0.8756956823462881,-52.20449717743385,-28.945665674214194,59.692219651074126,-168.04389096336573,81.48551678948706,186.75823606084236,0.5753486232961027,0.14176262786013183,0.17453289893315563,0.08350089368511819
897,29.916658000297133,True,True,396.9029541015625,888.280029296875,696.6824951171875,911.9840698242188,372.8260498046875,724.6915283203125,711.0867309570312,897.7823486328125,362.9918518066406,882.8125,725.98828125,963.5301513671875,300.7152404785156,379.9746398925781,371.862548828125,176.41387939453125,294.87738037109375,92.30148192516542,144.99734353539478,171.88308002215615,-32.57645537501972,87.96201111970417,93.80053755189046,0.6045753837971214,85.55505741305878,313.31848482117584,324.78937910527367,-168.04389096336573,81.48551678948706,186.75823606084236,0.18388474676535327,0.13650835793833346,0.17248781294691717,0.08008230296328855
898,29.950009904422327,True,True,399.4148864746094,886.1529541015625,705.8881225585938,916.209228515625,378.83038330078125,722.9434814453125,718.827880859375,888.3636474609375,366.20123291015625,884.3524169921875,731.0762329101562,963.1814575195312,307.94354248046875,378.10333251953125,373.29315185546875,243.05322265625,315.7070007324219,180.02970605682629,-52.41220616485393,187.50395840614786,232.10518575749262,-282.4037013455167,365.5470801267163,0.8255904692720535,75.31601085257142,-63.77672433118573,98.6912967650173,276.01504870160943,126.68418197493062,303.6991752909599,0.4240175129974826,0.13978961377158908,0.17163834121317317,0.11033293910753841
899,29.983361808547517,True,True,409.48577880859375,885.5284423828125,696.9006958007812,915.737548828125,387.0963134765625,721.521728515625,714.5216064453125,889.22607421875,368.97003173828125,882.3424072265625,733.1033935546875,963.3812255859375,288.9981384277344,367.87506103515625,373.0420837402344,157.1716766357422,295.5880126953125,247.8398278177375,-42.62883835209872,251.47922004009624,-129.11629866463352,25.858396407450627,131.68020065909568,-0.9996267676772802,301.95854174267265,-18.72491946504139,302.5385653769345,-269.47267310665995,-14.142511495879578,269.8435327790161,-0.993467297466727,0.1311894311084101,0.16699526245648055,0.07134738983570989
